card_id	名前	レアリティ	今の画像	同じ中身の画像を持つカード	正しいはずのもの	備考
M1L-001	フシギダネ	C	cards/M/M1L/フシギダネ_M1L-01／92_C.jpg	M1L-064	未取得（details.php で番号を確かめて取得する）	
M1L-002	フシギソウ	C	cards/M/M1L/フシギソウ_M1L-02／92_C.jpg	M1L-065	未取得（details.php で番号を確かめて取得する）	
M1L-003	メガフシギバナex	RR	cards/M/M1L/メガフシギバナex_M1L-03／92_RR.jpg	M1L-076 M1L-087	未取得（details.php で番号を確かめて取得する）	
M1L-005	ナッシー	U	cards/M/M1L/ナッシー_M1L-05／92_U.jpg	M1L-066	未取得（details.php で番号を確かめて取得する）	
M1L-010	ロコン	C	cards/M/M1L/ロコン_M1L-10／92_C.jpg	M1L-067	未取得（details.php で番号を確かめて取得する）	
M1L-013	メガバクーダex	RR	cards/M/M1L/メガバクーダex_M1L-13／92_RR.jpg	M1L-077	未取得（details.php で番号を確かめて取得する）	
M1L-028	リオル	C	cards/M/M1L/リオル_M1L-28／92_C.jpg	M1L-068	未取得（details.php で番号を確かめて取得する）	
M1L-029	メガルカリオex	RR	cards/M/M1L/メガルカリオex_M1L-29／92_RR.jpg	M1L-078 M1L-088 M1L-092	未取得（details.php で番号を確かめて取得する）	
M1L-032	マーシャドー	U	cards/M/M1L/マーシャドー_M1L-32／92_U.jpg	M1L-069	未取得（details.php で番号を確かめて取得する）	
M1L-036	キョジオーン	U	cards/M/M1L/キョジオーン_M1L-36／92_U.jpg	M1L-070	未取得（details.php で番号を確かめて取得する）	
M1L-038	メガアブソルex	RR	cards/M/M1L/メガアブソルex_M1L-38／92_RR.jpg	M1L-079 M1L-089	未取得（details.php で番号を確かめて取得する）	
M1L-039	ミカルゲ	U	cards/M/M1L/ミカルゲ_M1L-39／92_U.jpg	M1L-071	未取得（details.php で番号を確かめて取得する）	
M1L-043	シルシュルー	C	cards/M/M1L/シルシュルー_M1L-43／92_C.jpg	M1L-072	未取得（details.php で番号を確かめて取得する）	
M1L-045	ハガネール	R	cards/M/M1L/ハガネール_M1L-45／92_R.jpg	M1L-073	未取得（details.php で番号を確かめて取得する）	
M1L-046	メガクチートex	RR	cards/M/M1L/メガクチートex_M1L-46／92_RR.jpg	M1L-080	未取得（details.php で番号を確かめて取得する）	
M1L-052	オニスズメ	C	cards/M/M1L/オニスズメ_M1L-52／92_C.jpg	M1L-074	未取得（details.php で番号を確かめて取得する）	
M1L-056	デカグース	U	cards/M/M1L/デカグース_M1L-56／92_U.jpg	M1L-075	未取得（details.php で番号を確かめて取得する）	
M1L-058	パワープロテイン	U	cards/M/M1L/パワープロテイン_M1L-58／92_U.jpg	M1L-081	未取得（details.php で番号を確かめて取得する）	
M1L-059	ファイトゴング	U	cards/M/M1L/ファイトゴング_M1L-59／92_U.jpg	M1L-082	未取得（details.php で番号を確かめて取得する）	
M1L-061	マチスの取引	U	cards/M/M1L/マチスの取引_M1L-61／92_U.jpg	M1L-085 M1L-090	未取得（details.php で番号を確かめて取得する）	
M1L-062	リーリエの決心	U	cards/M/M1L/リーリエの決心_M1L-62／92_U.jpg	M1L-086 M1L-091	未取得（details.php で番号を確かめて取得する）	
M1L-064	フシギダネ	AR	cards/M/M1L/フシギダネ_M1L-64／92_AR.jpg	M1L-001	未取得（details.php で番号を確かめて取得する）	
M1L-065	フシギソウ	AR	cards/M/M1L/フシギソウ_M1L-65／92_AR.jpg	M1L-002	未取得（details.php で番号を確かめて取得する）	
M1L-066	ナッシー	AR	cards/M/M1L/ナッシー_M1L-66／92_AR.jpg	M1L-005	未取得（details.php で番号を確かめて取得する）	
M1L-067	ロコン	AR	cards/M/M1L/ロコン_M1L-67／92_AR.jpg	M1L-010	未取得（details.php で番号を確かめて取得する）	
M1L-068	リオル	AR	cards/M/M1L/リオル_M1L-68／92_AR.jpg	M1L-028	未取得（details.php で番号を確かめて取得する）	
M1L-069	マーシャドー	AR	cards/M/M1L/マーシャドー_M1L-69／92_AR.jpg	M1L-032	未取得（details.php で番号を確かめて取得する）	
M1L-070	キョジオーン	AR	cards/M/M1L/キョジオーン_M1L-70／92_AR.jpg	M1L-036	未取得（details.php で番号を確かめて取得する）	
M1L-071	ミカルゲ	AR	cards/M/M1L/ミカルゲ_M1L-71／92_AR.jpg	M1L-039	未取得（details.php で番号を確かめて取得する）	
M1L-072	シルシュルー	AR	cards/M/M1L/シルシュルー_M1L-72／92_AR.jpg	M1L-043	未取得（details.php で番号を確かめて取得する）	
M1L-073	ハガネール	AR	cards/M/M1L/ハガネール_M1L-73／92_AR.jpg	M1L-045	未取得（details.php で番号を確かめて取得する）	
M1L-074	オニスズメ	AR	cards/M/M1L/オニスズメ_M1L-74／92_AR.jpg	M1L-052	未取得（details.php で番号を確かめて取得する）	
M1L-075	デカグース	AR	cards/M/M1L/デカグース_M1L-75／92_AR.jpg	M1L-056	未取得（details.php で番号を確かめて取得する）	
M1L-076	メガフシギバナex	SR	cards/M/M1L/メガフシギバナex_M1L-76／92_SR.jpg	M1L-003 M1L-087	未取得（details.php で番号を確かめて取得する）	
M1L-077	メガバクーダex	SR	cards/M/M1L/メガバクーダex_M1L-77／92_SR.jpg	M1L-013	未取得（details.php で番号を確かめて取得する）	
M1L-078	メガルカリオex	SR	cards/M/M1L/メガルカリオex_M1L-78／92_SR.jpg	M1L-029 M1L-088 M1L-092	未取得（details.php で番号を確かめて取得する）	
M1L-079	メガアブソルex	SR	cards/M/M1L/メガアブソルex_M1L-79／92_SR.jpg	M1L-038 M1L-089	未取得（details.php で番号を確かめて取得する）	
M1L-080	メガクチートex	SR	cards/M/M1L/メガクチートex_M1L-80／92_SR.jpg	M1L-046	未取得（details.php で番号を確かめて取得する）	
M1L-081	パワープロテイン	SR	cards/M/M1L/パワープロテイン_M1L-81／92_SR.jpg	M1L-058	未取得（details.php で番号を確かめて取得する）	
M1L-082	ファイトゴング	SR	cards/M/M1L/ファイトゴング_M1L-82／92_SR.jpg	M1L-059	未取得（details.php で番号を確かめて取得する）	
M1L-085	マチスの取引	SR	cards/M/M1L/マチスの取引_M1L-85／92_SR.jpg	M1L-061 M1L-090	未取得（details.php で番号を確かめて取得する）	
M1L-086	リーリエの決心	SR	cards/M/M1L/リーリエの決心_M1L-86／92_SR.jpg	M1L-062 M1L-091	未取得（details.php で番号を確かめて取得する）	
M1L-087	メガフシギバナex	SAR	cards/M/M1L/メガフシギバナex_M1L-87／92_SAR.jpg	M1L-003 M1L-076	未取得（details.php で番号を確かめて取得する）	
M1L-088	メガルカリオex	SAR	cards/M/M1L/メガルカリオex_M1L-88／92_SAR.jpg	M1L-029 M1L-078 M1L-092	未取得（details.php で番号を確かめて取得する）	
M1L-089	メガアブソルex	SAR	cards/M/M1L/メガアブソルex_M1L-89／92_SAR.jpg	M1L-038 M1L-079	未取得（details.php で番号を確かめて取得する）	
M1L-090	マチスの取引	SAR	cards/M/M1L/マチスの取引_M1L-90／92_SAR.jpg	M1L-061 M1L-085	未取得（details.php で番号を確かめて取得する）	
M1L-091	リーリエの決心	SAR	cards/M/M1L/リーリエの決心_M1L-91／92_SAR.jpg	M1L-062 M1L-086	未取得（details.php で番号を確かめて取得する）	
M1L-092	メガルカリオex	UR	cards/M/M1L/メガルカリオex_M1L-92／92_UR.jpg	M1L-029 M1L-078 M1L-088	未取得（details.php で番号を確かめて取得する）	
M1S-006	ツボツボ	U	cards/M/M1S/ツボツボ_M1S-06／92_U.jpg	M1S-064	未取得（details.php で番号を確かめて取得する）	
M1S-008	テッカニン	U	cards/M/M1S/テッカニン_M1S-08／92_U.jpg	M1S-065	未取得（details.php で番号を確かめて取得する）	
M1S-010	シシコ	C	cards/M/M1S/シシコ_M1S-10／92_C.jpg	M1S-066	未取得（details.php で番号を確かめて取得する）	
M1S-017	ユキカブリ	C	cards/M/M1S/ユキカブリ_M1S-17／92_C.jpg	M1S-067	未取得（details.php で番号を確かめて取得する）	
M1S-018	メガユキノオーex	RR	cards/M/M1S/メガユキノオーex_M1S-18／92_RR.jpg	M1S-076	未取得（details.php で番号を確かめて取得する）	
M1S-020	ブロスター	R	cards/M/M1S/ブロスター_M1S-20／92_R.jpg	M1S-068	未取得（details.php で番号を確かめて取得する）	
M1S-023	インテレオン	U	cards/M/M1S/インテレオン_M1S-23／92_U.jpg	M1S-069	未取得（details.php で番号を確かめて取得する）	
M1S-032	メガライボルトex	RR	cards/M/M1S/メガライボルトex_M1S-32／92_RR.jpg	M1S-077	未取得（details.php で番号を確かめて取得する）	
M1S-034	エリキテル	C	cards/M/M1S/エリキテル_M1S-34／92_C.jpg	M1S-070	未取得（details.php で番号を確かめて取得する）	
M1S-038	フーディン	R	cards/M/M1S/フーディン_M1S-38／92_R.jpg	M1S-071	未取得（details.php で番号を確かめて取得する）	
M1S-042	メガサーナイトex	RR	cards/M/M1S/メガサーナイトex_M1S-42／92_RR.jpg	M1S-078 M1S-087 M1S-092	未取得（details.php で番号を確かめて取得する）	
M1S-043	ヌケニン	U	cards/M/M1S/ヌケニン_M1S-43／92_U.jpg	M1S-072	未取得（details.php で番号を確かめて取得する）	
M1S-048	ハカドッグ	U	cards/M/M1S/ハカドッグ_M1S-48／92_U.jpg	M1S-073	未取得（details.php で番号を確かめて取得する）	
M1S-049	メガラティアスex	RR	cards/M/M1S/メガラティアスex_M1S-49／92_RR.jpg	M1S-079 M1S-088	未取得（details.php で番号を確かめて取得する）	
M1S-051	メガガルーラex	RR	cards/M/M1S/メガガルーラex_M1S-51／92_RR.jpg	M1S-080 M1S-089	未取得（details.php で番号を確かめて取得する）	
M1S-052	デリバード	C	cards/M/M1S/デリバード_M1S-52／92_C.jpg	M1S-074	未取得（details.php で番号を確かめて取得する）	
M1S-055	ヌイコグマ	C	cards/M/M1S/ヌイコグマ_M1S-55／92_C.jpg	M1S-075	未取得（details.php で番号を確かめて取得する）	
M1S-058	メガシグナル	U	cards/M/M1S/メガシグナル_M1S-58／92_U.jpg	M1S-083	未取得（details.php で番号を確かめて取得する）	
M1S-059	アセロラのいたずら	U	cards/M/M1S/アセロラのいたずら_M1S-59／92_U.jpg	M1S-084 M1S-090	未取得（details.php で番号を確かめて取得する）	
M1S-060	ミツルの思いやり	U	cards/M/M1S/ミツルの思いやり_M1S-60／92_U.jpg	M1S-085 M1S-091	未取得（details.php で番号を確かめて取得する）	
M1S-063	ミステリーガーデン	U	cards/M/M1S/ミステリーガーデン_M1S-63／92_U.jpg	M1S-086	未取得（details.php で番号を確かめて取得する）	
M1S-064	ツボツボ	AR	cards/M/M1S/ツボツボ_M1S-64／92_AR.jpg	M1S-006	未取得（details.php で番号を確かめて取得する）	
M1S-065	テッカニン	AR	cards/M/M1S/テッカニン_M1S-65／92_AR.jpg	M1S-008	未取得（details.php で番号を確かめて取得する）	
M1S-066	シシコ	AR	cards/M/M1S/シシコ_M1S-66／92_AR.jpg	M1S-010	未取得（details.php で番号を確かめて取得する）	
M1S-067	ユキカブリ	AR	cards/M/M1S/ユキカブリ_M1S-67／92_AR.jpg	M1S-017	未取得（details.php で番号を確かめて取得する）	
M1S-068	ブロスター	AR	cards/M/M1S/ブロスター_M1S-68／92_AR.jpg	M1S-020	未取得（details.php で番号を確かめて取得する）	
M1S-069	インテレオン	AR	cards/M/M1S/インテレオン_M1S-69／92_AR.jpg	M1S-023	未取得（details.php で番号を確かめて取得する）	
M1S-070	エリキテル	AR	cards/M/M1S/エリキテル_M1S-70／92_AR.jpg	M1S-034	未取得（details.php で番号を確かめて取得する）	
M1S-071	フーディン	AR	cards/M/M1S/フーディン_M1S-71／92_AR.jpg	M1S-038	未取得（details.php で番号を確かめて取得する）	
M1S-072	ヌケニン	AR	cards/M/M1S/ヌケニン_M1S-72／92_AR.jpg	M1S-043	未取得（details.php で番号を確かめて取得する）	
M1S-073	ハカドッグ	AR	cards/M/M1S/ハカドッグ_M1S-73／92_AR.jpg	M1S-048	未取得（details.php で番号を確かめて取得する）	
M1S-074	デリバード	AR	cards/M/M1S/デリバード_M1S-74／92_AR.jpg	M1S-052	未取得（details.php で番号を確かめて取得する）	
M1S-075	ヌイコグマ	AR	cards/M/M1S/ヌイコグマ_M1S-75／92_AR.jpg	M1S-055	未取得（details.php で番号を確かめて取得する）	
M1S-076	メガユキノオーex	UR	cards/M/M1S/メガユキノオーex_M1S-76／92_UR.jpg	M1S-018	未取得（details.php で番号を確かめて取得する）	
M1S-077	メガライボルトex	UR	cards/M/M1S/メガライボルトex_M1S-77／92_UR.jpg	M1S-032	未取得（details.php で番号を確かめて取得する）	
M1S-078	メガサーナイトex	UR	cards/M/M1S/メガサーナイトex_M1S-78／92_UR.jpg	M1S-042 M1S-087 M1S-092	未取得（details.php で番号を確かめて取得する）	
M1S-079	メガラティアスex	UR	cards/M/M1S/メガラティアスex_M1S-79／92_UR.jpg	M1S-049 M1S-088	未取得（details.php で番号を確かめて取得する）	
M1S-080	メガガルーラex	UR	cards/M/M1S/メガガルーラex_M1S-80／92_UR.jpg	M1S-051 M1S-089	未取得（details.php で番号を確かめて取得する）	
M1S-083	メガシグナル	UR	cards/M/M1S/メガシグナル_M1S-83／92_UR.jpg	M1S-058	未取得（details.php で番号を確かめて取得する）	
M1S-084	アセロラのいたずら	UR	cards/M/M1S/アセロラのいたずら_M1S-84／92_UR.jpg	M1S-059 M1S-090	未取得（details.php で番号を確かめて取得する）	
M1S-085	ミツルの思いやり	UR	cards/M/M1S/ミツルの思いやり_M1S-85／92_UR.jpg	M1S-060 M1S-091	未取得（details.php で番号を確かめて取得する）	
M1S-086	ミステリーガーデン	UR	cards/M/M1S/ミステリーガーデン_M1S-86／92_UR.jpg	M1S-063	未取得（details.php で番号を確かめて取得する）	
M1S-087	メガサーナイトex	SAR	cards/M/M1S/メガサーナイトex_M1S-87／92_SAR.jpg	M1S-042 M1S-078 M1S-092	未取得（details.php で番号を確かめて取得する）	
M1S-088	メガラティアスex	SAR	cards/M/M1S/メガラティアスex_M1S-88／92_SAR.jpg	M1S-049 M1S-079	未取得（details.php で番号を確かめて取得する）	
M1S-089	メガガルーラex	SAR	cards/M/M1S/メガガルーラex_M1S-89／92_SAR.jpg	M1S-051 M1S-080	未取得（details.php で番号を確かめて取得する）	
M1S-090	アセロラのいたずら	SAR	cards/M/M1S/アセロラのいたずら_M1S-90／92_SAR.jpg	M1S-059 M1S-084	未取得（details.php で番号を確かめて取得する）	
M1S-091	ミツルの思いやり	SAR	cards/M/M1S/ミツルの思いやり_M1S-91／92_SAR.jpg	M1S-060 M1S-085	未取得（details.php で番号を確かめて取得する）	
M1S-092	メガサーナイトex	UR	cards/M/M1S/メガサーナイトex_M1S-92／92_UR.jpg	M1S-042 M1S-078 M1S-087	未取得（details.php で番号を確かめて取得する）	
M2-004	メガヘラクロスex	RR	cards/M/M2/メガヘラクロスex_M2-004／116_RR.jpg	M2-093	未取得（details.php で番号を確かめて取得する）	
M2-007	ルンパッパ	U	cards/M/M2/ルンパッパ_M2-007／116_U.jpg	M2-081	未取得（details.php で番号を確かめて取得する）	
M2-009	マメバッタ	C	cards/M/M2/マメバッタ_M2-009／116_C.jpg	M2-082	未取得（details.php で番号を確かめて取得する）	
M2-013	メガリザードンXex	RR	cards/M/M2/メガリザードンXex_M2-013／116_RR.jpg	M2-094 M2-110 M2-116	未取得（details.php で番号を確かめて取得する）	
M2-018	オドリドリex	RR	cards/M/M2/オドリドリex_M2-018／116_RR.jpg	M2-095 M2-111	未取得（details.php で番号を確かめて取得する）	
M2-019	カルボウ	C	cards/M/M2/カルボウ_M2-019／116_C.jpg	M2-083	未取得（details.php で番号を確かめて取得する）	
M2-022	ジュゴン	C	cards/M/M2/ジュゴン_M2-022／116_C.jpg	M2-084	未取得（details.php で番号を確かめて取得する）	
M2-027	ポッチャマ	C	cards/M/M2/ポッチャマ_M2-027／116_C.jpg	M2-085	未取得（details.php で番号を確かめて取得する）	
M2-029	ロトムex	RR	cards/M/M2/ロトムex_M2-029／116_RR.jpg	M2-096 M2-112	未取得（details.php で番号を確かめて取得する）	
M2-030	ワンパチ	C	cards/M/M2/ワンパチ_M2-030／116_C.jpg	M2-086	未取得（details.php で番号を確かめて取得する）	
M2-036	ムウマージex	RR	cards/M/M2/ムウマージex_M2-036／116_RR.jpg	M2-097	未取得（details.php で番号を確かめて取得する）	
M2-039	ザシアン	R	cards/M/M2/ザシアン_M2-039／116_R.jpg	M2-087	未取得（details.php で番号を確かめて取得する）	
M2-047	フライゴン	R	cards/M/M2/フライゴン_M2-047／116_R.jpg	M2-088	未取得（details.php で番号を確かめて取得する）	
M2-051	メガサメハダーex	RR	cards/M/M2/メガサメハダーex_M2-051／116_RR.jpg	M2-098 M2-113	未取得（details.php で番号を確かめて取得する）	
M2-057	ストリンダー	R	cards/M/M2/ストリンダー_M2-057／116_R.jpg	M2-089	未取得（details.php で番号を確かめて取得する）	
M2-058	エンペルトex	RR	cards/M/M2/エンペルトex_M2-058／116_RR.jpg	M2-099	未取得（details.php で番号を確かめて取得する）	
M2-061	トゲデマル	C	cards/M/M2/トゲデマル_M2-061／116_C.jpg	M2-090	未取得（details.php で番号を確かめて取得する）	
M2-065	プクリン	U	cards/M/M2/プクリン_M2-065／116_U.jpg	M2-091	未取得（details.php で番号を確かめて取得する）	
M2-067	エテボース	R	cards/M/M2/エテボース_M2-067／116_R.jpg	M2-092	未取得（details.php で番号を確かめて取得する）	
M2-072	メガミミロップex	RR	cards/M/M2/メガミミロップex_M2-072／116_RR.jpg	M2-100 M2-114	未取得（details.php で番号を確かめて取得する）	
M2-074	ヒートバーナー	U	cards/M/M2/ヒートバーナー_M2-074／116_U.jpg	M2-101	未取得（details.php で番号を確かめて取得する）	
M2-075	せいなるおまもり	U	cards/M/M2/せいなるおまもり_M2-075／116_U.jpg	M2-103	未取得（details.php で番号を確かめて取得する）	
M2-076	ギーマの一手	U	cards/M/M2/ギーマの一手_M2-076／116_U.jpg	M2-105	未取得（details.php で番号を確かめて取得する）	
M2-077	ヒカリ	U	cards/M/M2/ヒカリ_M2-077／116_U.jpg	M2-106 M2-115	未取得（details.php で番号を確かめて取得する）	
M2-078	ひふきやろう	U	cards/M/M2/ひふきやろう_M2-078／116_U.jpg	M2-107	未取得（details.php で番号を確かめて取得する）	
M2-079	バトルコロシアム	U	cards/M/M2/バトルコロシアム_M2-079／116_U.jpg	M2-108	未取得（details.php で番号を確かめて取得する）	
M2-081	ルンパッパ	AR	cards/M/M2/ルンパッパ_M2-081／116_AR.jpg	M2-007	未取得（details.php で番号を確かめて取得する）	
M2-082	マメバッタ	AR	cards/M/M2/マメバッタ_M2-082／116_AR.jpg	M2-009	未取得（details.php で番号を確かめて取得する）	
M2-083	カルボウ	AR	cards/M/M2/カルボウ_M2-083／116_AR.jpg	M2-019	未取得（details.php で番号を確かめて取得する）	
M2-084	ジュゴン	AR	cards/M/M2/ジュゴン_M2-084／116_AR.jpg	M2-022	未取得（details.php で番号を確かめて取得する）	
M2-085	ポッチャマ	AR	cards/M/M2/ポッチャマ_M2-085／116_AR.jpg	M2-027	未取得（details.php で番号を確かめて取得する）	
M2-086	ワンパチ	AR	cards/M/M2/ワンパチ_M2-086／116_AR.jpg	M2-030	未取得（details.php で番号を確かめて取得する）	
M2-087	ザシアン	AR	cards/M/M2/ザシアン_M2-087／116_AR.jpg	M2-039	未取得（details.php で番号を確かめて取得する）	
M2-088	フライゴン	AR	cards/M/M2/フライゴン_M2-088／116_AR.jpg	M2-047	未取得（details.php で番号を確かめて取得する）	
M2-089	ストリンダー	AR	cards/M/M2/ストリンダー_M2-089／116_AR.jpg	M2-057	未取得（details.php で番号を確かめて取得する）	
M2-090	トゲデマル	AR	cards/M/M2/トゲデマル_M2-090／116_AR.jpg	M2-061	未取得（details.php で番号を確かめて取得する）	
M2-091	プクリン	AR	cards/M/M2/プクリン_M2-091／116_AR.jpg	M2-065	未取得（details.php で番号を確かめて取得する）	
M2-092	エテボース	AR	cards/M/M2/エテボース_M2-092／116_AR.jpg	M2-067	未取得（details.php で番号を確かめて取得する）	
M2-093	メガヘラクロスex	SR	cards/M/M2/メガヘラクロスex_M2-093／116_SR.jpg	M2-004	未取得（details.php で番号を確かめて取得する）	
M2-094	メガリザードンXex	SR	cards/M/M2/メガリザードンXex_M2-094／116_SR.jpg	M2-013 M2-110 M2-116	未取得（details.php で番号を確かめて取得する）	
M2-095	オドリドリex	SR	cards/M/M2/オドリドリex_M2-095／116_SR.jpg	M2-018 M2-111	未取得（details.php で番号を確かめて取得する）	
M2-096	ロトムex	SR	cards/M/M2/ロトムex_M2-096／116_SR.jpg	M2-029 M2-112	未取得（details.php で番号を確かめて取得する）	
M2-097	ムウマージex	SR	cards/M/M2/ムウマージex_M2-097／116_SR.jpg	M2-036	未取得（details.php で番号を確かめて取得する）	
M2-098	メガサメハダーex	SR	cards/M/M2/メガサメハダーex_M2-098／116_SR.jpg	M2-051 M2-113	未取得（details.php で番号を確かめて取得する）	
M2-099	エンペルトex	SR	cards/M/M2/エンペルトex_M2-099／116_SR.jpg	M2-058	未取得（details.php で番号を確かめて取得する）	
M2-100	メガミミロップex	SR	cards/M/M2/メガミミロップex_M2-100／116_SR.jpg	M2-072 M2-114	未取得（details.php で番号を確かめて取得する）	
M2-101	ヒートバーナー	SR	cards/M/M2/ヒートバーナー_M2-101／116_SR.jpg	M2-074	未取得（details.php で番号を確かめて取得する）	
M2-103	せいなるおまもり	SR	cards/M/M2/せいなるおまもり_M2-103／116_SR.jpg	M2-075	未取得（details.php で番号を確かめて取得する）	
M2-105	ギーマの一手	SR	cards/M/M2/ギーマの一手_M2-105／116_SR.jpg	M2-076	未取得（details.php で番号を確かめて取得する）	
M2-106	ヒカリ	SR	cards/M/M2/ヒカリ_M2-106／116_SR.jpg	M2-077 M2-115	未取得（details.php で番号を確かめて取得する）	
M2-107	ひふきやろう	SR	cards/M/M2/ひふきやろう_M2-107／116_SR.jpg	M2-078	未取得（details.php で番号を確かめて取得する）	
M2-108	バトルコロシアム	SR	cards/M/M2/バトルコロシアム_M2-108／116_SR.jpg	M2-079	未取得（details.php で番号を確かめて取得する）	
M2-110	メガリザードンXex	SAR	cards/M/M2/メガリザードンXex_M2-110／116_SAR.jpg	M2-013 M2-094 M2-116	未取得（details.php で番号を確かめて取得する）	
M2-111	オドリドリex	SAR	cards/M/M2/オドリドリex_M2-111／116_SAR.jpg	M2-018 M2-095	未取得（details.php で番号を確かめて取得する）	
M2-112	ロトムex	SAR	cards/M/M2/ロトムex_M2-112／116_SAR.jpg	M2-029 M2-096	未取得（details.php で番号を確かめて取得する）	
M2-113	メガサメハダーex	SAR	cards/M/M2/メガサメハダーex_M2-113／116_SAR.jpg	M2-051 M2-098	未取得（details.php で番号を確かめて取得する）	
M2-114	メガミミロップex	SAR	cards/M/M2/メガミミロップex_M2-114／116_SAR.jpg	M2-072 M2-100	未取得（details.php で番号を確かめて取得する）	
M2-115	ヒカリ	SAR	cards/M/M2/ヒカリ_M2-115／116_SAR.jpg	M2-077 M2-106	未取得（details.php で番号を確かめて取得する）	
M2-116	メガリザードンXex	UR	cards/M/M2/メガリザードンXex_M2-116／116_UR.jpg	M2-013 M2-094 M2-110	未取得（details.php で番号を確かめて取得する）	
M3-008	コフーライ	C	cards/M/M3/コフーライ_M3-008／117_C.jpg	M3-081	未取得（details.php で番号を確かめて取得する）	
M3-010	モクロー	C	cards/M/M3/モクロー_M3-010／117_C.jpg	M3-082	未取得（details.php で番号を確かめて取得する）	
M3-012	ジュナイパーex	RR	cards/M/M3/ジュナイパーex_M3-012／117_RR.jpg	M3-093	未取得（details.php で番号を確かめて取得する）	
M3-014	ファイアロー	U	cards/M/M3/ファイアロー_M3-014／117_U.jpg	M3-083	未取得（details.php で番号を確かめて取得する）	
M3-016	エンニュートex	RR	cards/M/M3/エンニュートex_M3-016／117_RR.jpg	M3-094	未取得（details.php で番号を確かめて取得する）	
M3-021	メガスターミーex	RR	cards/M/M3/メガスターミーex_M3-021／117_RR.jpg	M3-095 M3-111	未取得（details.php で番号を確かめて取得する）	
M3-023	アマルルガ	U	cards/M/M3/アマルルガ_M3-023／117_U.jpg	M3-084	未取得（details.php で番号を確かめて取得する）	
M3-028	デデンネ	C	cards/M/M3/デデンネ_M3-028／117_C.jpg	M3-085	未取得（details.php で番号を確かめて取得する）	
M3-029	ピッピ	C	cards/M/M3/ピッピ_M3-029／117_C.jpg	M3-086	未取得（details.php で番号を確かめて取得する）	
M3-030	メガピクシーex	RR	cards/M/M3/メガピクシーex_M3-030／117_RR.jpg	M3-096 M3-112	未取得（details.php で番号を確かめて取得する）	
M3-032	ニャスパー	C	cards/M/M3/ニャスパー_M3-032／117_C.jpg	M3-087	未取得（details.php で番号を確かめて取得する）	
M3-037	ダイノーズ	C	cards/M/M3/ダイノーズ_M3-037／117_C.jpg	M3-088	未取得（details.php で番号を確かめて取得する）	
M3-043	チゴラス	C	cards/M/M3/チゴラス_M3-043／117_C.jpg	M3-089	未取得（details.php で番号を確かめて取得する）	
M3-046	メガジガルデex	RR	cards/M/M3/メガジガルデex_M3-046／117_RR.jpg	M3-097 M3-113 M3-117	未取得（details.php で番号を確かめて取得する）	
M3-051	ドラピオン	U	cards/M/M3/ドラピオン_M3-051／117_U.jpg	M3-090	未取得（details.php で番号を確かめて取得する）	
M3-052	イベルタルex	RR	cards/M/M3/イベルタルex_M3-052／117_RR.jpg	M3-098	未取得（details.php で番号を確かめて取得する）	
M3-054	メガエアームドex	RR	cards/M/M3/メガエアームドex_M3-054／117_RR.jpg	M3-099	未取得（details.php で番号を確かめて取得する）	
M3-056	ニダンギル	C	cards/M/M3/ニダンギル_M3-056／117_C.jpg	M3-091	未取得（details.php で番号を確かめて取得する）	
M3-060	ラッタ	U	cards/M/M3/ラッタ_M3-060／117_U.jpg	M3-092	未取得（details.php で番号を確かめて取得する）	
M3-061	ニャースex	RR	cards/M/M3/ニャースex_M3-061／117_RR.jpg	M3-100 M3-114	未取得（details.php で番号を確かめて取得する）	
M3-070	ポケパッド	U	cards/M/M3/ポケパッド_M3-070／117_U.jpg	M3-103	未取得（details.php で番号を確かめて取得する）	
M3-073	タラゴン	U	cards/M/M3/タラゴン_M3-073／117_U.jpg	M3-105	未取得（details.php で番号を確かめて取得する）	
M3-074	ピュール	U	cards/M/M3/ピュール_M3-074／117_U.jpg	M3-106	未取得（details.php で番号を確かめて取得する）	
M3-075	メイのはげまし	U	cards/M/M3/メイのはげまし_M3-075／117_U.jpg	M3-107 M3-115	未取得（details.php で番号を確かめて取得する）	
M3-076	ユカリ	U	cards/M/M3/ユカリ_M3-076／117_U.jpg	M3-108 M3-116	未取得（details.php で番号を確かめて取得する）	
M3-077	ミアレシティ	U	cards/M/M3/ミアレシティ_M3-077／117_U.jpg	M3-110	未取得（details.php で番号を確かめて取得する）	
M3-081	コフーライ	AR	cards/M/M3/コフーライ_M3-081／117_AR.jpg	M3-008	未取得（details.php で番号を確かめて取得する）	
M3-082	モクロー	AR	cards/M/M3/モクロー_M3-082／117_AR.jpg	M3-010	未取得（details.php で番号を確かめて取得する）	
M3-083	ファイアロー	AR	cards/M/M3/ファイアロー_M3-083／117_AR.jpg	M3-014	未取得（details.php で番号を確かめて取得する）	
M3-084	アマルルガ	AR	cards/M/M3/アマルルガ_M3-084／117_AR.jpg	M3-023	未取得（details.php で番号を確かめて取得する）	
M3-085	デデンネ	AR	cards/M/M3/デデンネ_M3-085／117_AR.jpg	M3-028	未取得（details.php で番号を確かめて取得する）	
M3-086	ピッピ	AR	cards/M/M3/ピッピ_M3-086／117_AR.jpg	M3-029	未取得（details.php で番号を確かめて取得する）	
M3-087	ニャスパー	AR	cards/M/M3/ニャスパー_M3-087／117_AR.jpg	M3-032	未取得（details.php で番号を確かめて取得する）	
M3-088	ダイノーズ	AR	cards/M/M3/ダイノーズ_M3-088／117_AR.jpg	M3-037	未取得（details.php で番号を確かめて取得する）	
M3-089	チゴラス	AR	cards/M/M3/チゴラス_M3-089／117_AR.jpg	M3-043	未取得（details.php で番号を確かめて取得する）	
M3-090	ドラピオン	AR	cards/M/M3/ドラピオン_M3-090／117_AR.jpg	M3-051	未取得（details.php で番号を確かめて取得する）	
M3-091	ニダンギル	AR	cards/M/M3/ニダンギル_M3-091／117_AR.jpg	M3-056	未取得（details.php で番号を確かめて取得する）	
M3-092	ラッタ	AR	cards/M/M3/ラッタ_M3-092／117_AR.jpg	M3-060	未取得（details.php で番号を確かめて取得する）	
M3-093	ジュナイパーex	SR	cards/M/M3/ジュナイパーex_M3-093／117_SR.jpg	M3-012	未取得（details.php で番号を確かめて取得する）	
M3-094	エンニュートex	SR	cards/M/M3/エンニュートex_M3-094／117_SR.jpg	M3-016	未取得（details.php で番号を確かめて取得する）	
M3-095	メガスターミーex	SR	cards/M/M3/メガスターミーex_M3-095／117_SR.jpg	M3-021 M3-111	未取得（details.php で番号を確かめて取得する）	
M3-096	メガピクシーex	SR	cards/M/M3/メガピクシーex_M3-096／117_SR.jpg	M3-030 M3-112	未取得（details.php で番号を確かめて取得する）	
M3-097	メガジガルデex	SR	cards/M/M3/メガジガルデex_M3-097／117_SR.jpg	M3-046 M3-113 M3-117	未取得（details.php で番号を確かめて取得する）	
M3-098	イベルタルex	SR	cards/M/M3/イベルタルex_M3-098／117_SR.jpg	M3-052	未取得（details.php で番号を確かめて取得する）	
M3-099	メガエアームドex	SR	cards/M/M3/メガエアームドex_M3-099／117_SR.jpg	M3-054	未取得（details.php で番号を確かめて取得する）	
M3-100	ニャースex	SR	cards/M/M3/ニャースex_M3-100／117_SR.jpg	M3-061 M3-114	未取得（details.php で番号を確かめて取得する）	
M3-103	ポケパッド	SR	cards/M/M3/ポケパッド_M3-103／117_SR.jpg	M3-070	未取得（details.php で番号を確かめて取得する）	
M3-105	タラゴン	SR	cards/M/M3/タラゴン_M3-105／117_SR.jpg	M3-073	未取得（details.php で番号を確かめて取得する）	
M3-106	ピュール	SR	cards/M/M3/ピュール_M3-106／117_SR.jpg	M3-074	未取得（details.php で番号を確かめて取得する）	
M3-107	メイのはげまし	SR	cards/M/M3/メイのはげまし_M3-107／117_SR.jpg	M3-075 M3-115	未取得（details.php で番号を確かめて取得する）	
M3-108	ユカリ	SR	cards/M/M3/ユカリ_M3-108／117_SR.jpg	M3-076 M3-116	未取得（details.php で番号を確かめて取得する）	
M3-110	ミアレシティ	SR	cards/M/M3/ミアレシティ_M3-110／117_SR.jpg	M3-077	未取得（details.php で番号を確かめて取得する）	
M3-111	メガスターミーex	SAR	cards/M/M3/メガスターミーex_M3-111／117_SAR.jpg	M3-021 M3-095	未取得（details.php で番号を確かめて取得する）	
M3-112	メガピクシーex	SAR	cards/M/M3/メガピクシーex_M3-112／117_SAR.jpg	M3-030 M3-096	未取得（details.php で番号を確かめて取得する）	
M3-113	メガジガルデex	SAR	cards/M/M3/メガジガルデex_M3-113／117_SAR.jpg	M3-046 M3-097 M3-117	未取得（details.php で番号を確かめて取得する）	
M3-114	ニャースex	SAR	cards/M/M3/ニャースex_M3-114／117_SAR.jpg	M3-061 M3-100	未取得（details.php で番号を確かめて取得する）	
M3-115	メイのはげまし	SAR	cards/M/M3/メイのはげまし_M3-115／117_SAR.jpg	M3-075 M3-107	未取得（details.php で番号を確かめて取得する）	
M3-116	ユカリ	SAR	cards/M/M3/ユカリ_M3-116／117_SAR.jpg	M3-076 M3-108	未取得（details.php で番号を確かめて取得する）	
M3-117	メガジガルデex	UR	cards/M/M3/メガジガルデex_M3-117／117_UR.jpg	M3-046 M3-097 M3-113	未取得（details.php で番号を確かめて取得する）	
PMCG1-018	ガーディ	U	cards/PMCG/PMCG1/ガーディ_PMCG1-018／102_U.png	PMCG1-019	未取得（details.php で番号を確かめて取得する）	名前の違うカードと同じ画像
PMCG1-019	ウィンディ	U	cards/PMCG/PMCG1/ウィンディ_PMCG1-019／102_U.png	PMCG1-018	未取得（details.php で番号を確かめて取得する）	名前の違うカードと同じ画像
PMCG1-083	ポケモンセンター	U	cards/PMCG/PMCG1/ポケモンセンター_PMCG1-083／102_U.png	PMCG1-090	未取得（details.php で番号を確かめて取得する）	名前の違うカードと同じ画像
PMCG1-085	メンテナンス	U	cards/PMCG/PMCG1/メンテナンス_PMCG1-085／102_U.png	PMCG1-095	未取得（details.php で番号を確かめて取得する）	名前の違うカードと同じ画像
PMCG1-090	パソコン通信	R	cards/PMCG/PMCG1/パソコン通信_PMCG1-090／102_R.png	PMCG1-083	未取得（details.php で番号を確かめて取得する）	名前の違うカードと同じ画像
PMCG1-095	ミニスカート	R	cards/PMCG/PMCG1/ミニスカート_PMCG1-095／102_R.png	PMCG1-085	未取得（details.php で番号を確かめて取得する）	名前の違うカードと同じ画像
PMCG3-047	リサイクル	C	cards/PMCG/PMCG3/リサイクル_PMCG3-47／48_C.png	PMCG3-048	未取得（details.php で番号を確かめて取得する）	名前の違うカードと同じ画像
PMCG3-048	フジろうじん	U	cards/PMCG/PMCG3/フジろうじん_PMCG3-48／48_U.png	PMCG3-047	未取得（details.php で番号を確かめて取得する）	名前の違うカードと同じ画像
PMCG5-002	ナゾノクサ	C	cards/PMCG/PMCG5/ナゾノクサ_PMCG5-02／96_C.png	PMCG5-003	未取得（details.php で番号を確かめて取得する）	
PMCG5-003	ナゾノクサ	C	cards/PMCG/PMCG5/ナゾノクサ_PMCG5-03／96_C.png	PMCG5-002	未取得（details.php で番号を確かめて取得する）	
PMCG5-005	マダツボミ	C	cards/PMCG/PMCG5/マダツボミ_PMCG5-05／96_C.png	PMCG5-010	未取得（details.php で番号を確かめて取得する）	
PMCG5-010	マダツボミ	U	cards/PMCG/PMCG5/マダツボミ_PMCG5-10／96_U.png	PMCG5-005	未取得（details.php で番号を確かめて取得する）	
PMCG5-017	ロコン	U	cards/PMCG/PMCG5/ロコン_PMCG5-17／96_U.png	PMCG5-018	未取得（details.php で番号を確かめて取得する）	
PMCG5-018	ロコン	C	cards/PMCG/PMCG5/ロコン_PMCG5-18／96_C.png	PMCG5-017	未取得（details.php で番号を確かめて取得する）	
PMCG5-024	タッツー	C	cards/PMCG/PMCG5/タッツー_PMCG5-24／96_C.png	PMCG5-025	未取得（details.php で番号を確かめて取得する）	
PMCG5-025	タッツー	C	cards/PMCG/PMCG5/タッツー_PMCG5-25／96_C.png	PMCG5-024	未取得（details.php で番号を確かめて取得する）	
PMCG5-037	コイル	C	cards/PMCG/PMCG5/コイル_PMCG5-37／96_C.png	PMCG5-039	未取得（details.php で番号を確かめて取得する）	
PMCG5-039	コイル	U	cards/PMCG/PMCG5/コイル_PMCG5-39／96_U.png	PMCG5-037	未取得（details.php で番号を確かめて取得する）	
PMCG5-046	イシツブテ	C	cards/PMCG/PMCG5/イシツブテ_PMCG5-46／96_C.png	PMCG5-047	未取得（details.php で番号を確かめて取得する）	
PMCG5-047	イシツブテ	C	cards/PMCG/PMCG5/イシツブテ_PMCG5-47／96_C.png	PMCG5-046	未取得（details.php で番号を確かめて取得する）	
PMCG6-008	ドガース	C	cards/PMCG/PMCG6/ドガース_PMCG6-08／98_C.png	PMCG6-015	未取得（details.php で番号を確かめて取得する）	
PMCG6-015	ドガース	U	cards/PMCG/PMCG6/ドガース_PMCG6-15／98_U.png	PMCG6-008	未取得（details.php で番号を確かめて取得する）	
PMCG6-062	ポッポ	C	cards/PMCG/PMCG6/ポッポ_PMCG6-62／98_C.png	PMCG6-067	未取得（details.php で番号を確かめて取得する）	
PMCG6-063	ニャース	C	cards/PMCG/PMCG6/ニャース_PMCG6-63／98_C.png	PMCG6-068	未取得（details.php で番号を確かめて取得する）	
PMCG6-064	ドードー	C	cards/PMCG/PMCG6/ドードー_PMCG6-64／98_C.png	PMCG6-074	未取得（details.php で番号を確かめて取得する）	
PMCG6-067	ポッポ	U	cards/PMCG/PMCG6/ポッポ_PMCG6-67／98_U.png	PMCG6-062	未取得（details.php で番号を確かめて取得する）	
PMCG6-068	ニャース	U	cards/PMCG/PMCG6/ニャース_PMCG6-68／98_U.png	PMCG6-063	未取得（details.php で番号を確かめて取得する）	
PMCG6-074	ドードー	UR	cards/PMCG/PMCG6/ドードー_PMCG6-74／98_UR.png	PMCG6-064	未取得（details.php で番号を確かめて取得する）	
S10b-027	ピカチュウ	C	cards/S/S10b/ピカチュウ_S10b-27／93_C.jpg	S10b-028	公式 cardID 41708（ピカチュウ C）/assets/images/card_images/large/S10b/041708_P_PIKACHIXYUU.jpg	
S10b-028	ピカチュウ	R	cards/S/S10b/ピカチュウ_S10b-28／93_R.jpg	S10b-027	公式 cardID 41709（ピカチュウ R）/assets/images/card_images/large/S10b/041709_P_PIKACHIXYUU.jpg	
S12-009	ブリガロンV	RR	cards/S/S12/ブリガロンV_S12-009／125_RR.jpg	S12-099	未取得（details.php で番号を確かめて取得する）	
S12-018	オムスターV	RR	cards/S/S12/オムスターV_S12-018／125_RR.jpg	S12-100	未取得（details.php で番号を確かめて取得する）	
S12-033	レジエレキV	RR	cards/S/S12/レジエレキV_S12-033／125_RR.jpg	S12-101	未取得（details.php で番号を確かめて取得する）	
S12-034	レジエレキVMAX		cards/S/S12/レジエレキVMAX_S12-034／125.jpg	S12-115	未取得（details.php で番号を確かめて取得する）	
S12-035	アンノーンV	RR	cards/S/S12/アンノーンV_S12-035／125_RR.jpg	S12-102 S12-103	未取得（details.php で番号を確かめて取得する）	
S12-036	アンノーンVSTAR		cards/S/S12/アンノーンVSTAR_S12-036／125.jpg	S12-116	未取得（details.php で番号を確かめて取得する）	
S12-046	ヒスイ ウインディV	RR	cards/S/S12/ヒスイ ウインディV_S12-046／125_RR.jpg	S12-104	未取得（details.php で番号を確かめて取得する）	
S12-056	スカタンクV	RR	cards/S/S12/スカタンクV_S12-056／125_RR.jpg	S12-105 S12-106	未取得（details.php で番号を確かめて取得する）	
S12-076	レジドラゴV	RR	cards/S/S12/レジドラゴV_S12-076／125_RR.jpg	S12-107 S12-108	未取得（details.php で番号を確かめて取得する）	
S12-077	レジドラゴVSTAR		cards/S/S12/レジドラゴVSTAR_S12-077／125.jpg	S12-117	未取得（details.php で番号を確かめて取得する）	
S12-079	ルギアV	RR	cards/S/S12/ルギアV_S12-079／125_RR.jpg	S12-109 S12-110	未取得（details.php で番号を確かめて取得する）	
S12-080	ルギアVSTAR		cards/S/S12/ルギアVSTAR_S12-080／125.jpg	S12-118 S12-123	未取得（details.php で番号を確かめて取得する）	
S12-093	さぎょういん	U	cards/S/S12/さぎょういん_S12-093／125_U.jpg	S12-111 S12-119	未取得（details.php で番号を確かめて取得する）	
S12-094	ジンダイ	U	cards/S/S12/ジンダイ_S12-094／125_U.jpg	S12-112 S12-120	未取得（details.php で番号を確かめて取得する）	
S12-095	スズナ	U	cards/S/S12/スズナ_S12-095／125_U.jpg	S12-113 S12-121	未取得（details.php で番号を確かめて取得する）	
S12-096	ワタル	U	cards/S/S12/ワタル_S12-096／125_U.jpg	S12-114 S12-122	未取得（details.php で番号を確かめて取得する）	
S12-099	ブリガロンV		cards/S/S12/ブリガロンV_S12-099／125.jpg	S12-009	未取得（details.php で番号を確かめて取得する）	
S12-100	オムスターV		cards/S/S12/オムスターV_S12-100／125.jpg	S12-018	未取得（details.php で番号を確かめて取得する）	
S12-101	レジエレキV		cards/S/S12/レジエレキV_S12-101／125.jpg	S12-033	未取得（details.php で番号を確かめて取得する）	
S12-102	アンノーンV		cards/S/S12/アンノーンV_S12-102／125.jpg	S12-035 S12-103	未取得（details.php で番号を確かめて取得する）	
S12-103	アンノーンV		cards/S/S12/アンノーンV_S12-103／125.jpg	S12-035 S12-102	未取得（details.php で番号を確かめて取得する）	
S12-104	ヒスイ ウインディV		cards/S/S12/ヒスイ ウインディV_S12-104／125.jpg	S12-046	未取得（details.php で番号を確かめて取得する）	
S12-105	スカタンクV		cards/S/S12/スカタンクV_S12-105／125.jpg	S12-056 S12-106	未取得（details.php で番号を確かめて取得する）	
S12-106	スカタンクV		cards/S/S12/スカタンクV_S12-106／125.jpg	S12-056 S12-105	未取得（details.php で番号を確かめて取得する）	
S12-107	レジドラゴV		cards/S/S12/レジドラゴV_S12-107／125.jpg	S12-076 S12-108	未取得（details.php で番号を確かめて取得する）	
S12-108	レジドラゴV		cards/S/S12/レジドラゴV_S12-108／125.jpg	S12-076 S12-107	未取得（details.php で番号を確かめて取得する）	
S12-109	ルギアV		cards/S/S12/ルギアV_S12-109／125.jpg	S12-079 S12-110	未取得（details.php で番号を確かめて取得する）	
S12-110	ルギアV		cards/S/S12/ルギアV_S12-110／125.jpg	S12-079 S12-109	未取得（details.php で番号を確かめて取得する）	
S12-111	さぎょういん		cards/S/S12/さぎょういん_S12-111／125.jpg	S12-093 S12-119	未取得（details.php で番号を確かめて取得する）	
S12-112	ジンダイ		cards/S/S12/ジンダイ_S12-112／125.jpg	S12-094 S12-120	未取得（details.php で番号を確かめて取得する）	
S12-113	スズナ		cards/S/S12/スズナ_S12-113／125.jpg	S12-095 S12-121	未取得（details.php で番号を確かめて取得する）	
S12-114	ワタル		cards/S/S12/ワタル_S12-114／125.jpg	S12-096 S12-122	未取得（details.php で番号を確かめて取得する）	
S12-115	レジエレキVMAX		cards/S/S12/レジエレキVMAX_S12-115／125.jpg	S12-034	未取得（details.php で番号を確かめて取得する）	
S12-116	アンノーンVSTAR		cards/S/S12/アンノーンVSTAR_S12-116／125.jpg	S12-036	未取得（details.php で番号を確かめて取得する）	
S12-117	レジドラゴVSTAR		cards/S/S12/レジドラゴVSTAR_S12-117／125.jpg	S12-077	未取得（details.php で番号を確かめて取得する）	
S12-118	ルギアVSTAR		cards/S/S12/ルギアVSTAR_S12-118／125.jpg	S12-080 S12-123	未取得（details.php で番号を確かめて取得する）	
S12-119	さぎょういん		cards/S/S12/さぎょういん_S12-119／125.jpg	S12-093 S12-111	未取得（details.php で番号を確かめて取得する）	
S12-120	ジンダイ		cards/S/S12/ジンダイ_S12-120／125.jpg	S12-094 S12-112	未取得（details.php で番号を確かめて取得する）	
S12-121	スズナ		cards/S/S12/スズナ_S12-121／125.jpg	S12-095 S12-113	未取得（details.php で番号を確かめて取得する）	
S12-122	ワタル		cards/S/S12/ワタル_S12-122／125.jpg	S12-096 S12-114	未取得（details.php で番号を確かめて取得する）	
S12-123	ルギアVSTAR		cards/S/S12/ルギアVSTAR_S12-123／125.jpg	S12-080 S12-118	未取得（details.php で番号を確かめて取得する）	
S12a-001	パラス		cards/S/S12a/パラス_S12a-001／262.jpg	S12a-207	公式 cardID 42434（パラス ）/assets/images/card_images/large/S12a/042434_P_PARASU.jpg	
S12a-003	ヒスイ ビリリダマ		cards/S/S12a/ヒスイ ビリリダマ_S12a-003／262.jpg	S12a-173	公式 cardID 42436（ヒスイ ビリリダマ ）/assets/images/card_images/large/S12a/042436_P_HISUIBIRIRIDAMA.jpg	
S12a-006	ナエトル		cards/S/S12a/ナエトル_S12a-006／262.jpg	S12a-206	公式 cardID 42438（ナエトル ）/assets/images/card_images/large/S12a/042438_P_NAETORU.jpg	
S12a-010	コロトック		cards/S/S12a/コロトック_S12a-010／262.jpg	S12a-174	公式 cardID 42441（コロトック ）/assets/images/card_images/large/S12a/042441_P_KOROTOKKU.jpg	
S12a-012	リーフィアVSTAR		cards/S/S12a/リーフィアVSTAR_S12a-012／262.jpg	S12a-210	未取得（details.php で番号を確かめて取得する）	
S12a-013	リザードンV	RR	cards/S/S12a/リザードンV_S12a-013／262_RR.jpg	S12a-211	未取得（details.php で番号を確かめて取得する）	
S12a-014	リザードンVSTAR		cards/S/S12a/リザードンVSTAR_S12a-014／262.jpg	S12a-212	未取得（details.php で番号を確かめて取得する）	
S12a-017	ブーバーン		cards/S/S12a/ブーバーン_S12a-017／262.jpg	S12a-175	公式 cardID 42443（ブーバーン ）/assets/images/card_images/large/S12a/042443_P_BUBAN.jpg	
S12a-019	エンテイV	RR	cards/S/S12a/エンテイV_S12a-019／262_RR.jpg	S12a-213	未取得（details.php で番号を確かめて取得する）	
S12a-021	バオッキーVSTAR		cards/S/S12a/バオッキーVSTAR_S12a-021／262.jpg	S12a-214	未取得（details.php で番号を確かめて取得する）	
S12a-022	オドリドリ		cards/S/S12a/オドリドリ_S12a-022／262.jpg	S12a-176	公式 cardID 42444（オドリドリ ）/assets/images/card_images/large/S12a/042444_P_ODORIDORI.jpg	
S12a-023	ラプラス		cards/S/S12a/ラプラス_S12a-023／262.jpg	S12a-177	公式 cardID 42445（ラプラス ）/assets/images/card_images/large/S12a/042445_P_RAPURASU.jpg	
S12a-024	スイクンV	RR	cards/S/S12a/スイクンV_S12a-024／262_RR.jpg	S12a-215	未取得（details.php で番号を確かめて取得する）	
S12a-026	ネオラントV	RR	cards/S/S12a/ネオラントV_S12a-026／262_RR.jpg	S12a-216	未取得（details.php で番号を確かめて取得する）	
S12a-028	オリジンパルキアVSTAR		cards/S/S12a/オリジンパルキアVSTAR_S12a-028／262.jpg	S12a-259	未取得（details.php で番号を確かめて取得する）	
S12a-029	マナフィ		cards/S/S12a/マナフィ_S12a-029／262.jpg	S12a-178	公式 cardID 42447（マナフィ ）/assets/images/card_images/large/S12a/042447_P_MANAFUI.jpg	
S12a-032	ケルディオ		cards/S/S12a/ケルディオ_S12a-032／262.jpg	S12a-179	未取得（details.php で番号を確かめて取得する）	
S12a-035	エレキブル		cards/S/S12a/エレキブル_S12a-035／262.jpg	S12a-180	公式 cardID 42450（エレキブル ）/assets/images/card_images/large/S12a/042450_P_EREKIBURU.jpg	
S12a-036	メリープ		cards/S/S12a/メリープ_S12a-036／262.jpg	S12a-209	公式 cardID 42451（メリープ ）/assets/images/card_images/large/S12a/042451_P_MERIPU.jpg	
S12a-038	ライコウV	RR	cards/S/S12a/ライコウV_S12a-038／262_RR.jpg	S12a-218	未取得（details.php で番号を確かめて取得する）	
S12a-041	ゼラオラVMAX		cards/S/S12a/ゼラオラVMAX_S12a-041／262.jpg	S12a-219	未取得（details.php で番号を確かめて取得する）	
S12a-042	ゼラオラVSTAR		cards/S/S12a/ゼラオラVSTAR_S12a-042／262.jpg	S12a-220	未取得（details.php で番号を確かめて取得する）	
S12a-044	ストリンダー		cards/S/S12a/ストリンダー_S12a-044／262.jpg	S12a-181	未取得（details.php で番号を確かめて取得する）	
S12a-049	ガラル フリーザー		cards/S/S12a/ガラル フリーザー_S12a-049／262.jpg	S12a-182	未取得（details.php で番号を確かめて取得する）	
S12a-051	ミュウツーVSTAR		cards/S/S12a/ミュウツーVSTAR_S12a-051／262.jpg	S12a-221	未取得（details.php で番号を確かめて取得する）	
S12a-052	ミュウ		cards/S/S12a/ミュウ_S12a-052／262.jpg	S12a-183	未取得（details.php で番号を確かめて取得する）	
S12a-056	ルナトーン		cards/S/S12a/ルナトーン_S12a-056／262.jpg	S12a-184	公式 cardID 42457（ルナトーン ）/assets/images/card_images/large/S12a/042457_P_RUNATON.jpg	
S12a-057	ヨマワル		cards/S/S12a/ヨマワル_S12a-057／262.jpg	S12a-203	公式 cardID 42458（ヨマワル ）/assets/images/card_images/large/S12a/042458_P_YOMAWARU.jpg	
S12a-060	デオキシス		cards/S/S12a/デオキシス_S12a-060／262.jpg	S12a-185	未取得（details.php で番号を確かめて取得する）	
S12a-063	ディアンシー		cards/S/S12a/ディアンシー_S12a-063／262.jpg	S12a-186	未取得（details.php で番号を確かめて取得する）	
S12a-064	キュワワー		cards/S/S12a/キュワワー_S12a-064／262.jpg	S12a-187	公式 cardID 42462（キュワワー ）/assets/images/card_images/large/S12a/042462_P_KIXYUWAWA.jpg	
S12a-066	ブリムオンVMAX		cards/S/S12a/ブリムオンVMAX_S12a-066／262.jpg	S12a-224	未取得（details.php で番号を確かめて取得する）	
S12a-067	ザシアンV	RR	cards/S/S12a/ザシアンV_S12a-067／262_RR.jpg	S12a-225	未取得（details.php で番号を確かめて取得する）	
S12a-073	ガラル サンダー		cards/S/S12a/ガラル サンダー_S12a-073／262.jpg	S12a-188	未取得（details.php で番号を確かめて取得する）	
S12a-074	ソルロック		cards/S/S12a/ソルロック_S12a-074／262.jpg	S12a-189	公式 cardID 42464（ソルロック ）/assets/images/card_images/large/S12a/042464_P_SORUROKKU.jpg	
S12a-076	リオル		cards/S/S12a/リオル_S12a-076／262.jpg	S12a-201	公式 cardID 42466（リオル ）/assets/images/card_images/large/S12a/042466_P_RIORU.jpg	
S12a-079	ガラル ファイヤー		cards/S/S12a/ガラル ファイヤー_S12a-079／262.jpg	S12a-190	未取得（details.php で番号を確かめて取得する）	
S12a-081	ポチエナ		cards/S/S12a/ポチエナ_S12a-081／262.jpg	S12a-208	公式 cardID 42467（ポチエナ ）/assets/images/card_images/large/S12a/042467_P_POCHIENA.jpg	
S12a-083	アブソル		cards/S/S12a/アブソル_S12a-083／262.jpg	S12a-191	未取得（details.php で番号を確かめて取得する）	
S12a-085	ドラピオンV	RR	cards/S/S12a/ドラピオンV_S12a-085／262_RR.jpg	S12a-227	未取得（details.php で番号を確かめて取得する）	
S12a-086	ヒスイ ダイケンキV	RR	cards/S/S12a/ヒスイ ダイケンキV_S12a-086／262_RR.jpg	S12a-229	未取得（details.php で番号を確かめて取得する）	
S12a-087	ヒスイ ダイケンキVSTAR		cards/S/S12a/ヒスイ ダイケンキVSTAR_S12a-087／262.jpg	S12a-230	未取得（details.php で番号を確かめて取得する）	
S12a-093	フォクスライ		cards/S/S12a/フォクスライ_S12a-093／262.jpg	S12a-192	公式 cardID 42474（フォクスライ ）/assets/images/card_images/large/S12a/042474_P_FUOKUSURAI.jpg	
S12a-096	ジバコイル		cards/S/S12a/ジバコイル_S12a-096／262.jpg	S12a-193	未取得（details.php で番号を確かめて取得する）	
S12a-101	オリジンディアルガVSTAR		cards/S/S12a/オリジンディアルガVSTAR_S12a-101／262.jpg	S12a-260	未取得（details.php で番号を確かめて取得する）	
S12a-103	ザマゼンタV	RR	cards/S/S12a/ザマゼンタV_S12a-103／262_RR.jpg	S12a-232	未取得（details.php で番号を確かめて取得する）	
S12a-104	チルタリス		cards/S/S12a/チルタリス_S12a-104／262.jpg	S12a-194	公式 cardID 42479（チルタリス ）/assets/images/card_images/large/S12a/042479_P_CHIRUTARISU.jpg	
S12a-105	ラティアス		cards/S/S12a/ラティアス_S12a-105／262.jpg	S12a-195	公式 cardID 42480（ラティアス ）/assets/images/card_images/large/S12a/042480_P_RATEIASU.jpg	
S12a-111	ギラティナVSTAR		cards/S/S12a/ギラティナVSTAR_S12a-111／262.jpg	S12a-261	未取得（details.php で番号を確かめて取得する）	
S12a-114	ヒスイ ヌメルゴン		cards/S/S12a/ヒスイ ヌメルゴン_S12a-114／262.jpg	S12a-196	未取得（details.php で番号を確かめて取得する）	
S12a-117	メタモン		cards/S/S12a/メタモン_S12a-117／262.jpg	S12a-197	未取得（details.php で番号を確かめて取得する）	
S12a-118	ノコッチ		cards/S/S12a/ノコッチ_S12a-118／262.jpg	S12a-198	公式 cardID 42484（ノコッチ ）/assets/images/card_images/large/S12a/042484_P_NOKOTCHI.jpg	
S12a-119	ミルタンク		cards/S/S12a/ミルタンク_S12a-119／262.jpg	S12a-199	未取得（details.php で番号を確かめて取得する）	
S12a-120	チルット		cards/S/S12a/チルット_S12a-120／262.jpg	S12a-202	公式 cardID 42485（チルット ）/assets/images/card_images/large/S12a/042485_P_CHIRUTTO.jpg	
S12a-121	ビッパ		cards/S/S12a/ビッパ_S12a-121／262.jpg	S12a-204	公式 cardID 42486（ビッパ ）/assets/images/card_images/large/S12a/042486_P_BIPPA.jpg	
S12a-122	ビーダル		cards/S/S12a/ビーダル_S12a-122／262.jpg	S12a-200	未取得（details.php で番号を確かめて取得する）	
S12a-125	レジギガスVSTAR		cards/S/S12a/レジギガスVSTAR_S12a-125／262.jpg	S12a-233	未取得（details.php で番号を確かめて取得する）	
S12a-127	アルセウスVSTAR		cards/S/S12a/アルセウスVSTAR_S12a-127／262.jpg	S12a-262	未取得（details.php で番号を確かめて取得する）	
S12a-129	ヒスイ ゾロアークVSTAR		cards/S/S12a/ヒスイ ゾロアークVSTAR_S12a-129／262.jpg	S12a-234	未取得（details.php で番号を確かめて取得する）	
S12a-148	アクロマの実験		cards/S/S12a/アクロマの実験_S12a-148／262.jpg	S12a-235	公式 cardID 42502（アクロマの実験 ）/assets/images/card_images/large/S12a/042502_T_AKUROMANOJIKKEN.jpg	
S12a-149	カイ		cards/S/S12a/カイ_S12a-149／262.jpg	S12a-236	未取得（details.php で番号を確かめて取得する）	
S12a-150	カミツレのきらめき		cards/S/S12a/カミツレのきらめき_S12a-150／262.jpg	S12a-246	公式 cardID 42503（カミツレのきらめき ）/assets/images/card_images/large/S12a/042503_T_KAMITSURENOKIRAMEKI.jpg	
S12a-151	キバナ		cards/S/S12a/キバナ_S12a-151／262.jpg	S12a-237	公式 cardID 42504（キバナ ）/assets/images/card_images/large/S12a/042504_T_KIBANA.jpg	
S12a-152	ザクロ		cards/S/S12a/ザクロ_S12a-152／262.jpg	S12a-238	公式 cardID 42505（ザクロ ）/assets/images/card_images/large/S12a/042505_T_ZAKURO.jpg	
S12a-153	シロナの覇気		cards/S/S12a/シロナの覇気_S12a-153／262.jpg	S12a-239	公式 cardID 42506（シロナの覇気 ）/assets/images/card_images/large/S12a/042506_T_SHIRONANOHAKI.jpg	
S12a-154	シンオウの仲間たち		cards/S/S12a/シンオウの仲間たち_S12a-154／262.jpg	S12a-247	公式 cardID 42507（シンオウの仲間たち ）/assets/images/card_images/large/S12a/042507_T_SHINOUNONAKAMATACHI.jpg	
S12a-155	セキ		cards/S/S12a/セキ_S12a-155／262.jpg	S12a-240	未取得（details.php で番号を確かめて取得する）	
S12a-156	チェレンの気くばり		cards/S/S12a/チェレンの気くばり_S12a-156／262.jpg	S12a-241	公式 cardID 42508（チェレンの気くばり ）/assets/images/card_images/large/S12a/042508_T_CHIERENNOKIKUBARI.jpg	
S12a-157	ツツジ		cards/S/S12a/ツツジ_S12a-157／262.jpg	S12a-242	公式 cardID 42509（ツツジ ）/assets/images/card_images/large/S12a/042509_T_TSUTSUJI.jpg	
S12a-158	ナタネの活気		cards/S/S12a/ナタネの活気_S12a-158／262.jpg	S12a-243	公式 cardID 42510（ナタネの活気 ）/assets/images/card_images/large/S12a/042510_T_NATANENOKAKKI.jpg	
S12a-160	ヒスイの仲間たち		cards/S/S12a/ヒスイの仲間たち_S12a-160／262.jpg	S12a-249	公式 cardID 42511（ヒスイの仲間たち ）/assets/images/card_images/large/S12a/042511_T_HISUINONAKAMATACHI.jpg	
S12a-162	メロン		cards/S/S12a/メロン_S12a-162／262.jpg	S12a-244	公式 cardID 42512（メロン ）/assets/images/card_images/large/S12a/042512_T_MERON.jpg	
S12a-173	ヒスイ ビリリダマ		cards/S/S12a/ヒスイ ビリリダマ_S12a-173／262.jpg	S12a-003	公式 cardID 42823（ヒスイ ビリリダマ AR）/assets/images/card_images/large/S12a/042823_P_HISUIBIRIRIDAMA.jpg	
S12a-174	コロトック		cards/S/S12a/コロトック_S12a-174／262.jpg	S12a-010	公式 cardID 42824（コロトック AR）/assets/images/card_images/large/S12a/042824_P_KOROTOKKU.jpg	
S12a-175	ブーバーン		cards/S/S12a/ブーバーン_S12a-175／262.jpg	S12a-017	公式 cardID 42825（ブーバーン AR）/assets/images/card_images/large/S12a/042825_P_BUBAN.jpg	
S12a-176	オドリドリ		cards/S/S12a/オドリドリ_S12a-176／262.jpg	S12a-022	公式 cardID 42826（オドリドリ AR）/assets/images/card_images/large/S12a/042826_P_ODORIDORI.jpg	
S12a-177	ラプラス		cards/S/S12a/ラプラス_S12a-177／262.jpg	S12a-023	公式 cardID 42827（ラプラス AR）/assets/images/card_images/large/S12a/042827_P_RAPURASU.jpg	
S12a-178	マナフィ		cards/S/S12a/マナフィ_S12a-178／262.jpg	S12a-029	公式 cardID 42828（マナフィ AR）/assets/images/card_images/large/S12a/042828_P_MANAFUI.jpg	
S12a-179	ケルディオ		cards/S/S12a/ケルディオ_S12a-179／262.jpg	S12a-032	未取得（details.php で番号を確かめて取得する）	
S12a-180	エレキブル		cards/S/S12a/エレキブル_S12a-180／262.jpg	S12a-035	公式 cardID 42830（エレキブル AR）/assets/images/card_images/large/S12a/042830_P_EREKIBURU.jpg	
S12a-181	ストリンダー		cards/S/S12a/ストリンダー_S12a-181／262.jpg	S12a-044	未取得（details.php で番号を確かめて取得する）	
S12a-182	ガラル フリーザー		cards/S/S12a/ガラル フリーザー_S12a-182／262.jpg	S12a-049	未取得（details.php で番号を確かめて取得する）	
S12a-183	ミュウ		cards/S/S12a/ミュウ_S12a-183／262.jpg	S12a-052	未取得（details.php で番号を確かめて取得する）	
S12a-184	ルナトーン		cards/S/S12a/ルナトーン_S12a-184／262.jpg	S12a-056	公式 cardID 42834（ルナトーン AR）/assets/images/card_images/large/S12a/042834_P_RUNATON.jpg	
S12a-185	デオキシス		cards/S/S12a/デオキシス_S12a-185／262.jpg	S12a-060	未取得（details.php で番号を確かめて取得する）	
S12a-186	ディアンシー		cards/S/S12a/ディアンシー_S12a-186／262.jpg	S12a-063	未取得（details.php で番号を確かめて取得する）	
S12a-187	キュワワー		cards/S/S12a/キュワワー_S12a-187／262.jpg	S12a-064	公式 cardID 42837（キュワワー AR）/assets/images/card_images/large/S12a/042837_P_KIXYUWAWA.jpg	
S12a-188	ガラル サンダー		cards/S/S12a/ガラル サンダー_S12a-188／262.jpg	S12a-073	未取得（details.php で番号を確かめて取得する）	
S12a-189	ソルロック		cards/S/S12a/ソルロック_S12a-189／262.jpg	S12a-074	公式 cardID 42839（ソルロック AR）/assets/images/card_images/large/S12a/042839_P_SORUROKKU.jpg	
S12a-190	ガラル ファイヤー		cards/S/S12a/ガラル ファイヤー_S12a-190／262.jpg	S12a-079	未取得（details.php で番号を確かめて取得する）	
S12a-191	アブソル		cards/S/S12a/アブソル_S12a-191／262.jpg	S12a-083	未取得（details.php で番号を確かめて取得する）	
S12a-192	フォクスライ		cards/S/S12a/フォクスライ_S12a-192／262.jpg	S12a-093	公式 cardID 42842（フォクスライ AR）/assets/images/card_images/large/S12a/042842_P_FUOKUSURAI.jpg	
S12a-193	ジバコイル		cards/S/S12a/ジバコイル_S12a-193／262.jpg	S12a-096	未取得（details.php で番号を確かめて取得する）	
S12a-194	チルタリス		cards/S/S12a/チルタリス_S12a-194／262.jpg	S12a-104	公式 cardID 42844（チルタリス AR）/assets/images/card_images/large/S12a/042844_P_CHIRUTARISU.jpg	
S12a-195	ラティアス		cards/S/S12a/ラティアス_S12a-195／262.jpg	S12a-105	公式 cardID 42845（ラティアス AR）/assets/images/card_images/large/S12a/042845_P_RATEIASU.jpg	
S12a-196	ヒスイ ヌメルゴン		cards/S/S12a/ヒスイ ヌメルゴン_S12a-196／262.jpg	S12a-114	未取得（details.php で番号を確かめて取得する）	
S12a-197	メタモン		cards/S/S12a/メタモン_S12a-197／262.jpg	S12a-117	未取得（details.php で番号を確かめて取得する）	
S12a-198	ノコッチ		cards/S/S12a/ノコッチ_S12a-198／262.jpg	S12a-118	公式 cardID 42848（ノコッチ AR）/assets/images/card_images/large/S12a/042848_P_NOKOTCHI.jpg	
S12a-199	ミルタンク		cards/S/S12a/ミルタンク_S12a-199／262.jpg	S12a-119	未取得（details.php で番号を確かめて取得する）	
S12a-200	ビーダル		cards/S/S12a/ビーダル_S12a-200／262.jpg	S12a-122	未取得（details.php で番号を確かめて取得する）	
S12a-201	リオル		cards/S/S12a/リオル_S12a-201／262.jpg	S12a-076	公式 cardID 42851（リオル AR）/assets/images/card_images/large/S12a/042851_P_RIORU.jpg	
S12a-202	チルット		cards/S/S12a/チルット_S12a-202／262.jpg	S12a-120	公式 cardID 42852（チルット AR）/assets/images/card_images/large/S12a/042852_P_CHIRUTTO.jpg	
S12a-203	ヨマワル		cards/S/S12a/ヨマワル_S12a-203／262.jpg	S12a-057	公式 cardID 42853（ヨマワル AR）/assets/images/card_images/large/S12a/042853_P_YOMAWARU.jpg	
S12a-204	ビッパ		cards/S/S12a/ビッパ_S12a-204／262.jpg	S12a-121	公式 cardID 42854（ビッパ AR）/assets/images/card_images/large/S12a/042854_P_BIPPA.jpg	
S12a-206	ナエトル		cards/S/S12a/ナエトル_S12a-206／262.jpg	S12a-006	公式 cardID 42856（ナエトル AR）/assets/images/card_images/large/S12a/042856_P_NAETORU.jpg	
S12a-207	パラス		cards/S/S12a/パラス_S12a-207／262.jpg	S12a-001	公式 cardID 42857（パラス AR）/assets/images/card_images/large/S12a/042857_P_PARASU.jpg	
S12a-208	ポチエナ		cards/S/S12a/ポチエナ_S12a-208／262.jpg	S12a-081	公式 cardID 42858（ポチエナ AR）/assets/images/card_images/large/S12a/042858_P_POCHIENA.jpg	
S12a-209	メリープ		cards/S/S12a/メリープ_S12a-209／262.jpg	S12a-036	公式 cardID 42859（メリープ AR）/assets/images/card_images/large/S12a/042859_P_MERIPU.jpg	
S12a-210	リーフィアVSTAR		cards/S/S12a/リーフィアVSTAR_S12a-210／262.jpg	S12a-012	未取得（details.php で番号を確かめて取得する）	
S12a-211	リザードンV		cards/S/S12a/リザードンV_S12a-211／262.jpg	S12a-013	未取得（details.php で番号を確かめて取得する）	
S12a-212	リザードンVSTAR		cards/S/S12a/リザードンVSTAR_S12a-212／262.jpg	S12a-014	未取得（details.php で番号を確かめて取得する）	
S12a-213	エンテイV		cards/S/S12a/エンテイV_S12a-213／262.jpg	S12a-019	未取得（details.php で番号を確かめて取得する）	
S12a-214	バオッキーVSTAR		cards/S/S12a/バオッキーVSTAR_S12a-214／262.jpg	S12a-021	未取得（details.php で番号を確かめて取得する）	
S12a-215	スイクンV		cards/S/S12a/スイクンV_S12a-215／262.jpg	S12a-024	未取得（details.php で番号を確かめて取得する）	
S12a-216	ネオラントV		cards/S/S12a/ネオラントV_S12a-216／262.jpg	S12a-026	未取得（details.php で番号を確かめて取得する）	
S12a-218	ライコウV		cards/S/S12a/ライコウV_S12a-218／262.jpg	S12a-038	未取得（details.php で番号を確かめて取得する）	
S12a-219	ゼラオラVMAX		cards/S/S12a/ゼラオラVMAX_S12a-219／262.jpg	S12a-041	未取得（details.php で番号を確かめて取得する）	
S12a-220	ゼラオラVSTAR		cards/S/S12a/ゼラオラVSTAR_S12a-220／262.jpg	S12a-042	未取得（details.php で番号を確かめて取得する）	
S12a-221	ミュウツーVSTAR		cards/S/S12a/ミュウツーVSTAR_S12a-221／262.jpg	S12a-051	未取得（details.php で番号を確かめて取得する）	
S12a-224	ブリムオンVMAX		cards/S/S12a/ブリムオンVMAX_S12a-224／262.jpg	S12a-066	未取得（details.php で番号を確かめて取得する）	
S12a-225	ザシアンV		cards/S/S12a/ザシアンV_S12a-225／262.jpg	S12a-067	未取得（details.php で番号を確かめて取得する）	
S12a-227	ドラピオンV		cards/S/S12a/ドラピオンV_S12a-227／262.jpg	S12a-085	未取得（details.php で番号を確かめて取得する）	
S12a-229	ヒスイ ダイケンキV		cards/S/S12a/ヒスイ ダイケンキV_S12a-229／262.jpg	S12a-086	未取得（details.php で番号を確かめて取得する）	
S12a-230	ヒスイ ダイケンキVSTAR		cards/S/S12a/ヒスイ ダイケンキVSTAR_S12a-230／262.jpg	S12a-087	未取得（details.php で番号を確かめて取得する）	
S12a-232	ザマゼンタV		cards/S/S12a/ザマゼンタV_S12a-232／262.jpg	S12a-103	未取得（details.php で番号を確かめて取得する）	
S12a-233	レジギガスVSTAR		cards/S/S12a/レジギガスVSTAR_S12a-233／262.jpg	S12a-125	未取得（details.php で番号を確かめて取得する）	
S12a-234	ヒスイ ゾロアークVSTAR		cards/S/S12a/ヒスイ ゾロアークVSTAR_S12a-234／262.jpg	S12a-129	未取得（details.php で番号を確かめて取得する）	
S12a-235	アクロマの実験		cards/S/S12a/アクロマの実験_S12a-235／262.jpg	S12a-148	公式 cardID 42885（アクロマの実験 SAR）/assets/images/card_images/large/S12a/042885_T_AKUROMANOJIKKEN.jpg	
S12a-236	カイ		cards/S/S12a/カイ_S12a-236／262.jpg	S12a-149	未取得（details.php で番号を確かめて取得する）	
S12a-237	キバナ		cards/S/S12a/キバナ_S12a-237／262.jpg	S12a-151	公式 cardID 42887（キバナ SAR）/assets/images/card_images/large/S12a/042887_T_KIBANA.jpg	
S12a-238	ザクロ		cards/S/S12a/ザクロ_S12a-238／262.jpg	S12a-152	公式 cardID 42888（ザクロ SAR）/assets/images/card_images/large/S12a/042888_T_ZAKURO.jpg	
S12a-239	シロナの覇気		cards/S/S12a/シロナの覇気_S12a-239／262.jpg	S12a-153	公式 cardID 42889（シロナの覇気 SAR）/assets/images/card_images/large/S12a/042889_T_SHIRONANOHAKI.jpg	
S12a-240	セキ		cards/S/S12a/セキ_S12a-240／262.jpg	S12a-155	未取得（details.php で番号を確かめて取得する）	
S12a-241	チェレンの気くばり		cards/S/S12a/チェレンの気くばり_S12a-241／262.jpg	S12a-156	公式 cardID 42891（チェレンの気くばり SAR）/assets/images/card_images/large/S12a/042891_T_CHIERENNOKIKUBARI.jpg	
S12a-242	ツツジ		cards/S/S12a/ツツジ_S12a-242／262.jpg	S12a-157	公式 cardID 42892（ツツジ SAR）/assets/images/card_images/large/S12a/042892_T_TSUTSUJI.jpg	
S12a-243	ナタネの活気		cards/S/S12a/ナタネの活気_S12a-243／262.jpg	S12a-158	公式 cardID 42893（ナタネの活気 SAR）/assets/images/card_images/large/S12a/042893_T_NATANENOKAKKI.jpg	
S12a-244	メロン		cards/S/S12a/メロン_S12a-244／262.jpg	S12a-162	公式 cardID 42894（メロン SAR）/assets/images/card_images/large/S12a/042894_T_MERON.jpg	
S12a-246	カミツレのきらめき		cards/S/S12a/カミツレのきらめき_S12a-246／262.jpg	S12a-150	公式 cardID 42896（カミツレのきらめき SR）/assets/images/card_images/large/S12a/042896_T_KAMITSURENOKIRAMEKI.jpg	
S12a-247	シンオウの仲間たち		cards/S/S12a/シンオウの仲間たち_S12a-247／262.jpg	S12a-154	公式 cardID 42897（シンオウの仲間たち SR）/assets/images/card_images/large/S12a/042897_T_SHINOUNONAKAMATACHI.jpg	
S12a-249	ヒスイの仲間たち		cards/S/S12a/ヒスイの仲間たち_S12a-249／262.jpg	S12a-160	公式 cardID 42899（ヒスイの仲間たち SR）/assets/images/card_images/large/S12a/042899_T_HISUINONAKAMATACHI.jpg	
S12a-259	オリジンパルキアVSTAR		cards/S/S12a/オリジンパルキアVSTAR_S12a-259／262.jpg	S12a-028	未取得（details.php で番号を確かめて取得する）	
S12a-260	オリジンディアルガVSTAR		cards/S/S12a/オリジンディアルガVSTAR_S12a-260／262.jpg	S12a-101	未取得（details.php で番号を確かめて取得する）	
S12a-261	ギラティナVSTAR		cards/S/S12a/ギラティナVSTAR_S12a-261／262.jpg	S12a-111	未取得（details.php で番号を確かめて取得する）	
S12a-262	アルセウスVSTAR		cards/S/S12a/アルセウスVSTAR_S12a-262／262.jpg	S12a-127	未取得（details.php で番号を確かめて取得する）	
S5I-053	ギルガルド	R	cards/S/S5I/ギルガルド_S5I-53／81_R.jpg	S5I-054	公式 cardID 39113（ギルガルド R）/assets/images/card_images/large/S5I/039113_P_GIRUGARUDO.jpg	
S5I-054	ギルガルド	U	cards/S/S5I/ギルガルド_S5I-54／81_U.jpg	S5I-053	公式 cardID 39114（ギルガルド U）/assets/images/card_images/large/S5I/039114_P_GIRUGARUDO.jpg	
S9-010	ミノマダム	U	cards/S/S9/ミノマダム_S9-010／127_U.jpg	S9-053 S9-066	未取得（details.php で番号を確かめて取得する）	
S9-012	シェイミV	RR	cards/S/S9/シェイミV_S9-012／127_RR.jpg	S9-101	未取得（details.php で番号を確かめて取得する）	
S9-013	シェイミVSTAR		cards/S/S9/シェイミVSTAR_S9-013／127.jpg	S9-117	未取得（details.php で番号を確かめて取得する）	
S9-014	リザードンV	RR	cards/S/S9/リザードンV_S9-014／127_RR.jpg	S9-102 S9-103	未取得（details.php で番号を確かめて取得する）	
S9-015	リザードンVSTAR		cards/S/S9/リザードンVSTAR_S9-015／127.jpg	S9-118	未取得（details.php で番号を確かめて取得する）	
S9-030	ネオラントV	RR	cards/S/S9/ネオラントV_S9-030／127_RR.jpg	S9-104 S9-105	未取得（details.php で番号を確かめて取得する）	
S9-034	ライチュウV	RR	cards/S/S9/ライチュウV_S9-034／127_RR.jpg	S9-106	未取得（details.php で番号を確かめて取得する）	
S9-049	エルフーンV	RR	cards/S/S9/エルフーンV_S9-049／127_RR.jpg	S9-107	未取得（details.php で番号を確かめて取得する）	
S9-050	エルフーンVSTAR		cards/S/S9/エルフーンVSTAR_S9-050／127.jpg	S9-119	未取得（details.php で番号を確かめて取得する）	
S9-053	ミノマダム	U	cards/S/S9/ミノマダム_S9-053／127_U.jpg	S9-010 S9-066	未取得（details.php で番号を確かめて取得する）	
S9-064	ドンカラスV	RR	cards/S/S9/ドンカラスV_S9-064／127_RR.jpg	S9-108 S9-109	未取得（details.php で番号を確かめて取得する）	
S9-066	ミノマダム	U	cards/S/S9/ミノマダム_S9-066／127_U.jpg	S9-010 S9-053	未取得（details.php で番号を確かめて取得する）	
S9-072	フライゴンV	RR	cards/S/S9/フライゴンV_S9-072／127_RR.jpg	S9-110	未取得（details.php で番号を確かめて取得する）	
S9-083	アルセウスV	RR	cards/S/S9/アルセウスV_S9-083／127_RR.jpg	S9-111 S9-112	未取得（details.php で番号を確かめて取得する）	
S9-084	アルセウスVSTAR		cards/S/S9/アルセウスVSTAR_S9-084／127.jpg	S9-120 S9-125	未取得（details.php で番号を確かめて取得する）	
S9-089	ハイパーボール	U	cards/S/S9/ハイパーボール_S9-089／127_U.jpg	S9-126	未取得（details.php で番号を確かめて取得する）	
S9-092	キャンプファイヤー	U	cards/S/S9/キャンプファイヤー_S9-092／127_U.jpg	S9-113 S9-121	未取得（details.php で番号を確かめて取得する）	
S9-093	シロナの覇気	U	cards/S/S9/シロナの覇気_S9-093／127_U.jpg	S9-114 S9-122	未取得（details.php で番号を確かめて取得する）	
S9-094	チェレンの気くばり	U	cards/S/S9/チェレンの気くばり_S9-094／127_U.jpg	S9-115 S9-123	未取得（details.php で番号を確かめて取得する）	
S9-096	ハマナのバックアップ	U	cards/S/S9/ハマナのバックアップ_S9-096／127_U.jpg	S9-116 S9-124	未取得（details.php で番号を確かめて取得する）	
S9-099	マグマの滝壺	U	cards/S/S9/マグマの滝壺_S9-099／127_U.jpg	S9-127	未取得（details.php で番号を確かめて取得する）	
S9-101	シェイミV		cards/S/S9/シェイミV_S9-101／127.jpg	S9-012	未取得（details.php で番号を確かめて取得する）	
S9-102	リザードンV		cards/S/S9/リザードンV_S9-102／127.jpg	S9-014 S9-103	未取得（details.php で番号を確かめて取得する）	
S9-103	リザードンV		cards/S/S9/リザードンV_S9-103／127.jpg	S9-014 S9-102	未取得（details.php で番号を確かめて取得する）	
S9-104	ネオラントV		cards/S/S9/ネオラントV_S9-104／127.jpg	S9-030 S9-105	未取得（details.php で番号を確かめて取得する）	
S9-105	ネオラントV		cards/S/S9/ネオラントV_S9-105／127.jpg	S9-030 S9-104	未取得（details.php で番号を確かめて取得する）	
S9-106	ライチュウV		cards/S/S9/ライチュウV_S9-106／127.jpg	S9-034	未取得（details.php で番号を確かめて取得する）	
S9-107	エルフーンV		cards/S/S9/エルフーンV_S9-107／127.jpg	S9-049	未取得（details.php で番号を確かめて取得する）	
S9-108	ドンカラスV		cards/S/S9/ドンカラスV_S9-108／127.jpg	S9-064 S9-109	未取得（details.php で番号を確かめて取得する）	
S9-109	ドンカラスV		cards/S/S9/ドンカラスV_S9-109／127.jpg	S9-064 S9-108	未取得（details.php で番号を確かめて取得する）	
S9-110	フライゴンV		cards/S/S9/フライゴンV_S9-110／127.jpg	S9-072	未取得（details.php で番号を確かめて取得する）	
S9-111	アルセウスV		cards/S/S9/アルセウスV_S9-111／127.jpg	S9-083 S9-112	未取得（details.php で番号を確かめて取得する）	
S9-112	アルセウスV		cards/S/S9/アルセウスV_S9-112／127.jpg	S9-083 S9-111	未取得（details.php で番号を確かめて取得する）	
S9-113	キャンプファイヤー		cards/S/S9/キャンプファイヤー_S9-113／127.jpg	S9-092 S9-121	未取得（details.php で番号を確かめて取得する）	
S9-114	シロナの覇気		cards/S/S9/シロナの覇気_S9-114／127.jpg	S9-093 S9-122	未取得（details.php で番号を確かめて取得する）	
S9-115	チェレンの気くばり		cards/S/S9/チェレンの気くばり_S9-115／127.jpg	S9-094 S9-123	未取得（details.php で番号を確かめて取得する）	
S9-116	ハマナのバックアップ		cards/S/S9/ハマナのバックアップ_S9-116／127.jpg	S9-096 S9-124	未取得（details.php で番号を確かめて取得する）	
S9-117	シェイミVSTAR		cards/S/S9/シェイミVSTAR_S9-117／127.jpg	S9-013	未取得（details.php で番号を確かめて取得する）	
S9-118	リザードンVSTAR		cards/S/S9/リザードンVSTAR_S9-118／127.jpg	S9-015	未取得（details.php で番号を確かめて取得する）	
S9-119	エルフーンVSTAR		cards/S/S9/エルフーンVSTAR_S9-119／127.jpg	S9-050	未取得（details.php で番号を確かめて取得する）	
S9-120	アルセウスVSTAR		cards/S/S9/アルセウスVSTAR_S9-120／127.jpg	S9-084 S9-125	未取得（details.php で番号を確かめて取得する）	
S9-121	キャンプファイヤー		cards/S/S9/キャンプファイヤー_S9-121／127.jpg	S9-092 S9-113	未取得（details.php で番号を確かめて取得する）	
S9-122	シロナの覇気		cards/S/S9/シロナの覇気_S9-122／127.jpg	S9-093 S9-114	未取得（details.php で番号を確かめて取得する）	
S9-123	チェレンの気くばり		cards/S/S9/チェレンの気くばり_S9-123／127.jpg	S9-094 S9-115	未取得（details.php で番号を確かめて取得する）	
S9-124	ハマナのバックアップ		cards/S/S9/ハマナのバックアップ_S9-124／127.jpg	S9-096 S9-116	未取得（details.php で番号を確かめて取得する）	
S9-125	アルセウスVSTAR		cards/S/S9/アルセウスVSTAR_S9-125／127.jpg	S9-084 S9-120	未取得（details.php で番号を確かめて取得する）	
S9-126	ハイパーボール		cards/S/S9/ハイパーボール_S9-126／127.jpg	S9-089	未取得（details.php で番号を確かめて取得する）	
S9-127	マグマの滝壺		cards/S/S9/マグマの滝壺_S9-127／127.jpg	S9-099	未取得（details.php で番号を確かめて取得する）	
S9a-007	ロズレイド	U	cards/S/S9a/ロズレイド_S9a-07／93_U.jpg	S9a-068	公式 cardID 41259（ロズレイド U）/assets/images/card_images/large/S9a/041259_P_ROZUREIDO_m.jpg	
S9a-010	ビリジオンV	RR	cards/S/S9a/ビリジオンV_S9a-10／93_RR.jpg	S9a-074	未取得（details.php で番号を確かめて取得する）	
S9a-014	シャンデラ	R	cards/S/S9a/シャンデラ_S9a-14／93_R.jpg	S9a-069	未取得（details.php で番号を確かめて取得する）	
S9a-017	スターミーV	RR	cards/S/S9a/スターミーV_S9a-17／93_RR.jpg	S9a-075 S9a-083	未取得（details.php で番号を確かめて取得する）	
S9a-028	ヒスイ バクフーンV	RR	cards/S/S9a/ヒスイ バクフーンV_S9a-28／93_RR.jpg	S9a-076	未取得（details.php で番号を確かめて取得する）	
S9a-029	ヒスイ バクフーンVSTAR		cards/S/S9a/ヒスイ バクフーンVSTAR_S9a-29／93.jpg	S9a-085	未取得（details.php で番号を確かめて取得する）	
S9a-036	アヤシシ	R	cards/S/S9a/アヤシシ_S9a-36／93_R.jpg	S9a-070	未取得（details.php で番号を確かめて取得する）	
S9a-044	ヒスイ ジュナイパーV	RR	cards/S/S9a/ヒスイ ジュナイパーV_S9a-44／93_RR.jpg	S9a-077	未取得（details.php で番号を確かめて取得する）	
S9a-045	ヒスイ ジュナイパーVSTAR		cards/S/S9a/ヒスイ ジュナイパーVSTAR_S9a-45／93.jpg	S9a-086	未取得（details.php で番号を確かめて取得する）	
S9a-046	バサギリ	R	cards/S/S9a/バサギリ_S9a-46／93_R.jpg	S9a-071	未取得（details.php で番号を確かめて取得する）	
S9a-050	グラエナ	U	cards/S/S9a/グラエナ_S9a-50／93_U.jpg	S9a-072	公式 cardID 41286（グラエナ U）/assets/images/card_images/large/S9a/041286_P_GURAENA_m.jpg	
S9a-052	ヒスイ ダイケンキV	RR	cards/S/S9a/ヒスイ ダイケンキV_S9a-52／93_RR.jpg	S9a-078	未取得（details.php で番号を確かめて取得する）	
S9a-053	ヒスイ ダイケンキVSTAR		cards/S/S9a/ヒスイ ダイケンキVSTAR_S9a-53／93.jpg	S9a-087 S9a-091	未取得（details.php で番号を確かめて取得する）	
S9a-054	ガブリアスV	RR	cards/S/S9a/ガブリアスV_S9a-54／93_RR.jpg	S9a-079 S9a-084	未取得（details.php で番号を確かめて取得する）	
S9a-055	ホーホー	C	cards/S/S9a/ホーホー_S9a-55／93_C.jpg	S9a-073	公式 cardID 41287（ホーホー C）/assets/images/card_images/large/S9a/041287_P_HOHO_m.jpg	
S9a-064	シマボシ	U	cards/S/S9a/シマボシ_S9a-64／93_U.jpg	S9a-080 S9a-088	公式 cardID 41295（シマボシ U）/assets/images/card_images/large/S9a/041295_T_SHIMABOSHI_m.jpg	
S9a-065	ツツジ	U	cards/S/S9a/ツツジ_S9a-65／93_U.jpg	S9a-081 S9a-089	公式 cardID 41296（ツツジ U）/assets/images/card_images/large/S9a/041296_T_TSUTSUJI_m.jpg	
S9a-066	デンボク	U	cards/S/S9a/デンボク_S9a-66／93_U.jpg	S9a-082 S9a-090	公式 cardID 41297（デンボク U）/assets/images/card_images/large/S9a/041297_T_DENBOKU_m.jpg	
S9a-067	コトブキムラ	U	cards/S/S9a/コトブキムラ_S9a-67／93_U.jpg	S9a-093	公式 cardID 41298（コトブキムラ U）/assets/images/card_images/large/S9a/041298_T_KOTOBUKIMURA_m.jpg	
S9a-068	ロズレイド		cards/S/S9a/ロズレイド_S9a-68／93.jpg	S9a-007	公式 cardID 41496（ロズレイド CHR）/assets/images/card_images/large/S9a/041496_P_ROZUREIDO.jpg	
S9a-069	シャンデラ		cards/S/S9a/シャンデラ_S9a-69／93.jpg	S9a-014	未取得（details.php で番号を確かめて取得する）	
S9a-070	アヤシシ		cards/S/S9a/アヤシシ_S9a-70／93.jpg	S9a-036	未取得（details.php で番号を確かめて取得する）	
S9a-071	バサギリ		cards/S/S9a/バサギリ_S9a-71／93.jpg	S9a-046	未取得（details.php で番号を確かめて取得する）	
S9a-072	グラエナ		cards/S/S9a/グラエナ_S9a-72／93.jpg	S9a-050	公式 cardID 41500（グラエナ CHR）/assets/images/card_images/large/S9a/041500_P_GURAENA.jpg	
S9a-073	ホーホー		cards/S/S9a/ホーホー_S9a-73／93.jpg	S9a-055	公式 cardID 41501（ホーホー CHR）/assets/images/card_images/large/S9a/041501_P_HOHO.jpg	
S9a-074	ビリジオンV		cards/S/S9a/ビリジオンV_S9a-74／93.jpg	S9a-010	未取得（details.php で番号を確かめて取得する）	
S9a-075	スターミーV		cards/S/S9a/スターミーV_S9a-75／93.jpg	S9a-017 S9a-083	未取得（details.php で番号を確かめて取得する）	
S9a-076	ヒスイ バクフーンV		cards/S/S9a/ヒスイ バクフーンV_S9a-76／93.jpg	S9a-028	未取得（details.php で番号を確かめて取得する）	
S9a-077	ヒスイ ジュナイパーV		cards/S/S9a/ヒスイ ジュナイパーV_S9a-77／93.jpg	S9a-044	未取得（details.php で番号を確かめて取得する）	
S9a-078	ヒスイ ダイケンキV		cards/S/S9a/ヒスイ ダイケンキV_S9a-78／93.jpg	S9a-052	未取得（details.php で番号を確かめて取得する）	
S9a-079	ガブリアスV		cards/S/S9a/ガブリアスV_S9a-79／93.jpg	S9a-054 S9a-084	未取得（details.php で番号を確かめて取得する）	
S9a-080	シマボシ		cards/S/S9a/シマボシ_S9a-80／93.jpg	S9a-064 S9a-088	公式 cardID 41508（シマボシ SR）/assets/images/card_images/large/S9a/041508_T_SHIMABOSHI.jpg	
S9a-081	ツツジ		cards/S/S9a/ツツジ_S9a-81／93.jpg	S9a-065 S9a-089	公式 cardID 41509（ツツジ SR）/assets/images/card_images/large/S9a/041509_T_TSUTSUJI.jpg	
S9a-082	デンボク		cards/S/S9a/デンボク_S9a-82／93.jpg	S9a-066 S9a-090	公式 cardID 41510（デンボク SR）/assets/images/card_images/large/S9a/041510_T_DENBOKU.jpg	
S9a-083	スターミーV		cards/S/S9a/スターミーV_S9a-83／93.jpg	S9a-017 S9a-075	未取得（details.php で番号を確かめて取得する）	
S9a-084	ガブリアスV		cards/S/S9a/ガブリアスV_S9a-84／93.jpg	S9a-054 S9a-079	未取得（details.php で番号を確かめて取得する）	
S9a-085	ヒスイ バクフーンVSTAR		cards/S/S9a/ヒスイ バクフーンVSTAR_S9a-85／93.jpg	S9a-029	未取得（details.php で番号を確かめて取得する）	
S9a-086	ヒスイ ジュナイパーVSTAR		cards/S/S9a/ヒスイ ジュナイパーVSTAR_S9a-86／93.jpg	S9a-045	未取得（details.php で番号を確かめて取得する）	
S9a-087	ヒスイ ダイケンキVSTAR		cards/S/S9a/ヒスイ ダイケンキVSTAR_S9a-87／93.jpg	S9a-053 S9a-091	未取得（details.php で番号を確かめて取得する）	
S9a-088	シマボシ		cards/S/S9a/シマボシ_S9a-88／93.jpg	S9a-064 S9a-080	公式 cardID 44866（シマボシ HR）/assets/images/card_images/large/S9a/044866_T_SHIMABOSHI.jpg	
S9a-089	ツツジ		cards/S/S9a/ツツジ_S9a-89／93.jpg	S9a-065 S9a-081	公式 cardID 44867（ツツジ HR）/assets/images/card_images/large/S9a/044867_T_TSUTSUJI.jpg	
S9a-090	デンボク		cards/S/S9a/デンボク_S9a-90／93.jpg	S9a-066 S9a-082	公式 cardID 44868（デンボク HR）/assets/images/card_images/large/S9a/044868_T_DENBOKU.jpg	
S9a-091	ヒスイ ダイケンキVSTAR		cards/S/S9a/ヒスイ ダイケンキVSTAR_S9a-91／93.jpg	S9a-053 S9a-087	未取得（details.php で番号を確かめて取得する）	
S9a-093	コトブキムラ		cards/S/S9a/コトブキムラ_S9a-93／93.jpg	S9a-067	公式 cardID 44871（コトブキムラ UR）/assets/images/card_images/large/S9a/044871_T_KOTOBUKIMURA.jpg	
SJ-016	ザシアンV		cards/S/SJ/ザシアンV_SJ-16／30.jpg	SJ-018	未取得（details.php で番号を確かめて取得する）	
SJ-017	ザマゼンタV		cards/S/SJ/ザマゼンタV_SJ-17／30.jpg	SJ-019	未取得（details.php で番号を確かめて取得する）	
SJ-018	ザシアンV		cards/S/SJ/ザシアンV_SJ-18／30.jpg	SJ-016	未取得（details.php で番号を確かめて取得する）	
SJ-019	ザマゼンタV		cards/S/SJ/ザマゼンタV_SJ-19／30.jpg	SJ-017	未取得（details.php で番号を確かめて取得する）	
SV-P-031	イーブイ		cards/SV/SV-P/イーブイ_SV-P-031／290.jpg	SV-P-033	未取得（details.php で番号を確かめて取得する）	
SV-P-033	イーブイ		cards/SV/SV-P/イーブイ_SV-P-033／290.jpg	SV-P-031	未取得（details.php で番号を確かめて取得する）	
SV11B-001	ツタージャ	C	cards/SV/SV11B/ツタージャ_SV11B-001／174_C.jpg	SV11B-087	未取得（details.php で番号を確かめて取得する）	
SV11B-002	ジャノビー	C	cards/SV/SV11B/ジャノビー_SV11B-002／174_C.jpg	SV11B-088	未取得（details.php で番号を確かめて取得する）	
SV11B-003	ジャローダex	RR	cards/SV/SV11B/ジャローダex_SV11B-003／174_RR.jpg	SV11B-159 SV11B-167	未取得（details.php で番号を確かめて取得する）	
SV11B-004	ヤナップ	C	cards/SV/SV11B/ヤナップ_SV11B-004／174_C.jpg	SV11B-089	未取得（details.php で番号を確かめて取得する）	
SV11B-005	ヤナッキー	U	cards/SV/SV11B/ヤナッキー_SV11B-005／174_U.jpg	SV11B-090	未取得（details.php で番号を確かめて取得する）	
SV11B-006	チュリネ	C	cards/SV/SV11B/チュリネ_SV11B-006／174_C.jpg	SV11B-091	未取得（details.php で番号を確かめて取得する）	
SV11B-007	ドレディア	U	cards/SV/SV11B/ドレディア_SV11B-007／174_U.jpg	SV11B-092	未取得（details.php で番号を確かめて取得する）	
SV11B-008	マラカッチ	C	cards/SV/SV11B/マラカッチ_SV11B-008／174_C.jpg	SV11B-093	未取得（details.php で番号を確かめて取得する）	
SV11B-009	カブルモ	C	cards/SV/SV11B/カブルモ_SV11B-009／174_C.jpg	SV11B-094	未取得（details.php で番号を確かめて取得する）	
SV11B-010	タマゲタケ	C	cards/SV/SV11B/タマゲタケ_SV11B-010／174_C.jpg	SV11B-095	未取得（details.php で番号を確かめて取得する）	
SV11B-011	モロバレル	U	cards/SV/SV11B/モロバレル_SV11B-011／174_U.jpg	SV11B-096	未取得（details.php で番号を確かめて取得する）	
SV11B-012	ビクティニ	R	cards/SV/SV11B/ビクティニ_SV11B-012／174_R.jpg	SV11B-097	未取得（details.php で番号を確かめて取得する）	
SV11B-013	ダルマッカ	C	cards/SV/SV11B/ダルマッカ_SV11B-013／174_C.jpg	SV11B-098	未取得（details.php で番号を確かめて取得する）	
SV11B-014	ヒヒダルマ	U	cards/SV/SV11B/ヒヒダルマ_SV11B-014／174_U.jpg	SV11B-099	未取得（details.php で番号を確かめて取得する）	
SV11B-015	ヒトモシ	C	cards/SV/SV11B/ヒトモシ_SV11B-015／174_C.jpg	SV11B-100	未取得（details.php で番号を確かめて取得する）	
SV11B-016	ランプラー	C	cards/SV/SV11B/ランプラー_SV11B-016／174_C.jpg	SV11B-101	未取得（details.php で番号を確かめて取得する）	
SV11B-017	シャンデラ	R	cards/SV/SV11B/シャンデラ_SV11B-017／174_R.jpg	SV11B-102	未取得（details.php で番号を確かめて取得する）	
SV11B-018	メラルバ	C	cards/SV/SV11B/メラルバ_SV11B-018／174_C.jpg	SV11B-103	未取得（details.php で番号を確かめて取得する）	
SV11B-019	ウルガモス	R	cards/SV/SV11B/ウルガモス_SV11B-019／174_R.jpg	SV11B-104	未取得（details.php で番号を確かめて取得する）	
SV11B-020	ヒヤップ	C	cards/SV/SV11B/ヒヤップ_SV11B-020／174_C.jpg	SV11B-105	未取得（details.php で番号を確かめて取得する）	
SV11B-021	ヒヤッキー	U	cards/SV/SV11B/ヒヤッキー_SV11B-021／174_U.jpg	SV11B-106	未取得（details.php で番号を確かめて取得する）	
SV11B-022	オタマロ	C	cards/SV/SV11B/オタマロ_SV11B-022／174_C.jpg	SV11B-107	未取得（details.php で番号を確かめて取得する）	
SV11B-023	ガマガル	C	cards/SV/SV11B/ガマガル_SV11B-023／174_C.jpg	SV11B-108	未取得（details.php で番号を確かめて取得する）	
SV11B-024	ガマゲロゲ	U	cards/SV/SV11B/ガマゲロゲ_SV11B-024／174_U.jpg	SV11B-109	未取得（details.php で番号を確かめて取得する）	
SV11B-025	プロトーガ	U	cards/SV/SV11B/プロトーガ_SV11B-025／174_U.jpg	SV11B-110	未取得（details.php で番号を確かめて取得する）	
SV11B-026	アバゴーラ	R	cards/SV/SV11B/アバゴーラ_SV11B-026／174_R.jpg	SV11B-111	未取得（details.php で番号を確かめて取得する）	
SV11B-027	ママンボウ	U	cards/SV/SV11B/ママンボウ_SV11B-027／174_U.jpg	SV11B-112	未取得（details.php で番号を確かめて取得する）	
SV11B-028	クマシュン	C	cards/SV/SV11B/クマシュン_SV11B-028／174_C.jpg	SV11B-113	未取得（details.php で番号を確かめて取得する）	
SV11B-029	ツンベアー	R	cards/SV/SV11B/ツンベアー_SV11B-029／174_R.jpg	SV11B-114	未取得（details.php で番号を確かめて取得する）	
SV11B-030	フリージオ	U	cards/SV/SV11B/フリージオ_SV11B-030／174_U.jpg	SV11B-115	未取得（details.php で番号を確かめて取得する）	
SV11B-031	キュレムex	RR	cards/SV/SV11B/キュレムex_SV11B-031／174_RR.jpg	SV11B-160 SV11B-168	未取得（details.php で番号を確かめて取得する）	
SV11B-032	エモンガ	C	cards/SV/SV11B/エモンガ_SV11B-032／174_C.jpg	SV11B-116	未取得（details.php で番号を確かめて取得する）	
SV11B-033	シビシラス	C	cards/SV/SV11B/シビシラス_SV11B-033／174_C.jpg	SV11B-117	未取得（details.php で番号を確かめて取得する）	
SV11B-034	シビビール	U	cards/SV/SV11B/シビビール_SV11B-034／174_U.jpg	SV11B-118	未取得（details.php で番号を確かめて取得する）	
SV11B-035	シビルドン	U	cards/SV/SV11B/シビルドン_SV11B-035／174_U.jpg	SV11B-119	未取得（details.php で番号を確かめて取得する）	
SV11B-036	ボルトロス	R	cards/SV/SV11B/ボルトロス_SV11B-036／174_R.jpg	SV11B-120	未取得（details.php で番号を確かめて取得する）	
SV11B-037	ゼクロムex	RR	cards/SV/SV11B/ゼクロムex_SV11B-037／174_RR.jpg	SV11B-161 SV11B-169 SV11B-174	未取得（details.php で番号を確かめて取得する）	
SV11B-038	ムンナ	C	cards/SV/SV11B/ムンナ_SV11B-038／174_C.jpg	SV11B-121	未取得（details.php で番号を確かめて取得する）	
SV11B-039	ムシャーナ	U	cards/SV/SV11B/ムシャーナ_SV11B-039／174_U.jpg	SV11B-122	未取得（details.php で番号を確かめて取得する）	
SV11B-040	ユニラン	C	cards/SV/SV11B/ユニラン_SV11B-040／174_C.jpg	SV11B-123	未取得（details.php で番号を確かめて取得する）	
SV11B-041	ダブラン	C	cards/SV/SV11B/ダブラン_SV11B-041／174_C.jpg	SV11B-124	未取得（details.php で番号を確かめて取得する）	
SV11B-042	ランクルス	U	cards/SV/SV11B/ランクルス_SV11B-042／174_U.jpg	SV11B-125	未取得（details.php で番号を確かめて取得する）	
SV11B-043	リグレー	C	cards/SV/SV11B/リグレー_SV11B-043／174_C.jpg	SV11B-126	未取得（details.php で番号を確かめて取得する）	
SV11B-044	オーベム	U	cards/SV/SV11B/オーベム_SV11B-044／174_U.jpg	SV11B-127	未取得（details.php で番号を確かめて取得する）	
SV11B-045	ゴビット	C	cards/SV/SV11B/ゴビット_SV11B-045／174_C.jpg	SV11B-128	未取得（details.php で番号を確かめて取得する）	
SV11B-046	ゴルーグ	U	cards/SV/SV11B/ゴルーグ_SV11B-046／174_U.jpg	SV11B-129	未取得（details.php で番号を確かめて取得する）	
SV11B-047	メロエッタex	RR	cards/SV/SV11B/メロエッタex_SV11B-047／174_RR.jpg	SV11B-162 SV11B-170	未取得（details.php で番号を確かめて取得する）	
SV11B-048	モグリュー	C	cards/SV/SV11B/モグリュー_SV11B-048／174_C.jpg	SV11B-130	未取得（details.php で番号を確かめて取得する）	
SV11B-049	ドリュウズex	RR	cards/SV/SV11B/ドリュウズex_SV11B-049／174_RR.jpg	SV11B-163 SV11B-171	未取得（details.php で番号を確かめて取得する）	
SV11B-050	ドッコラー	C	cards/SV/SV11B/ドッコラー_SV11B-050／174_C.jpg	SV11B-131	未取得（details.php で番号を確かめて取得する）	
SV11B-051	ドテッコツ	C	cards/SV/SV11B/ドテッコツ_SV11B-051／174_C.jpg	SV11B-132	未取得（details.php で番号を確かめて取得する）	
SV11B-052	ローブシン	R	cards/SV/SV11B/ローブシン_SV11B-052／174_R.jpg	SV11B-133	未取得（details.php で番号を確かめて取得する）	
SV11B-053	ナゲキ	U	cards/SV/SV11B/ナゲキ_SV11B-053／174_U.jpg	SV11B-134	未取得（details.php で番号を確かめて取得する）	
SV11B-054	イシズマイ	C	cards/SV/SV11B/イシズマイ_SV11B-054／174_C.jpg	SV11B-135	未取得（details.php で番号を確かめて取得する）	
SV11B-055	イワパレス	U	cards/SV/SV11B/イワパレス_SV11B-055／174_U.jpg	SV11B-136	未取得（details.php で番号を確かめて取得する）	
SV11B-056	ランドロス	R	cards/SV/SV11B/ランドロス_SV11B-056／174_R.jpg	SV11B-137	未取得（details.php で番号を確かめて取得する）	
SV11B-057	フシデ	C	cards/SV/SV11B/フシデ_SV11B-057／174_C.jpg	SV11B-138	未取得（details.php で番号を確かめて取得する）	
SV11B-058	ホイーガ	C	cards/SV/SV11B/ホイーガ_SV11B-058／174_C.jpg	SV11B-139	未取得（details.php で番号を確かめて取得する）	
SV11B-059	ペンドラー	U	cards/SV/SV11B/ペンドラー_SV11B-059／174_U.jpg	SV11B-140	未取得（details.php で番号を確かめて取得する）	
SV11B-060	メグロコ	C	cards/SV/SV11B/メグロコ_SV11B-060／174_C.jpg	SV11B-141	未取得（details.php で番号を確かめて取得する）	
SV11B-061	ワルビル	C	cards/SV/SV11B/ワルビル_SV11B-061／174_C.jpg	SV11B-142	未取得（details.php で番号を確かめて取得する）	
SV11B-062	ワルビアル	U	cards/SV/SV11B/ワルビアル_SV11B-062／174_U.jpg	SV11B-143	未取得（details.php で番号を確かめて取得する）	
SV11B-063	バルチャイ	C	cards/SV/SV11B/バルチャイ_SV11B-063／174_C.jpg	SV11B-144	未取得（details.php で番号を確かめて取得する）	
SV11B-064	バルジーナ	U	cards/SV/SV11B/バルジーナ_SV11B-064／174_U.jpg	SV11B-145	未取得（details.php で番号を確かめて取得する）	
SV11B-065	シュバルゴ	U	cards/SV/SV11B/シュバルゴ_SV11B-065／174_U.jpg	SV11B-146	未取得（details.php で番号を確かめて取得する）	
SV11B-066	コマタナ	C	cards/SV/SV11B/コマタナ_SV11B-066／174_C.jpg	SV11B-147	未取得（details.php で番号を確かめて取得する）	
SV11B-067	キリキザン	U	cards/SV/SV11B/キリキザン_SV11B-067／174_U.jpg	SV11B-148	未取得（details.php で番号を確かめて取得する）	
SV11B-068	コバルオン	R	cards/SV/SV11B/コバルオン_SV11B-068／174_R.jpg	SV11B-149	未取得（details.php で番号を確かめて取得する）	
SV11B-069	ゲノセクトex	RR	cards/SV/SV11B/ゲノセクトex_SV11B-069／174_RR.jpg	SV11B-164 SV11B-172	未取得（details.php で番号を確かめて取得する）	
SV11B-070	キバゴ	C	cards/SV/SV11B/キバゴ_SV11B-070／174_C.jpg	SV11B-150	未取得（details.php で番号を確かめて取得する）	
SV11B-071	オノンド	C	cards/SV/SV11B/オノンド_SV11B-071／174_C.jpg	SV11B-151	未取得（details.php で番号を確かめて取得する）	
SV11B-072	オノノクス	R	cards/SV/SV11B/オノノクス_SV11B-072／174_R.jpg	SV11B-152	未取得（details.php で番号を確かめて取得する）	
SV11B-073	マメパト	C	cards/SV/SV11B/マメパト_SV11B-073／174_C.jpg	SV11B-153	未取得（details.php で番号を確かめて取得する）	
SV11B-074	ハトーボー	C	cards/SV/SV11B/ハトーボー_SV11B-074／174_C.jpg	SV11B-154	未取得（details.php で番号を確かめて取得する）	
SV11B-075	ケンホロウ	U	cards/SV/SV11B/ケンホロウ_SV11B-075／174_U.jpg	SV11B-155	未取得（details.php で番号を確かめて取得する）	
SV11B-076	タブンネ	C	cards/SV/SV11B/タブンネ_SV11B-076／174_C.jpg	SV11B-156	未取得（details.php で番号を確かめて取得する）	
SV11B-077	チラーミィ	C	cards/SV/SV11B/チラーミィ_SV11B-077／174_C.jpg	SV11B-157	未取得（details.php で番号を確かめて取得する）	
SV11B-078	チラチーノ	U	cards/SV/SV11B/チラチーノ_SV11B-078／174_U.jpg	SV11B-158	未取得（details.php で番号を確かめて取得する）	
SV11B-083	Nの筋書き	U	cards/SV/SV11B/Nの筋書き_SV11B-083／174_U.jpg	SV11B-165 SV11B-173	未取得（details.php で番号を確かめて取得する）	
SV11B-085	マコモ	U	cards/SV/SV11B/マコモ_SV11B-085／174_U.jpg	SV11B-166	未取得（details.php で番号を確かめて取得する）	
SV11B-087	ツタージャ	AR	cards/SV/SV11B/ツタージャ_SV11B-087／174_AR.jpg	SV11B-001	未取得（details.php で番号を確かめて取得する）	
SV11B-088	ジャノビー	AR	cards/SV/SV11B/ジャノビー_SV11B-088／174_AR.jpg	SV11B-002	未取得（details.php で番号を確かめて取得する）	
SV11B-089	ヤナップ	AR	cards/SV/SV11B/ヤナップ_SV11B-089／174_AR.jpg	SV11B-004	未取得（details.php で番号を確かめて取得する）	
SV11B-090	ヤナッキー	AR	cards/SV/SV11B/ヤナッキー_SV11B-090／174_AR.jpg	SV11B-005	未取得（details.php で番号を確かめて取得する）	
SV11B-091	チュリネ	AR	cards/SV/SV11B/チュリネ_SV11B-091／174_AR.jpg	SV11B-006	未取得（details.php で番号を確かめて取得する）	
SV11B-092	ドレディア	AR	cards/SV/SV11B/ドレディア_SV11B-092／174_AR.jpg	SV11B-007	未取得（details.php で番号を確かめて取得する）	
SV11B-093	マラカッチ	AR	cards/SV/SV11B/マラカッチ_SV11B-093／174_AR.jpg	SV11B-008	未取得（details.php で番号を確かめて取得する）	
SV11B-094	カブルモ	AR	cards/SV/SV11B/カブルモ_SV11B-094／174_AR.jpg	SV11B-009	未取得（details.php で番号を確かめて取得する）	
SV11B-095	タマゲタケ	AR	cards/SV/SV11B/タマゲタケ_SV11B-095／174_AR.jpg	SV11B-010	未取得（details.php で番号を確かめて取得する）	
SV11B-096	モロバレル	AR	cards/SV/SV11B/モロバレル_SV11B-096／174_AR.jpg	SV11B-011	未取得（details.php で番号を確かめて取得する）	
SV11B-097	ビクティニ	AR	cards/SV/SV11B/ビクティニ_SV11B-097／174_AR.jpg	SV11B-012	未取得（details.php で番号を確かめて取得する）	
SV11B-098	ダルマッカ	AR	cards/SV/SV11B/ダルマッカ_SV11B-098／174_AR.jpg	SV11B-013	未取得（details.php で番号を確かめて取得する）	
SV11B-099	ヒヒダルマ	AR	cards/SV/SV11B/ヒヒダルマ_SV11B-099／174_AR.jpg	SV11B-014	未取得（details.php で番号を確かめて取得する）	
SV11B-100	ヒトモシ	AR	cards/SV/SV11B/ヒトモシ_SV11B-100／174_AR.jpg	SV11B-015	未取得（details.php で番号を確かめて取得する）	
SV11B-101	ランプラー	AR	cards/SV/SV11B/ランプラー_SV11B-101／174_AR.jpg	SV11B-016	未取得（details.php で番号を確かめて取得する）	
SV11B-102	シャンデラ	AR	cards/SV/SV11B/シャンデラ_SV11B-102／174_AR.jpg	SV11B-017	未取得（details.php で番号を確かめて取得する）	
SV11B-103	メラルバ	AR	cards/SV/SV11B/メラルバ_SV11B-103／174_AR.jpg	SV11B-018	未取得（details.php で番号を確かめて取得する）	
SV11B-104	ウルガモス	AR	cards/SV/SV11B/ウルガモス_SV11B-104／174_AR.jpg	SV11B-019	未取得（details.php で番号を確かめて取得する）	
SV11B-105	ヒヤップ	AR	cards/SV/SV11B/ヒヤップ_SV11B-105／174_AR.jpg	SV11B-020	未取得（details.php で番号を確かめて取得する）	
SV11B-106	ヒヤッキー	AR	cards/SV/SV11B/ヒヤッキー_SV11B-106／174_AR.jpg	SV11B-021	未取得（details.php で番号を確かめて取得する）	
SV11B-107	オタマロ	AR	cards/SV/SV11B/オタマロ_SV11B-107／174_AR.jpg	SV11B-022	未取得（details.php で番号を確かめて取得する）	
SV11B-108	ガマガル	AR	cards/SV/SV11B/ガマガル_SV11B-108／174_AR.jpg	SV11B-023	未取得（details.php で番号を確かめて取得する）	
SV11B-109	ガマゲロゲ	AR	cards/SV/SV11B/ガマゲロゲ_SV11B-109／174_AR.jpg	SV11B-024	未取得（details.php で番号を確かめて取得する）	
SV11B-110	プロトーガ	AR	cards/SV/SV11B/プロトーガ_SV11B-110／174_AR.jpg	SV11B-025	未取得（details.php で番号を確かめて取得する）	
SV11B-111	アバゴーラ	AR	cards/SV/SV11B/アバゴーラ_SV11B-111／174_AR.jpg	SV11B-026	未取得（details.php で番号を確かめて取得する）	
SV11B-112	ママンボウ	AR	cards/SV/SV11B/ママンボウ_SV11B-112／174_AR.jpg	SV11B-027	未取得（details.php で番号を確かめて取得する）	
SV11B-113	クマシュン	AR	cards/SV/SV11B/クマシュン_SV11B-113／174_AR.jpg	SV11B-028	未取得（details.php で番号を確かめて取得する）	
SV11B-114	ツンベアー	AR	cards/SV/SV11B/ツンベアー_SV11B-114／174_AR.jpg	SV11B-029	未取得（details.php で番号を確かめて取得する）	
SV11B-115	フリージオ	AR	cards/SV/SV11B/フリージオ_SV11B-115／174_AR.jpg	SV11B-030	未取得（details.php で番号を確かめて取得する）	
SV11B-116	エモンガ	AR	cards/SV/SV11B/エモンガ_SV11B-116／174_AR.jpg	SV11B-032	未取得（details.php で番号を確かめて取得する）	
SV11B-117	シビシラス	AR	cards/SV/SV11B/シビシラス_SV11B-117／174_AR.jpg	SV11B-033	未取得（details.php で番号を確かめて取得する）	
SV11B-118	シビビール	AR	cards/SV/SV11B/シビビール_SV11B-118／174_AR.jpg	SV11B-034	未取得（details.php で番号を確かめて取得する）	
SV11B-119	シビルドン	AR	cards/SV/SV11B/シビルドン_SV11B-119／174_AR.jpg	SV11B-035	未取得（details.php で番号を確かめて取得する）	
SV11B-120	ボルトロス	AR	cards/SV/SV11B/ボルトロス_SV11B-120／174_AR.jpg	SV11B-036	未取得（details.php で番号を確かめて取得する）	
SV11B-121	ムンナ	AR	cards/SV/SV11B/ムンナ_SV11B-121／174_AR.jpg	SV11B-038	未取得（details.php で番号を確かめて取得する）	
SV11B-122	ムシャーナ	AR	cards/SV/SV11B/ムシャーナ_SV11B-122／174_AR.jpg	SV11B-039	未取得（details.php で番号を確かめて取得する）	
SV11B-123	ユニラン	AR	cards/SV/SV11B/ユニラン_SV11B-123／174_AR.jpg	SV11B-040	未取得（details.php で番号を確かめて取得する）	
SV11B-124	ダブラン	AR	cards/SV/SV11B/ダブラン_SV11B-124／174_AR.jpg	SV11B-041	未取得（details.php で番号を確かめて取得する）	
SV11B-125	ランクルス	AR	cards/SV/SV11B/ランクルス_SV11B-125／174_AR.jpg	SV11B-042	未取得（details.php で番号を確かめて取得する）	
SV11B-126	リグレー	AR	cards/SV/SV11B/リグレー_SV11B-126／174_AR.jpg	SV11B-043	未取得（details.php で番号を確かめて取得する）	
SV11B-127	オーベム	AR	cards/SV/SV11B/オーベム_SV11B-127／174_AR.jpg	SV11B-044	未取得（details.php で番号を確かめて取得する）	
SV11B-128	ゴビット	AR	cards/SV/SV11B/ゴビット_SV11B-128／174_AR.jpg	SV11B-045	未取得（details.php で番号を確かめて取得する）	
SV11B-129	ゴルーグ	AR	cards/SV/SV11B/ゴルーグ_SV11B-129／174_AR.jpg	SV11B-046	未取得（details.php で番号を確かめて取得する）	
SV11B-130	モグリュー	AR	cards/SV/SV11B/モグリュー_SV11B-130／174_AR.jpg	SV11B-048	未取得（details.php で番号を確かめて取得する）	
SV11B-131	ドッコラー	AR	cards/SV/SV11B/ドッコラー_SV11B-131／174_AR.jpg	SV11B-050	未取得（details.php で番号を確かめて取得する）	
SV11B-132	ドテッコツ	AR	cards/SV/SV11B/ドテッコツ_SV11B-132／174_AR.jpg	SV11B-051	未取得（details.php で番号を確かめて取得する）	
SV11B-133	ローブシン	AR	cards/SV/SV11B/ローブシン_SV11B-133／174_AR.jpg	SV11B-052	未取得（details.php で番号を確かめて取得する）	
SV11B-134	ナゲキ	AR	cards/SV/SV11B/ナゲキ_SV11B-134／174_AR.jpg	SV11B-053	未取得（details.php で番号を確かめて取得する）	
SV11B-135	イシズマイ	AR	cards/SV/SV11B/イシズマイ_SV11B-135／174_AR.jpg	SV11B-054	未取得（details.php で番号を確かめて取得する）	
SV11B-136	イワパレス	AR	cards/SV/SV11B/イワパレス_SV11B-136／174_AR.jpg	SV11B-055	未取得（details.php で番号を確かめて取得する）	
SV11B-137	ランドロス	AR	cards/SV/SV11B/ランドロス_SV11B-137／174_AR.jpg	SV11B-056	未取得（details.php で番号を確かめて取得する）	
SV11B-138	フシデ	AR	cards/SV/SV11B/フシデ_SV11B-138／174_AR.jpg	SV11B-057	未取得（details.php で番号を確かめて取得する）	
SV11B-139	ホイーガ	AR	cards/SV/SV11B/ホイーガ_SV11B-139／174_AR.jpg	SV11B-058	未取得（details.php で番号を確かめて取得する）	
SV11B-140	ペンドラー	AR	cards/SV/SV11B/ペンドラー_SV11B-140／174_AR.jpg	SV11B-059	未取得（details.php で番号を確かめて取得する）	
SV11B-141	メグロコ	AR	cards/SV/SV11B/メグロコ_SV11B-141／174_AR.jpg	SV11B-060	未取得（details.php で番号を確かめて取得する）	
SV11B-142	ワルビル	AR	cards/SV/SV11B/ワルビル_SV11B-142／174_AR.jpg	SV11B-061	未取得（details.php で番号を確かめて取得する）	
SV11B-143	ワルビアル	AR	cards/SV/SV11B/ワルビアル_SV11B-143／174_AR.jpg	SV11B-062	未取得（details.php で番号を確かめて取得する）	
SV11B-144	バルチャイ	AR	cards/SV/SV11B/バルチャイ_SV11B-144／174_AR.jpg	SV11B-063	未取得（details.php で番号を確かめて取得する）	
SV11B-145	バルジーナ	AR	cards/SV/SV11B/バルジーナ_SV11B-145／174_AR.jpg	SV11B-064	未取得（details.php で番号を確かめて取得する）	
SV11B-146	シュバルゴ	AR	cards/SV/SV11B/シュバルゴ_SV11B-146／174_AR.jpg	SV11B-065	未取得（details.php で番号を確かめて取得する）	
SV11B-147	コマタナ	AR	cards/SV/SV11B/コマタナ_SV11B-147／174_AR.jpg	SV11B-066	未取得（details.php で番号を確かめて取得する）	
SV11B-148	キリキザン	AR	cards/SV/SV11B/キリキザン_SV11B-148／174_AR.jpg	SV11B-067	未取得（details.php で番号を確かめて取得する）	
SV11B-149	コバルオン	AR	cards/SV/SV11B/コバルオン_SV11B-149／174_AR.jpg	SV11B-068	未取得（details.php で番号を確かめて取得する）	
SV11B-150	キバゴ	AR	cards/SV/SV11B/キバゴ_SV11B-150／174_AR.jpg	SV11B-070	未取得（details.php で番号を確かめて取得する）	
SV11B-151	オノンド	AR	cards/SV/SV11B/オノンド_SV11B-151／174_AR.jpg	SV11B-071	未取得（details.php で番号を確かめて取得する）	
SV11B-152	オノノクス	AR	cards/SV/SV11B/オノノクス_SV11B-152／174_AR.jpg	SV11B-072	未取得（details.php で番号を確かめて取得する）	
SV11B-153	マメパト	AR	cards/SV/SV11B/マメパト_SV11B-153／174_AR.jpg	SV11B-073	未取得（details.php で番号を確かめて取得する）	
SV11B-154	ハトーボー	AR	cards/SV/SV11B/ハトーボー_SV11B-154／174_AR.jpg	SV11B-074	未取得（details.php で番号を確かめて取得する）	
SV11B-155	ケンホロウ	AR	cards/SV/SV11B/ケンホロウ_SV11B-155／174_AR.jpg	SV11B-075	未取得（details.php で番号を確かめて取得する）	
SV11B-156	タブンネ	AR	cards/SV/SV11B/タブンネ_SV11B-156／174_AR.jpg	SV11B-076	未取得（details.php で番号を確かめて取得する）	
SV11B-157	チラーミィ	AR	cards/SV/SV11B/チラーミィ_SV11B-157／174_AR.jpg	SV11B-077	未取得（details.php で番号を確かめて取得する）	
SV11B-158	チラチーノ	AR	cards/SV/SV11B/チラチーノ_SV11B-158／174_AR.jpg	SV11B-078	未取得（details.php で番号を確かめて取得する）	
SV11B-159	ジャローダex	SR	cards/SV/SV11B/ジャローダex_SV11B-159／174_SR.jpg	SV11B-003 SV11B-167	未取得（details.php で番号を確かめて取得する）	
SV11B-160	キュレムex	SR	cards/SV/SV11B/キュレムex_SV11B-160／174_SR.jpg	SV11B-031 SV11B-168	未取得（details.php で番号を確かめて取得する）	
SV11B-161	ゼクロムex	SR	cards/SV/SV11B/ゼクロムex_SV11B-161／174_SR.jpg	SV11B-037 SV11B-169 SV11B-174	未取得（details.php で番号を確かめて取得する）	
SV11B-162	メロエッタex	SR	cards/SV/SV11B/メロエッタex_SV11B-162／174_SR.jpg	SV11B-047 SV11B-170	未取得（details.php で番号を確かめて取得する）	
SV11B-163	ドリュウズex	SR	cards/SV/SV11B/ドリュウズex_SV11B-163／174_SR.jpg	SV11B-049 SV11B-171	未取得（details.php で番号を確かめて取得する）	
SV11B-164	ゲノセクトex	SR	cards/SV/SV11B/ゲノセクトex_SV11B-164／174_SR.jpg	SV11B-069 SV11B-172	未取得（details.php で番号を確かめて取得する）	
SV11B-165	Nの筋書き	SR	cards/SV/SV11B/Nの筋書き_SV11B-165／174_SR.jpg	SV11B-083 SV11B-173	未取得（details.php で番号を確かめて取得する）	
SV11B-166	マコモ	SR	cards/SV/SV11B/マコモ_SV11B-166／174_SR.jpg	SV11B-085	未取得（details.php で番号を確かめて取得する）	
SV11B-167	ジャローダex	SAR	cards/SV/SV11B/ジャローダex_SV11B-167／174_SAR.jpg	SV11B-003 SV11B-159	未取得（details.php で番号を確かめて取得する）	
SV11B-168	キュレムex	SAR	cards/SV/SV11B/キュレムex_SV11B-168／174_SAR.jpg	SV11B-031 SV11B-160	未取得（details.php で番号を確かめて取得する）	
SV11B-169	ゼクロムex	SAR	cards/SV/SV11B/ゼクロムex_SV11B-169／174_SAR.jpg	SV11B-037 SV11B-161 SV11B-174	未取得（details.php で番号を確かめて取得する）	
SV11B-170	メロエッタex	SAR	cards/SV/SV11B/メロエッタex_SV11B-170／174_SAR.jpg	SV11B-047 SV11B-162	未取得（details.php で番号を確かめて取得する）	
SV11B-171	ドリュウズex	SAR	cards/SV/SV11B/ドリュウズex_SV11B-171／174_SAR.jpg	SV11B-049 SV11B-163	未取得（details.php で番号を確かめて取得する）	
SV11B-172	ゲノセクトex	SAR	cards/SV/SV11B/ゲノセクトex_SV11B-172／174_SAR.jpg	SV11B-069 SV11B-164	未取得（details.php で番号を確かめて取得する）	
SV11B-173	Nの筋書き	SAR	cards/SV/SV11B/Nの筋書き_SV11B-173／174_SAR.jpg	SV11B-083 SV11B-165	未取得（details.php で番号を確かめて取得する）	
SV11B-174	ゼクロムex	BWR	cards/SV/SV11B/ゼクロムex_SV11B-174／174_BWR.jpg	SV11B-037 SV11B-161 SV11B-169	未取得（details.php で番号を確かめて取得する）	
SV11W-001	クルミル	C	cards/SV/SV11W/クルミル_SV11W-001／174_C.jpg	SV11W-087	未取得（details.php で番号を確かめて取得する）	
SV11W-002	クルマユ	C	cards/SV/SV11W/クルマユ_SV11W-002／174_C.jpg	SV11W-088	未取得（details.php で番号を確かめて取得する）	
SV11W-003	ハハコモリ	U	cards/SV/SV11W/ハハコモリ_SV11W-003／174_U.jpg	SV11W-089	未取得（details.php で番号を確かめて取得する）	
SV11W-004	モンメン	C	cards/SV/SV11W/モンメン_SV11W-004／174_C.jpg	SV11W-090	未取得（details.php で番号を確かめて取得する）	
SV11W-005	エルフーンex	RR	cards/SV/SV11W/エルフーンex_SV11W-005／174_RR.jpg	SV11W-159 SV11W-167	未取得（details.php で番号を確かめて取得する）	
SV11W-006	シキジカ	C	cards/SV/SV11W/シキジカ_SV11W-006／174_C.jpg	SV11W-091	未取得（details.php で番号を確かめて取得する）	
SV11W-007	メブキジカ	U	cards/SV/SV11W/メブキジカ_SV11W-007／174_U.jpg	SV11W-092	未取得（details.php で番号を確かめて取得する）	
SV11W-008	チョボマキ	C	cards/SV/SV11W/チョボマキ_SV11W-008／174_C.jpg	SV11W-093	未取得（details.php で番号を確かめて取得する）	
SV11W-009	アギルダー	U	cards/SV/SV11W/アギルダー_SV11W-009／174_U.jpg	SV11W-094	未取得（details.php で番号を確かめて取得する）	
SV11W-010	ビリジオン	R	cards/SV/SV11W/ビリジオン_SV11W-010／174_R.jpg	SV11W-095	未取得（details.php で番号を確かめて取得する）	
SV11W-011	ポカブ	C	cards/SV/SV11W/ポカブ_SV11W-011／174_C.jpg	SV11W-096	未取得（details.php で番号を確かめて取得する）	
SV11W-012	チャオブー	C	cards/SV/SV11W/チャオブー_SV11W-012／174_C.jpg	SV11W-097	未取得（details.php で番号を確かめて取得する）	
SV11W-013	エンブオー	R	cards/SV/SV11W/エンブオー_SV11W-013／174_R.jpg	SV11W-098	未取得（details.php で番号を確かめて取得する）	
SV11W-014	バオップ	C	cards/SV/SV11W/バオップ_SV11W-014／174_C.jpg	SV11W-099	未取得（details.php で番号を確かめて取得する）	
SV11W-015	バオッキー	U	cards/SV/SV11W/バオッキー_SV11W-015／174_U.jpg	SV11W-100	未取得（details.php で番号を確かめて取得する）	
SV11W-016	クイタラン	U	cards/SV/SV11W/クイタラン_SV11W-016／174_U.jpg	SV11W-101	未取得（details.php で番号を確かめて取得する）	
SV11W-017	レシラムex	RR	cards/SV/SV11W/レシラムex_SV11W-017／174_RR.jpg	SV11W-160 SV11W-168 SV11W-174	未取得（details.php で番号を確かめて取得する）	
SV11W-018	ミジュマル	C	cards/SV/SV11W/ミジュマル_SV11W-018／174_C.jpg	SV11W-102	未取得（details.php で番号を確かめて取得する）	
SV11W-019	フタチマル	C	cards/SV/SV11W/フタチマル_SV11W-019／174_C.jpg	SV11W-103	未取得（details.php で番号を確かめて取得する）	
SV11W-020	ダイケンキ	R	cards/SV/SV11W/ダイケンキ_SV11W-020／174_R.jpg	SV11W-104	未取得（details.php で番号を確かめて取得する）	
SV11W-021	バスラオ	C	cards/SV/SV11W/バスラオ_SV11W-021／174_C.jpg	SV11W-105	未取得（details.php で番号を確かめて取得する）	
SV11W-022	コアルヒー	C	cards/SV/SV11W/コアルヒー_SV11W-022／174_C.jpg	SV11W-106	未取得（details.php で番号を確かめて取得する）	
SV11W-023	スワンナ	U	cards/SV/SV11W/スワンナ_SV11W-023／174_U.jpg	SV11W-107	未取得（details.php で番号を確かめて取得する）	
SV11W-024	バニプッチ	C	cards/SV/SV11W/バニプッチ_SV11W-024／174_C.jpg	SV11W-108	未取得（details.php で番号を確かめて取得する）	
SV11W-025	バニリッチ	C	cards/SV/SV11W/バニリッチ_SV11W-025／174_C.jpg	SV11W-109	未取得（details.php で番号を確かめて取得する）	
SV11W-026	バイバニラ	U	cards/SV/SV11W/バイバニラ_SV11W-026／174_U.jpg	SV11W-110	未取得（details.php で番号を確かめて取得する）	
SV11W-027	ケルディオex	RR	cards/SV/SV11W/ケルディオex_SV11W-027／174_RR.jpg	SV11W-161 SV11W-169	未取得（details.php で番号を確かめて取得する）	
SV11W-028	シママ	C	cards/SV/SV11W/シママ_SV11W-028／174_C.jpg	SV11W-111	未取得（details.php で番号を確かめて取得する）	
SV11W-029	ゼブライカ	U	cards/SV/SV11W/ゼブライカ_SV11W-029／174_U.jpg	SV11W-112	未取得（details.php で番号を確かめて取得する）	
SV11W-030	バチュル	C	cards/SV/SV11W/バチュル_SV11W-030／174_C.jpg	SV11W-113	未取得（details.php で番号を確かめて取得する）	
SV11W-031	デンチュラ	U	cards/SV/SV11W/デンチュラ_SV11W-031／174_U.jpg	SV11W-114	未取得（details.php で番号を確かめて取得する）	
SV11W-032	マッギョ	U	cards/SV/SV11W/マッギョ_SV11W-032／174_U.jpg	SV11W-115	未取得（details.php で番号を確かめて取得する）	
SV11W-033	コロモリ	C	cards/SV/SV11W/コロモリ_SV11W-033／174_C.jpg	SV11W-116	未取得（details.php で番号を確かめて取得する）	
SV11W-034	ココロモリ	U	cards/SV/SV11W/ココロモリ_SV11W-034／174_U.jpg	SV11W-117	未取得（details.php で番号を確かめて取得する）	
SV11W-035	シンボラー	U	cards/SV/SV11W/シンボラー_SV11W-035／174_U.jpg	SV11W-118	未取得（details.php で番号を確かめて取得する）	
SV11W-036	デスマス	C	cards/SV/SV11W/デスマス_SV11W-036／174_C.jpg	SV11W-119	未取得（details.php で番号を確かめて取得する）	
SV11W-037	デスカーン	R	cards/SV/SV11W/デスカーン_SV11W-037／174_R.jpg	SV11W-120	未取得（details.php で番号を確かめて取得する）	
SV11W-038	ゴチム	C	cards/SV/SV11W/ゴチム_SV11W-038／174_C.jpg	SV11W-121	未取得（details.php で番号を確かめて取得する）	
SV11W-039	ゴチミル	C	cards/SV/SV11W/ゴチミル_SV11W-039／174_C.jpg	SV11W-122	未取得（details.php で番号を確かめて取得する）	
SV11W-040	ゴチルゼル	R	cards/SV/SV11W/ゴチルゼル_SV11W-040／174_R.jpg	SV11W-123	未取得（details.php で番号を確かめて取得する）	
SV11W-041	プルリル	C	cards/SV/SV11W/プルリル_SV11W-041／174_C.jpg	SV11W-124	未取得（details.php で番号を確かめて取得する）	
SV11W-042	ブルンゲルex	RR	cards/SV/SV11W/ブルンゲルex_SV11W-042／174_RR.jpg	SV11W-162 SV11W-170	未取得（details.php で番号を確かめて取得する）	
SV11W-043	ダンゴロ	C	cards/SV/SV11W/ダンゴロ_SV11W-043／174_C.jpg	SV11W-125	未取得（details.php で番号を確かめて取得する）	
SV11W-044	ガントル	C	cards/SV/SV11W/ガントル_SV11W-044／174_C.jpg	SV11W-126	未取得（details.php で番号を確かめて取得する）	
SV11W-045	ギガイアス	U	cards/SV/SV11W/ギガイアス_SV11W-045／174_U.jpg	SV11W-127	未取得（details.php で番号を確かめて取得する）	
SV11W-046	ダゲキ	U	cards/SV/SV11W/ダゲキ_SV11W-046／174_U.jpg	SV11W-128	未取得（details.php で番号を確かめて取得する）	
SV11W-047	アーケン	U	cards/SV/SV11W/アーケン_SV11W-047／174_U.jpg	SV11W-129	未取得（details.php で番号を確かめて取得する）	
SV11W-048	アーケオス	R	cards/SV/SV11W/アーケオス_SV11W-048／174_R.jpg	SV11W-130	未取得（details.php で番号を確かめて取得する）	
SV11W-049	コジョフー	C	cards/SV/SV11W/コジョフー_SV11W-049／174_C.jpg	SV11W-131	未取得（details.php で番号を確かめて取得する）	
SV11W-050	コジョンド	U	cards/SV/SV11W/コジョンド_SV11W-050／174_U.jpg	SV11W-132	未取得（details.php で番号を確かめて取得する）	
SV11W-051	テラキオン	R	cards/SV/SV11W/テラキオン_SV11W-051／174_R.jpg	SV11W-133	未取得（details.php で番号を確かめて取得する）	
SV11W-052	チョロネコ	C	cards/SV/SV11W/チョロネコ_SV11W-052／174_C.jpg	SV11W-134	未取得（details.php で番号を確かめて取得する）	
SV11W-053	レパルダス	U	cards/SV/SV11W/レパルダス_SV11W-053／174_U.jpg	SV11W-135	未取得（details.php で番号を確かめて取得する）	
SV11W-054	ズルッグ	C	cards/SV/SV11W/ズルッグ_SV11W-054／174_C.jpg	SV11W-136	未取得（details.php で番号を確かめて取得する）	
SV11W-055	ズルズキン	U	cards/SV/SV11W/ズルズキン_SV11W-055／174_U.jpg	SV11W-137	未取得（details.php で番号を確かめて取得する）	
SV11W-056	ヤブクロン	C	cards/SV/SV11W/ヤブクロン_SV11W-056／174_C.jpg	SV11W-138	未取得（details.php で番号を確かめて取得する）	
SV11W-057	ダストダス	U	cards/SV/SV11W/ダストダス_SV11W-057／174_U.jpg	SV11W-139	未取得（details.php で番号を確かめて取得する）	
SV11W-058	ゾロア	C	cards/SV/SV11W/ゾロア_SV11W-058／174_C.jpg	SV11W-140	未取得（details.php で番号を確かめて取得する）	
SV11W-059	ゾロアーク	R	cards/SV/SV11W/ゾロアーク_SV11W-059／174_R.jpg	SV11W-141	未取得（details.php で番号を確かめて取得する）	
SV11W-060	モノズ	C	cards/SV/SV11W/モノズ_SV11W-060／174_C.jpg	SV11W-142	未取得（details.php で番号を確かめて取得する）	
SV11W-061	ジヘッド	C	cards/SV/SV11W/ジヘッド_SV11W-061／174_C.jpg	SV11W-143	未取得（details.php で番号を確かめて取得する）	
SV11W-062	サザンドラex	RR	cards/SV/SV11W/サザンドラex_SV11W-062／174_RR.jpg	SV11W-163 SV11W-171	未取得（details.php で番号を確かめて取得する）	
SV11W-063	テッシード	C	cards/SV/SV11W/テッシード_SV11W-063／174_C.jpg	SV11W-144	未取得（details.php で番号を確かめて取得する）	
SV11W-064	ナットレイ	U	cards/SV/SV11W/ナットレイ_SV11W-064／174_U.jpg	SV11W-145	未取得（details.php で番号を確かめて取得する）	
SV11W-065	ギアル	C	cards/SV/SV11W/ギアル_SV11W-065／174_C.jpg	SV11W-146	未取得（details.php で番号を確かめて取得する）	
SV11W-066	ギギアル	C	cards/SV/SV11W/ギギアル_SV11W-066／174_C.jpg	SV11W-147	未取得（details.php で番号を確かめて取得する）	
SV11W-067	ギギギアル	R	cards/SV/SV11W/ギギギアル_SV11W-067／174_R.jpg	SV11W-148	未取得（details.php で番号を確かめて取得する）	
SV11W-068	アイアント	U	cards/SV/SV11W/アイアント_SV11W-068／174_U.jpg	SV11W-149	未取得（details.php で番号を確かめて取得する）	
SV11W-069	クリムガン	U	cards/SV/SV11W/クリムガン_SV11W-069／174_U.jpg	SV11W-150	未取得（details.php で番号を確かめて取得する）	
SV11W-070	ミネズミ	C	cards/SV/SV11W/ミネズミ_SV11W-070／174_C.jpg	SV11W-151	未取得（details.php で番号を確かめて取得する）	
SV11W-071	ミルホッグ	U	cards/SV/SV11W/ミルホッグ_SV11W-071／174_U.jpg	SV11W-152	未取得（details.php で番号を確かめて取得する）	
SV11W-072	ヨーテリー	C	cards/SV/SV11W/ヨーテリー_SV11W-072／174_C.jpg	SV11W-153	未取得（details.php で番号を確かめて取得する）	
SV11W-073	ハーデリア	C	cards/SV/SV11W/ハーデリア_SV11W-073／174_C.jpg	SV11W-154	未取得（details.php で番号を確かめて取得する）	
SV11W-074	ムーランド	U	cards/SV/SV11W/ムーランド_SV11W-074／174_U.jpg	SV11W-155	未取得（details.php で番号を確かめて取得する）	
SV11W-075	バッフロンex	RR	cards/SV/SV11W/バッフロンex_SV11W-075／174_RR.jpg	SV11W-164 SV11W-172	未取得（details.php で番号を確かめて取得する）	
SV11W-076	ワシボン	C	cards/SV/SV11W/ワシボン_SV11W-076／174_C.jpg	SV11W-156	未取得（details.php で番号を確かめて取得する）	
SV11W-077	ウォーグル	U	cards/SV/SV11W/ウォーグル_SV11W-077／174_U.jpg	SV11W-157	未取得（details.php で番号を確かめて取得する）	
SV11W-078	トルネロス	R	cards/SV/SV11W/トルネロス_SV11W-078／174_R.jpg	SV11W-158	未取得（details.php で番号を確かめて取得する）	
SV11W-083	クラウン	U	cards/SV/SV11W/クラウン_SV11W-083／174_U.jpg	SV11W-165	未取得（details.php で番号を確かめて取得する）	
SV11W-085	トウコ	U	cards/SV/SV11W/トウコ_SV11W-085／174_U.jpg	SV11W-166 SV11W-173	未取得（details.php で番号を確かめて取得する）	
SV11W-087	クルミル	AR	cards/SV/SV11W/クルミル_SV11W-087／174_AR.jpg	SV11W-001	未取得（details.php で番号を確かめて取得する）	
SV11W-088	クルマユ	AR	cards/SV/SV11W/クルマユ_SV11W-088／174_AR.jpg	SV11W-002	未取得（details.php で番号を確かめて取得する）	
SV11W-089	ハハコモリ	AR	cards/SV/SV11W/ハハコモリ_SV11W-089／174_AR.jpg	SV11W-003	未取得（details.php で番号を確かめて取得する）	
SV11W-090	モンメン	AR	cards/SV/SV11W/モンメン_SV11W-090／174_AR.jpg	SV11W-004	未取得（details.php で番号を確かめて取得する）	
SV11W-091	シキジカ	AR	cards/SV/SV11W/シキジカ_SV11W-091／174_AR.jpg	SV11W-006	未取得（details.php で番号を確かめて取得する）	
SV11W-092	メブキジカ	AR	cards/SV/SV11W/メブキジカ_SV11W-092／174_AR.jpg	SV11W-007	未取得（details.php で番号を確かめて取得する）	
SV11W-093	チョボマキ	AR	cards/SV/SV11W/チョボマキ_SV11W-093／174_AR.jpg	SV11W-008	未取得（details.php で番号を確かめて取得する）	
SV11W-094	アギルダー	AR	cards/SV/SV11W/アギルダー_SV11W-094／174_AR.jpg	SV11W-009	未取得（details.php で番号を確かめて取得する）	
SV11W-095	ビリジオン	AR	cards/SV/SV11W/ビリジオン_SV11W-095／174_AR.jpg	SV11W-010	未取得（details.php で番号を確かめて取得する）	
SV11W-096	ポカブ	AR	cards/SV/SV11W/ポカブ_SV11W-096／174_AR.jpg	SV11W-011	未取得（details.php で番号を確かめて取得する）	
SV11W-097	チャオブー	AR	cards/SV/SV11W/チャオブー_SV11W-097／174_AR.jpg	SV11W-012	未取得（details.php で番号を確かめて取得する）	
SV11W-098	エンブオー	AR	cards/SV/SV11W/エンブオー_SV11W-098／174_AR.jpg	SV11W-013	未取得（details.php で番号を確かめて取得する）	
SV11W-099	バオップ	AR	cards/SV/SV11W/バオップ_SV11W-099／174_AR.jpg	SV11W-014	未取得（details.php で番号を確かめて取得する）	
SV11W-100	バオッキー	AR	cards/SV/SV11W/バオッキー_SV11W-100／174_AR.jpg	SV11W-015	未取得（details.php で番号を確かめて取得する）	
SV11W-101	クイタラン	AR	cards/SV/SV11W/クイタラン_SV11W-101／174_AR.jpg	SV11W-016	未取得（details.php で番号を確かめて取得する）	
SV11W-102	ミジュマル	AR	cards/SV/SV11W/ミジュマル_SV11W-102／174_AR.jpg	SV11W-018	未取得（details.php で番号を確かめて取得する）	
SV11W-103	フタチマル	AR	cards/SV/SV11W/フタチマル_SV11W-103／174_AR.jpg	SV11W-019	未取得（details.php で番号を確かめて取得する）	
SV11W-104	ダイケンキ	AR	cards/SV/SV11W/ダイケンキ_SV11W-104／174_AR.jpg	SV11W-020	未取得（details.php で番号を確かめて取得する）	
SV11W-105	バスラオ	AR	cards/SV/SV11W/バスラオ_SV11W-105／174_AR.jpg	SV11W-021	未取得（details.php で番号を確かめて取得する）	
SV11W-106	コアルヒー	AR	cards/SV/SV11W/コアルヒー_SV11W-106／174_AR.jpg	SV11W-022	未取得（details.php で番号を確かめて取得する）	
SV11W-107	スワンナ	AR	cards/SV/SV11W/スワンナ_SV11W-107／174_AR.jpg	SV11W-023	未取得（details.php で番号を確かめて取得する）	
SV11W-108	バニプッチ	AR	cards/SV/SV11W/バニプッチ_SV11W-108／174_AR.jpg	SV11W-024	未取得（details.php で番号を確かめて取得する）	
SV11W-109	バニリッチ	AR	cards/SV/SV11W/バニリッチ_SV11W-109／174_AR.jpg	SV11W-025	未取得（details.php で番号を確かめて取得する）	
SV11W-110	バイバニラ	AR	cards/SV/SV11W/バイバニラ_SV11W-110／174_AR.jpg	SV11W-026	未取得（details.php で番号を確かめて取得する）	
SV11W-111	シママ	AR	cards/SV/SV11W/シママ_SV11W-111／174_AR.jpg	SV11W-028	未取得（details.php で番号を確かめて取得する）	
SV11W-112	ゼブライカ	AR	cards/SV/SV11W/ゼブライカ_SV11W-112／174_AR.jpg	SV11W-029	未取得（details.php で番号を確かめて取得する）	
SV11W-113	バチュル	AR	cards/SV/SV11W/バチュル_SV11W-113／174_AR.jpg	SV11W-030	未取得（details.php で番号を確かめて取得する）	
SV11W-114	デンチュラ	AR	cards/SV/SV11W/デンチュラ_SV11W-114／174_AR.jpg	SV11W-031	未取得（details.php で番号を確かめて取得する）	
SV11W-115	マッギョ	AR	cards/SV/SV11W/マッギョ_SV11W-115／174_AR.jpg	SV11W-032	未取得（details.php で番号を確かめて取得する）	
SV11W-116	コロモリ	AR	cards/SV/SV11W/コロモリ_SV11W-116／174_AR.jpg	SV11W-033	未取得（details.php で番号を確かめて取得する）	
SV11W-117	ココロモリ	AR	cards/SV/SV11W/ココロモリ_SV11W-117／174_AR.jpg	SV11W-034	未取得（details.php で番号を確かめて取得する）	
SV11W-118	シンボラー	AR	cards/SV/SV11W/シンボラー_SV11W-118／174_AR.jpg	SV11W-035	未取得（details.php で番号を確かめて取得する）	
SV11W-119	デスマス	AR	cards/SV/SV11W/デスマス_SV11W-119／174_AR.jpg	SV11W-036	未取得（details.php で番号を確かめて取得する）	
SV11W-120	デスカーン	AR	cards/SV/SV11W/デスカーン_SV11W-120／174_AR.jpg	SV11W-037	未取得（details.php で番号を確かめて取得する）	
SV11W-121	ゴチム	AR	cards/SV/SV11W/ゴチム_SV11W-121／174_AR.jpg	SV11W-038	未取得（details.php で番号を確かめて取得する）	
SV11W-122	ゴチミル	AR	cards/SV/SV11W/ゴチミル_SV11W-122／174_AR.jpg	SV11W-039	未取得（details.php で番号を確かめて取得する）	
SV11W-123	ゴチルゼル	AR	cards/SV/SV11W/ゴチルゼル_SV11W-123／174_AR.jpg	SV11W-040	未取得（details.php で番号を確かめて取得する）	
SV11W-124	プルリル	AR	cards/SV/SV11W/プルリル_SV11W-124／174_AR.jpg	SV11W-041	未取得（details.php で番号を確かめて取得する）	
SV11W-125	ダンゴロ	AR	cards/SV/SV11W/ダンゴロ_SV11W-125／174_AR.jpg	SV11W-043	未取得（details.php で番号を確かめて取得する）	
SV11W-126	ガントル	AR	cards/SV/SV11W/ガントル_SV11W-126／174_AR.jpg	SV11W-044	未取得（details.php で番号を確かめて取得する）	
SV11W-127	ギガイアス	AR	cards/SV/SV11W/ギガイアス_SV11W-127／174_AR.jpg	SV11W-045	未取得（details.php で番号を確かめて取得する）	
SV11W-128	ダゲキ	AR	cards/SV/SV11W/ダゲキ_SV11W-128／174_AR.jpg	SV11W-046	未取得（details.php で番号を確かめて取得する）	
SV11W-129	アーケン	AR	cards/SV/SV11W/アーケン_SV11W-129／174_AR.jpg	SV11W-047	未取得（details.php で番号を確かめて取得する）	
SV11W-130	アーケオス	AR	cards/SV/SV11W/アーケオス_SV11W-130／174_AR.jpg	SV11W-048	未取得（details.php で番号を確かめて取得する）	
SV11W-131	コジョフー	AR	cards/SV/SV11W/コジョフー_SV11W-131／174_AR.jpg	SV11W-049	未取得（details.php で番号を確かめて取得する）	
SV11W-132	コジョンド	AR	cards/SV/SV11W/コジョンド_SV11W-132／174_AR.jpg	SV11W-050	未取得（details.php で番号を確かめて取得する）	
SV11W-133	テラキオン	AR	cards/SV/SV11W/テラキオン_SV11W-133／174_AR.jpg	SV11W-051	未取得（details.php で番号を確かめて取得する）	
SV11W-134	チョロネコ	AR	cards/SV/SV11W/チョロネコ_SV11W-134／174_AR.jpg	SV11W-052	未取得（details.php で番号を確かめて取得する）	
SV11W-135	レパルダス	AR	cards/SV/SV11W/レパルダス_SV11W-135／174_AR.jpg	SV11W-053	未取得（details.php で番号を確かめて取得する）	
SV11W-136	ズルッグ	AR	cards/SV/SV11W/ズルッグ_SV11W-136／174_AR.jpg	SV11W-054	未取得（details.php で番号を確かめて取得する）	
SV11W-137	ズルズキン	AR	cards/SV/SV11W/ズルズキン_SV11W-137／174_AR.jpg	SV11W-055	未取得（details.php で番号を確かめて取得する）	
SV11W-138	ヤブクロン	AR	cards/SV/SV11W/ヤブクロン_SV11W-138／174_AR.jpg	SV11W-056	未取得（details.php で番号を確かめて取得する）	
SV11W-139	ダストダス	AR	cards/SV/SV11W/ダストダス_SV11W-139／174_AR.jpg	SV11W-057	未取得（details.php で番号を確かめて取得する）	
SV11W-140	ゾロア	AR	cards/SV/SV11W/ゾロア_SV11W-140／174_AR.jpg	SV11W-058	未取得（details.php で番号を確かめて取得する）	
SV11W-141	ゾロアーク	AR	cards/SV/SV11W/ゾロアーク_SV11W-141／174_AR.jpg	SV11W-059	未取得（details.php で番号を確かめて取得する）	
SV11W-142	モノズ	AR	cards/SV/SV11W/モノズ_SV11W-142／174_AR.jpg	SV11W-060	未取得（details.php で番号を確かめて取得する）	
SV11W-143	ジヘッド	AR	cards/SV/SV11W/ジヘッド_SV11W-143／174_AR.jpg	SV11W-061	未取得（details.php で番号を確かめて取得する）	
SV11W-144	テッシード	AR	cards/SV/SV11W/テッシード_SV11W-144／174_AR.jpg	SV11W-063	未取得（details.php で番号を確かめて取得する）	
SV11W-145	ナットレイ	AR	cards/SV/SV11W/ナットレイ_SV11W-145／174_AR.jpg	SV11W-064	未取得（details.php で番号を確かめて取得する）	
SV11W-146	ギアル	AR	cards/SV/SV11W/ギアル_SV11W-146／174_AR.jpg	SV11W-065	未取得（details.php で番号を確かめて取得する）	
SV11W-147	ギギアル	AR	cards/SV/SV11W/ギギアル_SV11W-147／174_AR.jpg	SV11W-066	未取得（details.php で番号を確かめて取得する）	
SV11W-148	ギギギアル	AR	cards/SV/SV11W/ギギギアル_SV11W-148／174_AR.jpg	SV11W-067	未取得（details.php で番号を確かめて取得する）	
SV11W-149	アイアント	AR	cards/SV/SV11W/アイアント_SV11W-149／174_AR.jpg	SV11W-068	未取得（details.php で番号を確かめて取得する）	
SV11W-150	クリムガン	AR	cards/SV/SV11W/クリムガン_SV11W-150／174_AR.jpg	SV11W-069	未取得（details.php で番号を確かめて取得する）	
SV11W-151	ミネズミ	AR	cards/SV/SV11W/ミネズミ_SV11W-151／174_AR.jpg	SV11W-070	未取得（details.php で番号を確かめて取得する）	
SV11W-152	ミルホッグ	AR	cards/SV/SV11W/ミルホッグ_SV11W-152／174_AR.jpg	SV11W-071	未取得（details.php で番号を確かめて取得する）	
SV11W-153	ヨーテリー	AR	cards/SV/SV11W/ヨーテリー_SV11W-153／174_AR.jpg	SV11W-072	未取得（details.php で番号を確かめて取得する）	
SV11W-154	ハーデリア	AR	cards/SV/SV11W/ハーデリア_SV11W-154／174_AR.jpg	SV11W-073	未取得（details.php で番号を確かめて取得する）	
SV11W-155	ムーランド	AR	cards/SV/SV11W/ムーランド_SV11W-155／174_AR.jpg	SV11W-074	未取得（details.php で番号を確かめて取得する）	
SV11W-156	ワシボン	AR	cards/SV/SV11W/ワシボン_SV11W-156／174_AR.jpg	SV11W-076	未取得（details.php で番号を確かめて取得する）	
SV11W-157	ウォーグル	AR	cards/SV/SV11W/ウォーグル_SV11W-157／174_AR.jpg	SV11W-077	未取得（details.php で番号を確かめて取得する）	
SV11W-158	トルネロス	AR	cards/SV/SV11W/トルネロス_SV11W-158／174_AR.jpg	SV11W-078	未取得（details.php で番号を確かめて取得する）	
SV11W-159	エルフーンex	SR	cards/SV/SV11W/エルフーンex_SV11W-159／174_SR.jpg	SV11W-005 SV11W-167	未取得（details.php で番号を確かめて取得する）	
SV11W-160	レシラムex	SR	cards/SV/SV11W/レシラムex_SV11W-160／174_SR.jpg	SV11W-017 SV11W-168 SV11W-174	未取得（details.php で番号を確かめて取得する）	
SV11W-161	ケルディオex	SR	cards/SV/SV11W/ケルディオex_SV11W-161／174_SR.jpg	SV11W-027 SV11W-169	未取得（details.php で番号を確かめて取得する）	
SV11W-162	ブルンゲルex	SR	cards/SV/SV11W/ブルンゲルex_SV11W-162／174_SR.jpg	SV11W-042 SV11W-170	未取得（details.php で番号を確かめて取得する）	
SV11W-163	サザンドラex	SR	cards/SV/SV11W/サザンドラex_SV11W-163／174_SR.jpg	SV11W-062 SV11W-171	未取得（details.php で番号を確かめて取得する）	
SV11W-164	バッフロンex	SR	cards/SV/SV11W/バッフロンex_SV11W-164／174_SR.jpg	SV11W-075 SV11W-172	未取得（details.php で番号を確かめて取得する）	
SV11W-165	クラウン	SR	cards/SV/SV11W/クラウン_SV11W-165／174_SR.jpg	SV11W-083	未取得（details.php で番号を確かめて取得する）	
SV11W-166	トウコ	SR	cards/SV/SV11W/トウコ_SV11W-166／174_SR.jpg	SV11W-085 SV11W-173	未取得（details.php で番号を確かめて取得する）	
SV11W-167	エルフーンex	SAR	cards/SV/SV11W/エルフーンex_SV11W-167／174_SAR.jpg	SV11W-005 SV11W-159	未取得（details.php で番号を確かめて取得する）	
SV11W-168	レシラムex	SAR	cards/SV/SV11W/レシラムex_SV11W-168／174_SAR.jpg	SV11W-017 SV11W-160 SV11W-174	未取得（details.php で番号を確かめて取得する）	
SV11W-169	ケルディオex	SAR	cards/SV/SV11W/ケルディオex_SV11W-169／174_SAR.jpg	SV11W-027 SV11W-161	未取得（details.php で番号を確かめて取得する）	
SV11W-170	ブルンゲルex	SAR	cards/SV/SV11W/ブルンゲルex_SV11W-170／174_SAR.jpg	SV11W-042 SV11W-162	未取得（details.php で番号を確かめて取得する）	
SV11W-171	サザンドラex	SAR	cards/SV/SV11W/サザンドラex_SV11W-171／174_SAR.jpg	SV11W-062 SV11W-163	未取得（details.php で番号を確かめて取得する）	
SV11W-172	バッフロンex	SAR	cards/SV/SV11W/バッフロンex_SV11W-172／174_SAR.jpg	SV11W-075 SV11W-164	未取得（details.php で番号を確かめて取得する）	
SV11W-173	トウコ	SAR	cards/SV/SV11W/トウコ_SV11W-173／174_SAR.jpg	SV11W-085 SV11W-166	未取得（details.php で番号を確かめて取得する）	
SV11W-174	レシラムex	BWR	cards/SV/SV11W/レシラムex_SV11W-174／174_BWR.jpg	SV11W-017 SV11W-160 SV11W-168	未取得（details.php で番号を確かめて取得する）	
SV1S-005	ミニーブ	C	cards/SV/SV1S/ミニーブ_SV1S-005／108_C.jpg	SV1S-006	未取得（details.php で番号を確かめて取得する）	
SV1S-006	ミニーブ	C	cards/SV/SV1S/ミニーブ_SV1S-006／108_C.jpg	SV1S-005	未取得（details.php で番号を確かめて取得する）	
SV1S-007	オリーニョ	C	cards/SV/SV1S/オリーニョ_SV1S-007／108_C.jpg	SV1S-079	未取得（details.php で番号を確かめて取得する）	
SV1S-010	カルボウ	C	cards/SV/SV1S/カルボウ_SV1S-010／108_C.jpg	SV1S-011	未取得（details.php で番号を確かめて取得する）	
SV1S-011	カルボウ	C	cards/SV/SV1S/カルボウ_SV1S-011／108_C.jpg	SV1S-010	未取得（details.php で番号を確かめて取得する）	
SV1S-012	グレンアルマ	R	cards/SV/SV1S/グレンアルマ_SV1S-012／108_R.jpg	SV1S-080	未取得（details.php で番号を確かめて取得する）	
SV1S-014	ギャラドスex	RR	cards/SV/SV1S/ギャラドスex_SV1S-014／108_RR.jpg	SV1S-091	未取得（details.php で番号を確かめて取得する）	
SV1S-018	ウミディグダ	C	cards/SV/SV1S/ウミディグダ_SV1S-018／108_C.jpg	SV1S-019 SV1S-081	未取得（details.php で番号を確かめて取得する）	
SV1S-019	ウミディグダ	C	cards/SV/SV1S/ウミディグダ_SV1S-019／108_C.jpg	SV1S-018 SV1S-081	未取得（details.php で番号を確かめて取得する）	
SV1S-021	ヘイラッシャ	R	cards/SV/SV1S/ヘイラッシャ_SV1S-021／108_R.jpg	SV1S-082	未取得（details.php で番号を確かめて取得する）	
SV1S-023	カイデン	C	cards/SV/SV1S/カイデン_SV1S-023／108_C.jpg	SV1S-024	未取得（details.php で番号を確かめて取得する）	
SV1S-024	カイデン	C	cards/SV/SV1S/カイデン_SV1S-024／108_C.jpg	SV1S-023	未取得（details.php で番号を確かめて取得する）	
SV1S-026	ラルトス	C	cards/SV/SV1S/ラルトス_SV1S-026／108_C.jpg	SV1S-083	未取得（details.php で番号を確かめて取得する）	
SV1S-027	キルリア	C	cards/SV/SV1S/キルリア_SV1S-027／108_C.jpg	SV1S-084	未取得（details.php で番号を確かめて取得する）	
SV1S-028	サーナイトex	RR	cards/SV/SV1S/サーナイトex_SV1S-028／108_RR.jpg	SV1S-092 SV1S-101	未取得（details.php で番号を確かめて取得する）	
SV1S-032	パピモッチ	C	cards/SV/SV1S/パピモッチ_SV1S-032／108_C.jpg	SV1S-033 SV1S-085	未取得（details.php で番号を確かめて取得する）	
SV1S-033	パピモッチ	C	cards/SV/SV1S/パピモッチ_SV1S-033／108_C.jpg	SV1S-032 SV1S-085	未取得（details.php で番号を確かめて取得する）	
SV1S-035	ヒラヒナ	C	cards/SV/SV1S/ヒラヒナ_SV1S-035／108_C.jpg	SV1S-036	未取得（details.php で番号を確かめて取得する）	
SV1S-036	ヒラヒナ	C	cards/SV/SV1S/ヒラヒナ_SV1S-036／108_C.jpg	SV1S-035	未取得（details.php で番号を確かめて取得する）	
SV1S-040	リオル	C	cards/SV/SV1S/リオル_SV1S-040／108_C.jpg	SV1S-086	未取得（details.php で番号を確かめて取得する）	
SV1S-042	メグロコ	C	cards/SV/SV1S/メグロコ_SV1S-042／108_C.jpg	SV1S-087	未取得（details.php で番号を確かめて取得する）	
SV1S-048	ガケガニ	R	cards/SV/SV1S/ガケガニ_SV1S-048／108_R.jpg	SV1S-088	未取得（details.php で番号を確かめて取得する）	
SV1S-049	イダイナキバex	RR	cards/SV/SV1S/イダイナキバex_SV1S-049／108_RR.jpg	SV1S-093 SV1S-102	未取得（details.php で番号を確かめて取得する）	
SV1S-050	コライドンex	RR	cards/SV/SV1S/コライドンex_SV1S-050／108_RR.jpg	SV1S-094 SV1S-103 SV1S-106	未取得（details.php で番号を確かめて取得する）	
SV1S-055	ドクロッグex	RR	cards/SV/SV1S/ドクロッグex_SV1S-055／108_RR.jpg	SV1S-095	未取得（details.php で番号を確かめて取得する）	
SV1S-058	ドドゲザン	R	cards/SV/SV1S/ドドゲザン_SV1S-058／108_R.jpg	SV1S-089	未取得（details.php で番号を確かめて取得する）	
SV1S-059	ブロロン	C	cards/SV/SV1S/ブロロン_SV1S-059／108_C.jpg	SV1S-060	未取得（details.php で番号を確かめて取得する）	
SV1S-060	ブロロン	C	cards/SV/SV1S/ブロロン_SV1S-060／108_C.jpg	SV1S-059	未取得（details.php で番号を確かめて取得する）	
SV1S-063	ムックル	C	cards/SV/SV1S/ムックル_SV1S-063／108_C.jpg	SV1S-090	未取得（details.php で番号を確かめて取得する）	
SV1S-066	グルトン	C	cards/SV/SV1S/グルトン_SV1S-066／108_C.jpg	SV1S-067	未取得（details.php で番号を確かめて取得する）	
SV1S-067	グルトン	C	cards/SV/SV1S/グルトン_SV1S-067／108_C.jpg	SV1S-066	未取得（details.php で番号を確かめて取得する）	
SV1S-068	パフュートンex	RR	cards/SV/SV1S/パフュートンex_SV1S-068／108_RR.jpg	SV1S-096	未取得（details.php で番号を確かめて取得する）	
SV1S-070	ネストボール	U	cards/SV/SV1S/ネストボール_SV1S-070／108_U.jpg	SV1S-107	未取得（details.php で番号を確かめて取得する）	
SV1S-074	ジニア	U	cards/SV/SV1S/ジニア_SV1S-074／108_U.jpg	SV1S-097 SV1S-104	未取得（details.php で番号を確かめて取得する）	
SV1S-075	スター団のしたっぱ	U	cards/SV/SV1S/スター団のしたっぱ_SV1S-075／108_U.jpg	SV1S-098	未取得（details.php で番号を確かめて取得する）	
SV1S-077	ボタン	U	cards/SV/SV1S/ボタン_SV1S-077／108_U.jpg	SV1S-100 SV1S-105	未取得（details.php で番号を確かめて取得する）	
SV1S-079	オリーニョ		cards/SV/SV1S/オリーニョ_SV1S-079／108.jpg	SV1S-007	未取得（details.php で番号を確かめて取得する）	
SV1S-080	グレンアルマ		cards/SV/SV1S/グレンアルマ_SV1S-080／108.jpg	SV1S-012	未取得（details.php で番号を確かめて取得する）	
SV1S-081	ウミディグダ		cards/SV/SV1S/ウミディグダ_SV1S-081／108.jpg	SV1S-018 SV1S-019	未取得（details.php で番号を確かめて取得する）	
SV1S-082	ヘイラッシャ		cards/SV/SV1S/ヘイラッシャ_SV1S-082／108.jpg	SV1S-021	未取得（details.php で番号を確かめて取得する）	
SV1S-083	ラルトス		cards/SV/SV1S/ラルトス_SV1S-083／108.jpg	SV1S-026	未取得（details.php で番号を確かめて取得する）	
SV1S-084	キルリア		cards/SV/SV1S/キルリア_SV1S-084／108.jpg	SV1S-027	未取得（details.php で番号を確かめて取得する）	
SV1S-085	パピモッチ		cards/SV/SV1S/パピモッチ_SV1S-085／108.jpg	SV1S-032 SV1S-033	未取得（details.php で番号を確かめて取得する）	
SV1S-086	リオル		cards/SV/SV1S/リオル_SV1S-086／108.jpg	SV1S-040	未取得（details.php で番号を確かめて取得する）	
SV1S-087	メグロコ		cards/SV/SV1S/メグロコ_SV1S-087／108.jpg	SV1S-042	未取得（details.php で番号を確かめて取得する）	
SV1S-088	ガケガニ		cards/SV/SV1S/ガケガニ_SV1S-088／108.jpg	SV1S-048	未取得（details.php で番号を確かめて取得する）	
SV1S-089	ドドゲザン		cards/SV/SV1S/ドドゲザン_SV1S-089／108.jpg	SV1S-058	未取得（details.php で番号を確かめて取得する）	
SV1S-090	ムックル		cards/SV/SV1S/ムックル_SV1S-090／108.jpg	SV1S-063	未取得（details.php で番号を確かめて取得する）	
SV1S-091	ギャラドスex		cards/SV/SV1S/ギャラドスex_SV1S-091／108.jpg	SV1S-014	未取得（details.php で番号を確かめて取得する）	
SV1S-092	サーナイトex		cards/SV/SV1S/サーナイトex_SV1S-092／108.jpg	SV1S-028 SV1S-101	未取得（details.php で番号を確かめて取得する）	
SV1S-093	イダイナキバex		cards/SV/SV1S/イダイナキバex_SV1S-093／108.jpg	SV1S-049 SV1S-102	未取得（details.php で番号を確かめて取得する）	
SV1S-094	コライドンex		cards/SV/SV1S/コライドンex_SV1S-094／108.jpg	SV1S-050 SV1S-103 SV1S-106	未取得（details.php で番号を確かめて取得する）	
SV1S-095	ドクロッグex		cards/SV/SV1S/ドクロッグex_SV1S-095／108.jpg	SV1S-055	未取得（details.php で番号を確かめて取得する）	
SV1S-096	パフュートンex		cards/SV/SV1S/パフュートンex_SV1S-096／108.jpg	SV1S-068	未取得（details.php で番号を確かめて取得する）	
SV1S-097	ジニア		cards/SV/SV1S/ジニア_SV1S-097／108.jpg	SV1S-074 SV1S-104	未取得（details.php で番号を確かめて取得する）	
SV1S-098	スター団のしたっぱ		cards/SV/SV1S/スター団のしたっぱ_SV1S-098／108.jpg	SV1S-075	未取得（details.php で番号を確かめて取得する）	
SV1S-100	ボタン		cards/SV/SV1S/ボタン_SV1S-100／108.jpg	SV1S-077 SV1S-105	未取得（details.php で番号を確かめて取得する）	
SV1S-101	サーナイトex		cards/SV/SV1S/サーナイトex_SV1S-101／108.jpg	SV1S-028 SV1S-092	未取得（details.php で番号を確かめて取得する）	
SV1S-102	イダイナキバex		cards/SV/SV1S/イダイナキバex_SV1S-102／108.jpg	SV1S-049 SV1S-093	未取得（details.php で番号を確かめて取得する）	
SV1S-103	コライドンex		cards/SV/SV1S/コライドンex_SV1S-103／108.jpg	SV1S-050 SV1S-094 SV1S-106	未取得（details.php で番号を確かめて取得する）	
SV1S-104	ジニア		cards/SV/SV1S/ジニア_SV1S-104／108.jpg	SV1S-074 SV1S-097	未取得（details.php で番号を確かめて取得する）	
SV1S-105	ボタン		cards/SV/SV1S/ボタン_SV1S-105／108.jpg	SV1S-077 SV1S-100	未取得（details.php で番号を確かめて取得する）	
SV1S-106	コライドンex		cards/SV/SV1S/コライドンex_SV1S-106／108.jpg	SV1S-050 SV1S-094 SV1S-103	未取得（details.php で番号を確かめて取得する）	
SV1S-107	ネストボール		cards/SV/SV1S/ネストボール_SV1S-107／108.jpg	SV1S-070	未取得（details.php で番号を確かめて取得する）	
SV1V-006	タマンチュラ	C	cards/SV/SV1V/タマンチュラ_SV1V-006／108_C.jpg	SV1V-007 SV1V-079	未取得（details.php で番号を確かめて取得する）	
SV1V-007	タマンチュラ	C	cards/SV/SV1V/タマンチュラ_SV1V-007／108_C.jpg	SV1V-006 SV1V-079	未取得（details.php で番号を確かめて取得する）	
SV1V-008	ワナイダーex	RR	cards/SV/SV1V/ワナイダーex_SV1V-008／108_RR.jpg	SV1V-091 SV1V-101	未取得（details.php で番号を確かめて取得する）	
SV1V-009	ノノクラゲ	C	cards/SV/SV1V/ノノクラゲ_SV1V-009／108_C.jpg	SV1V-010 SV1V-080	未取得（details.php で番号を確かめて取得する）	
SV1V-010	ノノクラゲ	C	cards/SV/SV1V/ノノクラゲ_SV1V-010／108_C.jpg	SV1V-009 SV1V-080	未取得（details.php で番号を確かめて取得する）	
SV1V-012	カプサイジ	C	cards/SV/SV1V/カプサイジ_SV1V-012／108_C.jpg	SV1V-013	未取得（details.php で番号を確かめて取得する）	
SV1V-013	カプサイジ	C	cards/SV/SV1V/カプサイジ_SV1V-013／108_C.jpg	SV1V-012	未取得（details.php で番号を確かめて取得する）	
SV1V-014	スコヴィラン	U	cards/SV/SV1V/スコヴィラン_SV1V-014／108_U.jpg	SV1V-081	未取得（details.php で番号を確かめて取得する）	
SV1V-016	ウインディex	RR	cards/SV/SV1V/ウインディex_SV1V-016／108_RR.jpg	SV1V-092	未取得（details.php で番号を確かめて取得する）	
SV1V-019	ヤドン	C	cards/SV/SV1V/ヤドン_SV1V-019／108_C.jpg	SV1V-082	未取得（details.php で番号を確かめて取得する）	
SV1V-021	ウデッポウ	C	cards/SV/SV1V/ウデッポウ_SV1V-021／108_C.jpg	SV1V-083	未取得（details.php で番号を確かめて取得する）	
SV1V-023	アルクジラ	C	cards/SV/SV1V/アルクジラ_SV1V-023／108_C.jpg	SV1V-024	未取得（details.php で番号を確かめて取得する）	
SV1V-024	アルクジラ	C	cards/SV/SV1V/アルクジラ_SV1V-024／108_C.jpg	SV1V-023	未取得（details.php で番号を確かめて取得する）	
SV1V-028	ジバコイルex	RR	cards/SV/SV1V/ジバコイルex_SV1V-028／108_RR.jpg	SV1V-093	未取得（details.php で番号を確かめて取得する）	
SV1V-029	パチリス	U	cards/SV/SV1V/パチリス_SV1V-029／108_U.jpg	SV1V-084	未取得（details.php で番号を確かめて取得する）	
SV1V-033	パモ	C	cards/SV/SV1V/パモ_SV1V-033／108_C.jpg	SV1V-034	未取得（details.php で番号を確かめて取得する）	
SV1V-034	パモ	C	cards/SV/SV1V/パモ_SV1V-034／108_C.jpg	SV1V-033	未取得（details.php で番号を確かめて取得する）	
SV1V-036	パーモット	R	cards/SV/SV1V/パーモット_SV1V-036／108_R.jpg	SV1V-085	未取得（details.php で番号を確かめて取得する）	
SV1V-037	ミライドンex	RR	cards/SV/SV1V/ミライドンex_SV1V-037／108_RR.jpg	SV1V-094 SV1V-102 SV1V-106	未取得（details.php で番号を確かめて取得する）	
SV1V-038	スリープ	C	cards/SV/SV1V/スリープ_SV1V-038／108_C.jpg	SV1V-086	未取得（details.php で番号を確かめて取得する）	
SV1V-041	ジュペッタex	RR	cards/SV/SV1V/ジュペッタex_SV1V-041／108_RR.jpg	SV1V-095	未取得（details.php で番号を確かめて取得する）	
SV1V-046	ボチ	C	cards/SV/SV1V/ボチ_SV1V-046／108_C.jpg	SV1V-047 SV1V-087	未取得（details.php で番号を確かめて取得する）	
SV1V-047	ボチ	C	cards/SV/SV1V/ボチ_SV1V-047／108_C.jpg	SV1V-046 SV1V-087	未取得（details.php で番号を確かめて取得する）	
SV1V-053	オラチフ	C	cards/SV/SV1V/オラチフ_SV1V-053／108_C.jpg	SV1V-054	未取得（details.php で番号を確かめて取得する）	
SV1V-054	オラチフ	C	cards/SV/SV1V/オラチフ_SV1V-054／108_C.jpg	SV1V-053	未取得（details.php で番号を確かめて取得する）	
SV1V-055	マフィティフ	U	cards/SV/SV1V/マフィティフ_SV1V-055／108_U.jpg	SV1V-088	未取得（details.php で番号を確かめて取得する）	
SV1V-056	オトシドリ	U	cards/SV/SV1V/オトシドリ_SV1V-056／108_U.jpg	SV1V-089	未取得（details.php で番号を確かめて取得する）	
SV1V-058	テツノワダチex	RR	cards/SV/SV1V/テツノワダチex_SV1V-058／108_RR.jpg	SV1V-096 SV1V-103	未取得（details.php で番号を確かめて取得する）	
SV1V-061	ホシガリス	C	cards/SV/SV1V/ホシガリス_SV1V-061／108_C.jpg	SV1V-090	未取得（details.php で番号を確かめて取得する）	
SV1V-064	ワッカネズミ	C	cards/SV/SV1V/ワッカネズミ_SV1V-064／108_C.jpg	SV1V-065	未取得（details.php で番号を確かめて取得する）	
SV1V-065	ワッカネズミ	C	cards/SV/SV1V/ワッカネズミ_SV1V-065／108_C.jpg	SV1V-064	未取得（details.php で番号を確かめて取得する）	
SV1V-072	ふしぎなアメ	U	cards/SV/SV1V/ふしぎなアメ_SV1V-072／108_U.jpg	SV1V-107	未取得（details.php で番号を確かめて取得する）	
SV1V-074	カエデ	U	cards/SV/SV1V/カエデ_SV1V-074／108_U.jpg	SV1V-097	未取得（details.php で番号を確かめて取得する）	
SV1V-076	ペパー	U	cards/SV/SV1V/ペパー_SV1V-076／108_U.jpg	SV1V-099 SV1V-104	未取得（details.php で番号を確かめて取得する）	
SV1V-077	ミモザ	U	cards/SV/SV1V/ミモザ_SV1V-077／108_U.jpg	SV1V-100 SV1V-105	未取得（details.php で番号を確かめて取得する）	
SV1V-079	タマンチュラ		cards/SV/SV1V/タマンチュラ_SV1V-079／108.jpg	SV1V-006 SV1V-007	未取得（details.php で番号を確かめて取得する）	
SV1V-080	ノノクラゲ		cards/SV/SV1V/ノノクラゲ_SV1V-080／108.jpg	SV1V-009 SV1V-010	未取得（details.php で番号を確かめて取得する）	
SV1V-081	スコヴィラン		cards/SV/SV1V/スコヴィラン_SV1V-081／108.jpg	SV1V-014	未取得（details.php で番号を確かめて取得する）	
SV1V-082	ヤドン		cards/SV/SV1V/ヤドン_SV1V-082／108.jpg	SV1V-019	未取得（details.php で番号を確かめて取得する）	
SV1V-083	ウデッポウ		cards/SV/SV1V/ウデッポウ_SV1V-083／108.jpg	SV1V-021	未取得（details.php で番号を確かめて取得する）	
SV1V-084	パチリス		cards/SV/SV1V/パチリス_SV1V-084／108.jpg	SV1V-029	未取得（details.php で番号を確かめて取得する）	
SV1V-085	パーモット		cards/SV/SV1V/パーモット_SV1V-085／108.jpg	SV1V-036	未取得（details.php で番号を確かめて取得する）	
SV1V-086	スリープ		cards/SV/SV1V/スリープ_SV1V-086／108.jpg	SV1V-038	未取得（details.php で番号を確かめて取得する）	
SV1V-087	ボチ		cards/SV/SV1V/ボチ_SV1V-087／108.jpg	SV1V-046 SV1V-047	未取得（details.php で番号を確かめて取得する）	
SV1V-088	マフィティフ		cards/SV/SV1V/マフィティフ_SV1V-088／108.jpg	SV1V-055	未取得（details.php で番号を確かめて取得する）	
SV1V-089	オトシドリ		cards/SV/SV1V/オトシドリ_SV1V-089／108.jpg	SV1V-056	未取得（details.php で番号を確かめて取得する）	
SV1V-090	ホシガリス		cards/SV/SV1V/ホシガリス_SV1V-090／108.jpg	SV1V-061	未取得（details.php で番号を確かめて取得する）	
SV1V-091	ワナイダーex		cards/SV/SV1V/ワナイダーex_SV1V-091／108.jpg	SV1V-008 SV1V-101	未取得（details.php で番号を確かめて取得する）	
SV1V-092	ウインディex		cards/SV/SV1V/ウインディex_SV1V-092／108.jpg	SV1V-016	未取得（details.php で番号を確かめて取得する）	
SV1V-093	ジバコイルex		cards/SV/SV1V/ジバコイルex_SV1V-093／108.jpg	SV1V-028	未取得（details.php で番号を確かめて取得する）	
SV1V-094	ミライドンex		cards/SV/SV1V/ミライドンex_SV1V-094／108.jpg	SV1V-037 SV1V-102 SV1V-106	未取得（details.php で番号を確かめて取得する）	
SV1V-095	ジュペッタex		cards/SV/SV1V/ジュペッタex_SV1V-095／108.jpg	SV1V-041	未取得（details.php で番号を確かめて取得する）	
SV1V-096	テツノワダチex		cards/SV/SV1V/テツノワダチex_SV1V-096／108.jpg	SV1V-058 SV1V-103	未取得（details.php で番号を確かめて取得する）	
SV1V-097	カエデ		cards/SV/SV1V/カエデ_SV1V-097／108.jpg	SV1V-074	未取得（details.php で番号を確かめて取得する）	
SV1V-099	ペパー		cards/SV/SV1V/ペパー_SV1V-099／108.jpg	SV1V-076 SV1V-104	未取得（details.php で番号を確かめて取得する）	
SV1V-100	ミモザ		cards/SV/SV1V/ミモザ_SV1V-100／108.jpg	SV1V-077 SV1V-105	未取得（details.php で番号を確かめて取得する）	
SV1V-101	ワナイダーex		cards/SV/SV1V/ワナイダーex_SV1V-101／108.jpg	SV1V-008 SV1V-091	未取得（details.php で番号を確かめて取得する）	
SV1V-102	ミライドンex		cards/SV/SV1V/ミライドンex_SV1V-102／108.jpg	SV1V-037 SV1V-094 SV1V-106	未取得（details.php で番号を確かめて取得する）	
SV1V-103	テツノワダチex		cards/SV/SV1V/テツノワダチex_SV1V-103／108.jpg	SV1V-058 SV1V-096	未取得（details.php で番号を確かめて取得する）	
SV1V-104	ペパー		cards/SV/SV1V/ペパー_SV1V-104／108.jpg	SV1V-076 SV1V-099	未取得（details.php で番号を確かめて取得する）	
SV1V-105	ミモザ		cards/SV/SV1V/ミモザ_SV1V-105／108.jpg	SV1V-077 SV1V-100	未取得（details.php で番号を確かめて取得する）	
SV1V-106	ミライドンex		cards/SV/SV1V/ミライドンex_SV1V-106／108.jpg	SV1V-037 SV1V-094 SV1V-102	未取得（details.php で番号を確かめて取得する）	
SV1V-107	ふしぎなアメ		cards/SV/SV1V/ふしぎなアメ_SV1V-107／108.jpg	SV1V-072	未取得（details.php で番号を確かめて取得する）	
SV1a-001	トロピウス	C	cards/SV/SV1a/トロピウス_SV1a-001／103_C.jpg	SV1a-074	未取得（details.php で番号を確かめて取得する）	
SV1a-004	ニャオハ	C	cards/SV/SV1a/ニャオハ_SV1a-004／103_C.jpg	SV1a-005 SV1a-075	未取得（details.php で番号を確かめて取得する）	
SV1a-005	ニャオハ	C	cards/SV/SV1a/ニャオハ_SV1a-005／103_C.jpg	SV1a-004 SV1a-075	未取得（details.php で番号を確かめて取得する）	
SV1a-006	ニャローテ	C	cards/SV/SV1a/ニャローテ_SV1a-006／103_C.jpg	SV1a-076	未取得（details.php で番号を確かめて取得する）	
SV1a-007	マスカーニャex	RR	cards/SV/SV1a/マスカーニャex_SV1a-007／103_RR.jpg	SV1a-086 SV1a-096 SV1a-101	未取得（details.php で番号を確かめて取得する）	
SV1a-008	マメバッタ	C	cards/SV/SV1a/マメバッタ_SV1a-008／103_C.jpg	SV1a-009	未取得（details.php で番号を確かめて取得する）	
SV1a-009	マメバッタ	C	cards/SV/SV1a/マメバッタ_SV1a-009／103_C.jpg	SV1a-008	未取得（details.php で番号を確かめて取得する）	
SV1a-011	パルデア ケンタロス	U	cards/SV/SV1a/パルデア ケンタロス_SV1a-011／103_U.jpg	SV1a-021 SV1a-046 SV1a-084	未取得（details.php で番号を確かめて取得する）	
SV1a-015	カエンジシ	U	cards/SV/SV1a/カエンジシ_SV1a-015／103_U.jpg	SV1a-077	未取得（details.php で番号を確かめて取得する）	
SV1a-017	ホゲータ	C	cards/SV/SV1a/ホゲータ_SV1a-017／103_C.jpg	SV1a-018 SV1a-078	未取得（details.php で番号を確かめて取得する）	
SV1a-018	ホゲータ	C	cards/SV/SV1a/ホゲータ_SV1a-018／103_C.jpg	SV1a-017 SV1a-078	未取得（details.php で番号を確かめて取得する）	
SV1a-019	アチゲータ	C	cards/SV/SV1a/アチゲータ_SV1a-019／103_C.jpg	SV1a-079	未取得（details.php で番号を確かめて取得する）	
SV1a-020	ラウドボーンex	RR	cards/SV/SV1a/ラウドボーンex_SV1a-020／103_RR.jpg	SV1a-087 SV1a-097 SV1a-102	未取得（details.php で番号を確かめて取得する）	
SV1a-021	パルデア ケンタロス	U	cards/SV/SV1a/パルデア ケンタロス_SV1a-021／103_U.jpg	SV1a-011 SV1a-046 SV1a-084	未取得（details.php で番号を確かめて取得する）	
SV1a-022	コイキング	C	cards/SV/SV1a/コイキング_SV1a-022／103_C.jpg	SV1a-080	未取得（details.php で番号を確かめて取得する）	
SV1a-027	クワッス	C	cards/SV/SV1a/クワッス_SV1a-027／103_C.jpg	SV1a-028 SV1a-081	未取得（details.php で番号を確かめて取得する）	
SV1a-028	クワッス	C	cards/SV/SV1a/クワッス_SV1a-028／103_C.jpg	SV1a-027 SV1a-081	未取得（details.php で番号を確かめて取得する）	
SV1a-029	ウェルカモ	C	cards/SV/SV1a/ウェルカモ_SV1a-029／103_C.jpg	SV1a-082	未取得（details.php で番号を確かめて取得する）	
SV1a-030	ウェーニバルex	RR	cards/SV/SV1a/ウェーニバルex_SV1a-030／103_RR.jpg	SV1a-088 SV1a-098 SV1a-103	未取得（details.php で番号を確かめて取得する）	
SV1a-031	カイデン	C	cards/SV/SV1a/カイデン_SV1a-031／103_C.jpg	SV1a-032	未取得（details.php で番号を確かめて取得する）	
SV1a-032	カイデン	C	cards/SV/SV1a/カイデン_SV1a-032／103_C.jpg	SV1a-031	未取得（details.php で番号を確かめて取得する）	
SV1a-035	ムウマージ	U	cards/SV/SV1a/ムウマージ_SV1a-035／103_U.jpg	SV1a-083	未取得（details.php で番号を確かめて取得する）	
SV1a-038	デデンネex	RR	cards/SV/SV1a/デデンネex_SV1a-038／103_RR.jpg	SV1a-089	未取得（details.php で番号を確かめて取得する）	
SV1a-040	カヌチャン	C	cards/SV/SV1a/カヌチャン_SV1a-040／103_C.jpg	SV1a-041	未取得（details.php で番号を確かめて取得する）	
SV1a-041	カヌチャン	C	cards/SV/SV1a/カヌチャン_SV1a-041／103_C.jpg	SV1a-040	未取得（details.php で番号を確かめて取得する）	
SV1a-046	パルデア ケンタロス	U	cards/SV/SV1a/パルデア ケンタロス_SV1a-046／103_U.jpg	SV1a-011 SV1a-021 SV1a-084	未取得（details.php で番号を確かめて取得する）	
SV1a-050	ルガルガンex	RR	cards/SV/SV1a/ルガルガンex_SV1a-050／103_RR.jpg	SV1a-090	未取得（details.php で番号を確かめて取得する）	
SV1a-052	パルデア ウパー	C	cards/SV/SV1a/パルデア ウパー_SV1a-052／103_C.jpg	SV1a-053 SV1a-085	未取得（details.php で番号を確かめて取得する）	
SV1a-053	パルデア ウパー	C	cards/SV/SV1a/パルデア ウパー_SV1a-053／103_C.jpg	SV1a-052 SV1a-085	未取得（details.php で番号を確かめて取得する）	
SV1a-054	パルデア ドオーex	RR	cards/SV/SV1a/パルデア ドオーex_SV1a-054／103_RR.jpg	SV1a-091	未取得（details.php で番号を確かめて取得する）	
SV1a-066	キハダ	U	cards/SV/SV1a/キハダ_SV1a-066／103_U.jpg	SV1a-092 SV1a-099	未取得（details.php で番号を確かめて取得する）	
SV1a-067	クラベル	U	cards/SV/SV1a/クラベル_SV1a-067／103_U.jpg	SV1a-093	未取得（details.php で番号を確かめて取得する）	
SV1a-068	ハヤト	U	cards/SV/SV1a/ハヤト_SV1a-068／103_U.jpg	SV1a-094	未取得（details.php で番号を確かめて取得する）	
SV1a-074	トロピウス		cards/SV/SV1a/トロピウス_SV1a-074／103.jpg	SV1a-001	未取得（details.php で番号を確かめて取得する）	
SV1a-075	ニャオハ		cards/SV/SV1a/ニャオハ_SV1a-075／103.jpg	SV1a-004 SV1a-005	未取得（details.php で番号を確かめて取得する）	
SV1a-076	ニャローテ		cards/SV/SV1a/ニャローテ_SV1a-076／103.jpg	SV1a-006	未取得（details.php で番号を確かめて取得する）	
SV1a-077	カエンジシ		cards/SV/SV1a/カエンジシ_SV1a-077／103.jpg	SV1a-015	未取得（details.php で番号を確かめて取得する）	
SV1a-078	ホゲータ		cards/SV/SV1a/ホゲータ_SV1a-078／103.jpg	SV1a-017 SV1a-018	未取得（details.php で番号を確かめて取得する）	
SV1a-079	アチゲータ		cards/SV/SV1a/アチゲータ_SV1a-079／103.jpg	SV1a-019	未取得（details.php で番号を確かめて取得する）	
SV1a-080	コイキング		cards/SV/SV1a/コイキング_SV1a-080／103.jpg	SV1a-022	未取得（details.php で番号を確かめて取得する）	
SV1a-081	クワッス		cards/SV/SV1a/クワッス_SV1a-081／103.jpg	SV1a-027 SV1a-028	未取得（details.php で番号を確かめて取得する）	
SV1a-082	ウェルカモ		cards/SV/SV1a/ウェルカモ_SV1a-082／103.jpg	SV1a-029	未取得（details.php で番号を確かめて取得する）	
SV1a-083	ムウマージ		cards/SV/SV1a/ムウマージ_SV1a-083／103.jpg	SV1a-035	未取得（details.php で番号を確かめて取得する）	
SV1a-084	パルデア ケンタロス		cards/SV/SV1a/パルデア ケンタロス_SV1a-084／103.jpg	SV1a-011 SV1a-021 SV1a-046	未取得（details.php で番号を確かめて取得する）	
SV1a-085	パルデア ウパー		cards/SV/SV1a/パルデア ウパー_SV1a-085／103.jpg	SV1a-052 SV1a-053	未取得（details.php で番号を確かめて取得する）	
SV1a-086	マスカーニャex		cards/SV/SV1a/マスカーニャex_SV1a-086／103.jpg	SV1a-007 SV1a-096 SV1a-101	未取得（details.php で番号を確かめて取得する）	
SV1a-087	ラウドボーンex		cards/SV/SV1a/ラウドボーンex_SV1a-087／103.jpg	SV1a-020 SV1a-097 SV1a-102	未取得（details.php で番号を確かめて取得する）	
SV1a-088	ウェーニバルex		cards/SV/SV1a/ウェーニバルex_SV1a-088／103.jpg	SV1a-030 SV1a-098 SV1a-103	未取得（details.php で番号を確かめて取得する）	
SV1a-089	デデンネex		cards/SV/SV1a/デデンネex_SV1a-089／103.jpg	SV1a-038	未取得（details.php で番号を確かめて取得する）	
SV1a-090	ルガルガンex		cards/SV/SV1a/ルガルガンex_SV1a-090／103.jpg	SV1a-050	未取得（details.php で番号を確かめて取得する）	
SV1a-091	パルデア ドオーex		cards/SV/SV1a/パルデア ドオーex_SV1a-091／103.jpg	SV1a-054	未取得（details.php で番号を確かめて取得する）	
SV1a-092	キハダ		cards/SV/SV1a/キハダ_SV1a-092／103.jpg	SV1a-066 SV1a-099	未取得（details.php で番号を確かめて取得する）	
SV1a-093	クラベル		cards/SV/SV1a/クラベル_SV1a-093／103.jpg	SV1a-067	未取得（details.php で番号を確かめて取得する）	
SV1a-094	ハヤト		cards/SV/SV1a/ハヤト_SV1a-094／103.jpg	SV1a-068	未取得（details.php で番号を確かめて取得する）	
SV1a-096	マスカーニャex		cards/SV/SV1a/マスカーニャex_SV1a-096／103.jpg	SV1a-007 SV1a-086 SV1a-101	未取得（details.php で番号を確かめて取得する）	
SV1a-097	ラウドボーンex		cards/SV/SV1a/ラウドボーンex_SV1a-097／103.jpg	SV1a-020 SV1a-087 SV1a-102	未取得（details.php で番号を確かめて取得する）	
SV1a-098	ウェーニバルex		cards/SV/SV1a/ウェーニバルex_SV1a-098／103.jpg	SV1a-030 SV1a-088 SV1a-103	未取得（details.php で番号を確かめて取得する）	
SV1a-099	キハダ		cards/SV/SV1a/キハダ_SV1a-099／103.jpg	SV1a-066 SV1a-092	未取得（details.php で番号を確かめて取得する）	
SV1a-101	マスカーニャex		cards/SV/SV1a/マスカーニャex_SV1a-101／103.jpg	SV1a-007 SV1a-086 SV1a-096	未取得（details.php で番号を確かめて取得する）	
SV1a-102	ラウドボーンex		cards/SV/SV1a/ラウドボーンex_SV1a-102／103.jpg	SV1a-020 SV1a-087 SV1a-097	未取得（details.php で番号を確かめて取得する）	
SV1a-103	ウェーニバルex		cards/SV/SV1a/ウェーニバルex_SV1a-103／103.jpg	SV1a-030 SV1a-088 SV1a-098	未取得（details.php で番号を確かめて取得する）	
SV2D-005	フォレトスex	RR	cards/SV/SV2D/フォレトスex_SV2D-05／99_RR.jpg	SV2D-084	未取得（details.php で番号を確かめて取得する）	
SV2D-006	ヘラクロス	U	cards/SV/SV2D/ヘラクロス_SV2D-06／99_U.jpg	SV2D-072	未取得（details.php で番号を確かめて取得する）	
SV2D-007	タマンチュラ	C	cards/SV/SV2D/タマンチュラ_SV2D-07／99_C.jpg	SV2D-008	未取得（details.php で番号を確かめて取得する）	
SV2D-008	タマンチュラ	C	cards/SV/SV2D/タマンチュラ_SV2D-08／99_C.jpg	SV2D-007	未取得（details.php で番号を確かめて取得する）	
SV2D-012	ヒノヤコマ	C	cards/SV/SV2D/ヒノヤコマ_SV2D-12／99_C.jpg	SV2D-073	未取得（details.php で番号を確かめて取得する）	
SV2D-014	カルボウ	C	cards/SV/SV2D/カルボウ_SV2D-14／99_C.jpg	SV2D-015	未取得（details.php で番号を確かめて取得する）	
SV2D-015	カルボウ	C	cards/SV/SV2D/カルボウ_SV2D-15／99_C.jpg	SV2D-014	未取得（details.php で番号を確かめて取得する）	
SV2D-016	イーユイex	RR	cards/SV/SV2D/イーユイex_SV2D-16／99_RR.jpg	SV2D-085 SV2D-092	未取得（details.php で番号を確かめて取得する）	
SV2D-018	ライチュウ	U	cards/SV/SV2D/ライチュウ_SV2D-18／99_U.jpg	SV2D-074	未取得（details.php で番号を確かめて取得する）	
SV2D-023	ズピカ	C	cards/SV/SV2D/ズピカ_SV2D-23／99_C.jpg	SV2D-024	未取得（details.php で番号を確かめて取得する）	
SV2D-024	ズピカ	C	cards/SV/SV2D/ズピカ_SV2D-24／99_C.jpg	SV2D-023	未取得（details.php で番号を確かめて取得する）	
SV2D-025	ハラバリーex	RR	cards/SV/SV2D/ハラバリーex_SV2D-25／99_RR.jpg	SV2D-086	未取得（details.php で番号を確かめて取得する）	
SV2D-029	スナバァ	C	cards/SV/SV2D/スナバァ_SV2D-29／99_C.jpg	SV2D-075	未取得（details.php で番号を確かめて取得する）	
SV2D-032	カヌチャン	C	cards/SV/SV2D/カヌチャン_SV2D-32／99_C.jpg	SV2D-033 SV2D-076	未取得（details.php で番号を確かめて取得する）	
SV2D-033	カヌチャン	C	cards/SV/SV2D/カヌチャン_SV2D-33／99_C.jpg	SV2D-032 SV2D-076	未取得（details.php で番号を確かめて取得する）	
SV2D-034	ナカヌチャン	C	cards/SV/SV2D/ナカヌチャン_SV2D-34／99_C.jpg	SV2D-077	未取得（details.php で番号を確かめて取得する）	
SV2D-035	デカヌチャンex	RR	cards/SV/SV2D/デカヌチャンex_SV2D-35／99_RR.jpg	SV2D-087 SV2D-093	未取得（details.php で番号を確かめて取得する）	
SV2D-045	コジオ	C	cards/SV/SV2D/コジオ_SV2D-45／99_C.jpg	SV2D-046 SV2D-078	未取得（details.php で番号を確かめて取得する）	
SV2D-046	コジオ	C	cards/SV/SV2D/コジオ_SV2D-46／99_C.jpg	SV2D-045 SV2D-078	未取得（details.php で番号を確かめて取得する）	
SV2D-049	ディンルーex	RR	cards/SV/SV2D/ディンルーex_SV2D-49／99_RR.jpg	SV2D-088 SV2D-094 SV2D-097	未取得（details.php で番号を確かめて取得する）	
SV2D-052	バンギラス	R	cards/SV/SV2D/バンギラス_SV2D-52／99_R.jpg	SV2D-079	未取得（details.php で番号を確かめて取得する）	
SV2D-053	シルシュルー	C	cards/SV/SV2D/シルシュルー_SV2D-53／99_C.jpg	SV2D-054	未取得（details.php で番号を確かめて取得する）	
SV2D-054	シルシュルー	C	cards/SV/SV2D/シルシュルー_SV2D-54／99_C.jpg	SV2D-053	未取得（details.php で番号を確かめて取得する）	
SV2D-055	タギングル	U	cards/SV/SV2D/タギングル_SV2D-55／99_U.jpg	SV2D-080	未取得（details.php で番号を確かめて取得する）	
SV2D-058	オンバーンex	RR	cards/SV/SV2D/オンバーンex_SV2D-58／99_RR.jpg	SV2D-089	未取得（details.php で番号を確かめて取得する）	
SV2D-060	リキキリン	U	cards/SV/SV2D/リキキリン_SV2D-60／99_U.jpg	SV2D-083	未取得（details.php で番号を確かめて取得する）	
SV2D-062	ワッカネズミ	C	cards/SV/SV2D/ワッカネズミ_SV2D-62／99_C.jpg	SV2D-063	未取得（details.php で番号を確かめて取得する）	
SV2D-063	ワッカネズミ	C	cards/SV/SV2D/ワッカネズミ_SV2D-63／99_C.jpg	SV2D-062	未取得（details.php で番号を確かめて取得する）	
SV2D-064	イッカネズミ	U	cards/SV/SV2D/イッカネズミ_SV2D-64／99_U.jpg	SV2D-081	未取得（details.php で番号を確かめて取得する）	
SV2D-065	カラミンゴ	U	cards/SV/SV2D/カラミンゴ_SV2D-65／99_U.jpg	SV2D-082	未取得（details.php で番号を確かめて取得する）	
SV2D-068	サワロ	U	cards/SV/SV2D/サワロ_SV2D-68／99_U.jpg	SV2D-090 SV2D-095	未取得（details.php で番号を確かめて取得する）	
SV2D-069	ナンジャモ	U	cards/SV/SV2D/ナンジャモ_SV2D-69／99_U.jpg	SV2D-091 SV2D-096	未取得（details.php で番号を確かめて取得する）	
SV2D-072	ヘラクロス		cards/SV/SV2D/ヘラクロス_SV2D-72／99.jpg	SV2D-006	未取得（details.php で番号を確かめて取得する）	
SV2D-073	ヒノヤコマ		cards/SV/SV2D/ヒノヤコマ_SV2D-73／99.jpg	SV2D-012	未取得（details.php で番号を確かめて取得する）	
SV2D-074	ライチュウ		cards/SV/SV2D/ライチュウ_SV2D-74／99.jpg	SV2D-018	未取得（details.php で番号を確かめて取得する）	
SV2D-075	スナバァ		cards/SV/SV2D/スナバァ_SV2D-75／99.jpg	SV2D-029	未取得（details.php で番号を確かめて取得する）	
SV2D-076	カヌチャン		cards/SV/SV2D/カヌチャン_SV2D-76／99.jpg	SV2D-032 SV2D-033	未取得（details.php で番号を確かめて取得する）	
SV2D-077	ナカヌチャン		cards/SV/SV2D/ナカヌチャン_SV2D-77／99.jpg	SV2D-034	未取得（details.php で番号を確かめて取得する）	
SV2D-078	コジオ		cards/SV/SV2D/コジオ_SV2D-78／99.jpg	SV2D-045 SV2D-046	未取得（details.php で番号を確かめて取得する）	
SV2D-079	バンギラス		cards/SV/SV2D/バンギラス_SV2D-79／99.jpg	SV2D-052	未取得（details.php で番号を確かめて取得する）	
SV2D-080	タギングル		cards/SV/SV2D/タギングル_SV2D-80／99.jpg	SV2D-055	未取得（details.php で番号を確かめて取得する）	
SV2D-081	イッカネズミ		cards/SV/SV2D/イッカネズミ_SV2D-81／99.jpg	SV2D-064	未取得（details.php で番号を確かめて取得する）	
SV2D-082	カラミンゴ		cards/SV/SV2D/カラミンゴ_SV2D-82／99.jpg	SV2D-065	未取得（details.php で番号を確かめて取得する）	
SV2D-083	リキキリン		cards/SV/SV2D/リキキリン_SV2D-83／99.jpg	SV2D-060	未取得（details.php で番号を確かめて取得する）	
SV2D-084	フォレトスex		cards/SV/SV2D/フォレトスex_SV2D-84／99.jpg	SV2D-005	未取得（details.php で番号を確かめて取得する）	
SV2D-085	イーユイex		cards/SV/SV2D/イーユイex_SV2D-85／99.jpg	SV2D-016 SV2D-092	未取得（details.php で番号を確かめて取得する）	
SV2D-086	ハラバリーex		cards/SV/SV2D/ハラバリーex_SV2D-86／99.jpg	SV2D-025	未取得（details.php で番号を確かめて取得する）	
SV2D-087	デカヌチャンex		cards/SV/SV2D/デカヌチャンex_SV2D-87／99.jpg	SV2D-035 SV2D-093	未取得（details.php で番号を確かめて取得する）	
SV2D-088	ディンルーex		cards/SV/SV2D/ディンルーex_SV2D-88／99.jpg	SV2D-049 SV2D-094 SV2D-097	未取得（details.php で番号を確かめて取得する）	
SV2D-089	オンバーンex		cards/SV/SV2D/オンバーンex_SV2D-89／99.jpg	SV2D-058	未取得（details.php で番号を確かめて取得する）	
SV2D-090	サワロ		cards/SV/SV2D/サワロ_SV2D-90／99.jpg	SV2D-068 SV2D-095	未取得（details.php で番号を確かめて取得する）	
SV2D-091	ナンジャモ		cards/SV/SV2D/ナンジャモ_SV2D-91／99.jpg	SV2D-069 SV2D-096	未取得（details.php で番号を確かめて取得する）	
SV2D-092	イーユイex		cards/SV/SV2D/イーユイex_SV2D-92／99.jpg	SV2D-016 SV2D-085	未取得（details.php で番号を確かめて取得する）	
SV2D-093	デカヌチャンex		cards/SV/SV2D/デカヌチャンex_SV2D-93／99.jpg	SV2D-035 SV2D-087	未取得（details.php で番号を確かめて取得する）	
SV2D-094	ディンルーex		cards/SV/SV2D/ディンルーex_SV2D-94／99.jpg	SV2D-049 SV2D-088 SV2D-097	未取得（details.php で番号を確かめて取得する）	
SV2D-095	サワロ		cards/SV/SV2D/サワロ_SV2D-95／99.jpg	SV2D-068 SV2D-090	未取得（details.php で番号を確かめて取得する）	
SV2D-096	ナンジャモ		cards/SV/SV2D/ナンジャモ_SV2D-96／99.jpg	SV2D-069 SV2D-091	未取得（details.php で番号を確かめて取得する）	
SV2D-097	ディンルーex		cards/SV/SV2D/ディンルーex_SV2D-97／99.jpg	SV2D-049 SV2D-088 SV2D-094	未取得（details.php で番号を確かめて取得する）	
SV2P-010	アノクサ	C	cards/SV/SV2P/アノクサ_SV2P-10／99_C.jpg	SV2P-011 SV2P-072	未取得（details.php で番号を確かめて取得する）	
SV2P-011	アノクサ	C	cards/SV/SV2P/アノクサ_SV2P-11／99_C.jpg	SV2P-010 SV2P-072	未取得（details.php で番号を確かめて取得する）	
SV2P-013	シガロコ	C	cards/SV/SV2P/シガロコ_SV2P-13／99_C.jpg	SV2P-014	未取得（details.php で番号を確かめて取得する）	
SV2P-014	シガロコ	C	cards/SV/SV2P/シガロコ_SV2P-14／99_C.jpg	SV2P-013	未取得（details.php で番号を確かめて取得する）	
SV2P-015	チオンジェンex	RR	cards/SV/SV2P/チオンジェンex_SV2P-15／99_RR.jpg	SV2P-084 SV2P-092	未取得（details.php で番号を確かめて取得する）	
SV2P-016	マリル	C	cards/SV/SV2P/マリル_SV2P-16／99_C.jpg	SV2P-073	未取得（details.php で番号を確かめて取得する）	
SV2P-019	コオリッポ	U	cards/SV/SV2P/コオリッポ_SV2P-19／99_U.jpg	SV2P-074	未取得（details.php で番号を確かめて取得する）	
SV2P-020	アルクジラ	C	cards/SV/SV2P/アルクジラ_SV2P-20／99_C.jpg	SV2P-021	未取得（details.php で番号を確かめて取得する）	
SV2P-021	アルクジラ	C	cards/SV/SV2P/アルクジラ_SV2P-21／99_C.jpg	SV2P-020	未取得（details.php で番号を確かめて取得する）	
SV2P-024	セビエ	C	cards/SV/SV2P/セビエ_SV2P-24／99_C.jpg	SV2P-025 SV2P-075	未取得（details.php で番号を確かめて取得する）	
SV2P-025	セビエ	C	cards/SV/SV2P/セビエ_SV2P-25／99_C.jpg	SV2P-024 SV2P-075	未取得（details.php で番号を確かめて取得する）	
SV2P-026	セゴール	C	cards/SV/SV2P/セゴール_SV2P-26／99_C.jpg	SV2P-076	未取得（details.php で番号を確かめて取得する）	
SV2P-027	セグレイブ	R	cards/SV/SV2P/セグレイブ_SV2P-27／99_R.jpg	SV2P-077	未取得（details.php で番号を確かめて取得する）	
SV2P-028	パオジアンex	RR	cards/SV/SV2P/パオジアンex_SV2P-28／99_RR.jpg	SV2P-085 SV2P-093 SV2P-097	未取得（details.php で番号を確かめて取得する）	
SV2P-030	ヤドキングex	RR	cards/SV/SV2P/ヤドキングex_SV2P-30／99_RR.jpg	SV2P-086	未取得（details.php で番号を確かめて取得する）	
SV2P-032	ゴチミル	C	cards/SV/SV2P/ゴチミル_SV2P-32／99_C.jpg	SV2P-078	未取得（details.php で番号を確かめて取得する）	
SV2P-037	ベラカス	R	cards/SV/SV2P/ベラカス_SV2P-37／99_R.jpg	SV2P-079	未取得（details.php で番号を確かめて取得する）	
SV2P-040	コノヨザルex	RR	cards/SV/SV2P/コノヨザルex_SV2P-40／99_RR.jpg	SV2P-087	未取得（details.php で番号を確かめて取得する）	
SV2P-041	ウソッキー	U	cards/SV/SV2P/ウソッキー_SV2P-41／99_U.jpg	SV2P-080	未取得（details.php で番号を確かめて取得する）	
SV2P-042	キラーメ	C	cards/SV/SV2P/キラーメ_SV2P-42／99_C.jpg	SV2P-043	未取得（details.php で番号を確かめて取得する）	
SV2P-043	キラーメ	C	cards/SV/SV2P/キラーメ_SV2P-43／99_C.jpg	SV2P-042	未取得（details.php で番号を確かめて取得する）	
SV2P-047	オラチフ	C	cards/SV/SV2P/オラチフ_SV2P-47／99_C.jpg	SV2P-048	未取得（details.php で番号を確かめて取得する）	
SV2P-048	オラチフ	C	cards/SV/SV2P/オラチフ_SV2P-48／99_C.jpg	SV2P-047	未取得（details.php で番号を確かめて取得する）	
SV2P-054	ダイオウドウex	RR	cards/SV/SV2P/ダイオウドウex_SV2P-54／99_RR.jpg	SV2P-088	未取得（details.php で番号を確かめて取得する）	
SV2P-055	ミミズズ	R	cards/SV/SV2P/ミミズズ_SV2P-55／99_R.jpg	SV2P-081	未取得（details.php で番号を確かめて取得する）	
SV2P-057	ノココッチ	U	cards/SV/SV2P/ノココッチ_SV2P-57／99_U.jpg	SV2P-083	未取得（details.php で番号を確かめて取得する）	
SV2P-063	ココガラ	C	cards/SV/SV2P/ココガラ_SV2P-63／99_C.jpg	SV2P-082	未取得（details.php で番号を確かめて取得する）	
SV2P-065	イキリンコex	RR	cards/SV/SV2P/イキリンコex_SV2P-65／99_RR.jpg	SV2P-089 SV2P-094	未取得（details.php で番号を確かめて取得する）	
SV2P-066	すごいつりざお	U	cards/SV/SV2P/すごいつりざお_SV2P-66／99_U.jpg	SV2P-098	未取得（details.php で番号を確かめて取得する）	
SV2P-068	グルーシャ	U	cards/SV/SV2P/グルーシャ_SV2P-68／99_U.jpg	SV2P-090 SV2P-095	未取得（details.php で番号を確かめて取得する）	
SV2P-069	ピーニャ	U	cards/SV/SV2P/ピーニャ_SV2P-69／99_U.jpg	SV2P-091 SV2P-096	未取得（details.php で番号を確かめて取得する）	
SV2P-072	アノクサ		cards/SV/SV2P/アノクサ_SV2P-72／99.jpg	SV2P-010 SV2P-011	未取得（details.php で番号を確かめて取得する）	
SV2P-073	マリル		cards/SV/SV2P/マリル_SV2P-73／99.jpg	SV2P-016	未取得（details.php で番号を確かめて取得する）	
SV2P-074	コオリッポ		cards/SV/SV2P/コオリッポ_SV2P-74／99.jpg	SV2P-019	未取得（details.php で番号を確かめて取得する）	
SV2P-075	セビエ		cards/SV/SV2P/セビエ_SV2P-75／99.jpg	SV2P-024 SV2P-025	未取得（details.php で番号を確かめて取得する）	
SV2P-076	セゴール		cards/SV/SV2P/セゴール_SV2P-76／99.jpg	SV2P-026	未取得（details.php で番号を確かめて取得する）	
SV2P-077	セグレイブ		cards/SV/SV2P/セグレイブ_SV2P-77／99.jpg	SV2P-027	未取得（details.php で番号を確かめて取得する）	
SV2P-078	ゴチミル		cards/SV/SV2P/ゴチミル_SV2P-78／99.jpg	SV2P-032	未取得（details.php で番号を確かめて取得する）	
SV2P-079	ベラカス		cards/SV/SV2P/ベラカス_SV2P-79／99.jpg	SV2P-037	未取得（details.php で番号を確かめて取得する）	
SV2P-080	ウソッキー		cards/SV/SV2P/ウソッキー_SV2P-80／99.jpg	SV2P-041	未取得（details.php で番号を確かめて取得する）	
SV2P-081	ミミズズ		cards/SV/SV2P/ミミズズ_SV2P-81／99.jpg	SV2P-055	未取得（details.php で番号を確かめて取得する）	
SV2P-082	ココガラ		cards/SV/SV2P/ココガラ_SV2P-82／99.jpg	SV2P-063	未取得（details.php で番号を確かめて取得する）	
SV2P-083	ノココッチ		cards/SV/SV2P/ノココッチ_SV2P-83／99.jpg	SV2P-057	未取得（details.php で番号を確かめて取得する）	
SV2P-084	チオンジェンex		cards/SV/SV2P/チオンジェンex_SV2P-84／99.jpg	SV2P-015 SV2P-092	未取得（details.php で番号を確かめて取得する）	
SV2P-085	パオジアンex		cards/SV/SV2P/パオジアンex_SV2P-85／99.jpg	SV2P-028 SV2P-093 SV2P-097	未取得（details.php で番号を確かめて取得する）	
SV2P-086	ヤドキングex		cards/SV/SV2P/ヤドキングex_SV2P-86／99.jpg	SV2P-030	未取得（details.php で番号を確かめて取得する）	
SV2P-087	コノヨザルex		cards/SV/SV2P/コノヨザルex_SV2P-87／99.jpg	SV2P-040	未取得（details.php で番号を確かめて取得する）	
SV2P-088	ダイオウドウex		cards/SV/SV2P/ダイオウドウex_SV2P-88／99.jpg	SV2P-054	未取得（details.php で番号を確かめて取得する）	
SV2P-089	イキリンコex		cards/SV/SV2P/イキリンコex_SV2P-89／99.jpg	SV2P-065 SV2P-094	未取得（details.php で番号を確かめて取得する）	
SV2P-090	グルーシャ		cards/SV/SV2P/グルーシャ_SV2P-90／99.jpg	SV2P-068 SV2P-095	未取得（details.php で番号を確かめて取得する）	
SV2P-091	ピーニャ		cards/SV/SV2P/ピーニャ_SV2P-91／99.jpg	SV2P-069 SV2P-096	未取得（details.php で番号を確かめて取得する）	
SV2P-092	チオンジェンex		cards/SV/SV2P/チオンジェンex_SV2P-92／99.jpg	SV2P-015 SV2P-084	未取得（details.php で番号を確かめて取得する）	
SV2P-093	パオジアンex		cards/SV/SV2P/パオジアンex_SV2P-93／99.jpg	SV2P-028 SV2P-085 SV2P-097	未取得（details.php で番号を確かめて取得する）	
SV2P-094	イキリンコex		cards/SV/SV2P/イキリンコex_SV2P-94／99.jpg	SV2P-065 SV2P-089	未取得（details.php で番号を確かめて取得する）	
SV2P-095	グルーシャ		cards/SV/SV2P/グルーシャ_SV2P-95／99.jpg	SV2P-068 SV2P-090	未取得（details.php で番号を確かめて取得する）	
SV2P-096	ピーニャ		cards/SV/SV2P/ピーニャ_SV2P-96／99.jpg	SV2P-069 SV2P-091	未取得（details.php で番号を確かめて取得する）	
SV2P-097	パオジアンex		cards/SV/SV2P/パオジアンex_SV2P-97／99.jpg	SV2P-028 SV2P-085 SV2P-093	未取得（details.php で番号を確かめて取得する）	
SV2P-098	すごいつりざお		cards/SV/SV2P/すごいつりざお_SV2P-98／99.jpg	SV2P-066	未取得（details.php で番号を確かめて取得する）	
SV2a-001	フシギダネ	C	cards/SV/SV2a/フシギダネ_SV2a-001／210_C.jpg	SV2a-166	未取得（details.php で番号を確かめて取得する）	
SV2a-002	フシギソウ	U	cards/SV/SV2a/フシギソウ_SV2a-002／210_U.jpg	SV2a-167	未取得（details.php で番号を確かめて取得する）	
SV2a-003	フシギバナex	RR	cards/SV/SV2a/フシギバナex_SV2a-003／210_RR.jpg	SV2a-184 SV2a-200	未取得（details.php で番号を確かめて取得する）	
SV2a-004	ヒトカゲ	C	cards/SV/SV2a/ヒトカゲ_SV2a-004／210_C.jpg	SV2a-168	未取得（details.php で番号を確かめて取得する）	
SV2a-005	リザード	U	cards/SV/SV2a/リザード_SV2a-005／210_U.jpg	SV2a-169	未取得（details.php で番号を確かめて取得する）	
SV2a-006	リザードンex	RR	cards/SV/SV2a/リザードンex_SV2a-006／210_RR.jpg	SV2a-185 SV2a-201	未取得（details.php で番号を確かめて取得する）	
SV2a-007	ゼニガメ	C	cards/SV/SV2a/ゼニガメ_SV2a-007／210_C.jpg	SV2a-170	未取得（details.php で番号を確かめて取得する）	
SV2a-008	カメール	U	cards/SV/SV2a/カメール_SV2a-008／210_U.jpg	SV2a-171	未取得（details.php で番号を確かめて取得する）	
SV2a-009	カメックスex	RR	cards/SV/SV2a/カメックスex_SV2a-009／210_RR.jpg	SV2a-186 SV2a-202	未取得（details.php で番号を確かめて取得する）	
SV2a-010	キャタピー	C	cards/SV/SV2a/キャタピー_SV2a-010／210_C.jpg	SV2a-172	未取得（details.php で番号を確かめて取得する）	
SV2a-024	アーボックex	RR	cards/SV/SV2a/アーボックex_SV2a-024／210_RR.jpg	SV2a-187	未取得（details.php で番号を確かめて取得する）	
SV2a-025	ピカチュウ	C	cards/SV/SV2a/ピカチュウ_SV2a-025／210_C.jpg	SV2a-173	未取得（details.php で番号を確かめて取得する）	
SV2a-034	ニドキング	R	cards/SV/SV2a/ニドキング_SV2a-034／210_R.jpg	SV2a-174	未取得（details.php で番号を確かめて取得する）	
SV2a-038	キュウコンex	RR	cards/SV/SV2a/キュウコンex_SV2a-038／210_RR.jpg	SV2a-188	未取得（details.php で番号を確かめて取得する）	
SV2a-040	プクリンex	RR	cards/SV/SV2a/プクリンex_SV2a-040／210_RR.jpg	SV2a-189	未取得（details.php で番号を確かめて取得する）	
SV2a-054	コダック	C	cards/SV/SV2a/コダック_SV2a-054／210_C.jpg	SV2a-175	未取得（details.php で番号を確かめて取得する）	
SV2a-061	ニョロゾ	C	cards/SV/SV2a/ニョロゾ_SV2a-061／210_C.jpg	SV2a-176	未取得（details.php で番号を確かめて取得する）	
SV2a-065	フーディンex	RR	cards/SV/SV2a/フーディンex_SV2a-065／210_RR.jpg	SV2a-190 SV2a-203	未取得（details.php で番号を確かめて取得する）	
SV2a-067	ゴーリキー	U	cards/SV/SV2a/ゴーリキー_SV2a-067／210_U.jpg	SV2a-177	未取得（details.php で番号を確かめて取得する）	
SV2a-076	ゴローニャex	RR	cards/SV/SV2a/ゴローニャex_SV2a-076／210_RR.jpg	SV2a-191	未取得（details.php で番号を確かめて取得する）	
SV2a-114	モンジャラ	C	cards/SV/SV2a/モンジャラ_SV2a-114／210_C.jpg	SV2a-178	未取得（details.php で番号を確かめて取得する）	
SV2a-115	ガルーラex	RR	cards/SV/SV2a/ガルーラex_SV2a-115／210_RR.jpg	SV2a-192	未取得（details.php で番号を確かめて取得する）	
SV2a-122	バリヤード	R	cards/SV/SV2a/バリヤード_SV2a-122／210_R.jpg	SV2a-179	未取得（details.php で番号を確かめて取得する）	
SV2a-124	ルージュラex	RR	cards/SV/SV2a/ルージュラex_SV2a-124／210_RR.jpg	SV2a-193	未取得（details.php で番号を確かめて取得する）	
SV2a-138	オムナイト	U	cards/SV/SV2a/オムナイト_SV2a-138／210_U.jpg	SV2a-180	未取得（details.php で番号を確かめて取得する）	
SV2a-143	カビゴン	U	cards/SV/SV2a/カビゴン_SV2a-143／210_U.jpg	SV2a-181	未取得（details.php で番号を確かめて取得する）	
SV2a-145	サンダーex	RR	cards/SV/SV2a/サンダーex_SV2a-145／210_RR.jpg	SV2a-194 SV2a-204	未取得（details.php で番号を確かめて取得する）	
SV2a-148	ハクリュー	U	cards/SV/SV2a/ハクリュー_SV2a-148／210_U.jpg	SV2a-182	未取得（details.php で番号を確かめて取得する）	
SV2a-150	ミュウツー	R	cards/SV/SV2a/ミュウツー_SV2a-150／210_R.jpg	SV2a-183	未取得（details.php で番号を確かめて取得する）	
SV2a-151	ミュウex	RR	cards/SV/SV2a/ミュウex_SV2a-151／210_RR.jpg	SV2a-195 SV2a-205 SV2a-208	未取得（details.php で番号を確かめて取得する）	
SV2a-161	エリカの招待	U	cards/SV/SV2a/エリカの招待_SV2a-161／210_U.jpg	SV2a-196 SV2a-206	未取得（details.php で番号を確かめて取得する）	
SV2a-162	サカキのカリスマ	U	cards/SV/SV2a/サカキのカリスマ_SV2a-162／210_U.jpg	SV2a-197 SV2a-207	未取得（details.php で番号を確かめて取得する）	
SV2a-163	ナナミの手助け	U	cards/SV/SV2a/ナナミの手助け_SV2a-163／210_U.jpg	SV2a-198	未取得（details.php で番号を確かめて取得する）	
SV2a-164	マサキの転送	U	cards/SV/SV2a/マサキの転送_SV2a-164／210_U.jpg	SV2a-199	未取得（details.php で番号を確かめて取得する）	
SV2a-166	フシギダネ		cards/SV/SV2a/フシギダネ_SV2a-166／210.jpg	SV2a-001	未取得（details.php で番号を確かめて取得する）	
SV2a-167	フシギソウ		cards/SV/SV2a/フシギソウ_SV2a-167／210.jpg	SV2a-002	未取得（details.php で番号を確かめて取得する）	
SV2a-168	ヒトカゲ		cards/SV/SV2a/ヒトカゲ_SV2a-168／210.jpg	SV2a-004	未取得（details.php で番号を確かめて取得する）	
SV2a-169	リザード		cards/SV/SV2a/リザード_SV2a-169／210.jpg	SV2a-005	未取得（details.php で番号を確かめて取得する）	
SV2a-170	ゼニガメ		cards/SV/SV2a/ゼニガメ_SV2a-170／210.jpg	SV2a-007	未取得（details.php で番号を確かめて取得する）	
SV2a-171	カメール		cards/SV/SV2a/カメール_SV2a-171／210.jpg	SV2a-008	未取得（details.php で番号を確かめて取得する）	
SV2a-172	キャタピー		cards/SV/SV2a/キャタピー_SV2a-172／210.jpg	SV2a-010	未取得（details.php で番号を確かめて取得する）	
SV2a-173	ピカチュウ		cards/SV/SV2a/ピカチュウ_SV2a-173／210.jpg	SV2a-025	未取得（details.php で番号を確かめて取得する）	
SV2a-174	ニドキング		cards/SV/SV2a/ニドキング_SV2a-174／210.jpg	SV2a-034	未取得（details.php で番号を確かめて取得する）	
SV2a-175	コダック		cards/SV/SV2a/コダック_SV2a-175／210.jpg	SV2a-054	未取得（details.php で番号を確かめて取得する）	
SV2a-176	ニョロゾ		cards/SV/SV2a/ニョロゾ_SV2a-176／210.jpg	SV2a-061	未取得（details.php で番号を確かめて取得する）	
SV2a-177	ゴーリキー		cards/SV/SV2a/ゴーリキー_SV2a-177／210.jpg	SV2a-067	未取得（details.php で番号を確かめて取得する）	
SV2a-178	モンジャラ		cards/SV/SV2a/モンジャラ_SV2a-178／210.jpg	SV2a-114	未取得（details.php で番号を確かめて取得する）	
SV2a-179	バリヤード		cards/SV/SV2a/バリヤード_SV2a-179／210.jpg	SV2a-122	未取得（details.php で番号を確かめて取得する）	
SV2a-180	オムナイト		cards/SV/SV2a/オムナイト_SV2a-180／210.jpg	SV2a-138	未取得（details.php で番号を確かめて取得する）	
SV2a-181	カビゴン		cards/SV/SV2a/カビゴン_SV2a-181／210.jpg	SV2a-143	未取得（details.php で番号を確かめて取得する）	
SV2a-182	ハクリュー		cards/SV/SV2a/ハクリュー_SV2a-182／210.jpg	SV2a-148	未取得（details.php で番号を確かめて取得する）	
SV2a-183	ミュウツー		cards/SV/SV2a/ミュウツー_SV2a-183／210.jpg	SV2a-150	未取得（details.php で番号を確かめて取得する）	
SV2a-184	フシギバナex		cards/SV/SV2a/フシギバナex_SV2a-184／210.jpg	SV2a-003 SV2a-200	未取得（details.php で番号を確かめて取得する）	
SV2a-185	リザードンex		cards/SV/SV2a/リザードンex_SV2a-185／210.jpg	SV2a-006 SV2a-201	未取得（details.php で番号を確かめて取得する）	
SV2a-186	カメックスex		cards/SV/SV2a/カメックスex_SV2a-186／210.jpg	SV2a-009 SV2a-202	未取得（details.php で番号を確かめて取得する）	
SV2a-187	アーボックex		cards/SV/SV2a/アーボックex_SV2a-187／210.jpg	SV2a-024	未取得（details.php で番号を確かめて取得する）	
SV2a-188	キュウコンex		cards/SV/SV2a/キュウコンex_SV2a-188／210.jpg	SV2a-038	未取得（details.php で番号を確かめて取得する）	
SV2a-189	プクリンex		cards/SV/SV2a/プクリンex_SV2a-189／210.jpg	SV2a-040	未取得（details.php で番号を確かめて取得する）	
SV2a-190	フーディンex		cards/SV/SV2a/フーディンex_SV2a-190／210.jpg	SV2a-065 SV2a-203	未取得（details.php で番号を確かめて取得する）	
SV2a-191	ゴローニャex		cards/SV/SV2a/ゴローニャex_SV2a-191／210.jpg	SV2a-076	未取得（details.php で番号を確かめて取得する）	
SV2a-192	ガルーラex		cards/SV/SV2a/ガルーラex_SV2a-192／210.jpg	SV2a-115	未取得（details.php で番号を確かめて取得する）	
SV2a-193	ルージュラex		cards/SV/SV2a/ルージュラex_SV2a-193／210.jpg	SV2a-124	未取得（details.php で番号を確かめて取得する）	
SV2a-194	サンダーex		cards/SV/SV2a/サンダーex_SV2a-194／210.jpg	SV2a-145 SV2a-204	未取得（details.php で番号を確かめて取得する）	
SV2a-195	ミュウex		cards/SV/SV2a/ミュウex_SV2a-195／210.jpg	SV2a-151 SV2a-205 SV2a-208	未取得（details.php で番号を確かめて取得する）	
SV2a-196	エリカの招待		cards/SV/SV2a/エリカの招待_SV2a-196／210.jpg	SV2a-161 SV2a-206	未取得（details.php で番号を確かめて取得する）	
SV2a-197	サカキのカリスマ		cards/SV/SV2a/サカキのカリスマ_SV2a-197／210.jpg	SV2a-162 SV2a-207	未取得（details.php で番号を確かめて取得する）	
SV2a-198	ナナミの手助け		cards/SV/SV2a/ナナミの手助け_SV2a-198／210.jpg	SV2a-163	未取得（details.php で番号を確かめて取得する）	
SV2a-199	マサキの転送		cards/SV/SV2a/マサキの転送_SV2a-199／210.jpg	SV2a-164	未取得（details.php で番号を確かめて取得する）	
SV2a-200	フシギバナex		cards/SV/SV2a/フシギバナex_SV2a-200／210.jpg	SV2a-003 SV2a-184	未取得（details.php で番号を確かめて取得する）	
SV2a-201	リザードンex		cards/SV/SV2a/リザードンex_SV2a-201／210.jpg	SV2a-006 SV2a-185	未取得（details.php で番号を確かめて取得する）	
SV2a-202	カメックスex		cards/SV/SV2a/カメックスex_SV2a-202／210.jpg	SV2a-009 SV2a-186	未取得（details.php で番号を確かめて取得する）	
SV2a-203	フーディンex		cards/SV/SV2a/フーディンex_SV2a-203／210.jpg	SV2a-065 SV2a-190	未取得（details.php で番号を確かめて取得する）	
SV2a-204	サンダーex		cards/SV/SV2a/サンダーex_SV2a-204／210.jpg	SV2a-145 SV2a-194	未取得（details.php で番号を確かめて取得する）	
SV2a-205	ミュウex		cards/SV/SV2a/ミュウex_SV2a-205／210.jpg	SV2a-151 SV2a-195 SV2a-208	未取得（details.php で番号を確かめて取得する）	
SV2a-206	エリカの招待		cards/SV/SV2a/エリカの招待_SV2a-206／210.jpg	SV2a-161 SV2a-196	未取得（details.php で番号を確かめて取得する）	
SV2a-207	サカキのカリスマ		cards/SV/SV2a/サカキのカリスマ_SV2a-207／210.jpg	SV2a-162 SV2a-197	未取得（details.php で番号を確かめて取得する）	
SV2a-208	ミュウex		cards/SV/SV2a/ミュウex_SV2a-208／210.jpg	SV2a-151 SV2a-195 SV2a-205	未取得（details.php で番号を確かめて取得する）	
SV3-002	クサイハナ	C	cards/SV/SV3/クサイハナ_SV3-002／141_C.jpg	SV3-109	未取得（details.php で番号を確かめて取得する）	
SV3-009	カプサイジ	C	cards/SV/SV3/カプサイジ_SV3-009／141_C.jpg	SV3-010	未取得（details.php で番号を確かめて取得する）	
SV3-010	カプサイジ	C	cards/SV/SV3/カプサイジ_SV3-010／141_C.jpg	SV3-009	未取得（details.php で番号を確かめて取得する）	
SV3-015	キュウコン	U	cards/SV/SV3/キュウコン_SV3-015／141_U.jpg	SV3-110	未取得（details.php で番号を確かめて取得する）	
SV3-020	コオリッポex	RR	cards/SV/SV3/コオリッポex_SV3-020／141_RR.jpg	SV3-121 SV3-133	未取得（details.php で番号を確かめて取得する）	
SV3-029	ナミイルカ	C	cards/SV/SV3/ナミイルカ_SV3-029／141_C.jpg	SV3-030	未取得（details.php で番号を確かめて取得する）	
SV3-030	ナミイルカ	C	cards/SV/SV3/ナミイルカ_SV3-030／141_C.jpg	SV3-029	未取得（details.php で番号を確かめて取得する）	
SV3-031	イルカマン	R	cards/SV/SV3/イルカマン_SV3-031／141_R.jpg	SV3-111	未取得（details.php で番号を確かめて取得する）	
SV3-032	バンギラスex	RR	cards/SV/SV3/バンギラスex_SV3-032／141_RR.jpg	SV3-122	未取得（details.php で番号を確かめて取得する）	
SV3-039	ズピカ	C	cards/SV/SV3/ズピカ_SV3-039／141_C.jpg	SV3-040	未取得（details.php で番号を確かめて取得する）	
SV3-040	ズピカ	C	cards/SV/SV3/ズピカ_SV3-040／141_C.jpg	SV3-039	未取得（details.php で番号を確かめて取得する）	
SV3-041	ハラバリー	U	cards/SV/SV3/ハラバリー_SV3-041／141_U.jpg	SV3-112	未取得（details.php で番号を確かめて取得する）	
SV3-042	ピィ	C	cards/SV/SV3/ピィ_SV3-042／141_C.jpg	SV3-113	未取得（details.php で番号を確かめて取得する）	
SV3-051	ビークインex	RR	cards/SV/SV3/ビークインex_SV3-051／141_RR.jpg	SV3-123	未取得（details.php で番号を確かめて取得する）	
SV3-052	ボチ	C	cards/SV/SV3/ボチ_SV3-052／141_C.jpg	SV3-053	未取得（details.php で番号を確かめて取得する）	
SV3-053	ボチ	C	cards/SV/SV3/ボチ_SV3-053／141_C.jpg	SV3-052	未取得（details.php で番号を確かめて取得する）	
SV3-055	ヨーギラス	C	cards/SV/SV3/ヨーギラス_SV3-055／141_C.jpg	SV3-114	未取得（details.php で番号を確かめて取得する）	
SV3-063	キラーメ	C	cards/SV/SV3/キラーメ_SV3-063／141_C.jpg	SV3-064	未取得（details.php で番号を確かめて取得する）	
SV3-064	キラーメ	C	cards/SV/SV3/キラーメ_SV3-064／141_C.jpg	SV3-063	未取得（details.php で番号を確かめて取得する）	
SV3-065	キラフロルex	RR	cards/SV/SV3/キラフロルex_SV3-065／141_RR.jpg	SV3-124	未取得（details.php で番号を確かめて取得する）	
SV3-066	リザードンex	RR	cards/SV/SV3/リザードンex_SV3-066／141_RR.jpg	SV3-125 SV3-134 SV3-139	未取得（details.php で番号を確かめて取得する）	
SV3-067	パルデア ウパー	C	cards/SV/SV3/パルデア ウパー_SV3-067／141_C.jpg	SV3-068	未取得（details.php で番号を確かめて取得する）	
SV3-068	パルデア ウパー	C	cards/SV/SV3/パルデア ウパー_SV3-068／141_C.jpg	SV3-067	未取得（details.php で番号を確かめて取得する）	
SV3-071	デルビル	C	cards/SV/SV3/デルビル_SV3-071／141_C.jpg	SV3-115	未取得（details.php で番号を確かめて取得する）	
SV3-073	アブソルex	RR	cards/SV/SV3/アブソルex_SV3-073／141_RR.jpg	SV3-126	未取得（details.php で番号を確かめて取得する）	
SV3-077	ハッサム	R	cards/SV/SV3/ハッサム_SV3-077／141_R.jpg	SV3-116	未取得（details.php で番号を確かめて取得する）	
SV3-083	ブロロン	C	cards/SV/SV3/ブロロン_SV3-083／141_C.jpg	SV3-084 SV3-117	未取得（details.php で番号を確かめて取得する）	
SV3-084	ブロロン	C	cards/SV/SV3/ブロロン_SV3-084／141_C.jpg	SV3-083 SV3-117	未取得（details.php で番号を確かめて取得する）	
SV3-085	ブロロロームex	RR	cards/SV/SV3/ブロロロームex_SV3-085／141_RR.jpg	SV3-127 SV3-135	未取得（details.php で番号を確かめて取得する）	
SV3-087	ポッポ	C	cards/SV/SV3/ポッポ_SV3-087／141_C.jpg	SV3-118	未取得（details.php で番号を確かめて取得する）	
SV3-088	ピジョン	C	cards/SV/SV3/ピジョン_SV3-088／141_C.jpg	SV3-119	未取得（details.php で番号を確かめて取得する）	
SV3-089	ピジョットex	RR	cards/SV/SV3/ピジョットex_SV3-089／141_RR.jpg	SV3-128 SV3-136	未取得（details.php で番号を確かめて取得する）	
SV3-096	グルトン	C	cards/SV/SV3/グルトン_SV3-096／141_C.jpg	SV3-097 SV3-120	未取得（details.php で番号を確かめて取得する）	
SV3-097	グルトン	C	cards/SV/SV3/グルトン_SV3-097／141_C.jpg	SV3-096 SV3-120	未取得（details.php で番号を確かめて取得する）	
SV3-103	オモダカ	R	cards/SV/SV3/オモダカ_SV3-103／141_R.jpg	SV3-129 SV3-137	未取得（details.php で番号を確かめて取得する）	
SV3-104	オルティガ	U	cards/SV/SV3/オルティガ_SV3-104／141_U.jpg	SV3-130	未取得（details.php で番号を確かめて取得する）	
SV3-105	ポピー	U	cards/SV/SV3/ポピー_SV3-105／141_U.jpg	SV3-131 SV3-138	未取得（details.php で番号を確かめて取得する）	
SV3-106	ライム	U	cards/SV/SV3/ライム_SV3-106／141_U.jpg	SV3-132	未取得（details.php で番号を確かめて取得する）	
SV3-109	クサイハナ		cards/SV/SV3/クサイハナ_SV3-109／141.jpg	SV3-002	未取得（details.php で番号を確かめて取得する）	
SV3-110	キュウコン		cards/SV/SV3/キュウコン_SV3-110／141.jpg	SV3-015	未取得（details.php で番号を確かめて取得する）	
SV3-111	イルカマン		cards/SV/SV3/イルカマン_SV3-111／141.jpg	SV3-031	未取得（details.php で番号を確かめて取得する）	
SV3-112	ハラバリー		cards/SV/SV3/ハラバリー_SV3-112／141.jpg	SV3-041	未取得（details.php で番号を確かめて取得する）	
SV3-113	ピィ		cards/SV/SV3/ピィ_SV3-113／141.jpg	SV3-042	未取得（details.php で番号を確かめて取得する）	
SV3-114	ヨーギラス		cards/SV/SV3/ヨーギラス_SV3-114／141.jpg	SV3-055	未取得（details.php で番号を確かめて取得する）	
SV3-115	デルビル		cards/SV/SV3/デルビル_SV3-115／141.jpg	SV3-071	未取得（details.php で番号を確かめて取得する）	
SV3-116	ハッサム		cards/SV/SV3/ハッサム_SV3-116／141.jpg	SV3-077	未取得（details.php で番号を確かめて取得する）	
SV3-117	ブロロン		cards/SV/SV3/ブロロン_SV3-117／141.jpg	SV3-083 SV3-084	未取得（details.php で番号を確かめて取得する）	
SV3-118	ポッポ		cards/SV/SV3/ポッポ_SV3-118／141.jpg	SV3-087	未取得（details.php で番号を確かめて取得する）	
SV3-119	ピジョン		cards/SV/SV3/ピジョン_SV3-119／141.jpg	SV3-088	未取得（details.php で番号を確かめて取得する）	
SV3-120	グルトン		cards/SV/SV3/グルトン_SV3-120／141.jpg	SV3-096 SV3-097	未取得（details.php で番号を確かめて取得する）	
SV3-121	コオリッポex		cards/SV/SV3/コオリッポex_SV3-121／141.jpg	SV3-020 SV3-133	未取得（details.php で番号を確かめて取得する）	
SV3-122	バンギラスex		cards/SV/SV3/バンギラスex_SV3-122／141.jpg	SV3-032	未取得（details.php で番号を確かめて取得する）	
SV3-123	ビークインex		cards/SV/SV3/ビークインex_SV3-123／141.jpg	SV3-051	未取得（details.php で番号を確かめて取得する）	
SV3-124	キラフロルex		cards/SV/SV3/キラフロルex_SV3-124／141.jpg	SV3-065	未取得（details.php で番号を確かめて取得する）	
SV3-125	リザードンex		cards/SV/SV3/リザードンex_SV3-125／141.jpg	SV3-066 SV3-134 SV3-139	未取得（details.php で番号を確かめて取得する）	
SV3-126	アブソルex		cards/SV/SV3/アブソルex_SV3-126／141.jpg	SV3-073	未取得（details.php で番号を確かめて取得する）	
SV3-127	ブロロロームex		cards/SV/SV3/ブロロロームex_SV3-127／141.jpg	SV3-085 SV3-135	未取得（details.php で番号を確かめて取得する）	
SV3-128	ピジョットex		cards/SV/SV3/ピジョットex_SV3-128／141.jpg	SV3-089 SV3-136	未取得（details.php で番号を確かめて取得する）	
SV3-129	オモダカ		cards/SV/SV3/オモダカ_SV3-129／141.jpg	SV3-103 SV3-137	未取得（details.php で番号を確かめて取得する）	
SV3-130	オルティガ		cards/SV/SV3/オルティガ_SV3-130／141.jpg	SV3-104	未取得（details.php で番号を確かめて取得する）	
SV3-131	ポピー		cards/SV/SV3/ポピー_SV3-131／141.jpg	SV3-105 SV3-138	未取得（details.php で番号を確かめて取得する）	
SV3-132	ライム		cards/SV/SV3/ライム_SV3-132／141.jpg	SV3-106	未取得（details.php で番号を確かめて取得する）	
SV3-133	コオリッポex		cards/SV/SV3/コオリッポex_SV3-133／141.jpg	SV3-020 SV3-121	未取得（details.php で番号を確かめて取得する）	
SV3-134	リザードンex		cards/SV/SV3/リザードンex_SV3-134／141.jpg	SV3-066 SV3-125 SV3-139	未取得（details.php で番号を確かめて取得する）	
SV3-135	ブロロロームex		cards/SV/SV3/ブロロロームex_SV3-135／141.jpg	SV3-085 SV3-127	未取得（details.php で番号を確かめて取得する）	
SV3-136	ピジョットex		cards/SV/SV3/ピジョットex_SV3-136／141.jpg	SV3-089 SV3-128	未取得（details.php で番号を確かめて取得する）	
SV3-137	オモダカ		cards/SV/SV3/オモダカ_SV3-137／141.jpg	SV3-103 SV3-129	未取得（details.php で番号を確かめて取得する）	
SV3-138	ポピー		cards/SV/SV3/ポピー_SV3-138／141.jpg	SV3-105 SV3-131	未取得（details.php で番号を確かめて取得する）	
SV3-139	リザードンex		cards/SV/SV3/リザードンex_SV3-139／141.jpg	SV3-066 SV3-125 SV3-134	未取得（details.php で番号を確かめて取得する）	
SV3a-001	ユキメノコex	RR	cards/SV/SV3a/ユキメノコex_SV3a-01／92_RR.jpg	SV3a-075	未取得（details.php で番号を確かめて取得する）	
SV3a-005	ユキワラシ	C	cards/SV/SV3a/ユキワラシ_SV3a-05／92_C.jpg	SV3a-063	未取得（details.php で番号を確かめて取得する）	
SV3a-006	ガブリアスex	RR	cards/SV/SV3a/ガブリアスex_SV3a-06／92_RR.jpg	SV3a-076 SV3a-085 SV3a-090	未取得（details.php で番号を確かめて取得する）	
SV3a-007	タマンタ	C	cards/SV/SV3a/タマンタ_SV3a-07／92_C.jpg	SV3a-064	未取得（details.php で番号を確かめて取得する）	
SV3a-014	プラスル	C	cards/SV/SV3a/プラスル_SV3a-14／92_C.jpg	SV3a-065	未取得（details.php で番号を確かめて取得する）	
SV3a-015	マイナン	C	cards/SV/SV3a/マイナン_SV3a-15／92_C.jpg	SV3a-066	未取得（details.php で番号を確かめて取得する）	
SV3a-016	バチュル	C	cards/SV/SV3a/バチュル_SV3a-16／92_C.jpg	SV3a-067	未取得（details.php で番号を確かめて取得する）	
SV3a-019	カプ・コケコex	RR	cards/SV/SV3a/カプ・コケコex_SV3a-19／92_RR.jpg	SV3a-077 SV3a-086	未取得（details.php で番号を確かめて取得する）	
SV3a-020	コレクレー	C	cards/SV/SV3a/コレクレー_SV3a-20／92_C.jpg	SV3a-021 SV3a-068	未取得（details.php で番号を確かめて取得する）	
SV3a-021	コレクレー	C	cards/SV/SV3a/コレクレー_SV3a-21／92_C.jpg	SV3a-020 SV3a-068	未取得（details.php で番号を確かめて取得する）	
SV3a-026	グラードン	R	cards/SV/SV3a/グラードン_SV3a-26／92_R.jpg	SV3a-069	未取得（details.php で番号を確かめて取得する）	
SV3a-029	フーパex	RR	cards/SV/SV3a/フーパex_SV3a-29／92_RR.jpg	SV3a-078	未取得（details.php で番号を確かめて取得する）	
SV3a-030	メテノ	U	cards/SV/SV3a/メテノ_SV3a-30／92_U.jpg	SV3a-070	未取得（details.php で番号を確かめて取得する）	
SV3a-039	イベルタル	R	cards/SV/SV3a/イベルタル_SV3a-39／92_R.jpg	SV3a-071	未取得（details.php で番号を確かめて取得する）	
SV3a-044	ナットレイ	U	cards/SV/SV3a/ナットレイ_SV3a-44／92_U.jpg	SV3a-072	未取得（details.php で番号を確かめて取得する）	
SV3a-047	ギルガルド	R	cards/SV/SV3a/ギルガルド_SV3a-47／92_R.jpg	SV3a-073	未取得（details.php で番号を確かめて取得する）	
SV3a-050	サーフゴーex	RR	cards/SV/SV3a/サーフゴーex_SV3a-50／92_RR.jpg	SV3a-079 SV3a-087	未取得（details.php で番号を確かめて取得する）	
SV3a-051	オトシドリex	RR	cards/SV/SV3a/オトシドリex_SV3a-51／92_RR.jpg	SV3a-080	未取得（details.php で番号を確かめて取得する）	
SV3a-052	モトトカゲ	U	cards/SV/SV3a/モトトカゲ_SV3a-52／92_U.jpg	SV3a-074	未取得（details.php で番号を確かめて取得する）	
SV3a-058	アオキ	C	cards/SV/SV3a/アオキ_SV3a-58／92_C.jpg	SV3a-081	未取得（details.php で番号を確かめて取得する）	
SV3a-059	シキミ	U	cards/SV/SV3a/シキミ_SV3a-59／92_U.jpg	SV3a-082	未取得（details.php で番号を確かめて取得する）	
SV3a-060	チリ	U	cards/SV/SV3a/チリ_SV3a-60／92_U.jpg	SV3a-083 SV3a-088	未取得（details.php で番号を確かめて取得する）	
SV3a-061	パラソルおねえさん	C	cards/SV/SV3a/パラソルおねえさん_SV3a-61／92_C.jpg	SV3a-084 SV3a-089	未取得（details.php で番号を確かめて取得する）	
SV3a-063	ユキワラシ		cards/SV/SV3a/ユキワラシ_SV3a-63／92.jpg	SV3a-005	未取得（details.php で番号を確かめて取得する）	
SV3a-064	タマンタ		cards/SV/SV3a/タマンタ_SV3a-64／92.jpg	SV3a-007	未取得（details.php で番号を確かめて取得する）	
SV3a-065	プラスル		cards/SV/SV3a/プラスル_SV3a-65／92.jpg	SV3a-014	未取得（details.php で番号を確かめて取得する）	
SV3a-066	マイナン		cards/SV/SV3a/マイナン_SV3a-66／92.jpg	SV3a-015	未取得（details.php で番号を確かめて取得する）	
SV3a-067	バチュル		cards/SV/SV3a/バチュル_SV3a-67／92.jpg	SV3a-016	未取得（details.php で番号を確かめて取得する）	
SV3a-068	コレクレー		cards/SV/SV3a/コレクレー_SV3a-68／92.jpg	SV3a-020 SV3a-021	未取得（details.php で番号を確かめて取得する）	
SV3a-069	グラードン		cards/SV/SV3a/グラードン_SV3a-69／92.jpg	SV3a-026	未取得（details.php で番号を確かめて取得する）	
SV3a-070	メテノ		cards/SV/SV3a/メテノ_SV3a-70／92.jpg	SV3a-030	未取得（details.php で番号を確かめて取得する）	
SV3a-071	イベルタル		cards/SV/SV3a/イベルタル_SV3a-71／92.jpg	SV3a-039	未取得（details.php で番号を確かめて取得する）	
SV3a-072	ナットレイ		cards/SV/SV3a/ナットレイ_SV3a-72／92.jpg	SV3a-044	未取得（details.php で番号を確かめて取得する）	
SV3a-073	ギルガルド		cards/SV/SV3a/ギルガルド_SV3a-73／92.jpg	SV3a-047	未取得（details.php で番号を確かめて取得する）	
SV3a-074	モトトカゲ		cards/SV/SV3a/モトトカゲ_SV3a-74／92.jpg	SV3a-052	未取得（details.php で番号を確かめて取得する）	
SV3a-075	ユキメノコex		cards/SV/SV3a/ユキメノコex_SV3a-75／92.jpg	SV3a-001	未取得（details.php で番号を確かめて取得する）	
SV3a-076	ガブリアスex		cards/SV/SV3a/ガブリアスex_SV3a-76／92.jpg	SV3a-006 SV3a-085 SV3a-090	未取得（details.php で番号を確かめて取得する）	
SV3a-077	カプ・コケコex		cards/SV/SV3a/カプ・コケコex_SV3a-77／92.jpg	SV3a-019 SV3a-086	未取得（details.php で番号を確かめて取得する）	
SV3a-078	フーパex		cards/SV/SV3a/フーパex_SV3a-78／92.jpg	SV3a-029	未取得（details.php で番号を確かめて取得する）	
SV3a-079	サーフゴーex		cards/SV/SV3a/サーフゴーex_SV3a-79／92.jpg	SV3a-050 SV3a-087	未取得（details.php で番号を確かめて取得する）	
SV3a-080	オトシドリex		cards/SV/SV3a/オトシドリex_SV3a-80／92.jpg	SV3a-051	未取得（details.php で番号を確かめて取得する）	
SV3a-081	アオキ		cards/SV/SV3a/アオキ_SV3a-81／92.jpg	SV3a-058	未取得（details.php で番号を確かめて取得する）	
SV3a-082	シキミ		cards/SV/SV3a/シキミ_SV3a-82／92.jpg	SV3a-059	未取得（details.php で番号を確かめて取得する）	
SV3a-083	チリ		cards/SV/SV3a/チリ_SV3a-83／92.jpg	SV3a-060 SV3a-088	未取得（details.php で番号を確かめて取得する）	
SV3a-084	パラソルおねえさん		cards/SV/SV3a/パラソルおねえさん_SV3a-84／92.jpg	SV3a-061 SV3a-089	未取得（details.php で番号を確かめて取得する）	
SV3a-085	ガブリアスex		cards/SV/SV3a/ガブリアスex_SV3a-85／92.jpg	SV3a-006 SV3a-076 SV3a-090	未取得（details.php で番号を確かめて取得する）	
SV3a-086	カプ・コケコex		cards/SV/SV3a/カプ・コケコex_SV3a-86／92.jpg	SV3a-019 SV3a-077	未取得（details.php で番号を確かめて取得する）	
SV3a-087	サーフゴーex		cards/SV/SV3a/サーフゴーex_SV3a-87／92.jpg	SV3a-050 SV3a-079	未取得（details.php で番号を確かめて取得する）	
SV3a-088	チリ		cards/SV/SV3a/チリ_SV3a-88／92.jpg	SV3a-060 SV3a-083	未取得（details.php で番号を確かめて取得する）	
SV3a-089	パラソルおねえさん		cards/SV/SV3a/パラソルおねえさん_SV3a-89／92.jpg	SV3a-061 SV3a-084	未取得（details.php で番号を確かめて取得する）	
SV3a-090	ガブリアスex		cards/SV/SV3a/ガブリアスex_SV3a-90／92.jpg	SV3a-006 SV3a-076 SV3a-085	未取得（details.php で番号を確かめて取得する）	
SV4K-005	イワパレス	C	cards/SV/SV4K/イワパレス_SV4K-05／95_C.jpg	SV4K-067	未取得（details.php で番号を確かめて取得する）	
SV4K-008	マメバッタ	C	cards/SV/SV4K/マメバッタ_SV4K-08／95_C.jpg	SV4K-009	未取得（details.php で番号を確かめて取得する）	
SV4K-009	マメバッタ	C	cards/SV/SV4K/マメバッタ_SV4K-09／95_C.jpg	SV4K-008	未取得（details.php で番号を確かめて取得する）	
SV4K-010	ブビィ	C	cards/SV/SV4K/ブビィ_SV4K-10／95_C.jpg	SV4K-068	未取得（details.php で番号を確かめて取得する）	
SV4K-013	カルボウ	C	cards/SV/SV4K/カルボウ_SV4K-13／95_C.jpg	SV4K-014	未取得（details.php で番号を確かめて取得する）	
SV4K-014	カルボウ	C	cards/SV/SV4K/カルボウ_SV4K-14／95_C.jpg	SV4K-013	未取得（details.php で番号を確かめて取得する）	
SV4K-015	グレンアルマex	RR	cards/SV/SV4K/グレンアルマex_SV4K-15／95_RR.jpg	SV4K-079	未取得（details.php で番号を確かめて取得する）	
SV4K-020	アマージョex	RR	cards/SV/SV4K/アマージョex_SV4K-20／95_RR.jpg	SV4K-080	未取得（details.php で番号を確かめて取得する）	
SV4K-021	コソクムシ	C	cards/SV/SV4K/コソクムシ_SV4K-21／95_C.jpg	SV4K-069	未取得（details.php で番号を確かめて取得する）	
SV4K-022	グソクムシャex	RR	cards/SV/SV4K/グソクムシャex_SV4K-22／95_RR.jpg	SV4K-081 SV4K-088	未取得（details.php で番号を確かめて取得する）	
SV4K-023	ウミディグダ	C	cards/SV/SV4K/ウミディグダ_SV4K-23／95_C.jpg	SV4K-024	未取得（details.php で番号を確かめて取得する）	
SV4K-024	ウミディグダ	C	cards/SV/SV4K/ウミディグダ_SV4K-24／95_C.jpg	SV4K-023	未取得（details.php で番号を確かめて取得する）	
SV4K-026	ミガルーサ	U	cards/SV/SV4K/ミガルーサ_SV4K-26／95_U.jpg	SV4K-070	未取得（details.php で番号を確かめて取得する）	
SV4K-031	デスカーンex	RR	cards/SV/SV4K/デスカーンex_SV4K-31／95_RR.jpg	SV4K-082	未取得（details.php で番号を確かめて取得する）	
SV4K-032	サケブシッポ	U	cards/SV/SV4K/サケブシッポ_SV4K-32／95_U.jpg	SV4K-071	未取得（details.php で番号を確かめて取得する）	
SV4K-034	コジョンド	U	cards/SV/SV4K/コジョンド_SV4K-34／95_U.jpg	SV4K-072	未取得（details.php で番号を確かめて取得する）	
SV4K-037	コジオ	C	cards/SV/SV4K/コジオ_SV4K-37／95_C.jpg	SV4K-038	未取得（details.php で番号を確かめて取得する）	
SV4K-038	コジオ	C	cards/SV/SV4K/コジオ_SV4K-38／95_C.jpg	SV4K-037	未取得（details.php で番号を確かめて取得する）	
SV4K-040	キョジオーン	R	cards/SV/SV4K/キョジオーン_SV4K-40／95_R.jpg	SV4K-073	未取得（details.php で番号を確かめて取得する）	
SV4K-041	チヲハウハネ	U	cards/SV/SV4K/チヲハウハネ_SV4K-41／95_U.jpg	SV4K-074	未取得（details.php で番号を確かめて取得する）	
SV4K-042	スナノケガワex	RR	cards/SV/SV4K/スナノケガワex_SV4K-42／95_RR.jpg	SV4K-083 SV4K-089	未取得（details.php で番号を確かめて取得する）	
SV4K-050	ダストダス	U	cards/SV/SV4K/ダストダス_SV4K-50／95_U.jpg	SV4K-075	未取得（details.php で番号を確かめて取得する）	
SV4K-051	モルペコ	R	cards/SV/SV4K/モルペコ_SV4K-51／95_R.jpg	SV4K-076	未取得（details.php で番号を確かめて取得する）	
SV4K-053	アラブルタケ	R	cards/SV/SV4K/アラブルタケ_SV4K-53／95_R.jpg	SV4K-077	未取得（details.php で番号を確かめて取得する）	
SV4K-054	トドロクツキex	RR	cards/SV/SV4K/トドロクツキex_SV4K-54／95_RR.jpg	SV4K-084 SV4K-090 SV4K-093	未取得（details.php で番号を確かめて取得する）	
SV4K-056	ドゴーム	C	cards/SV/SV4K/ドゴーム_SV4K-56／95_C.jpg	SV4K-078	未取得（details.php で番号を確かめて取得する）	
SV4K-064	オーリム博士の気迫	U	cards/SV/SV4K/オーリム博士の気迫_SV4K-64／95_U.jpg	SV4K-085 SV4K-091	未取得（details.php で番号を確かめて取得する）	
SV4K-065	センリ	U	cards/SV/SV4K/センリ_SV4K-65／95_U.jpg	SV4K-086	未取得（details.php で番号を確かめて取得する）	
SV4K-066	メロコ	U	cards/SV/SV4K/メロコ_SV4K-66／95_U.jpg	SV4K-087 SV4K-092	未取得（details.php で番号を確かめて取得する）	
SV4K-067	イワパレス		cards/SV/SV4K/イワパレス_SV4K-67／95.jpg	SV4K-005	未取得（details.php で番号を確かめて取得する）	
SV4K-068	ブビィ		cards/SV/SV4K/ブビィ_SV4K-68／95.jpg	SV4K-010	未取得（details.php で番号を確かめて取得する）	
SV4K-069	コソクムシ		cards/SV/SV4K/コソクムシ_SV4K-69／95.jpg	SV4K-021	未取得（details.php で番号を確かめて取得する）	
SV4K-070	ミガルーサ		cards/SV/SV4K/ミガルーサ_SV4K-70／95.jpg	SV4K-026	未取得（details.php で番号を確かめて取得する）	
SV4K-071	サケブシッポ		cards/SV/SV4K/サケブシッポ_SV4K-71／95.jpg	SV4K-032	未取得（details.php で番号を確かめて取得する）	
SV4K-072	コジョンド		cards/SV/SV4K/コジョンド_SV4K-72／95.jpg	SV4K-034	未取得（details.php で番号を確かめて取得する）	
SV4K-073	キョジオーン		cards/SV/SV4K/キョジオーン_SV4K-73／95.jpg	SV4K-040	未取得（details.php で番号を確かめて取得する）	
SV4K-074	チヲハウハネ		cards/SV/SV4K/チヲハウハネ_SV4K-74／95.jpg	SV4K-041	未取得（details.php で番号を確かめて取得する）	
SV4K-075	ダストダス		cards/SV/SV4K/ダストダス_SV4K-75／95.jpg	SV4K-050	未取得（details.php で番号を確かめて取得する）	
SV4K-076	モルペコ		cards/SV/SV4K/モルペコ_SV4K-76／95.jpg	SV4K-051	未取得（details.php で番号を確かめて取得する）	
SV4K-077	アラブルタケ		cards/SV/SV4K/アラブルタケ_SV4K-77／95.jpg	SV4K-053	未取得（details.php で番号を確かめて取得する）	
SV4K-078	ドゴーム		cards/SV/SV4K/ドゴーム_SV4K-78／95.jpg	SV4K-056	未取得（details.php で番号を確かめて取得する）	
SV4K-079	グレンアルマex		cards/SV/SV4K/グレンアルマex_SV4K-79／95.jpg	SV4K-015	未取得（details.php で番号を確かめて取得する）	
SV4K-080	アマージョex		cards/SV/SV4K/アマージョex_SV4K-80／95.jpg	SV4K-020	未取得（details.php で番号を確かめて取得する）	
SV4K-081	グソクムシャex		cards/SV/SV4K/グソクムシャex_SV4K-81／95.jpg	SV4K-022 SV4K-088	未取得（details.php で番号を確かめて取得する）	
SV4K-082	デスカーンex		cards/SV/SV4K/デスカーンex_SV4K-82／95.jpg	SV4K-031	未取得（details.php で番号を確かめて取得する）	
SV4K-083	スナノケガワex		cards/SV/SV4K/スナノケガワex_SV4K-83／95.jpg	SV4K-042 SV4K-089	未取得（details.php で番号を確かめて取得する）	
SV4K-084	トドロクツキex		cards/SV/SV4K/トドロクツキex_SV4K-84／95.jpg	SV4K-054 SV4K-090 SV4K-093	未取得（details.php で番号を確かめて取得する）	
SV4K-085	オーリム博士の気迫		cards/SV/SV4K/オーリム博士の気迫_SV4K-85／95.jpg	SV4K-064 SV4K-091	未取得（details.php で番号を確かめて取得する）	
SV4K-086	センリ		cards/SV/SV4K/センリ_SV4K-86／95.jpg	SV4K-065	未取得（details.php で番号を確かめて取得する）	
SV4K-087	メロコ		cards/SV/SV4K/メロコ_SV4K-87／95.jpg	SV4K-066 SV4K-092	未取得（details.php で番号を確かめて取得する）	
SV4K-088	グソクムシャex		cards/SV/SV4K/グソクムシャex_SV4K-88／95.jpg	SV4K-022 SV4K-081	未取得（details.php で番号を確かめて取得する）	
SV4K-089	スナノケガワex		cards/SV/SV4K/スナノケガワex_SV4K-89／95.jpg	SV4K-042 SV4K-083	未取得（details.php で番号を確かめて取得する）	
SV4K-090	トドロクツキex		cards/SV/SV4K/トドロクツキex_SV4K-90／95.jpg	SV4K-054 SV4K-084 SV4K-093	未取得（details.php で番号を確かめて取得する）	
SV4K-091	オーリム博士の気迫		cards/SV/SV4K/オーリム博士の気迫_SV4K-91／95.jpg	SV4K-064 SV4K-085	未取得（details.php で番号を確かめて取得する）	
SV4K-092	メロコ		cards/SV/SV4K/メロコ_SV4K-92／95.jpg	SV4K-066 SV4K-087	未取得（details.php で番号を確かめて取得する）	
SV4K-093	トドロクツキex		cards/SV/SV4K/トドロクツキex_SV4K-93／95.jpg	SV4K-054 SV4K-084 SV4K-090	未取得（details.php で番号を確かめて取得する）	
SV4M-004	レドームシ	C	cards/SV/SV4M/レドームシ_SV4M-04／95_C.jpg	SV4M-067	未取得（details.php で番号を確かめて取得する）	
SV4M-006	ノノクラゲ	C	cards/SV/SV4M/ノノクラゲ_SV4M-06／95_C.jpg	SV4M-007	未取得（details.php で番号を確かめて取得する）	
SV4M-007	ノノクラゲ	C	cards/SV/SV4M/ノノクラゲ_SV4M-07／95_C.jpg	SV4M-006	未取得（details.php で番号を確かめて取得する）	
SV4M-008	リククラゲ	U	cards/SV/SV4M/リククラゲ_SV4M-08／95_U.jpg	SV4M-068	未取得（details.php で番号を確かめて取得する）	
SV4M-012	テツノドクガ	R	cards/SV/SV4M/テツノドクガ_SV4M-12／95_R.jpg	SV4M-069	未取得（details.php で番号を確かめて取得する）	
SV4M-018	バニリッチ	C	cards/SV/SV4M/バニリッチ_SV4M-18／95_C.jpg	SV4M-070	未取得（details.php で番号を確かめて取得する）	
SV4M-020	テツノツツミ	U	cards/SV/SV4M/テツノツツミ_SV4M-20／95_U.jpg	SV4M-071	未取得（details.php で番号を確かめて取得する）	
SV4M-023	シママ	C	cards/SV/SV4M/シママ_SV4M-23／95_C.jpg	SV4M-072	未取得（details.php で番号を確かめて取得する）	
SV4M-027	テツノカイナex	RR	cards/SV/SV4M/テツノカイナex_SV4M-27／95_RR.jpg	SV4M-079 SV4M-088	未取得（details.php で番号を確かめて取得する）	
SV4M-031	ヒラヒナ	C	cards/SV/SV4M/ヒラヒナ_SV4M-31／95_C.jpg	SV4M-032	未取得（details.php で番号を確かめて取得する）	
SV4M-032	ヒラヒナ	C	cards/SV/SV4M/ヒラヒナ_SV4M-32／95_C.jpg	SV4M-031	未取得（details.php で番号を確かめて取得する）	
SV4M-033	クエスパトラ	R	cards/SV/SV4M/クエスパトラ_SV4M-33／95_R.jpg	SV4M-073	未取得（details.php で番号を確かめて取得する）	
SV4M-034	カヌチャン	C	cards/SV/SV4M/カヌチャン_SV4M-34／95_C.jpg	SV4M-035	未取得（details.php で番号を確かめて取得する）	
SV4M-035	カヌチャン	C	cards/SV/SV4M/カヌチャン_SV4M-35／95_C.jpg	SV4M-034	未取得（details.php で番号を確かめて取得する）	
SV4M-038	テツノブジンex	RR	cards/SV/SV4M/テツノブジンex_SV4M-38／95_RR.jpg	SV4M-080 SV4M-089 SV4M-093	未取得（details.php で番号を確かめて取得する）	
SV4M-040	ストリンダーex	RR	cards/SV/SV4M/ストリンダーex_SV4M-40／95_RR.jpg	SV4M-081	未取得（details.php で番号を確かめて取得する）	
SV4M-041	ハガネール	R	cards/SV/SV4M/ハガネール_SV4M-41／95_R.jpg	SV4M-074	未取得（details.php で番号を確かめて取得する）	
SV4M-045	ギルガルドex	RR	cards/SV/SV4M/ギルガルドex_SV4M-45／95_RR.jpg	SV4M-082	未取得（details.php で番号を確かめて取得する）	
SV4M-046	チルタリスex	RR	cards/SV/SV4M/チルタリスex_SV4M-46／95_RR.jpg	SV4M-083 SV4M-090	未取得（details.php で番号を確かめて取得する）	
SV4M-051	エイパム	C	cards/SV/SV4M/エイパム_SV4M-51／95_C.jpg	SV4M-075	未取得（details.php で番号を確かめて取得する）	
SV4M-054	チルット	C	cards/SV/SV4M/チルット_SV4M-54／95_C.jpg	SV4M-076	未取得（details.php で番号を確かめて取得する）	
SV4M-055	ワッカネズミ	C	cards/SV/SV4M/ワッカネズミ_SV4M-55／95_C.jpg	SV4M-056	未取得（details.php で番号を確かめて取得する）	
SV4M-056	ワッカネズミ	C	cards/SV/SV4M/ワッカネズミ_SV4M-56／95_C.jpg	SV4M-055	未取得（details.php で番号を確かめて取得する）	
SV4M-057	イッカネズミex	RR	cards/SV/SV4M/イッカネズミex_SV4M-57／95_RR.jpg	SV4M-084	未取得（details.php で番号を確かめて取得する）	
SV4M-058	テツノコウベ	R	cards/SV/SV4M/テツノコウベ_SV4M-58／95_R.jpg	SV4M-078	未取得（details.php で番号を確かめて取得する）	
SV4M-059	カウンターキャッチャー	U	cards/SV/SV4M/カウンターキャッチャー_SV4M-59／95_U.jpg	SV4M-094	未取得（details.php で番号を確かめて取得する）	
SV4M-064	ヒョウタ	U	cards/SV/SV4M/ヒョウタ_SV4M-64／95_U.jpg	SV4M-085	未取得（details.php で番号を確かめて取得する）	
SV4M-065	フトゥー博士のシナリオ	U	cards/SV/SV4M/フトゥー博士のシナリオ_SV4M-65／95_U.jpg	SV4M-086 SV4M-091	未取得（details.php で番号を確かめて取得する）	
SV4M-066	リップ	U	cards/SV/SV4M/リップ_SV4M-66／95_U.jpg	SV4M-087 SV4M-092	未取得（details.php で番号を確かめて取得する）	
SV4M-067	レドームシ		cards/SV/SV4M/レドームシ_SV4M-67／95.jpg	SV4M-004	未取得（details.php で番号を確かめて取得する）	
SV4M-068	リククラゲ		cards/SV/SV4M/リククラゲ_SV4M-68／95.jpg	SV4M-008	未取得（details.php で番号を確かめて取得する）	
SV4M-069	テツノドクガ		cards/SV/SV4M/テツノドクガ_SV4M-69／95.jpg	SV4M-012	未取得（details.php で番号を確かめて取得する）	
SV4M-070	バニリッチ		cards/SV/SV4M/バニリッチ_SV4M-70／95.jpg	SV4M-018	未取得（details.php で番号を確かめて取得する）	
SV4M-071	テツノツツミ		cards/SV/SV4M/テツノツツミ_SV4M-71／95.jpg	SV4M-020	未取得（details.php で番号を確かめて取得する）	
SV4M-072	シママ		cards/SV/SV4M/シママ_SV4M-72／95.jpg	SV4M-023	未取得（details.php で番号を確かめて取得する）	
SV4M-073	クエスパトラ		cards/SV/SV4M/クエスパトラ_SV4M-73／95.jpg	SV4M-033	未取得（details.php で番号を確かめて取得する）	
SV4M-074	ハガネール		cards/SV/SV4M/ハガネール_SV4M-74／95.jpg	SV4M-041	未取得（details.php で番号を確かめて取得する）	
SV4M-075	エイパム		cards/SV/SV4M/エイパム_SV4M-75／95.jpg	SV4M-051	未取得（details.php で番号を確かめて取得する）	
SV4M-076	チルット		cards/SV/SV4M/チルット_SV4M-76／95.jpg	SV4M-054	未取得（details.php で番号を確かめて取得する）	
SV4M-078	テツノコウベ		cards/SV/SV4M/テツノコウベ_SV4M-78／95.jpg	SV4M-058	未取得（details.php で番号を確かめて取得する）	
SV4M-079	テツノカイナex		cards/SV/SV4M/テツノカイナex_SV4M-79／95.jpg	SV4M-027 SV4M-088	未取得（details.php で番号を確かめて取得する）	
SV4M-080	テツノブジンex		cards/SV/SV4M/テツノブジンex_SV4M-80／95.jpg	SV4M-038 SV4M-089 SV4M-093	未取得（details.php で番号を確かめて取得する）	
SV4M-081	ストリンダーex		cards/SV/SV4M/ストリンダーex_SV4M-81／95.jpg	SV4M-040	未取得（details.php で番号を確かめて取得する）	
SV4M-082	ギルガルドex		cards/SV/SV4M/ギルガルドex_SV4M-82／95.jpg	SV4M-045	未取得（details.php で番号を確かめて取得する）	
SV4M-083	チルタリスex		cards/SV/SV4M/チルタリスex_SV4M-83／95.jpg	SV4M-046 SV4M-090	未取得（details.php で番号を確かめて取得する）	
SV4M-084	イッカネズミex		cards/SV/SV4M/イッカネズミex_SV4M-84／95.jpg	SV4M-057	未取得（details.php で番号を確かめて取得する）	
SV4M-085	ヒョウタ		cards/SV/SV4M/ヒョウタ_SV4M-85／95.jpg	SV4M-064	未取得（details.php で番号を確かめて取得する）	
SV4M-086	フトゥー博士のシナリオ		cards/SV/SV4M/フトゥー博士のシナリオ_SV4M-86／95.jpg	SV4M-065 SV4M-091	未取得（details.php で番号を確かめて取得する）	
SV4M-087	リップ		cards/SV/SV4M/リップ_SV4M-87／95.jpg	SV4M-066 SV4M-092	未取得（details.php で番号を確かめて取得する）	
SV4M-088	テツノカイナex		cards/SV/SV4M/テツノカイナex_SV4M-88／95.jpg	SV4M-027 SV4M-079	未取得（details.php で番号を確かめて取得する）	
SV4M-089	テツノブジンex		cards/SV/SV4M/テツノブジンex_SV4M-89／95.jpg	SV4M-038 SV4M-080 SV4M-093	未取得（details.php で番号を確かめて取得する）	
SV4M-090	チルタリスex		cards/SV/SV4M/チルタリスex_SV4M-90／95.jpg	SV4M-046 SV4M-083	未取得（details.php で番号を確かめて取得する）	
SV4M-091	フトゥー博士のシナリオ		cards/SV/SV4M/フトゥー博士のシナリオ_SV4M-91／95.jpg	SV4M-065 SV4M-086	未取得（details.php で番号を確かめて取得する）	
SV4M-092	リップ		cards/SV/SV4M/リップ_SV4M-92／95.jpg	SV4M-066 SV4M-087	未取得（details.php で番号を確かめて取得する）	
SV4M-093	テツノブジンex		cards/SV/SV4M/テツノブジンex_SV4M-93／95.jpg	SV4M-038 SV4M-080 SV4M-089	未取得（details.php で番号を確かめて取得する）	
SV4M-094	カウンターキャッチャー		cards/SV/SV4M/カウンターキャッチャー_SV4M-94／95.jpg	SV4M-059	未取得（details.php で番号を確かめて取得する）	
SV4a-001	ナゾノクサ		cards/SV/SV4a/ナゾノクサ_SV4a-001／360.jpg	SV4a-191	未取得（details.php で番号を確かめて取得する）	
SV4a-002	クサイハナ		cards/SV/SV4a/クサイハナ_SV4a-002／360.jpg	SV4a-192	未取得（details.php で番号を確かめて取得する）	
SV4a-003	ラフレシア		cards/SV/SV4a/ラフレシア_SV4a-003／360.jpg	SV4a-193	未取得（details.php で番号を確かめて取得する）	
SV4a-004	ストライク		cards/SV/SV4a/ストライク_SV4a-004／360.jpg	SV4a-194	未取得（details.php で番号を確かめて取得する）	
SV4a-005	ハネッコ		cards/SV/SV4a/ハネッコ_SV4a-005／360.jpg	SV4a-195	未取得（details.php で番号を確かめて取得する）	
SV4a-006	ポポッコ		cards/SV/SV4a/ポポッコ_SV4a-006／360.jpg	SV4a-196	未取得（details.php で番号を確かめて取得する）	
SV4a-007	ワタッコ		cards/SV/SV4a/ワタッコ_SV4a-007／360.jpg	SV4a-197	未取得（details.php で番号を確かめて取得する）	
SV4a-008	クヌギダマ		cards/SV/SV4a/クヌギダマ_SV4a-008／360.jpg	SV4a-198	未取得（details.php で番号を確かめて取得する）	
SV4a-009	フォレトスex	RR	cards/SV/SV4a/フォレトスex_SV4a-009／360_RR.jpg	SV4a-320	未取得（details.php で番号を確かめて取得する）	
SV4a-010	ユキカブリ		cards/SV/SV4a/ユキカブリ_SV4a-010／360.jpg	SV4a-199	未取得（details.php で番号を確かめて取得する）	
SV4a-011	ユキノオー		cards/SV/SV4a/ユキノオー_SV4a-011／360.jpg	SV4a-200	未取得（details.php で番号を確かめて取得する）	
SV4a-012	ニャオハ		cards/SV/SV4a/ニャオハ_SV4a-012／360.jpg	SV4a-201	未取得（details.php で番号を確かめて取得する）	
SV4a-013	ニャローテ		cards/SV/SV4a/ニャローテ_SV4a-013／360.jpg	SV4a-202	未取得（details.php で番号を確かめて取得する）	
SV4a-014	マスカーニャex	RR	cards/SV/SV4a/マスカーニャex_SV4a-014／360_RR.jpg	SV4a-321	未取得（details.php で番号を確かめて取得する）	
SV4a-015	ミニーブ		cards/SV/SV4a/ミニーブ_SV4a-015／360.jpg	SV4a-203	未取得（details.php で番号を確かめて取得する）	
SV4a-016	オリーニョ		cards/SV/SV4a/オリーニョ_SV4a-016／360.jpg	SV4a-204	未取得（details.php で番号を確かめて取得する）	
SV4a-017	オリーヴァ		cards/SV/SV4a/オリーヴァ_SV4a-017／360.jpg	SV4a-205	未取得（details.php で番号を確かめて取得する）	
SV4a-018	ノノクラゲ		cards/SV/SV4a/ノノクラゲ_SV4a-018／360.jpg	SV4a-206	未取得（details.php で番号を確かめて取得する）	
SV4a-019	リククラゲex	RR	cards/SV/SV4a/リククラゲex_SV4a-019／360_RR.jpg	SV4a-322	未取得（details.php で番号を確かめて取得する）	
SV4a-020	カプサイジ		cards/SV/SV4a/カプサイジ_SV4a-020／360.jpg	SV4a-207	未取得（details.php で番号を確かめて取得する）	
SV4a-021	スコヴィラン		cards/SV/SV4a/スコヴィラン_SV4a-021／360.jpg	SV4a-208	未取得（details.php で番号を確かめて取得する）	
SV4a-022	シガロコ		cards/SV/SV4a/シガロコ_SV4a-022／360.jpg	SV4a-209	未取得（details.php で番号を確かめて取得する）	
SV4a-023	クエスパトラex	RR	cards/SV/SV4a/クエスパトラex_SV4a-023／360_RR.jpg	SV4a-323	未取得（details.php で番号を確かめて取得する）	
SV4a-024	チオンジェンex	RR	cards/SV/SV4a/チオンジェンex_SV4a-024／360_RR.jpg	SV4a-355	未取得（details.php で番号を確かめて取得する）	
SV4a-025	ヒトカゲ		cards/SV/SV4a/ヒトカゲ_SV4a-025／360.jpg	SV4a-210	未取得（details.php で番号を確かめて取得する）	
SV4a-026	リザード		cards/SV/SV4a/リザード_SV4a-026／360.jpg	SV4a-211	未取得（details.php で番号を確かめて取得する）	
SV4a-027	パルデア ケンタロス		cards/SV/SV4a/パルデア ケンタロス_SV4a-027／360.jpg	SV4a-040 SV4a-103 SV4a-212 SV4a-223 SV4a-279	未取得（details.php で番号を確かめて取得する）	
SV4a-028	エンテイ		cards/SV/SV4a/エンテイ_SV4a-028／360.jpg	SV4a-213	未取得（details.php で番号を確かめて取得する）	
SV4a-029	オドリドリ		cards/SV/SV4a/オドリドリ_SV4a-029／360.jpg	SV4a-214	未取得（details.php で番号を確かめて取得する）	
SV4a-030	ホゲータ		cards/SV/SV4a/ホゲータ_SV4a-030／360.jpg	SV4a-215	未取得（details.php で番号を確かめて取得する）	
SV4a-031	アチゲータ		cards/SV/SV4a/アチゲータ_SV4a-031／360.jpg	SV4a-216	未取得（details.php で番号を確かめて取得する）	
SV4a-032	ラウドボーンex	RR	cards/SV/SV4a/ラウドボーンex_SV4a-032／360_RR.jpg	SV4a-324	未取得（details.php で番号を確かめて取得する）	
SV4a-033	カルボウ		cards/SV/SV4a/カルボウ_SV4a-033／360.jpg	SV4a-217	未取得（details.php で番号を確かめて取得する）	
SV4a-034	グレンアルマ		cards/SV/SV4a/グレンアルマ_SV4a-034／360.jpg	SV4a-218	未取得（details.php で番号を確かめて取得する）	
SV4a-035	イーユイex	RR	cards/SV/SV4a/イーユイex_SV4a-035／360_RR.jpg	SV4a-356	未取得（details.php で番号を確かめて取得する）	
SV4a-036	ヤドン		cards/SV/SV4a/ヤドン_SV4a-036／360.jpg	SV4a-219	未取得（details.php で番号を確かめて取得する）	
SV4a-037	ヤドラン		cards/SV/SV4a/ヤドラン_SV4a-037／360.jpg	SV4a-220	未取得（details.php で番号を確かめて取得する）	
SV4a-038	ヒトデマン		cards/SV/SV4a/ヒトデマン_SV4a-038／360.jpg	SV4a-221	未取得（details.php で番号を確かめて取得する）	
SV4a-039	スターミー		cards/SV/SV4a/スターミー_SV4a-039／360.jpg	SV4a-222	未取得（details.php で番号を確かめて取得する）	
SV4a-040	パルデア ケンタロス		cards/SV/SV4a/パルデア ケンタロス_SV4a-040／360.jpg	SV4a-027 SV4a-103 SV4a-212 SV4a-223 SV4a-279	未取得（details.php で番号を確かめて取得する）	
SV4a-041	クワッス		cards/SV/SV4a/クワッス_SV4a-041／360.jpg	SV4a-224	未取得（details.php で番号を確かめて取得する）	
SV4a-042	ウェルカモ		cards/SV/SV4a/ウェルカモ_SV4a-042／360.jpg	SV4a-225	未取得（details.php で番号を確かめて取得する）	
SV4a-043	ウェーニバルex	RR	cards/SV/SV4a/ウェーニバルex_SV4a-043／360_RR.jpg	SV4a-325	未取得（details.php で番号を確かめて取得する）	
SV4a-044	ウミディグダ		cards/SV/SV4a/ウミディグダ_SV4a-044／360.jpg	SV4a-226	未取得（details.php で番号を確かめて取得する）	
SV4a-045	ウミトリオ		cards/SV/SV4a/ウミトリオ_SV4a-045／360.jpg	SV4a-227 SV4a-338	未取得（details.php で番号を確かめて取得する）	
SV4a-046	ナミイルカ		cards/SV/SV4a/ナミイルカ_SV4a-046／360.jpg	SV4a-228	未取得（details.php で番号を確かめて取得する）	
SV4a-047	イルカマン		cards/SV/SV4a/イルカマン_SV4a-047／360.jpg	SV4a-229 SV4a-339	未取得（details.php で番号を確かめて取得する）	
SV4a-048	ミガルーサ		cards/SV/SV4a/ミガルーサ_SV4a-048／360.jpg	SV4a-230	未取得（details.php で番号を確かめて取得する）	
SV4a-049	ヘイラッシャ		cards/SV/SV4a/ヘイラッシャ_SV4a-049／360.jpg	SV4a-231	未取得（details.php で番号を確かめて取得する）	
SV4a-050	シャリタツ		cards/SV/SV4a/シャリタツ_SV4a-050／360.jpg	SV4a-232	未取得（details.php で番号を確かめて取得する）	
SV4a-051	セビエ		cards/SV/SV4a/セビエ_SV4a-051／360.jpg	SV4a-233	未取得（details.php で番号を確かめて取得する）	
SV4a-052	セゴール		cards/SV/SV4a/セゴール_SV4a-052／360.jpg	SV4a-234	未取得（details.php で番号を確かめて取得する）	
SV4a-053	セグレイブ		cards/SV/SV4a/セグレイブ_SV4a-053／360.jpg	SV4a-235	未取得（details.php で番号を確かめて取得する）	
SV4a-054	パオジアンex	RR	cards/SV/SV4a/パオジアンex_SV4a-054／360_RR.jpg	SV4a-357	未取得（details.php で番号を確かめて取得する）	
SV4a-055	ピカチュウ		cards/SV/SV4a/ピカチュウ_SV4a-055／360.jpg	SV4a-236	未取得（details.php で番号を確かめて取得する）	
SV4a-056	ライチュウ		cards/SV/SV4a/ライチュウ_SV4a-056／360.jpg	SV4a-237	未取得（details.php で番号を確かめて取得する）	
SV4a-057	ビリリダマ		cards/SV/SV4a/ビリリダマ_SV4a-057／360.jpg	SV4a-238	未取得（details.php で番号を確かめて取得する）	
SV4a-058	マルマイン		cards/SV/SV4a/マルマイン_SV4a-058／360.jpg	SV4a-239	未取得（details.php で番号を確かめて取得する）	
SV4a-059	コリンク		cards/SV/SV4a/コリンク_SV4a-059／360.jpg	SV4a-240	未取得（details.php で番号を確かめて取得する）	
SV4a-060	ルクシオ		cards/SV/SV4a/ルクシオ_SV4a-060／360.jpg	SV4a-241	未取得（details.php で番号を確かめて取得する）	
SV4a-061	レントラー		cards/SV/SV4a/レントラー_SV4a-061／360.jpg	SV4a-242	未取得（details.php で番号を確かめて取得する）	
SV4a-062	パチリス		cards/SV/SV4a/パチリス_SV4a-062／360.jpg	SV4a-243	未取得（details.php で番号を確かめて取得する）	
SV4a-063	ボルトロス		cards/SV/SV4a/ボルトロス_SV4a-063／360.jpg	SV4a-244	未取得（details.php で番号を確かめて取得する）	
SV4a-064	エレズン		cards/SV/SV4a/エレズン_SV4a-064／360.jpg	SV4a-245	未取得（details.php で番号を確かめて取得する）	
SV4a-065	ストリンダー		cards/SV/SV4a/ストリンダー_SV4a-065／360.jpg	SV4a-246	未取得（details.php で番号を確かめて取得する）	
SV4a-066	パモ		cards/SV/SV4a/パモ_SV4a-066／360.jpg	SV4a-247 SV4a-340	未取得（details.php で番号を確かめて取得する）	
SV4a-067	パモット		cards/SV/SV4a/パモット_SV4a-067／360.jpg	SV4a-248	未取得（details.php で番号を確かめて取得する）	
SV4a-068	パーモット		cards/SV/SV4a/パーモット_SV4a-068／360.jpg	SV4a-249	未取得（details.php で番号を確かめて取得する）	
SV4a-069	カイデン		cards/SV/SV4a/カイデン_SV4a-069／360.jpg	SV4a-250	未取得（details.php で番号を確かめて取得する）	
SV4a-070	タイカイデン		cards/SV/SV4a/タイカイデン_SV4a-070／360.jpg	SV4a-251	未取得（details.php で番号を確かめて取得する）	
SV4a-071	ミライドンex	RR	cards/SV/SV4a/ミライドンex_SV4a-071／360_RR.jpg	SV4a-358	未取得（details.php で番号を確かめて取得する）	
SV4a-072	プクリン		cards/SV/SV4a/プクリン_SV4a-072／360.jpg	SV4a-252	未取得（details.php で番号を確かめて取得する）	
SV4a-073	ケーシィ		cards/SV/SV4a/ケーシィ_SV4a-073／360.jpg	SV4a-253	未取得（details.php で番号を確かめて取得する）	
SV4a-074	ユンゲラー		cards/SV/SV4a/ユンゲラー_SV4a-074／360.jpg	SV4a-254	未取得（details.php で番号を確かめて取得する）	
SV4a-075	フーディンex	RR	cards/SV/SV4a/フーディンex_SV4a-075／360_RR.jpg	SV4a-326	未取得（details.php で番号を確かめて取得する）	
SV4a-076	ミュウex	RR	cards/SV/SV4a/ミュウex_SV4a-076／360_RR.jpg	SV4a-327 SV4a-347	未取得（details.php で番号を確かめて取得する）	
SV4a-077	ピィ		cards/SV/SV4a/ピィ_SV4a-077／360.jpg	SV4a-255	未取得（details.php で番号を確かめて取得する）	
SV4a-078	ネイティ		cards/SV/SV4a/ネイティ_SV4a-078／360.jpg	SV4a-256	未取得（details.php で番号を確かめて取得する）	
SV4a-079	ネイティオ		cards/SV/SV4a/ネイティオ_SV4a-079／360.jpg	SV4a-257	未取得（details.php で番号を確かめて取得する）	
SV4a-080	ラルトス		cards/SV/SV4a/ラルトス_SV4a-080／360.jpg	SV4a-258	未取得（details.php で番号を確かめて取得する）	
SV4a-081	キルリア		cards/SV/SV4a/キルリア_SV4a-081／360.jpg	SV4a-259	未取得（details.php で番号を確かめて取得する）	
SV4a-082	サーナイトex	RR	cards/SV/SV4a/サーナイトex_SV4a-082／360_RR.jpg	SV4a-328 SV4a-348	未取得（details.php で番号を確かめて取得する）	
SV4a-083	フワンテ		cards/SV/SV4a/フワンテ_SV4a-083／360.jpg	SV4a-260	未取得（details.php で番号を確かめて取得する）	
SV4a-084	フワライド		cards/SV/SV4a/フワライド_SV4a-084／360.jpg	SV4a-261	未取得（details.php で番号を確かめて取得する）	
SV4a-085	マネネ		cards/SV/SV4a/マネネ_SV4a-085／360.jpg	SV4a-262	未取得（details.php で番号を確かめて取得する）	
SV4a-086	ミカルゲ		cards/SV/SV4a/ミカルゲ_SV4a-086／360.jpg	SV4a-263	未取得（details.php で番号を確かめて取得する）	
SV4a-087	クレッフィ		cards/SV/SV4a/クレッフィ_SV4a-087／360.jpg	SV4a-264	未取得（details.php で番号を確かめて取得する）	
SV4a-088	ミミッキュ		cards/SV/SV4a/ミミッキュ_SV4a-088／360.jpg	SV4a-265 SV4a-341	未取得（details.php で番号を確かめて取得する）	
SV4a-089	パピモッチ		cards/SV/SV4a/パピモッチ_SV4a-089／360.jpg	SV4a-266	未取得（details.php で番号を確かめて取得する）	
SV4a-090	バウッツェル		cards/SV/SV4a/バウッツェル_SV4a-090／360.jpg	SV4a-267	未取得（details.php で番号を確かめて取得する）	
SV4a-091	ソウブレイズ		cards/SV/SV4a/ソウブレイズ_SV4a-091／360.jpg	SV4a-268	未取得（details.php で番号を確かめて取得する）	
SV4a-092	ベラカス		cards/SV/SV4a/ベラカス_SV4a-092／360.jpg	SV4a-269	未取得（details.php で番号を確かめて取得する）	
SV4a-093	ヒラヒナ		cards/SV/SV4a/ヒラヒナ_SV4a-093／360.jpg	SV4a-270	未取得（details.php で番号を確かめて取得する）	
SV4a-094	カヌチャン		cards/SV/SV4a/カヌチャン_SV4a-094／360.jpg	SV4a-271	未取得（details.php で番号を確かめて取得する）	
SV4a-095	ナカヌチャン		cards/SV/SV4a/ナカヌチャン_SV4a-095／360.jpg	SV4a-272	未取得（details.php で番号を確かめて取得する）	
SV4a-096	デカヌチャン		cards/SV/SV4a/デカヌチャン_SV4a-096／360.jpg	SV4a-273	未取得（details.php で番号を確かめて取得する）	
SV4a-097	ボチ		cards/SV/SV4a/ボチ_SV4a-097／360.jpg	SV4a-274	未取得（details.php で番号を確かめて取得する）	
SV4a-098	ハカドッグ		cards/SV/SV4a/ハカドッグ_SV4a-098／360.jpg	SV4a-275	未取得（details.php で番号を確かめて取得する）	
SV4a-100	マンキー		cards/SV/SV4a/マンキー_SV4a-100／360.jpg	SV4a-276	未取得（details.php で番号を確かめて取得する）	
SV4a-101	オコリザル		cards/SV/SV4a/オコリザル_SV4a-101／360.jpg	SV4a-277	未取得（details.php で番号を確かめて取得する）	
SV4a-102	コノヨザル		cards/SV/SV4a/コノヨザル_SV4a-102／360.jpg	SV4a-278	未取得（details.php で番号を確かめて取得する）	
SV4a-103	パルデア ケンタロス		cards/SV/SV4a/パルデア ケンタロス_SV4a-103／360.jpg	SV4a-027 SV4a-040 SV4a-212 SV4a-223 SV4a-279	未取得（details.php で番号を確かめて取得する）	
SV4a-104	リオル		cards/SV/SV4a/リオル_SV4a-104／360.jpg	SV4a-280	未取得（details.php で番号を確かめて取得する）	
SV4a-105	ルカリオ		cards/SV/SV4a/ルカリオ_SV4a-105／360.jpg	SV4a-281	未取得（details.php で番号を確かめて取得する）	
SV4a-106	ルチャブル		cards/SV/SV4a/ルチャブル_SV4a-106／360.jpg	SV4a-282	未取得（details.php で番号を確かめて取得する）	
SV4a-107	コジオ		cards/SV/SV4a/コジオ_SV4a-107／360.jpg	SV4a-283	未取得（details.php で番号を確かめて取得する）	
SV4a-108	ジオヅム		cards/SV/SV4a/ジオヅム_SV4a-108／360.jpg	SV4a-284	未取得（details.php で番号を確かめて取得する）	
SV4a-109	キョジオーン		cards/SV/SV4a/キョジオーン_SV4a-109／360.jpg	SV4a-285	未取得（details.php で番号を確かめて取得する）	
SV4a-110	キラーメ		cards/SV/SV4a/キラーメ_SV4a-110／360.jpg	SV4a-286	未取得（details.php で番号を確かめて取得する）	
SV4a-111	キラフロルex	RR	cards/SV/SV4a/キラフロルex_SV4a-111／360_RR.jpg	SV4a-329	未取得（details.php で番号を確かめて取得する）	
SV4a-112	イダイナキバex	RR	cards/SV/SV4a/イダイナキバex_SV4a-112／360_RR.jpg	SV4a-330	未取得（details.php で番号を確かめて取得する）	
SV4a-113	ディンルーex	RR	cards/SV/SV4a/ディンルーex_SV4a-113／360_RR.jpg	SV4a-359	未取得（details.php で番号を確かめて取得する）	
SV4a-114	コライドンex	RR	cards/SV/SV4a/コライドンex_SV4a-114／360_RR.jpg	SV4a-360	未取得（details.php で番号を確かめて取得する）	
SV4a-115	リザードンex	RR	cards/SV/SV4a/リザードンex_SV4a-115／360_RR.jpg	SV4a-331 SV4a-349	未取得（details.php で番号を確かめて取得する）	
SV4a-116	パルデア ウパー		cards/SV/SV4a/パルデア ウパー_SV4a-116／360.jpg	SV4a-287	未取得（details.php で番号を確かめて取得する）	
SV4a-117	パルデア ドオーex	RR	cards/SV/SV4a/パルデア ドオーex_SV4a-117／360_RR.jpg	SV4a-332	未取得（details.php で番号を確かめて取得する）	
SV4a-118	ヤミカラス		cards/SV/SV4a/ヤミカラス_SV4a-118／360.jpg	SV4a-288	未取得（details.php で番号を確かめて取得する）	
SV4a-119	ニューラ		cards/SV/SV4a/ニューラ_SV4a-119／360.jpg	SV4a-289	未取得（details.php で番号を確かめて取得する）	
SV4a-120	マニューラ		cards/SV/SV4a/マニューラ_SV4a-120／360.jpg	SV4a-290	未取得（details.php で番号を確かめて取得する）	
SV4a-121	ヤミラミ		cards/SV/SV4a/ヤミラミ_SV4a-121／360.jpg	SV4a-291	未取得（details.php で番号を確かめて取得する）	
SV4a-122	コマタナ		cards/SV/SV4a/コマタナ_SV4a-122／360.jpg	SV4a-292	未取得（details.php で番号を確かめて取得する）	
SV4a-123	キリキザン		cards/SV/SV4a/キリキザン_SV4a-123／360.jpg	SV4a-293	未取得（details.php で番号を確かめて取得する）	
SV4a-124	ドドゲザン		cards/SV/SV4a/ドドゲザン_SV4a-124／360.jpg	SV4a-294	未取得（details.php で番号を確かめて取得する）	
SV4a-125	オラチフ		cards/SV/SV4a/オラチフ_SV4a-125／360.jpg	SV4a-295	未取得（details.php で番号を確かめて取得する）	
SV4a-126	マフィティフ		cards/SV/SV4a/マフィティフ_SV4a-126／360.jpg	SV4a-296	未取得（details.php で番号を確かめて取得する）	
SV4a-127	シルシュルー		cards/SV/SV4a/シルシュルー_SV4a-127／360.jpg	SV4a-297	未取得（details.php で番号を確かめて取得する）	
SV4a-128	タギングル		cards/SV/SV4a/タギングル_SV4a-128／360.jpg	SV4a-298	未取得（details.php で番号を確かめて取得する）	
SV4a-129	ハッサム		cards/SV/SV4a/ハッサム_SV4a-129／360.jpg	SV4a-299	未取得（details.php で番号を確かめて取得する）	
SV4a-130	ブロロン		cards/SV/SV4a/ブロロン_SV4a-130／360.jpg	SV4a-300	未取得（details.php で番号を確かめて取得する）	
SV4a-131	ブロロローム		cards/SV/SV4a/ブロロローム_SV4a-131／360.jpg	SV4a-301	未取得（details.php で番号を確かめて取得する）	
SV4a-132	テツノワダチex	RR	cards/SV/SV4a/テツノワダチex_SV4a-132／360_RR.jpg	SV4a-333	未取得（details.php で番号を確かめて取得する）	
SV4a-134	オンバット		cards/SV/SV4a/オンバット_SV4a-134／360.jpg	SV4a-302	未取得（details.php で番号を確かめて取得する）	
SV4a-135	オンバーンex	RR	cards/SV/SV4a/オンバーンex_SV4a-135／360_RR.jpg	SV4a-334	未取得（details.php で番号を確かめて取得する）	
SV4a-136	モトトカゲ		cards/SV/SV4a/モトトカゲ_SV4a-136／360.jpg	SV4a-303	未取得（details.php で番号を確かめて取得する）	
SV4a-137	ポッポ		cards/SV/SV4a/ポッポ_SV4a-137／360.jpg	SV4a-304	未取得（details.php で番号を確かめて取得する）	
SV4a-138	ピジョン		cards/SV/SV4a/ピジョン_SV4a-138／360.jpg	SV4a-305	未取得（details.php で番号を確かめて取得する）	
SV4a-139	ピジョットex	RR	cards/SV/SV4a/ピジョットex_SV4a-139／360_RR.jpg	SV4a-335	未取得（details.php で番号を確かめて取得する）	
SV4a-140	プリン		cards/SV/SV4a/プリン_SV4a-140／360.jpg	SV4a-306	未取得（details.php で番号を確かめて取得する）	
SV4a-141	プクリンex	RR	cards/SV/SV4a/プクリンex_SV4a-141／360_RR.jpg	SV4a-336	未取得（details.php で番号を確かめて取得する）	
SV4a-142	ドードー		cards/SV/SV4a/ドードー_SV4a-142／360.jpg	SV4a-307	未取得（details.php で番号を確かめて取得する）	
SV4a-143	ドードリオ		cards/SV/SV4a/ドードリオ_SV4a-143／360.jpg	SV4a-308	未取得（details.php で番号を確かめて取得する）	
SV4a-144	メタモン		cards/SV/SV4a/メタモン_SV4a-144／360.jpg	SV4a-309	未取得（details.php で番号を確かめて取得する）	
SV4a-145	カビゴン		cards/SV/SV4a/カビゴン_SV4a-145／360.jpg	SV4a-310	未取得（details.php で番号を確かめて取得する）	
SV4a-146	キャモメ		cards/SV/SV4a/キャモメ_SV4a-146／360.jpg	SV4a-311	未取得（details.php で番号を確かめて取得する）	
SV4a-147	ペリッパー		cards/SV/SV4a/ペリッパー_SV4a-147／360.jpg	SV4a-312	未取得（details.php で番号を確かめて取得する）	
SV4a-148	ホシガリス		cards/SV/SV4a/ホシガリス_SV4a-148／360.jpg	SV4a-313	未取得（details.php で番号を確かめて取得する）	
SV4a-149	ヨクバリス		cards/SV/SV4a/ヨクバリス_SV4a-149／360.jpg	SV4a-314	未取得（details.php で番号を確かめて取得する）	
SV4a-150	グルトン		cards/SV/SV4a/グルトン_SV4a-150／360.jpg	SV4a-315	未取得（details.php で番号を確かめて取得する）	
SV4a-151	パフュートン		cards/SV/SV4a/パフュートン_SV4a-151／360.jpg	SV4a-316	未取得（details.php で番号を確かめて取得する）	
SV4a-152	ワッカネズミ		cards/SV/SV4a/ワッカネズミ_SV4a-152／360.jpg	SV4a-317	未取得（details.php で番号を確かめて取得する）	
SV4a-153	イッカネズミ		cards/SV/SV4a/イッカネズミ_SV4a-153／360.jpg	SV4a-318	未取得（details.php で番号を確かめて取得する）	
SV4a-154	イキリンコex	RR	cards/SV/SV4a/イキリンコex_SV4a-154／360_RR.jpg	SV4a-337	未取得（details.php で番号を確かめて取得する）	
SV4a-155	カラミンゴ		cards/SV/SV4a/カラミンゴ_SV4a-155／360.jpg	SV4a-319	未取得（details.php で番号を確かめて取得する）	
SV4a-174	ナンジャモ		cards/SV/SV4a/ナンジャモ_SV4a-174／360.jpg	SV4a-350	未取得（details.php で番号を確かめて取得する）	
SV4a-175	ネルケ		cards/SV/SV4a/ネルケ_SV4a-175／360.jpg	SV4a-344 SV4a-352	未取得（details.php で番号を確かめて取得する）	
SV4a-176	博士の研究		cards/SV/SV4a/博士の研究_SV4a-176／360.jpg	SV4a-177	未取得（details.php で番号を確かめて取得する）	
SV4a-177	博士の研究		cards/SV/SV4a/博士の研究_SV4a-177／360.jpg	SV4a-176	未取得（details.php で番号を確かめて取得する）	
SV4a-178	パルデアの学生		cards/SV/SV4a/パルデアの学生_SV4a-178／360.jpg	SV4a-179 SV4a-345 SV4a-346	未取得（details.php で番号を確かめて取得する）	
SV4a-179	パルデアの学生		cards/SV/SV4a/パルデアの学生_SV4a-179／360.jpg	SV4a-178 SV4a-345 SV4a-346	未取得（details.php で番号を確かめて取得する）	
SV4a-180	ペパー		cards/SV/SV4a/ペパー_SV4a-180／360.jpg	SV4a-353	未取得（details.php で番号を確かめて取得する）	
SV4a-182	ボタン		cards/SV/SV4a/ボタン_SV4a-182／360.jpg	SV4a-354	未取得（details.php で番号を確かめて取得する）	
SV4a-191	ナゾノクサ		cards/SV/SV4a/ナゾノクサ_SV4a-191／360.jpg	SV4a-001	未取得（details.php で番号を確かめて取得する）	
SV4a-192	クサイハナ		cards/SV/SV4a/クサイハナ_SV4a-192／360.jpg	SV4a-002	未取得（details.php で番号を確かめて取得する）	
SV4a-193	ラフレシア		cards/SV/SV4a/ラフレシア_SV4a-193／360.jpg	SV4a-003	未取得（details.php で番号を確かめて取得する）	
SV4a-194	ストライク		cards/SV/SV4a/ストライク_SV4a-194／360.jpg	SV4a-004	未取得（details.php で番号を確かめて取得する）	
SV4a-195	ハネッコ		cards/SV/SV4a/ハネッコ_SV4a-195／360.jpg	SV4a-005	未取得（details.php で番号を確かめて取得する）	
SV4a-196	ポポッコ		cards/SV/SV4a/ポポッコ_SV4a-196／360.jpg	SV4a-006	未取得（details.php で番号を確かめて取得する）	
SV4a-197	ワタッコ		cards/SV/SV4a/ワタッコ_SV4a-197／360.jpg	SV4a-007	未取得（details.php で番号を確かめて取得する）	
SV4a-198	クヌギダマ		cards/SV/SV4a/クヌギダマ_SV4a-198／360.jpg	SV4a-008	未取得（details.php で番号を確かめて取得する）	
SV4a-199	ユキカブリ		cards/SV/SV4a/ユキカブリ_SV4a-199／360.jpg	SV4a-010	未取得（details.php で番号を確かめて取得する）	
SV4a-200	ユキノオー		cards/SV/SV4a/ユキノオー_SV4a-200／360.jpg	SV4a-011	未取得（details.php で番号を確かめて取得する）	
SV4a-201	ニャオハ		cards/SV/SV4a/ニャオハ_SV4a-201／360.jpg	SV4a-012	未取得（details.php で番号を確かめて取得する）	
SV4a-202	ニャローテ		cards/SV/SV4a/ニャローテ_SV4a-202／360.jpg	SV4a-013	未取得（details.php で番号を確かめて取得する）	
SV4a-203	ミニーブ		cards/SV/SV4a/ミニーブ_SV4a-203／360.jpg	SV4a-015	未取得（details.php で番号を確かめて取得する）	
SV4a-204	オリーニョ		cards/SV/SV4a/オリーニョ_SV4a-204／360.jpg	SV4a-016	未取得（details.php で番号を確かめて取得する）	
SV4a-205	オリーヴァ		cards/SV/SV4a/オリーヴァ_SV4a-205／360.jpg	SV4a-017	未取得（details.php で番号を確かめて取得する）	
SV4a-206	ノノクラゲ		cards/SV/SV4a/ノノクラゲ_SV4a-206／360.jpg	SV4a-018	未取得（details.php で番号を確かめて取得する）	
SV4a-207	カプサイジ		cards/SV/SV4a/カプサイジ_SV4a-207／360.jpg	SV4a-020	未取得（details.php で番号を確かめて取得する）	
SV4a-208	スコヴィラン		cards/SV/SV4a/スコヴィラン_SV4a-208／360.jpg	SV4a-021	未取得（details.php で番号を確かめて取得する）	
SV4a-209	シガロコ		cards/SV/SV4a/シガロコ_SV4a-209／360.jpg	SV4a-022	未取得（details.php で番号を確かめて取得する）	
SV4a-210	ヒトカゲ		cards/SV/SV4a/ヒトカゲ_SV4a-210／360.jpg	SV4a-025	未取得（details.php で番号を確かめて取得する）	
SV4a-211	リザード		cards/SV/SV4a/リザード_SV4a-211／360.jpg	SV4a-026	未取得（details.php で番号を確かめて取得する）	
SV4a-212	パルデア ケンタロス		cards/SV/SV4a/パルデア ケンタロス_SV4a-212／360.jpg	SV4a-027 SV4a-040 SV4a-103 SV4a-223 SV4a-279	未取得（details.php で番号を確かめて取得する）	
SV4a-213	エンテイ		cards/SV/SV4a/エンテイ_SV4a-213／360.jpg	SV4a-028	未取得（details.php で番号を確かめて取得する）	
SV4a-214	オドリドリ		cards/SV/SV4a/オドリドリ_SV4a-214／360.jpg	SV4a-029	未取得（details.php で番号を確かめて取得する）	
SV4a-215	ホゲータ		cards/SV/SV4a/ホゲータ_SV4a-215／360.jpg	SV4a-030	未取得（details.php で番号を確かめて取得する）	
SV4a-216	アチゲータ		cards/SV/SV4a/アチゲータ_SV4a-216／360.jpg	SV4a-031	未取得（details.php で番号を確かめて取得する）	
SV4a-217	カルボウ		cards/SV/SV4a/カルボウ_SV4a-217／360.jpg	SV4a-033	未取得（details.php で番号を確かめて取得する）	
SV4a-218	グレンアルマ		cards/SV/SV4a/グレンアルマ_SV4a-218／360.jpg	SV4a-034	未取得（details.php で番号を確かめて取得する）	
SV4a-219	ヤドン		cards/SV/SV4a/ヤドン_SV4a-219／360.jpg	SV4a-036	未取得（details.php で番号を確かめて取得する）	
SV4a-220	ヤドラン		cards/SV/SV4a/ヤドラン_SV4a-220／360.jpg	SV4a-037	未取得（details.php で番号を確かめて取得する）	
SV4a-221	ヒトデマン		cards/SV/SV4a/ヒトデマン_SV4a-221／360.jpg	SV4a-038	未取得（details.php で番号を確かめて取得する）	
SV4a-222	スターミー		cards/SV/SV4a/スターミー_SV4a-222／360.jpg	SV4a-039	未取得（details.php で番号を確かめて取得する）	
SV4a-223	パルデア ケンタロス		cards/SV/SV4a/パルデア ケンタロス_SV4a-223／360.jpg	SV4a-027 SV4a-040 SV4a-103 SV4a-212 SV4a-279	未取得（details.php で番号を確かめて取得する）	
SV4a-224	クワッス		cards/SV/SV4a/クワッス_SV4a-224／360.jpg	SV4a-041	未取得（details.php で番号を確かめて取得する）	
SV4a-225	ウェルカモ		cards/SV/SV4a/ウェルカモ_SV4a-225／360.jpg	SV4a-042	未取得（details.php で番号を確かめて取得する）	
SV4a-226	ウミディグダ		cards/SV/SV4a/ウミディグダ_SV4a-226／360.jpg	SV4a-044	未取得（details.php で番号を確かめて取得する）	
SV4a-227	ウミトリオ		cards/SV/SV4a/ウミトリオ_SV4a-227／360.jpg	SV4a-045 SV4a-338	未取得（details.php で番号を確かめて取得する）	
SV4a-228	ナミイルカ		cards/SV/SV4a/ナミイルカ_SV4a-228／360.jpg	SV4a-046	未取得（details.php で番号を確かめて取得する）	
SV4a-229	イルカマン		cards/SV/SV4a/イルカマン_SV4a-229／360.jpg	SV4a-047 SV4a-339	未取得（details.php で番号を確かめて取得する）	
SV4a-230	ミガルーサ		cards/SV/SV4a/ミガルーサ_SV4a-230／360.jpg	SV4a-048	未取得（details.php で番号を確かめて取得する）	
SV4a-231	ヘイラッシャ		cards/SV/SV4a/ヘイラッシャ_SV4a-231／360.jpg	SV4a-049	未取得（details.php で番号を確かめて取得する）	
SV4a-232	シャリタツ		cards/SV/SV4a/シャリタツ_SV4a-232／360.jpg	SV4a-050	未取得（details.php で番号を確かめて取得する）	
SV4a-233	セビエ		cards/SV/SV4a/セビエ_SV4a-233／360.jpg	SV4a-051	未取得（details.php で番号を確かめて取得する）	
SV4a-234	セゴール		cards/SV/SV4a/セゴール_SV4a-234／360.jpg	SV4a-052	未取得（details.php で番号を確かめて取得する）	
SV4a-235	セグレイブ		cards/SV/SV4a/セグレイブ_SV4a-235／360.jpg	SV4a-053	未取得（details.php で番号を確かめて取得する）	
SV4a-236	ピカチュウ		cards/SV/SV4a/ピカチュウ_SV4a-236／360.jpg	SV4a-055	未取得（details.php で番号を確かめて取得する）	
SV4a-237	ライチュウ		cards/SV/SV4a/ライチュウ_SV4a-237／360.jpg	SV4a-056	未取得（details.php で番号を確かめて取得する）	
SV4a-238	ビリリダマ		cards/SV/SV4a/ビリリダマ_SV4a-238／360.jpg	SV4a-057	未取得（details.php で番号を確かめて取得する）	
SV4a-239	マルマイン		cards/SV/SV4a/マルマイン_SV4a-239／360.jpg	SV4a-058	未取得（details.php で番号を確かめて取得する）	
SV4a-240	コリンク		cards/SV/SV4a/コリンク_SV4a-240／360.jpg	SV4a-059	未取得（details.php で番号を確かめて取得する）	
SV4a-241	ルクシオ		cards/SV/SV4a/ルクシオ_SV4a-241／360.jpg	SV4a-060	未取得（details.php で番号を確かめて取得する）	
SV4a-242	レントラー		cards/SV/SV4a/レントラー_SV4a-242／360.jpg	SV4a-061	未取得（details.php で番号を確かめて取得する）	
SV4a-243	パチリス		cards/SV/SV4a/パチリス_SV4a-243／360.jpg	SV4a-062	未取得（details.php で番号を確かめて取得する）	
SV4a-244	ボルトロス		cards/SV/SV4a/ボルトロス_SV4a-244／360.jpg	SV4a-063	未取得（details.php で番号を確かめて取得する）	
SV4a-245	エレズン		cards/SV/SV4a/エレズン_SV4a-245／360.jpg	SV4a-064	未取得（details.php で番号を確かめて取得する）	
SV4a-246	ストリンダー		cards/SV/SV4a/ストリンダー_SV4a-246／360.jpg	SV4a-065	未取得（details.php で番号を確かめて取得する）	
SV4a-247	パモ		cards/SV/SV4a/パモ_SV4a-247／360.jpg	SV4a-066 SV4a-340	未取得（details.php で番号を確かめて取得する）	
SV4a-248	パモット		cards/SV/SV4a/パモット_SV4a-248／360.jpg	SV4a-067	未取得（details.php で番号を確かめて取得する）	
SV4a-249	パーモット		cards/SV/SV4a/パーモット_SV4a-249／360.jpg	SV4a-068	未取得（details.php で番号を確かめて取得する）	
SV4a-250	カイデン		cards/SV/SV4a/カイデン_SV4a-250／360.jpg	SV4a-069	未取得（details.php で番号を確かめて取得する）	
SV4a-251	タイカイデン		cards/SV/SV4a/タイカイデン_SV4a-251／360.jpg	SV4a-070	未取得（details.php で番号を確かめて取得する）	
SV4a-252	プクリン		cards/SV/SV4a/プクリン_SV4a-252／360.jpg	SV4a-072	未取得（details.php で番号を確かめて取得する）	
SV4a-253	ケーシィ		cards/SV/SV4a/ケーシィ_SV4a-253／360.jpg	SV4a-073	未取得（details.php で番号を確かめて取得する）	
SV4a-254	ユンゲラー		cards/SV/SV4a/ユンゲラー_SV4a-254／360.jpg	SV4a-074	未取得（details.php で番号を確かめて取得する）	
SV4a-255	ピィ		cards/SV/SV4a/ピィ_SV4a-255／360.jpg	SV4a-077	未取得（details.php で番号を確かめて取得する）	
SV4a-256	ネイティ		cards/SV/SV4a/ネイティ_SV4a-256／360.jpg	SV4a-078	未取得（details.php で番号を確かめて取得する）	
SV4a-257	ネイティオ		cards/SV/SV4a/ネイティオ_SV4a-257／360.jpg	SV4a-079	未取得（details.php で番号を確かめて取得する）	
SV4a-258	ラルトス		cards/SV/SV4a/ラルトス_SV4a-258／360.jpg	SV4a-080	未取得（details.php で番号を確かめて取得する）	
SV4a-259	キルリア		cards/SV/SV4a/キルリア_SV4a-259／360.jpg	SV4a-081	未取得（details.php で番号を確かめて取得する）	
SV4a-260	フワンテ		cards/SV/SV4a/フワンテ_SV4a-260／360.jpg	SV4a-083	未取得（details.php で番号を確かめて取得する）	
SV4a-261	フワライド		cards/SV/SV4a/フワライド_SV4a-261／360.jpg	SV4a-084	未取得（details.php で番号を確かめて取得する）	
SV4a-262	マネネ		cards/SV/SV4a/マネネ_SV4a-262／360.jpg	SV4a-085	未取得（details.php で番号を確かめて取得する）	
SV4a-263	ミカルゲ		cards/SV/SV4a/ミカルゲ_SV4a-263／360.jpg	SV4a-086	未取得（details.php で番号を確かめて取得する）	
SV4a-264	クレッフィ		cards/SV/SV4a/クレッフィ_SV4a-264／360.jpg	SV4a-087	未取得（details.php で番号を確かめて取得する）	
SV4a-265	ミミッキュ		cards/SV/SV4a/ミミッキュ_SV4a-265／360.jpg	SV4a-088 SV4a-341	未取得（details.php で番号を確かめて取得する）	
SV4a-266	パピモッチ		cards/SV/SV4a/パピモッチ_SV4a-266／360.jpg	SV4a-089	未取得（details.php で番号を確かめて取得する）	
SV4a-267	バウッツェル		cards/SV/SV4a/バウッツェル_SV4a-267／360.jpg	SV4a-090	未取得（details.php で番号を確かめて取得する）	
SV4a-268	ソウブレイズ		cards/SV/SV4a/ソウブレイズ_SV4a-268／360.jpg	SV4a-091	未取得（details.php で番号を確かめて取得する）	
SV4a-269	ベラカス		cards/SV/SV4a/ベラカス_SV4a-269／360.jpg	SV4a-092	未取得（details.php で番号を確かめて取得する）	
SV4a-270	ヒラヒナ		cards/SV/SV4a/ヒラヒナ_SV4a-270／360.jpg	SV4a-093	未取得（details.php で番号を確かめて取得する）	
SV4a-271	カヌチャン		cards/SV/SV4a/カヌチャン_SV4a-271／360.jpg	SV4a-094	未取得（details.php で番号を確かめて取得する）	
SV4a-272	ナカヌチャン		cards/SV/SV4a/ナカヌチャン_SV4a-272／360.jpg	SV4a-095	未取得（details.php で番号を確かめて取得する）	
SV4a-273	デカヌチャン		cards/SV/SV4a/デカヌチャン_SV4a-273／360.jpg	SV4a-096	未取得（details.php で番号を確かめて取得する）	
SV4a-274	ボチ		cards/SV/SV4a/ボチ_SV4a-274／360.jpg	SV4a-097	未取得（details.php で番号を確かめて取得する）	
SV4a-275	ハカドッグ		cards/SV/SV4a/ハカドッグ_SV4a-275／360.jpg	SV4a-098	未取得（details.php で番号を確かめて取得する）	
SV4a-276	マンキー		cards/SV/SV4a/マンキー_SV4a-276／360.jpg	SV4a-100	未取得（details.php で番号を確かめて取得する）	
SV4a-277	オコリザル		cards/SV/SV4a/オコリザル_SV4a-277／360.jpg	SV4a-101	未取得（details.php で番号を確かめて取得する）	
SV4a-278	コノヨザル		cards/SV/SV4a/コノヨザル_SV4a-278／360.jpg	SV4a-102	未取得（details.php で番号を確かめて取得する）	
SV4a-279	パルデア ケンタロス		cards/SV/SV4a/パルデア ケンタロス_SV4a-279／360.jpg	SV4a-027 SV4a-040 SV4a-103 SV4a-212 SV4a-223	未取得（details.php で番号を確かめて取得する）	
SV4a-280	リオル		cards/SV/SV4a/リオル_SV4a-280／360.jpg	SV4a-104	未取得（details.php で番号を確かめて取得する）	
SV4a-281	ルカリオ		cards/SV/SV4a/ルカリオ_SV4a-281／360.jpg	SV4a-105	未取得（details.php で番号を確かめて取得する）	
SV4a-282	ルチャブル		cards/SV/SV4a/ルチャブル_SV4a-282／360.jpg	SV4a-106	未取得（details.php で番号を確かめて取得する）	
SV4a-283	コジオ		cards/SV/SV4a/コジオ_SV4a-283／360.jpg	SV4a-107	未取得（details.php で番号を確かめて取得する）	
SV4a-284	ジオヅム		cards/SV/SV4a/ジオヅム_SV4a-284／360.jpg	SV4a-108	未取得（details.php で番号を確かめて取得する）	
SV4a-285	キョジオーン		cards/SV/SV4a/キョジオーン_SV4a-285／360.jpg	SV4a-109	未取得（details.php で番号を確かめて取得する）	
SV4a-286	キラーメ		cards/SV/SV4a/キラーメ_SV4a-286／360.jpg	SV4a-110	未取得（details.php で番号を確かめて取得する）	
SV4a-287	パルデア ウパー		cards/SV/SV4a/パルデア ウパー_SV4a-287／360.jpg	SV4a-116	未取得（details.php で番号を確かめて取得する）	
SV4a-288	ヤミカラス		cards/SV/SV4a/ヤミカラス_SV4a-288／360.jpg	SV4a-118	未取得（details.php で番号を確かめて取得する）	
SV4a-289	ニューラ		cards/SV/SV4a/ニューラ_SV4a-289／360.jpg	SV4a-119	未取得（details.php で番号を確かめて取得する）	
SV4a-290	マニューラ		cards/SV/SV4a/マニューラ_SV4a-290／360.jpg	SV4a-120	未取得（details.php で番号を確かめて取得する）	
SV4a-291	ヤミラミ		cards/SV/SV4a/ヤミラミ_SV4a-291／360.jpg	SV4a-121	未取得（details.php で番号を確かめて取得する）	
SV4a-292	コマタナ		cards/SV/SV4a/コマタナ_SV4a-292／360.jpg	SV4a-122	未取得（details.php で番号を確かめて取得する）	
SV4a-293	キリキザン		cards/SV/SV4a/キリキザン_SV4a-293／360.jpg	SV4a-123	未取得（details.php で番号を確かめて取得する）	
SV4a-294	ドドゲザン		cards/SV/SV4a/ドドゲザン_SV4a-294／360.jpg	SV4a-124	未取得（details.php で番号を確かめて取得する）	
SV4a-295	オラチフ		cards/SV/SV4a/オラチフ_SV4a-295／360.jpg	SV4a-125	未取得（details.php で番号を確かめて取得する）	
SV4a-296	マフィティフ		cards/SV/SV4a/マフィティフ_SV4a-296／360.jpg	SV4a-126	未取得（details.php で番号を確かめて取得する）	
SV4a-297	シルシュルー		cards/SV/SV4a/シルシュルー_SV4a-297／360.jpg	SV4a-127	未取得（details.php で番号を確かめて取得する）	
SV4a-298	タギングル		cards/SV/SV4a/タギングル_SV4a-298／360.jpg	SV4a-128	未取得（details.php で番号を確かめて取得する）	
SV4a-299	ハッサム		cards/SV/SV4a/ハッサム_SV4a-299／360.jpg	SV4a-129	未取得（details.php で番号を確かめて取得する）	
SV4a-300	ブロロン		cards/SV/SV4a/ブロロン_SV4a-300／360.jpg	SV4a-130	未取得（details.php で番号を確かめて取得する）	
SV4a-301	ブロロローム		cards/SV/SV4a/ブロロローム_SV4a-301／360.jpg	SV4a-131	未取得（details.php で番号を確かめて取得する）	
SV4a-302	オンバット		cards/SV/SV4a/オンバット_SV4a-302／360.jpg	SV4a-134	未取得（details.php で番号を確かめて取得する）	
SV4a-303	モトトカゲ		cards/SV/SV4a/モトトカゲ_SV4a-303／360.jpg	SV4a-136	未取得（details.php で番号を確かめて取得する）	
SV4a-304	ポッポ		cards/SV/SV4a/ポッポ_SV4a-304／360.jpg	SV4a-137	未取得（details.php で番号を確かめて取得する）	
SV4a-305	ピジョン		cards/SV/SV4a/ピジョン_SV4a-305／360.jpg	SV4a-138	未取得（details.php で番号を確かめて取得する）	
SV4a-306	プリン		cards/SV/SV4a/プリン_SV4a-306／360.jpg	SV4a-140	未取得（details.php で番号を確かめて取得する）	
SV4a-307	ドードー		cards/SV/SV4a/ドードー_SV4a-307／360.jpg	SV4a-142	未取得（details.php で番号を確かめて取得する）	
SV4a-308	ドードリオ		cards/SV/SV4a/ドードリオ_SV4a-308／360.jpg	SV4a-143	未取得（details.php で番号を確かめて取得する）	
SV4a-309	メタモン		cards/SV/SV4a/メタモン_SV4a-309／360.jpg	SV4a-144	未取得（details.php で番号を確かめて取得する）	
SV4a-310	カビゴン		cards/SV/SV4a/カビゴン_SV4a-310／360.jpg	SV4a-145	未取得（details.php で番号を確かめて取得する）	
SV4a-311	キャモメ		cards/SV/SV4a/キャモメ_SV4a-311／360.jpg	SV4a-146	未取得（details.php で番号を確かめて取得する）	
SV4a-312	ペリッパー		cards/SV/SV4a/ペリッパー_SV4a-312／360.jpg	SV4a-147	未取得（details.php で番号を確かめて取得する）	
SV4a-313	ホシガリス		cards/SV/SV4a/ホシガリス_SV4a-313／360.jpg	SV4a-148	未取得（details.php で番号を確かめて取得する）	
SV4a-314	ヨクバリス		cards/SV/SV4a/ヨクバリス_SV4a-314／360.jpg	SV4a-149	未取得（details.php で番号を確かめて取得する）	
SV4a-315	グルトン		cards/SV/SV4a/グルトン_SV4a-315／360.jpg	SV4a-150	未取得（details.php で番号を確かめて取得する）	
SV4a-316	パフュートン		cards/SV/SV4a/パフュートン_SV4a-316／360.jpg	SV4a-151	未取得（details.php で番号を確かめて取得する）	
SV4a-317	ワッカネズミ		cards/SV/SV4a/ワッカネズミ_SV4a-317／360.jpg	SV4a-152	未取得（details.php で番号を確かめて取得する）	
SV4a-318	イッカネズミ		cards/SV/SV4a/イッカネズミ_SV4a-318／360.jpg	SV4a-153	未取得（details.php で番号を確かめて取得する）	
SV4a-319	カラミンゴ		cards/SV/SV4a/カラミンゴ_SV4a-319／360.jpg	SV4a-155	未取得（details.php で番号を確かめて取得する）	
SV4a-320	フォレトスex		cards/SV/SV4a/フォレトスex_SV4a-320／360.jpg	SV4a-009	未取得（details.php で番号を確かめて取得する）	
SV4a-321	マスカーニャex		cards/SV/SV4a/マスカーニャex_SV4a-321／360.jpg	SV4a-014	未取得（details.php で番号を確かめて取得する）	
SV4a-322	リククラゲex		cards/SV/SV4a/リククラゲex_SV4a-322／360.jpg	SV4a-019	未取得（details.php で番号を確かめて取得する）	
SV4a-323	クエスパトラex		cards/SV/SV4a/クエスパトラex_SV4a-323／360.jpg	SV4a-023	未取得（details.php で番号を確かめて取得する）	
SV4a-324	ラウドボーンex		cards/SV/SV4a/ラウドボーンex_SV4a-324／360.jpg	SV4a-032	未取得（details.php で番号を確かめて取得する）	
SV4a-325	ウェーニバルex		cards/SV/SV4a/ウェーニバルex_SV4a-325／360.jpg	SV4a-043	未取得（details.php で番号を確かめて取得する）	
SV4a-326	フーディンex		cards/SV/SV4a/フーディンex_SV4a-326／360.jpg	SV4a-075	未取得（details.php で番号を確かめて取得する）	
SV4a-327	ミュウex		cards/SV/SV4a/ミュウex_SV4a-327／360.jpg	SV4a-076 SV4a-347	未取得（details.php で番号を確かめて取得する）	
SV4a-328	サーナイトex		cards/SV/SV4a/サーナイトex_SV4a-328／360.jpg	SV4a-082 SV4a-348	未取得（details.php で番号を確かめて取得する）	
SV4a-329	キラフロルex		cards/SV/SV4a/キラフロルex_SV4a-329／360.jpg	SV4a-111	未取得（details.php で番号を確かめて取得する）	
SV4a-330	イダイナキバex		cards/SV/SV4a/イダイナキバex_SV4a-330／360.jpg	SV4a-112	未取得（details.php で番号を確かめて取得する）	
SV4a-331	リザードンex		cards/SV/SV4a/リザードンex_SV4a-331／360.jpg	SV4a-115 SV4a-349	未取得（details.php で番号を確かめて取得する）	
SV4a-332	パルデア ドオーex		cards/SV/SV4a/パルデア ドオーex_SV4a-332／360.jpg	SV4a-117	未取得（details.php で番号を確かめて取得する）	
SV4a-333	テツノワダチex		cards/SV/SV4a/テツノワダチex_SV4a-333／360.jpg	SV4a-132	未取得（details.php で番号を確かめて取得する）	
SV4a-334	オンバーンex		cards/SV/SV4a/オンバーンex_SV4a-334／360.jpg	SV4a-135	未取得（details.php で番号を確かめて取得する）	
SV4a-335	ピジョットex		cards/SV/SV4a/ピジョットex_SV4a-335／360.jpg	SV4a-139	未取得（details.php で番号を確かめて取得する）	
SV4a-336	プクリンex		cards/SV/SV4a/プクリンex_SV4a-336／360.jpg	SV4a-141	未取得（details.php で番号を確かめて取得する）	
SV4a-337	イキリンコex		cards/SV/SV4a/イキリンコex_SV4a-337／360.jpg	SV4a-154	未取得（details.php で番号を確かめて取得する）	
SV4a-338	ウミトリオ		cards/SV/SV4a/ウミトリオ_SV4a-338／360.jpg	SV4a-045 SV4a-227	未取得（details.php で番号を確かめて取得する）	
SV4a-339	イルカマン		cards/SV/SV4a/イルカマン_SV4a-339／360.jpg	SV4a-047 SV4a-229	未取得（details.php で番号を確かめて取得する）	
SV4a-340	パモ		cards/SV/SV4a/パモ_SV4a-340／360.jpg	SV4a-066 SV4a-247	未取得（details.php で番号を確かめて取得する）	
SV4a-341	ミミッキュ		cards/SV/SV4a/ミミッキュ_SV4a-341／360.jpg	SV4a-088 SV4a-265	未取得（details.php で番号を確かめて取得する）	
SV4a-343	ネモ		cards/SV/SV4a/ネモ_SV4a-343／360.jpg	SV4a-351	未取得（details.php で番号を確かめて取得する）	
SV4a-344	ネルケ		cards/SV/SV4a/ネルケ_SV4a-344／360.jpg	SV4a-175 SV4a-352	未取得（details.php で番号を確かめて取得する）	
SV4a-345	パルデアの学生		cards/SV/SV4a/パルデアの学生_SV4a-345／360.jpg	SV4a-178 SV4a-179 SV4a-346	未取得（details.php で番号を確かめて取得する）	
SV4a-346	パルデアの学生		cards/SV/SV4a/パルデアの学生_SV4a-346／360.jpg	SV4a-178 SV4a-179 SV4a-345	未取得（details.php で番号を確かめて取得する）	
SV4a-347	ミュウex		cards/SV/SV4a/ミュウex_SV4a-347／360.jpg	SV4a-076 SV4a-327	未取得（details.php で番号を確かめて取得する）	
SV4a-348	サーナイトex		cards/SV/SV4a/サーナイトex_SV4a-348／360.jpg	SV4a-082 SV4a-328	未取得（details.php で番号を確かめて取得する）	
SV4a-349	リザードンex		cards/SV/SV4a/リザードンex_SV4a-349／360.jpg	SV4a-115 SV4a-331	未取得（details.php で番号を確かめて取得する）	
SV4a-350	ナンジャモ		cards/SV/SV4a/ナンジャモ_SV4a-350／360.jpg	SV4a-174	未取得（details.php で番号を確かめて取得する）	
SV4a-351	ネモ		cards/SV/SV4a/ネモ_SV4a-351／360.jpg	SV4a-343	未取得（details.php で番号を確かめて取得する）	
SV4a-352	ネルケ		cards/SV/SV4a/ネルケ_SV4a-352／360.jpg	SV4a-175 SV4a-344	未取得（details.php で番号を確かめて取得する）	
SV4a-353	ペパー		cards/SV/SV4a/ペパー_SV4a-353／360.jpg	SV4a-180	未取得（details.php で番号を確かめて取得する）	
SV4a-354	ボタン		cards/SV/SV4a/ボタン_SV4a-354／360.jpg	SV4a-182	未取得（details.php で番号を確かめて取得する）	
SV4a-355	チオンジェンex		cards/SV/SV4a/チオンジェンex_SV4a-355／360.jpg	SV4a-024	未取得（details.php で番号を確かめて取得する）	
SV4a-356	イーユイex		cards/SV/SV4a/イーユイex_SV4a-356／360.jpg	SV4a-035	未取得（details.php で番号を確かめて取得する）	
SV4a-357	パオジアンex		cards/SV/SV4a/パオジアンex_SV4a-357／360.jpg	SV4a-054	未取得（details.php で番号を確かめて取得する）	
SV4a-358	ミライドンex		cards/SV/SV4a/ミライドンex_SV4a-358／360.jpg	SV4a-071	未取得（details.php で番号を確かめて取得する）	
SV4a-359	ディンルーex		cards/SV/SV4a/ディンルーex_SV4a-359／360.jpg	SV4a-113	未取得（details.php で番号を確かめて取得する）	
SV4a-360	コライドンex		cards/SV/SV4a/コライドンex_SV4a-360／360.jpg	SV4a-114	未取得（details.php で番号を確かめて取得する）	
SV5K-005	ドダイトスex	RR	cards/SV/SV5K/ドダイトスex_SV5K-005／100_RR.jpg	SV5K-084	未取得（details.php で番号を確かめて取得する）	
SV5K-012	ウガツホムラex	RR	cards/SV/SV5K/ウガツホムラex_SV5K-012／100_RR.jpg	SV5K-085 SV5K-093 SV5K-098	未取得（details.php で番号を確かめて取得する）	
SV5K-024	ウネルミナモex	RR	cards/SV/SV5K/ウネルミナモex_SV5K-024／100_RR.jpg	SV5K-086 SV5K-094 SV5K-099	未取得（details.php で番号を確かめて取得する）	
SV5K-025	ウミトリオex	RR	cards/SV/SV5K/ウミトリオex_SV5K-025／100_RR.jpg	SV5K-087	未取得（details.php で番号を確かめて取得する）	
SV5K-028	ドーミラー	C	cards/SV/SV5K/ドーミラー_SV5K-028／100_C.jpg	SV5K-074	未取得（details.php で番号を確かめて取得する）	
SV5K-032	ランクルス	U	cards/SV/SV5K/ランクルス_SV5K-032／100_U.jpg	SV5K-075	未取得（details.php で番号を確かめて取得する）	
SV5K-033	ハバタクカミ	R	cards/SV/SV5K/ハバタクカミ_SV5K-033／100_R.jpg	SV5K-076	未取得（details.php で番号を確かめて取得する）	
SV5K-034	ジーランス	R	cards/SV/SV5K/ジーランス_SV5K-034／100_R.jpg	SV5K-077	未取得（details.php で番号を確かめて取得する）	
SV5K-038	バンバドロ	U	cards/SV/SV5K/バンバドロ_SV5K-038／100_U.jpg	SV5K-078	未取得（details.php で番号を確かめて取得する）	
SV5K-044	アーボック	C	cards/SV/SV5K/アーボック_SV5K-044／100_C.jpg	SV5K-079	未取得（details.php で番号を確かめて取得する）	
SV5K-045	ゴース	C	cards/SV/SV5K/ゴース_SV5K-045／100_C.jpg	SV5K-080	未取得（details.php で番号を確かめて取得する）	
SV5K-047	ゲンガーex	RR	cards/SV/SV5K/ゲンガーex_SV5K-047／100_RR.jpg	SV5K-088	未取得（details.php で番号を確かめて取得する）	
SV5K-053	タケルライコex	RR	cards/SV/SV5K/タケルライコex_SV5K-053／100_RR.jpg	SV5K-089 SV5K-095 SV5K-100	未取得（details.php で番号を確かめて取得する）	
SV5K-058	ペラップ	C	cards/SV/SV5K/ペラップ_SV5K-058／100_C.jpg	SV5K-081	未取得（details.php で番号を確かめて取得する）	
SV5K-059	チラーミィ	C	cards/SV/SV5K/チラーミィ_SV5K-059／100_C.jpg	SV5K-082	未取得（details.php で番号を確かめて取得する）	
SV5K-060	チラチーノ	U	cards/SV/SV5K/チラチーノ_SV5K-060／100_U.jpg	SV5K-083	未取得（details.php で番号を確かめて取得する）	
SV5K-067	探検家の先導	U	cards/SV/SV5K/探検家の先導_SV5K-067／100_U.jpg	SV5K-090	未取得（details.php で番号を確かめて取得する）	
SV5K-068	ビワ	U	cards/SV/SV5K/ビワ_SV5K-068／100_U.jpg	SV5K-091 SV5K-096	未取得（details.php で番号を確かめて取得する）	
SV5K-069	マツバの確信	U	cards/SV/SV5K/マツバの確信_SV5K-069／100_U.jpg	SV5K-092 SV5K-097	未取得（details.php で番号を確かめて取得する）	
SV5K-074	ドーミラー		cards/SV/SV5K/ドーミラー_SV5K-074／100.jpg	SV5K-028	未取得（details.php で番号を確かめて取得する）	
SV5K-075	ランクルス		cards/SV/SV5K/ランクルス_SV5K-075／100.jpg	SV5K-032	未取得（details.php で番号を確かめて取得する）	
SV5K-076	ハバタクカミ		cards/SV/SV5K/ハバタクカミ_SV5K-076／100.jpg	SV5K-033	未取得（details.php で番号を確かめて取得する）	
SV5K-077	ジーランス		cards/SV/SV5K/ジーランス_SV5K-077／100.jpg	SV5K-034	未取得（details.php で番号を確かめて取得する）	
SV5K-078	バンバドロ		cards/SV/SV5K/バンバドロ_SV5K-078／100.jpg	SV5K-038	未取得（details.php で番号を確かめて取得する）	
SV5K-079	アーボック		cards/SV/SV5K/アーボック_SV5K-079／100.jpg	SV5K-044	未取得（details.php で番号を確かめて取得する）	
SV5K-080	ゴース		cards/SV/SV5K/ゴース_SV5K-080／100.jpg	SV5K-045	未取得（details.php で番号を確かめて取得する）	
SV5K-081	ペラップ		cards/SV/SV5K/ペラップ_SV5K-081／100.jpg	SV5K-058	未取得（details.php で番号を確かめて取得する）	
SV5K-082	チラーミィ		cards/SV/SV5K/チラーミィ_SV5K-082／100.jpg	SV5K-059	未取得（details.php で番号を確かめて取得する）	
SV5K-083	チラチーノ		cards/SV/SV5K/チラチーノ_SV5K-083／100.jpg	SV5K-060	未取得（details.php で番号を確かめて取得する）	
SV5K-084	ドダイトスex		cards/SV/SV5K/ドダイトスex_SV5K-084／100.jpg	SV5K-005	未取得（details.php で番号を確かめて取得する）	
SV5K-085	ウガツホムラex		cards/SV/SV5K/ウガツホムラex_SV5K-085／100.jpg	SV5K-012 SV5K-093 SV5K-098	未取得（details.php で番号を確かめて取得する）	
SV5K-086	ウネルミナモex		cards/SV/SV5K/ウネルミナモex_SV5K-086／100.jpg	SV5K-024 SV5K-094 SV5K-099	未取得（details.php で番号を確かめて取得する）	
SV5K-087	ウミトリオex		cards/SV/SV5K/ウミトリオex_SV5K-087／100.jpg	SV5K-025	未取得（details.php で番号を確かめて取得する）	
SV5K-088	ゲンガーex		cards/SV/SV5K/ゲンガーex_SV5K-088／100.jpg	SV5K-047	未取得（details.php で番号を確かめて取得する）	
SV5K-089	タケルライコex		cards/SV/SV5K/タケルライコex_SV5K-089／100.jpg	SV5K-053 SV5K-095 SV5K-100	未取得（details.php で番号を確かめて取得する）	
SV5K-090	探検家の先導		cards/SV/SV5K/探検家の先導_SV5K-090／100.jpg	SV5K-067	未取得（details.php で番号を確かめて取得する）	
SV5K-091	ビワ		cards/SV/SV5K/ビワ_SV5K-091／100.jpg	SV5K-068 SV5K-096	未取得（details.php で番号を確かめて取得する）	
SV5K-092	マツバの確信		cards/SV/SV5K/マツバの確信_SV5K-092／100.jpg	SV5K-069 SV5K-097	未取得（details.php で番号を確かめて取得する）	
SV5K-093	ウガツホムラex		cards/SV/SV5K/ウガツホムラex_SV5K-093／100.jpg	SV5K-012 SV5K-085 SV5K-098	未取得（details.php で番号を確かめて取得する）	
SV5K-094	ウネルミナモex		cards/SV/SV5K/ウネルミナモex_SV5K-094／100.jpg	SV5K-024 SV5K-086 SV5K-099	未取得（details.php で番号を確かめて取得する）	
SV5K-095	タケルライコex		cards/SV/SV5K/タケルライコex_SV5K-095／100.jpg	SV5K-053 SV5K-089 SV5K-100	未取得（details.php で番号を確かめて取得する）	
SV5K-096	ビワ		cards/SV/SV5K/ビワ_SV5K-096／100.jpg	SV5K-068 SV5K-091	未取得（details.php で番号を確かめて取得する）	
SV5K-097	マツバの確信		cards/SV/SV5K/マツバの確信_SV5K-097／100.jpg	SV5K-069 SV5K-092	未取得（details.php で番号を確かめて取得する）	
SV5K-098	ウガツホムラex		cards/SV/SV5K/ウガツホムラex_SV5K-098／100.jpg	SV5K-012 SV5K-085 SV5K-093	未取得（details.php で番号を確かめて取得する）	
SV5K-099	ウネルミナモex		cards/SV/SV5K/ウネルミナモex_SV5K-099／100.jpg	SV5K-024 SV5K-086 SV5K-094	未取得（details.php で番号を確かめて取得する）	
SV5K-100	タケルライコex		cards/SV/SV5K/タケルライコex_SV5K-100／100.jpg	SV5K-053 SV5K-089 SV5K-095	未取得（details.php で番号を確かめて取得する）	
SV5M-068	セイジ	U	cards/SV/SV5M/セイジ_SV5M-068／100_U.jpg	SV5M-096	公式 cardID 45285（セイジ U）/assets/images/card_images/large/SV5M/045285_T_SEIJI.jpg	
SV5M-069	ベルのまごころ	U	cards/SV/SV5M/ベルのまごころ_SV5M-069／100_U.jpg	SV5M-097	公式 cardID 45286（ベルのまごころ U）/assets/images/card_images/large/SV5M/045286_T_BERUNOMAGOKORO.jpg	
SV5M-096	セイジ	SAR	cards/SV/SV5M/セイジ_SV5M-096／100_SAR.jpg	SV5M-068	公式 cardID 45568（セイジ SAR）/assets/images/card_images/large/SV5M/045568_T_SEIJI.jpg	
SV5M-097	ベルのまごころ	SAR	cards/SV/SV5M/ベルのまごころ_SV5M-097／100_SAR.jpg	SV5M-069	公式 cardID 45569（ベルのまごころ SAR）/assets/images/card_images/large/SV5M/045569_T_BERUNOMAGOKORO.jpg	
SV5a-003	カイロス	C	cards/SV/SV5a/カイロス_SV5a-03／96_C.jpg	SV5a-067	未取得（details.php で番号を確かめて取得する）	
SV5a-008	チャデス	C	cards/SV/SV5a/チャデス_SV5a-08／96_C.jpg	SV5a-068	未取得（details.php で番号を確かめて取得する）	
SV5a-009	ヤバソチャex	RR	cards/SV/SV5a/ヤバソチャex_SV5a-09／96_RR.jpg	SV5a-079 SV5a-089	未取得（details.php で番号を確かめて取得する）	
SV5a-013	マグカルゴex	RR	cards/SV/SV5a/マグカルゴex_SV5a-13／96_RR.jpg	SV5a-080	未取得（details.php で番号を確かめて取得する）	
SV5a-014	コータス	C	cards/SV/SV5a/コータス_SV5a-14／96_C.jpg	SV5a-069	未取得（details.php で番号を確かめて取得する）	
SV5a-017	ゴウカザル	R	cards/SV/SV5a/ゴウカザル_SV5a-17／96_R.jpg	SV5a-070	未取得（details.php で番号を確かめて取得する）	
SV5a-022	フィオネ	C	cards/SV/SV5a/フィオネ_SV5a-22／96_C.jpg	SV5a-071	未取得（details.php で番号を確かめて取得する）	
SV5a-025	ウッウ	U	cards/SV/SV5a/ウッウ_SV5a-25／96_U.jpg	SV5a-072	未取得（details.php で番号を確かめて取得する）	
SV5a-029	エレザード	C	cards/SV/SV5a/エレザード_SV5a-29／96_C.jpg	SV5a-073	未取得（details.php で番号を確かめて取得する）	
SV5a-033	テツノイバラex	RR	cards/SV/SV5a/テツノイバラex_SV5a-33／96_RR.jpg	SV5a-081	未取得（details.php で番号を確かめて取得する）	
SV5a-039	ラブトロス	R	cards/SV/SV5a/ラブトロス_SV5a-39／96_R.jpg	SV5a-074	未取得（details.php で番号を確かめて取得する）	
SV5a-040	サケブシッポex	RR	cards/SV/SV5a/サケブシッポex_SV5a-40／96_RR.jpg	SV5a-082	未取得（details.php で番号を確かめて取得する）	
SV5a-041	ヒスイ ガーディ	C	cards/SV/SV5a/ヒスイ ガーディ_SV5a-41／96_C.jpg	SV5a-075	未取得（details.php で番号を確かめて取得する）	
SV5a-044	ダイノーズ	U	cards/SV/SV5a/ダイノーズ_SV5a-44／96_U.jpg	SV5a-076	未取得（details.php で番号を確かめて取得する）	
SV5a-045	ゲッコウガex	RR	cards/SV/SV5a/ゲッコウガex_SV5a-45／96_RR.jpg	SV5a-083 SV5a-090	未取得（details.php で番号を確かめて取得する）	
SV5a-048	カジッチュ	C	cards/SV/SV5a/カジッチュ_SV5a-48／96_C.jpg	SV5a-077	未取得（details.php で番号を確かめて取得する）	
SV5a-050	イーブイ	C	cards/SV/SV5a/イーブイ_SV5a-50／96_C.jpg	SV5a-078	未取得（details.php で番号を確かめて取得する）	
SV5a-052	ガチグマ アカツキex	RR	cards/SV/SV5a/ガチグマ アカツキex_SV5a-52／96_RR.jpg	SV5a-084 SV5a-091 SV5a-094	未取得（details.php で番号を確かめて取得する）	
SV5a-061	管理人	C	cards/SV/SV5a/管理人_SV5a-61／96_C.jpg	SV5a-085	未取得（details.php で番号を確かめて取得する）	
SV5a-062	ゴヨウ	U	cards/SV/SV5a/ゴヨウ_SV5a-62／96_U.jpg	SV5a-086	未取得（details.php で番号を確かめて取得する）	
SV5a-063	サザレ	U	cards/SV/SV5a/サザレ_SV5a-63／96_U.jpg	SV5a-087 SV5a-092	未取得（details.php で番号を確かめて取得する）	
SV5a-064	スイレンのお世話	U	cards/SV/SV5a/スイレンのお世話_SV5a-64／96_U.jpg	SV5a-088 SV5a-093	未取得（details.php で番号を確かめて取得する）	
SV5a-067	カイロス		cards/SV/SV5a/カイロス_SV5a-67／96.jpg	SV5a-003	未取得（details.php で番号を確かめて取得する）	
SV5a-068	チャデス		cards/SV/SV5a/チャデス_SV5a-68／96.jpg	SV5a-008	未取得（details.php で番号を確かめて取得する）	
SV5a-069	コータス		cards/SV/SV5a/コータス_SV5a-69／96.jpg	SV5a-014	未取得（details.php で番号を確かめて取得する）	
SV5a-070	ゴウカザル		cards/SV/SV5a/ゴウカザル_SV5a-70／96.jpg	SV5a-017	未取得（details.php で番号を確かめて取得する）	
SV5a-071	フィオネ		cards/SV/SV5a/フィオネ_SV5a-71／96.jpg	SV5a-022	未取得（details.php で番号を確かめて取得する）	
SV5a-072	ウッウ		cards/SV/SV5a/ウッウ_SV5a-72／96.jpg	SV5a-025	未取得（details.php で番号を確かめて取得する）	
SV5a-073	エレザード		cards/SV/SV5a/エレザード_SV5a-73／96.jpg	SV5a-029	未取得（details.php で番号を確かめて取得する）	
SV5a-074	ラブトロス		cards/SV/SV5a/ラブトロス_SV5a-74／96.jpg	SV5a-039	未取得（details.php で番号を確かめて取得する）	
SV5a-075	ヒスイ ガーディ		cards/SV/SV5a/ヒスイ ガーディ_SV5a-75／96.jpg	SV5a-041	未取得（details.php で番号を確かめて取得する）	
SV5a-076	ダイノーズ		cards/SV/SV5a/ダイノーズ_SV5a-76／96.jpg	SV5a-044	未取得（details.php で番号を確かめて取得する）	
SV5a-077	カジッチュ		cards/SV/SV5a/カジッチュ_SV5a-77／96.jpg	SV5a-048	未取得（details.php で番号を確かめて取得する）	
SV5a-078	イーブイ		cards/SV/SV5a/イーブイ_SV5a-78／96.jpg	SV5a-050	未取得（details.php で番号を確かめて取得する）	
SV5a-079	ヤバソチャex		cards/SV/SV5a/ヤバソチャex_SV5a-79／96.jpg	SV5a-009 SV5a-089	未取得（details.php で番号を確かめて取得する）	
SV5a-080	マグカルゴex		cards/SV/SV5a/マグカルゴex_SV5a-80／96.jpg	SV5a-013	未取得（details.php で番号を確かめて取得する）	
SV5a-081	テツノイバラex		cards/SV/SV5a/テツノイバラex_SV5a-81／96.jpg	SV5a-033	未取得（details.php で番号を確かめて取得する）	
SV5a-082	サケブシッポex		cards/SV/SV5a/サケブシッポex_SV5a-82／96.jpg	SV5a-040	未取得（details.php で番号を確かめて取得する）	
SV5a-083	ゲッコウガex		cards/SV/SV5a/ゲッコウガex_SV5a-83／96.jpg	SV5a-045 SV5a-090	未取得（details.php で番号を確かめて取得する）	
SV5a-084	ガチグマ アカツキex		cards/SV/SV5a/ガチグマ アカツキex_SV5a-84／96.jpg	SV5a-052 SV5a-091 SV5a-094	未取得（details.php で番号を確かめて取得する）	
SV5a-085	管理人		cards/SV/SV5a/管理人_SV5a-85／96.jpg	SV5a-061	未取得（details.php で番号を確かめて取得する）	
SV5a-086	ゴヨウ		cards/SV/SV5a/ゴヨウ_SV5a-86／96.jpg	SV5a-062	未取得（details.php で番号を確かめて取得する）	
SV5a-087	サザレ		cards/SV/SV5a/サザレ_SV5a-87／96.jpg	SV5a-063 SV5a-092	未取得（details.php で番号を確かめて取得する）	
SV5a-088	スイレンのお世話		cards/SV/SV5a/スイレンのお世話_SV5a-88／96.jpg	SV5a-064 SV5a-093	未取得（details.php で番号を確かめて取得する）	
SV5a-089	ヤバソチャex		cards/SV/SV5a/ヤバソチャex_SV5a-89／96.jpg	SV5a-009 SV5a-079	未取得（details.php で番号を確かめて取得する）	
SV5a-090	ゲッコウガex		cards/SV/SV5a/ゲッコウガex_SV5a-90／96.jpg	SV5a-045 SV5a-083	未取得（details.php で番号を確かめて取得する）	
SV5a-091	ガチグマ アカツキex		cards/SV/SV5a/ガチグマ アカツキex_SV5a-91／96.jpg	SV5a-052 SV5a-084 SV5a-094	未取得（details.php で番号を確かめて取得する）	
SV5a-092	サザレ		cards/SV/SV5a/サザレ_SV5a-92／96.jpg	SV5a-063 SV5a-087	未取得（details.php で番号を確かめて取得する）	
SV5a-093	スイレンのお世話		cards/SV/SV5a/スイレンのお世話_SV5a-93／96.jpg	SV5a-064 SV5a-088	未取得（details.php で番号を確かめて取得する）	
SV5a-094	ガチグマ アカツキex		cards/SV/SV5a/ガチグマ アカツキex_SV5a-94／96.jpg	SV5a-052 SV5a-084 SV5a-091	未取得（details.php で番号を確かめて取得する）	
SV6-096	スグリ	U	cards/SV/SV6/スグリ_SV6-096／133_U.jpg	SV6-129	公式 cardID 45787（スグリ U）/assets/images/card_images/large/SV6/045787_T_SUGURI.jpg	
SV6-097	ゼイユ	U	cards/SV/SV6/ゼイユ_SV6-097／133_U.jpg	SV6-130	公式 cardID 45788（ゼイユ U）/assets/images/card_images/large/SV6/045788_T_ZEIYU.jpg	
SV6-129	スグリ	SAR	cards/SV/SV6/スグリ_SV6-129／133_SAR.jpg	SV6-096	公式 cardID 45871（スグリ SAR）/assets/images/card_images/large/SV6/045871_T_SUGURI.jpg	
SV6-130	ゼイユ	SAR	cards/SV/SV6/ゼイユ_SV6-130／133_SAR.jpg	SV6-097	公式 cardID 45872（ゼイユ SAR）/assets/images/card_images/large/SV6/045872_T_ZEIYU.jpg	
SV7-002	レディアン	R	cards/SV/SV7/レディアン_SV7-002／135_R.jpg	SV7-103	未取得（details.php で番号を確かめて取得する）	
SV7-003	リリーラ	C	cards/SV/SV7/リリーラ_SV7-003／135_C.jpg	SV7-104	未取得（details.php で番号を確かめて取得する）	
SV7-012	カミツオロチex	RR	cards/SV/SV7/カミツオロチex_SV7-012／135_RR.jpg	SV7-115 SV7-127	未取得（details.php で番号を確かめて取得する）	
SV7-015	バクガメス	C	cards/SV/SV7/バクガメス_SV7-015／135_C.jpg	SV7-105	未取得（details.php で番号を確かめて取得する）	
SV7-017	ラビフット	C	cards/SV/SV7/ラビフット_SV7-017／135_C.jpg	SV7-106	未取得（details.php で番号を確かめて取得する）	
SV7-018	エースバーンex	RR	cards/SV/SV7/エースバーンex_SV7-018／135_RR.jpg	SV7-116	未取得（details.php で番号を確かめて取得する）	
SV7-019	ラプラスex	RR	cards/SV/SV7/ラプラスex_SV7-019／135_RR.jpg	SV7-117	未取得（details.php で番号を確かめて取得する）	
SV7-024	ケケンカニ	U	cards/SV/SV7/ケケンカニ_SV7-024／135_U.jpg	SV7-107	未取得（details.php で番号を確かめて取得する）	
SV7-032	バチュル	C	cards/SV/SV7/バチュル_SV7-032／135_C.jpg	SV7-108	未取得（details.php で番号を確かめて取得する）	
SV7-033	デンチュラex	RR	cards/SV/SV7/デンチュラex_SV7-033／135_RR.jpg	SV7-118 SV7-128	未取得（details.php で番号を確かめて取得する）	
SV7-037	ゼラオラ	R	cards/SV/SV7/ゼラオラ_SV7-037／135_R.jpg	SV7-109	未取得（details.php で番号を確かめて取得する）	
SV7-043	マホミル	C	cards/SV/SV7/マホミル_SV7-043／135_C.jpg	SV7-110	未取得（details.php で番号を確かめて取得する）	
SV7-046	バウッツェルex	RR	cards/SV/SV7/バウッツェルex_SV7-046／135_RR.jpg	SV7-119 SV7-129	未取得（details.php で番号を確かめて取得する）	
SV7-053	アサナン	C	cards/SV/SV7/アサナン_SV7-053／135_C.jpg	SV7-111	未取得（details.php で番号を確かめて取得する）	
SV7-054	チャーレムex	RR	cards/SV/SV7/チャーレムex_SV7-054／135_RR.jpg	SV7-120	未取得（details.php で番号を確かめて取得する）	
SV7-061	ゴクリン	C	cards/SV/SV7/ゴクリン_SV7-061／135_C.jpg	SV7-112	未取得（details.php で番号を確かめて取得する）	
SV7-073	ブリジュラス	R	cards/SV/SV7/ブリジュラス_SV7-073／135_R.jpg	SV7-113	未取得（details.php で番号を確かめて取得する）	
SV7-074	ミミズズex	RR	cards/SV/SV7/ミミズズex_SV7-074／135_RR.jpg	SV7-121	未取得（details.php で番号を確かめて取得する）	
SV7-077	ヨルノズク	R	cards/SV/SV7/ヨルノズク_SV7-077／135_R.jpg	SV7-114	未取得（details.php で番号を確かめて取得する）	
SV7-088	テラパゴスex	RR	cards/SV/SV7/テラパゴスex_SV7-088／135_RR.jpg	SV7-122 SV7-130 SV7-133	未取得（details.php で番号を確かめて取得する）	
SV7-097	アカマツ	U	cards/SV/SV7/アカマツ_SV7-097／135_U.jpg	SV7-123	未取得（details.php で番号を確かめて取得する）	
SV7-098	タロ	U	cards/SV/SV7/タロ_SV7-098／135_U.jpg	SV7-124 SV7-131	未取得（details.php で番号を確かめて取得する）	
SV7-099	ハイダイ	U	cards/SV/SV7/ハイダイ_SV7-099／135_U.jpg	SV7-125	未取得（details.php で番号を確かめて取得する）	
SV7-100	ブライア	U	cards/SV/SV7/ブライア_SV7-100／135_U.jpg	SV7-126 SV7-132	未取得（details.php で番号を確かめて取得する）	
SV7-102	ゼロの大空洞	U	cards/SV/SV7/ゼロの大空洞_SV7-102／135_U.jpg	SV7-135	未取得（details.php で番号を確かめて取得する）	
SV7-103	レディアン		cards/SV/SV7/レディアン_SV7-103／135.jpg	SV7-002	未取得（details.php で番号を確かめて取得する）	
SV7-104	リリーラ		cards/SV/SV7/リリーラ_SV7-104／135.jpg	SV7-003	未取得（details.php で番号を確かめて取得する）	
SV7-105	バクガメス		cards/SV/SV7/バクガメス_SV7-105／135.jpg	SV7-015	未取得（details.php で番号を確かめて取得する）	
SV7-106	ラビフット		cards/SV/SV7/ラビフット_SV7-106／135.jpg	SV7-017	未取得（details.php で番号を確かめて取得する）	
SV7-107	ケケンカニ		cards/SV/SV7/ケケンカニ_SV7-107／135.jpg	SV7-024	未取得（details.php で番号を確かめて取得する）	
SV7-108	バチュル		cards/SV/SV7/バチュル_SV7-108／135.jpg	SV7-032	未取得（details.php で番号を確かめて取得する）	
SV7-109	ゼラオラ		cards/SV/SV7/ゼラオラ_SV7-109／135.jpg	SV7-037	未取得（details.php で番号を確かめて取得する）	
SV7-110	マホミル		cards/SV/SV7/マホミル_SV7-110／135.jpg	SV7-043	未取得（details.php で番号を確かめて取得する）	
SV7-111	アサナン		cards/SV/SV7/アサナン_SV7-111／135.jpg	SV7-053	未取得（details.php で番号を確かめて取得する）	
SV7-112	ゴクリン		cards/SV/SV7/ゴクリン_SV7-112／135.jpg	SV7-061	未取得（details.php で番号を確かめて取得する）	
SV7-113	ブリジュラス		cards/SV/SV7/ブリジュラス_SV7-113／135.jpg	SV7-073	未取得（details.php で番号を確かめて取得する）	
SV7-114	ヨルノズク		cards/SV/SV7/ヨルノズク_SV7-114／135.jpg	SV7-077	未取得（details.php で番号を確かめて取得する）	
SV7-115	カミツオロチex		cards/SV/SV7/カミツオロチex_SV7-115／135.jpg	SV7-012 SV7-127	未取得（details.php で番号を確かめて取得する）	
SV7-116	エースバーンex		cards/SV/SV7/エースバーンex_SV7-116／135.jpg	SV7-018	未取得（details.php で番号を確かめて取得する）	
SV7-117	ラプラスex		cards/SV/SV7/ラプラスex_SV7-117／135.jpg	SV7-019	未取得（details.php で番号を確かめて取得する）	
SV7-118	デンチュラex		cards/SV/SV7/デンチュラex_SV7-118／135.jpg	SV7-033 SV7-128	未取得（details.php で番号を確かめて取得する）	
SV7-119	バウッツェルex		cards/SV/SV7/バウッツェルex_SV7-119／135.jpg	SV7-046 SV7-129	未取得（details.php で番号を確かめて取得する）	
SV7-120	チャーレムex		cards/SV/SV7/チャーレムex_SV7-120／135.jpg	SV7-054	未取得（details.php で番号を確かめて取得する）	
SV7-121	ミミズズex		cards/SV/SV7/ミミズズex_SV7-121／135.jpg	SV7-074	未取得（details.php で番号を確かめて取得する）	
SV7-122	テラパゴスex		cards/SV/SV7/テラパゴスex_SV7-122／135.jpg	SV7-088 SV7-130 SV7-133	未取得（details.php で番号を確かめて取得する）	
SV7-123	アカマツ		cards/SV/SV7/アカマツ_SV7-123／135.jpg	SV7-097	未取得（details.php で番号を確かめて取得する）	
SV7-124	タロ		cards/SV/SV7/タロ_SV7-124／135.jpg	SV7-098 SV7-131	未取得（details.php で番号を確かめて取得する）	
SV7-125	ハイダイ		cards/SV/SV7/ハイダイ_SV7-125／135.jpg	SV7-099	未取得（details.php で番号を確かめて取得する）	
SV7-126	ブライア		cards/SV/SV7/ブライア_SV7-126／135.jpg	SV7-100 SV7-132	未取得（details.php で番号を確かめて取得する）	
SV7-127	カミツオロチex		cards/SV/SV7/カミツオロチex_SV7-127／135.jpg	SV7-012 SV7-115	未取得（details.php で番号を確かめて取得する）	
SV7-128	デンチュラex		cards/SV/SV7/デンチュラex_SV7-128／135.jpg	SV7-033 SV7-118	未取得（details.php で番号を確かめて取得する）	
SV7-129	バウッツェルex		cards/SV/SV7/バウッツェルex_SV7-129／135.jpg	SV7-046 SV7-119	未取得（details.php で番号を確かめて取得する）	
SV7-130	テラパゴスex		cards/SV/SV7/テラパゴスex_SV7-130／135.jpg	SV7-088 SV7-122 SV7-133	未取得（details.php で番号を確かめて取得する）	
SV7-131	タロ		cards/SV/SV7/タロ_SV7-131／135.jpg	SV7-098 SV7-124	未取得（details.php で番号を確かめて取得する）	
SV7-132	ブライア		cards/SV/SV7/ブライア_SV7-132／135.jpg	SV7-100 SV7-126	未取得（details.php で番号を確かめて取得する）	
SV7-133	テラパゴスex		cards/SV/SV7/テラパゴスex_SV7-133／135.jpg	SV7-088 SV7-122 SV7-130	未取得（details.php で番号を確かめて取得する）	
SV7-135	ゼロの大空洞		cards/SV/SV7/ゼロの大空洞_SV7-135／135.jpg	SV7-102	未取得（details.php で番号を確かめて取得する）	
SV7a-001	タマタマ	C	cards/SV/SV7a/タマタマ_SV7a-01／94_C.jpg	SV7a-065	未取得（details.php で番号を確かめて取得する）	
SV7a-003	マシェード	U	cards/SV/SV7a/マシェード_SV7a-03／94_U.jpg	SV7a-066	未取得（details.php で番号を確かめて取得する）	
SV7a-006	ポワルン たいようのすがた	C	cards/SV/SV7a/ポワルン たいようのすがた_SV7a-06／94_C.jpg	SV7a-067	未取得（details.php で番号を確かめて取得する）	
SV7a-011	ブラックキュレムex	RR	cards/SV/SV7a/ブラックキュレムex_SV7a-11／94_RR.jpg	SV7a-077	未取得（details.php で番号を確かめて取得する）	
SV7a-012	ハギギシリ	U	cards/SV/SV7a/ハギギシリ_SV7a-12／94_U.jpg	SV7a-068	未取得（details.php で番号を確かめて取得する）	
SV7a-017	ハルクジラ	C	cards/SV/SV7a/ハルクジラ_SV7a-17／94_C.jpg	SV7a-069	未取得（details.php で番号を確かめて取得する）	
SV7a-019	ラティアスex	RR	cards/SV/SV7a/ラティアスex_SV7a-19／94_RR.jpg	SV7a-078 SV7a-087	未取得（details.php で番号を確かめて取得する）	
SV7a-020	ラティオス	U	cards/SV/SV7a/ラティオス_SV7a-20／94_U.jpg	SV7a-070	未取得（details.php で番号を確かめて取得する）	
SV7a-026	ビブラーバ	C	cards/SV/SV7a/ビブラーバ_SV7a-26／94_C.jpg	SV7a-071	未取得（details.php で番号を確かめて取得する）	
SV7a-027	フライゴンex	RR	cards/SV/SV7a/フライゴンex_SV7a-27／94_RR.jpg	SV7a-079	未取得（details.php で番号を確かめて取得する）	
SV7a-032	タタッコ	C	cards/SV/SV7a/タタッコ_SV7a-32／94_C.jpg	SV7a-072	未取得（details.php で番号を確かめて取得する）	
SV7a-034	エアームド	C	cards/SV/SV7a/エアームド_SV7a-34／94_C.jpg	SV7a-073	未取得（details.php で番号を確かめて取得する）	
SV7a-037	ブリジュラスex	RR	cards/SV/SV7a/ブリジュラスex_SV7a-37／94_RR.jpg	SV7a-080 SV7a-088	未取得（details.php で番号を確かめて取得する）	
SV7a-040	アローラ ナッシーex	RR	cards/SV/SV7a/アローラ ナッシーex_SV7a-40／94_RR.jpg	SV7a-081 SV7a-089 SV7a-092	未取得（details.php で番号を確かめて取得する）	
SV7a-046	アップリュー	U	cards/SV/SV7a/アップリュー_SV7a-46／94_U.jpg	SV7a-074	未取得（details.php で番号を確かめて取得する）	
SV7a-047	タルップル	U	cards/SV/SV7a/タルップル_SV7a-47／94_U.jpg	SV7a-075	未取得（details.php で番号を確かめて取得する）	
SV7a-050	ウォーグル	U	cards/SV/SV7a/ウォーグル_SV7a-50／94_U.jpg	SV7a-076	未取得（details.php で番号を確かめて取得する）	
SV7a-051	モトトカゲex	RR	cards/SV/SV7a/モトトカゲex_SV7a-51／94_RR.jpg	SV7a-082	未取得（details.php で番号を確かめて取得する）	
SV7a-059	カウンターゲイン	U	cards/SV/SV7a/カウンターゲイン_SV7a-59／94_U.jpg	SV7a-093	未取得（details.php で番号を確かめて取得する）	
SV7a-060	カキツバタ	U	cards/SV/SV7a/カキツバタ_SV7a-60／94_U.jpg	SV7a-083 SV7a-090	未取得（details.php で番号を確かめて取得する）	
SV7a-061	サーファー	U	cards/SV/SV7a/サーファー_SV7a-61／94_U.jpg	SV7a-084	未取得（details.php で番号を確かめて取得する）	
SV7a-062	ドラセナ	C	cards/SV/SV7a/ドラセナ_SV7a-62／94_C.jpg	SV7a-085	未取得（details.php で番号を確かめて取得する）	
SV7a-063	ルチアのアピール	U	cards/SV/SV7a/ルチアのアピール_SV7a-63／94_U.jpg	SV7a-086 SV7a-091	未取得（details.php で番号を確かめて取得する）	
SV7a-065	タマタマ		cards/SV/SV7a/タマタマ_SV7a-65／94.jpg	SV7a-001	未取得（details.php で番号を確かめて取得する）	
SV7a-066	マシェード		cards/SV/SV7a/マシェード_SV7a-66／94.jpg	SV7a-003	未取得（details.php で番号を確かめて取得する）	
SV7a-067	ポワルン たいようのすがた		cards/SV/SV7a/ポワルン たいようのすがた_SV7a-67／94.jpg	SV7a-006	未取得（details.php で番号を確かめて取得する）	
SV7a-068	ハギギシリ		cards/SV/SV7a/ハギギシリ_SV7a-68／94.jpg	SV7a-012	未取得（details.php で番号を確かめて取得する）	
SV7a-069	ハルクジラ		cards/SV/SV7a/ハルクジラ_SV7a-69／94.jpg	SV7a-017	未取得（details.php で番号を確かめて取得する）	
SV7a-070	ラティオス		cards/SV/SV7a/ラティオス_SV7a-70／94.jpg	SV7a-020	未取得（details.php で番号を確かめて取得する）	
SV7a-071	ビブラーバ		cards/SV/SV7a/ビブラーバ_SV7a-71／94.jpg	SV7a-026	未取得（details.php で番号を確かめて取得する）	
SV7a-072	タタッコ		cards/SV/SV7a/タタッコ_SV7a-72／94.jpg	SV7a-032	未取得（details.php で番号を確かめて取得する）	
SV7a-073	エアームド		cards/SV/SV7a/エアームド_SV7a-73／94.jpg	SV7a-034	未取得（details.php で番号を確かめて取得する）	
SV7a-074	アップリュー		cards/SV/SV7a/アップリュー_SV7a-74／94.jpg	SV7a-046	未取得（details.php で番号を確かめて取得する）	
SV7a-075	タルップル		cards/SV/SV7a/タルップル_SV7a-75／94.jpg	SV7a-047	未取得（details.php で番号を確かめて取得する）	
SV7a-076	ウォーグル		cards/SV/SV7a/ウォーグル_SV7a-76／94.jpg	SV7a-050	未取得（details.php で番号を確かめて取得する）	
SV7a-077	ブラックキュレムex		cards/SV/SV7a/ブラックキュレムex_SV7a-77／94.jpg	SV7a-011	未取得（details.php で番号を確かめて取得する）	
SV7a-078	ラティアスex		cards/SV/SV7a/ラティアスex_SV7a-78／94.jpg	SV7a-019 SV7a-087	未取得（details.php で番号を確かめて取得する）	
SV7a-079	フライゴンex		cards/SV/SV7a/フライゴンex_SV7a-79／94.jpg	SV7a-027	未取得（details.php で番号を確かめて取得する）	
SV7a-080	ブリジュラスex		cards/SV/SV7a/ブリジュラスex_SV7a-80／94.jpg	SV7a-037 SV7a-088	未取得（details.php で番号を確かめて取得する）	
SV7a-081	アローラ ナッシーex		cards/SV/SV7a/アローラ ナッシーex_SV7a-81／94.jpg	SV7a-040 SV7a-089 SV7a-092	未取得（details.php で番号を確かめて取得する）	
SV7a-082	モトトカゲex		cards/SV/SV7a/モトトカゲex_SV7a-82／94.jpg	SV7a-051	未取得（details.php で番号を確かめて取得する）	
SV7a-083	カキツバタ		cards/SV/SV7a/カキツバタ_SV7a-83／94.jpg	SV7a-060 SV7a-090	未取得（details.php で番号を確かめて取得する）	
SV7a-084	サーファー		cards/SV/SV7a/サーファー_SV7a-84／94.jpg	SV7a-061	未取得（details.php で番号を確かめて取得する）	
SV7a-085	ドラセナ		cards/SV/SV7a/ドラセナ_SV7a-85／94.jpg	SV7a-062	未取得（details.php で番号を確かめて取得する）	
SV7a-086	ルチアのアピール		cards/SV/SV7a/ルチアのアピール_SV7a-86／94.jpg	SV7a-063 SV7a-091	未取得（details.php で番号を確かめて取得する）	
SV7a-087	ラティアスex		cards/SV/SV7a/ラティアスex_SV7a-87／94.jpg	SV7a-019 SV7a-078	未取得（details.php で番号を確かめて取得する）	
SV7a-088	ブリジュラスex		cards/SV/SV7a/ブリジュラスex_SV7a-88／94.jpg	SV7a-037 SV7a-080	未取得（details.php で番号を確かめて取得する）	
SV7a-089	アローラ ナッシーex		cards/SV/SV7a/アローラ ナッシーex_SV7a-89／94.jpg	SV7a-040 SV7a-081 SV7a-092	未取得（details.php で番号を確かめて取得する）	
SV7a-090	カキツバタ		cards/SV/SV7a/カキツバタ_SV7a-90／94.jpg	SV7a-060 SV7a-083	未取得（details.php で番号を確かめて取得する）	
SV7a-091	ルチアのアピール		cards/SV/SV7a/ルチアのアピール_SV7a-91／94.jpg	SV7a-063 SV7a-086	未取得（details.php で番号を確かめて取得する）	
SV7a-092	アローラ ナッシーex		cards/SV/SV7a/アローラ ナッシーex_SV7a-92／94.jpg	SV7a-040 SV7a-081 SV7a-089	未取得（details.php で番号を確かめて取得する）	
SV7a-093	カウンターゲイン		cards/SV/SV7a/カウンターゲイン_SV7a-93／94.jpg	SV7a-059	未取得（details.php で番号を確かめて取得する）	
SV8-011	パルデア ケンタロス	U	cards/SV/SV8/パルデア ケンタロス_SV8-011／138_U.jpg	SV8-024 SV8-063	未取得（details.php で番号を確かめて取得する）	
SV8-024	パルデア ケンタロス	U	cards/SV/SV8/パルデア ケンタロス_SV8-024／138_U.jpg	SV8-011 SV8-063	未取得（details.php で番号を確かめて取得する）	
SV8-063	パルデア ケンタロス	U	cards/SV/SV8/パルデア ケンタロス_SV8-063／138_U.jpg	SV8-011 SV8-024	未取得（details.php で番号を確かめて取得する）	
SV8a-003	リーフィアex	RR	cards/SV/SV8a/リーフィアex_SV8a-003／237_RR.jpg	SV8a-200	未取得（details.php で番号を確かめて取得する）	
SV8a-016	テツノイサハex	RR	cards/SV/SV8a/テツノイサハex_SV8a-016／237_RR.jpg	SV8a-233	未取得（details.php で番号を確かめて取得する）	
SV8a-020	オーガポン みどりのめんex	RR	cards/SV/SV8a/オーガポン みどりのめんex_SV8a-020／237_RR.jpg	SV8a-201 SV8a-234	未取得（details.php で番号を確かめて取得する）	
SV8a-022	ブースターex	RR	cards/SV/SV8a/ブースターex_SV8a-022／237_RR.jpg	SV8a-202	未取得（details.php で番号を確かめて取得する）	
SV8a-026	オーガポン かまどのめんex	RR	cards/SV/SV8a/オーガポン かまどのめんex_SV8a-026／237_RR.jpg	SV8a-204	未取得（details.php で番号を確かめて取得する）	
SV8a-031	シャワーズex	RR	cards/SV/SV8a/シャワーズex_SV8a-031／237_RR.jpg	SV8a-205	未取得（details.php で番号を確かめて取得する）	
SV8a-041	グレイシアex	RR	cards/SV/SV8a/グレイシアex_SV8a-041／237_RR.jpg	SV8a-206	未取得（details.php で番号を確かめて取得する）	
SV8a-046	イルカマンex	RR	cards/SV/SV8a/イルカマンex_SV8a-046／237_RR.jpg	SV8a-207	未取得（details.php で番号を確かめて取得する）	
SV8a-049	ウネルミナモex	RR	cards/SV/SV8a/ウネルミナモex_SV8a-049／237_RR.jpg	SV8a-235	未取得（details.php で番号を確かめて取得する）	
SV8a-050	オーガポン いどのめんex	RR	cards/SV/SV8a/オーガポン いどのめんex_SV8a-050／237_RR.jpg	SV8a-208	未取得（details.php で番号を確かめて取得する）	
SV8a-052	サンダースex	RR	cards/SV/SV8a/サンダースex_SV8a-052／237_RR.jpg	SV8a-209	未取得（details.php で番号を確かめて取得する）	
SV8a-054	テツノカイナex	RR	cards/SV/SV8a/テツノカイナex_SV8a-054／237_RR.jpg	SV8a-210	未取得（details.php で番号を確かめて取得する）	
SV8a-063	エーフィex	RR	cards/SV/SV8a/エーフィex_SV8a-063／237_RR.jpg	SV8a-211	未取得（details.php で番号を確かめて取得する）	
SV8a-069	ニンフィアex	RR	cards/SV/SV8a/ニンフィアex_SV8a-069／237_RR.jpg	SV8a-212	未取得（details.php で番号を確かめて取得する）	
SV8a-074	テツノブジンex	RR	cards/SV/SV8a/テツノブジンex_SV8a-074／237_RR.jpg	SV8a-213	未取得（details.php で番号を確かめて取得する）	
SV8a-078	テツノカシラex	RR	cards/SV/SV8a/テツノカシラex_SV8a-078／237_RR.jpg	SV8a-214	未取得（details.php で番号を確かめて取得する）	
SV8a-088	スナノケガワex	RR	cards/SV/SV8a/スナノケガワex_SV8a-088／237_RR.jpg	SV8a-215	未取得（details.php で番号を確かめて取得する）	
SV8a-091	オーガポン いしずえのめんex	RR	cards/SV/SV8a/オーガポン いしずえのめんex_SV8a-091／237_RR.jpg	SV8a-216	未取得（details.php で番号を確かめて取得する）	
SV8a-093	ブラッキーex	RR	cards/SV/SV8a/ブラッキーex_SV8a-093／237_RR.jpg	SV8a-217	未取得（details.php で番号を確かめて取得する）	
SV8a-101	トドロクツキex	RR	cards/SV/SV8a/トドロクツキex_SV8a-101／237_RR.jpg	SV8a-218	未取得（details.php で番号を確かめて取得する）	
SV8a-105	モモワロウex	RR	cards/SV/SV8a/モモワロウex_SV8a-105／237_RR.jpg	SV8a-219	未取得（details.php で番号を確かめて取得する）	
SV8a-117	サーフゴーex	RR	cards/SV/SV8a/サーフゴーex_SV8a-117／237_RR.jpg	SV8a-220	未取得（details.php で番号を確かめて取得する）	
SV8a-120	ドラパルトex	RR	cards/SV/SV8a/ドラパルトex_SV8a-120／237_RR.jpg	SV8a-221	未取得（details.php で番号を確かめて取得する）	
SV8a-124	タケルライコex	RR	cards/SV/SV8a/タケルライコex_SV8a-124／237_RR.jpg	SV8a-222	未取得（details.php で番号を確かめて取得する）	
SV8a-126	イーブイex	RR	cards/SV/SV8a/イーブイex_SV8a-126／237_RR.jpg	SV8a-223 SV8a-224	未取得（details.php で番号を確かめて取得する）	
SV8a-134	ガチグマ アカツキex	RR	cards/SV/SV8a/ガチグマ アカツキex_SV8a-134／237_RR.jpg	SV8a-225	未取得（details.php で番号を確かめて取得する）	
SV8a-136	テラパゴスex	RR	cards/SV/SV8a/テラパゴスex_SV8a-136／237_RR.jpg	SV8a-226 SV8a-237	未取得（details.php で番号を確かめて取得する）	
SV8a-162	アオキの手際		cards/SV/SV8a/アオキの手際_SV8a-162／237.jpg	SV8a-188	未取得（details.php で番号を確かめて取得する）	
SV8a-163	アカマツ		cards/SV/SV8a/アカマツ_SV8a-163／237.jpg	SV8a-227	未取得（details.php で番号を確かめて取得する）	
SV8a-166	アンズの秘技		cards/SV/SV8a/アンズの秘技_SV8a-166／237.jpg	SV8a-228	未取得（details.php で番号を確かめて取得する）	
SV8a-169	スグリ		cards/SV/SV8a/スグリ_SV8a-169／237.jpg	SV8a-230	未取得（details.php で番号を確かめて取得する）	
SV8a-171	タロ		cards/SV/SV8a/タロ_SV8a-171／237.jpg	SV8a-231	未取得（details.php で番号を確かめて取得する）	
SV8a-173	ネリネ		cards/SV/SV8a/ネリネ_SV8a-173／237.jpg	SV8a-194 SV8a-232	未取得（details.php で番号を確かめて取得する）	
SV8a-174	パルデアの仲間たち		cards/SV/SV8a/パルデアの仲間たち_SV8a-174／237.jpg	SV8a-195	未取得（details.php で番号を確かめて取得する）	
SV8a-179	メロコ		cards/SV/SV8a/メロコ_SV8a-179／237.jpg	SV8a-198	未取得（details.php で番号を確かめて取得する）	
SV8a-188	アオキの手際		cards/SV/SV8a/アオキの手際_SV8a-188／237.jpg	SV8a-162	未取得（details.php で番号を確かめて取得する）	
SV8a-191	シュウメイ		cards/SV/SV8a/シュウメイ_SV8a-191／237.jpg	SV8a-192	未取得（details.php で番号を確かめて取得する）	
SV8a-192	シュウメイ		cards/SV/SV8a/シュウメイ_SV8a-192／237.jpg	SV8a-191	未取得（details.php で番号を確かめて取得する）	
SV8a-194	ネリネ		cards/SV/SV8a/ネリネ_SV8a-194／237.jpg	SV8a-173 SV8a-232	未取得（details.php で番号を確かめて取得する）	
SV8a-195	パルデアの仲間たち		cards/SV/SV8a/パルデアの仲間たち_SV8a-195／237.jpg	SV8a-174	未取得（details.php で番号を確かめて取得する）	
SV8a-198	メロコ		cards/SV/SV8a/メロコ_SV8a-198／237.jpg	SV8a-179	未取得（details.php で番号を確かめて取得する）	
SV8a-200	リーフィアex		cards/SV/SV8a/リーフィアex_SV8a-200／237.jpg	SV8a-003	未取得（details.php で番号を確かめて取得する）	
SV8a-201	オーガポン みどりのめんex		cards/SV/SV8a/オーガポン みどりのめんex_SV8a-201／237.jpg	SV8a-020 SV8a-234	未取得（details.php で番号を確かめて取得する）	
SV8a-202	ブースターex		cards/SV/SV8a/ブースターex_SV8a-202／237.jpg	SV8a-022	未取得（details.php で番号を確かめて取得する）	
SV8a-204	オーガポン かまどのめんex		cards/SV/SV8a/オーガポン かまどのめんex_SV8a-204／237.jpg	SV8a-026	未取得（details.php で番号を確かめて取得する）	
SV8a-205	シャワーズex		cards/SV/SV8a/シャワーズex_SV8a-205／237.jpg	SV8a-031	未取得（details.php で番号を確かめて取得する）	
SV8a-206	グレイシアex		cards/SV/SV8a/グレイシアex_SV8a-206／237.jpg	SV8a-041	未取得（details.php で番号を確かめて取得する）	
SV8a-207	イルカマンex		cards/SV/SV8a/イルカマンex_SV8a-207／237.jpg	SV8a-046	未取得（details.php で番号を確かめて取得する）	
SV8a-208	オーガポン いどのめんex		cards/SV/SV8a/オーガポン いどのめんex_SV8a-208／237.jpg	SV8a-050	未取得（details.php で番号を確かめて取得する）	
SV8a-209	サンダースex		cards/SV/SV8a/サンダースex_SV8a-209／237.jpg	SV8a-052	未取得（details.php で番号を確かめて取得する）	
SV8a-210	テツノカイナex		cards/SV/SV8a/テツノカイナex_SV8a-210／237.jpg	SV8a-054	未取得（details.php で番号を確かめて取得する）	
SV8a-211	エーフィex		cards/SV/SV8a/エーフィex_SV8a-211／237.jpg	SV8a-063	未取得（details.php で番号を確かめて取得する）	
SV8a-212	ニンフィアex		cards/SV/SV8a/ニンフィアex_SV8a-212／237.jpg	SV8a-069	未取得（details.php で番号を確かめて取得する）	
SV8a-213	テツノブジンex		cards/SV/SV8a/テツノブジンex_SV8a-213／237.jpg	SV8a-074	未取得（details.php で番号を確かめて取得する）	
SV8a-214	テツノカシラex		cards/SV/SV8a/テツノカシラex_SV8a-214／237.jpg	SV8a-078	未取得（details.php で番号を確かめて取得する）	
SV8a-215	スナノケガワex		cards/SV/SV8a/スナノケガワex_SV8a-215／237.jpg	SV8a-088	未取得（details.php で番号を確かめて取得する）	
SV8a-216	オーガポン いしずえのめんex		cards/SV/SV8a/オーガポン いしずえのめんex_SV8a-216／237.jpg	SV8a-091	未取得（details.php で番号を確かめて取得する）	
SV8a-217	ブラッキーex		cards/SV/SV8a/ブラッキーex_SV8a-217／237.jpg	SV8a-093	未取得（details.php で番号を確かめて取得する）	
SV8a-218	トドロクツキex		cards/SV/SV8a/トドロクツキex_SV8a-218／237.jpg	SV8a-101	未取得（details.php で番号を確かめて取得する）	
SV8a-219	モモワロウex		cards/SV/SV8a/モモワロウex_SV8a-219／237.jpg	SV8a-105	未取得（details.php で番号を確かめて取得する）	
SV8a-220	サーフゴーex		cards/SV/SV8a/サーフゴーex_SV8a-220／237.jpg	SV8a-117	未取得（details.php で番号を確かめて取得する）	
SV8a-221	ドラパルトex		cards/SV/SV8a/ドラパルトex_SV8a-221／237.jpg	SV8a-120	未取得（details.php で番号を確かめて取得する）	
SV8a-222	タケルライコex		cards/SV/SV8a/タケルライコex_SV8a-222／237.jpg	SV8a-124	未取得（details.php で番号を確かめて取得する）	
SV8a-223	イーブイex		cards/SV/SV8a/イーブイex_SV8a-223／237.jpg	SV8a-126 SV8a-224	未取得（details.php で番号を確かめて取得する）	
SV8a-224	イーブイex		cards/SV/SV8a/イーブイex_SV8a-224／237.jpg	SV8a-126 SV8a-223	未取得（details.php で番号を確かめて取得する）	
SV8a-225	ガチグマ アカツキex		cards/SV/SV8a/ガチグマ アカツキex_SV8a-225／237.jpg	SV8a-134	未取得（details.php で番号を確かめて取得する）	
SV8a-226	テラパゴスex		cards/SV/SV8a/テラパゴスex_SV8a-226／237.jpg	SV8a-136 SV8a-237	未取得（details.php で番号を確かめて取得する）	
SV8a-227	アカマツ		cards/SV/SV8a/アカマツ_SV8a-227／237.jpg	SV8a-163	未取得（details.php で番号を確かめて取得する）	
SV8a-228	アンズの秘技		cards/SV/SV8a/アンズの秘技_SV8a-228／237.jpg	SV8a-166	未取得（details.php で番号を確かめて取得する）	
SV8a-230	スグリ		cards/SV/SV8a/スグリ_SV8a-230／237.jpg	SV8a-169	未取得（details.php で番号を確かめて取得する）	
SV8a-231	タロ		cards/SV/SV8a/タロ_SV8a-231／237.jpg	SV8a-171	未取得（details.php で番号を確かめて取得する）	
SV8a-232	ネリネ		cards/SV/SV8a/ネリネ_SV8a-232／237.jpg	SV8a-173 SV8a-194	未取得（details.php で番号を確かめて取得する）	
SV8a-233	テツノイサハex		cards/SV/SV8a/テツノイサハex_SV8a-233／237.jpg	SV8a-016	未取得（details.php で番号を確かめて取得する）	
SV8a-234	オーガポン みどりのめんex		cards/SV/SV8a/オーガポン みどりのめんex_SV8a-234／237.jpg	SV8a-020 SV8a-201	未取得（details.php で番号を確かめて取得する）	
SV8a-235	ウネルミナモex		cards/SV/SV8a/ウネルミナモex_SV8a-235／237.jpg	SV8a-049	未取得（details.php で番号を確かめて取得する）	
SV8a-237	テラパゴスex		cards/SV/SV8a/テラパゴスex_SV8a-237／237.jpg	SV8a-136 SV8a-226	未取得（details.php で番号を確かめて取得する）	
SV9-006	マラカッチ	U	cards/SV/SV9/マラカッチ_SV9-006／132_U.jpg	SV9-101	未取得（details.php で番号を確かめて取得する）	
SV9-017	ボルケニオンex	RR	cards/SV/SV9/ボルケニオンex_SV9-017／132_RR.jpg	SV9-113 SV9-124	未取得（details.php で番号を確かめて取得する）	
SV9-018	フリーザー	U	cards/SV/SV9/フリーザー_SV9-018／132_U.jpg	SV9-102	未取得（details.php で番号を確かめて取得する）	
SV9-025	ホエルオー	R	cards/SV/SV9/ホエルオー_SV9-025／132_R.jpg	SV9-103	未取得（details.php で番号を確かめて取得する）	
SV9-030	ナンジャモのハラバリーex	RR	cards/SV/SV9/ナンジャモのハラバリーex_SV9-030／132_RR.jpg	SV9-114 SV9-125 SV9-130	未取得（details.php で番号を確かめて取得する）	
SV9-032	ナンジャモのタイカイデン	R	cards/SV/SV9/ナンジャモのタイカイデン_SV9-032／132_R.jpg	SV9-104	未取得（details.php で番号を確かめて取得する）	
SV9-033	リーリエのピッピex	RR	cards/SV/SV9/リーリエのピッピex_SV9-033／132_RR.jpg	SV9-115 SV9-126	未取得（details.php で番号を確かめて取得する）	
SV9-042	リーリエのアブリボン	U	cards/SV/SV9/リーリエのアブリボン_SV9-042／132_U.jpg	SV9-105	未取得（details.php で番号を確かめて取得する）	
SV9-044	ウリムー	C	cards/SV/SV9/ウリムー_SV9-044／132_C.jpg	SV9-106	未取得（details.php で番号を確かめて取得する）	
SV9-046	マンムーex	RR	cards/SV/SV9/マンムーex_SV9-046／132_RR.jpg	SV9-116	未取得（details.php で番号を確かめて取得する）	
SV9-052	ルガルガン	R	cards/SV/SV9/ルガルガン_SV9-052／132_R.jpg	SV9-107	未取得（details.php で番号を確かめて取得する）	
SV9-060	Nのゾロア	C	cards/SV/SV9/Nのゾロア_SV9-060／132_C.jpg	SV9-108	未取得（details.php で番号を確かめて取得する）	
SV9-061	Nのゾロアークex	RR	cards/SV/SV9/Nのゾロアークex_SV9-061／132_RR.jpg	SV9-117 SV9-127 SV9-131	未取得（details.php で番号を確かめて取得する）	
SV9-069	ホップのザシアンex	RR	cards/SV/SV9/ホップのザシアンex_SV9-069／132_RR.jpg	SV9-118 SV9-128	未取得（details.php で番号を確かめて取得する）	
SV9-072	ボーマンダex	RR	cards/SV/SV9/ボーマンダex_SV9-072／132_RR.jpg	SV9-119 SV9-129	未取得（details.php で番号を確かめて取得する）	
SV9-074	Nのレシラム	R	cards/SV/SV9/Nのレシラム_SV9-074／132_R.jpg	SV9-109	未取得（details.php で番号を確かめて取得する）	
SV9-077	オオタチ	C	cards/SV/SV9/オオタチ_SV9-077／132_C.jpg	SV9-110	未取得（details.php で番号を確かめて取得する）	
SV9-079	ノココッチex	RR	cards/SV/SV9/ノココッチex_SV9-079／132_RR.jpg	SV9-120	未取得（details.php で番号を確かめて取得する）	
SV9-080	オンバット	C	cards/SV/SV9/オンバット_SV9-080／132_C.jpg	SV9-111	未取得（details.php で番号を確かめて取得する）	
SV9-085	ホップのウールー	C	cards/SV/SV9/ホップのウールー_SV9-085／132_C.jpg	SV9-112	未取得（details.php で番号を確かめて取得する）	
SV9-094	アイリスの闘志	U	cards/SV/SV9/アイリスの闘志_SV9-094／132_U.jpg	SV9-121	未取得（details.php で番号を確かめて取得する）	
SV9-095	怖いお兄さん	U	cards/SV/SV9/怖いお兄さん_SV9-095／132_U.jpg	SV9-122	未取得（details.php で番号を確かめて取得する）	
SV9-096	タケシのスカウト	U	cards/SV/SV9/タケシのスカウト_SV9-096／132_U.jpg	SV9-123	未取得（details.php で番号を確かめて取得する）	
SV9-100	スパイクエネルギー	U	cards/SV/SV9/スパイクエネルギー_SV9-100／132_U.jpg	SV9-132	未取得（details.php で番号を確かめて取得する）	
SV9-101	マラカッチ		cards/SV/SV9/マラカッチ_SV9-101／132.jpg	SV9-006	未取得（details.php で番号を確かめて取得する）	
SV9-102	フリーザー		cards/SV/SV9/フリーザー_SV9-102／132.jpg	SV9-018	未取得（details.php で番号を確かめて取得する）	
SV9-103	ホエルオー		cards/SV/SV9/ホエルオー_SV9-103／132.jpg	SV9-025	未取得（details.php で番号を確かめて取得する）	
SV9-104	ナンジャモのタイカイデン		cards/SV/SV9/ナンジャモのタイカイデン_SV9-104／132.jpg	SV9-032	未取得（details.php で番号を確かめて取得する）	
SV9-105	リーリエのアブリボン		cards/SV/SV9/リーリエのアブリボン_SV9-105／132.jpg	SV9-042	未取得（details.php で番号を確かめて取得する）	
SV9-106	ウリムー		cards/SV/SV9/ウリムー_SV9-106／132.jpg	SV9-044	未取得（details.php で番号を確かめて取得する）	
SV9-107	ルガルガン		cards/SV/SV9/ルガルガン_SV9-107／132.jpg	SV9-052	未取得（details.php で番号を確かめて取得する）	
SV9-108	Nのゾロア		cards/SV/SV9/Nのゾロア_SV9-108／132.jpg	SV9-060	未取得（details.php で番号を確かめて取得する）	
SV9-109	Nのレシラム		cards/SV/SV9/Nのレシラム_SV9-109／132.jpg	SV9-074	未取得（details.php で番号を確かめて取得する）	
SV9-110	オオタチ		cards/SV/SV9/オオタチ_SV9-110／132.jpg	SV9-077	未取得（details.php で番号を確かめて取得する）	
SV9-111	オンバット		cards/SV/SV9/オンバット_SV9-111／132.jpg	SV9-080	未取得（details.php で番号を確かめて取得する）	
SV9-112	ホップのウールー		cards/SV/SV9/ホップのウールー_SV9-112／132.jpg	SV9-085	未取得（details.php で番号を確かめて取得する）	
SV9-113	ボルケニオンex		cards/SV/SV9/ボルケニオンex_SV9-113／132.jpg	SV9-017 SV9-124	未取得（details.php で番号を確かめて取得する）	
SV9-114	ナンジャモのハラバリーex		cards/SV/SV9/ナンジャモのハラバリーex_SV9-114／132.jpg	SV9-030 SV9-125 SV9-130	未取得（details.php で番号を確かめて取得する）	
SV9-115	リーリエのピッピex		cards/SV/SV9/リーリエのピッピex_SV9-115／132.jpg	SV9-033 SV9-126	未取得（details.php で番号を確かめて取得する）	
SV9-116	マンムーex		cards/SV/SV9/マンムーex_SV9-116／132.jpg	SV9-046	未取得（details.php で番号を確かめて取得する）	
SV9-117	Nのゾロアークex		cards/SV/SV9/Nのゾロアークex_SV9-117／132.jpg	SV9-061 SV9-127 SV9-131	未取得（details.php で番号を確かめて取得する）	
SV9-118	ホップのザシアンex		cards/SV/SV9/ホップのザシアンex_SV9-118／132.jpg	SV9-069 SV9-128	未取得（details.php で番号を確かめて取得する）	
SV9-119	ボーマンダex		cards/SV/SV9/ボーマンダex_SV9-119／132.jpg	SV9-072 SV9-129	未取得（details.php で番号を確かめて取得する）	
SV9-120	ノココッチex		cards/SV/SV9/ノココッチex_SV9-120／132.jpg	SV9-079	未取得（details.php で番号を確かめて取得する）	
SV9-121	アイリスの闘志		cards/SV/SV9/アイリスの闘志_SV9-121／132.jpg	SV9-094	未取得（details.php で番号を確かめて取得する）	
SV9-122	怖いお兄さん		cards/SV/SV9/怖いお兄さん_SV9-122／132.jpg	SV9-095	未取得（details.php で番号を確かめて取得する）	
SV9-123	タケシのスカウト		cards/SV/SV9/タケシのスカウト_SV9-123／132.jpg	SV9-096	未取得（details.php で番号を確かめて取得する）	
SV9-124	ボルケニオンex		cards/SV/SV9/ボルケニオンex_SV9-124／132.jpg	SV9-017 SV9-113	未取得（details.php で番号を確かめて取得する）	
SV9-125	ナンジャモのハラバリーex		cards/SV/SV9/ナンジャモのハラバリーex_SV9-125／132.jpg	SV9-030 SV9-114 SV9-130	未取得（details.php で番号を確かめて取得する）	
SV9-126	リーリエのピッピex		cards/SV/SV9/リーリエのピッピex_SV9-126／132.jpg	SV9-033 SV9-115	未取得（details.php で番号を確かめて取得する）	
SV9-127	Nのゾロアークex		cards/SV/SV9/Nのゾロアークex_SV9-127／132.jpg	SV9-061 SV9-117 SV9-131	未取得（details.php で番号を確かめて取得する）	
SV9-128	ホップのザシアンex		cards/SV/SV9/ホップのザシアンex_SV9-128／132.jpg	SV9-069 SV9-118	未取得（details.php で番号を確かめて取得する）	
SV9-129	ボーマンダex		cards/SV/SV9/ボーマンダex_SV9-129／132.jpg	SV9-072 SV9-119	未取得（details.php で番号を確かめて取得する）	
SV9-130	ナンジャモのハラバリーex		cards/SV/SV9/ナンジャモのハラバリーex_SV9-130／132.jpg	SV9-030 SV9-114 SV9-125	未取得（details.php で番号を確かめて取得する）	
SV9-131	Nのゾロアークex		cards/SV/SV9/Nのゾロアークex_SV9-131／132.jpg	SV9-061 SV9-117 SV9-127	未取得（details.php で番号を確かめて取得する）	
SV9-132	スパイクエネルギー		cards/SV/SV9/スパイクエネルギー_SV9-132／132.jpg	SV9-100	未取得（details.php で番号を確かめて取得する）	
SV9a-002	ヤンヤンマ	C	cards/SV/SV9a/ヤンヤンマ_SV9a-02／92_C.jpg	SV9a-064	未取得（details.php で番号を確かめて取得する）	
SV9a-003	メガヤンマex	RR	cards/SV/SV9a/メガヤンマex_SV9a-03／92_RR.jpg	SV9a-076 SV9a-085	未取得（details.php で番号を確かめて取得する）	
SV9a-005	シロナのロズレイド	R	cards/SV/SV9a/シロナのロズレイド_SV9a-05／92_R.jpg	SV9a-065	未取得（details.php で番号を確かめて取得する）	
SV9a-006	シェイミ	U	cards/SV/SV9a/シェイミ_SV9a-06／92_U.jpg	SV9a-066	未取得（details.php で番号を確かめて取得する）	
SV9a-008	イワパレス	R	cards/SV/SV9a/イワパレス_SV9a-08／92_R.jpg	SV9a-067	未取得（details.php で番号を確かめて取得する）	
SV9a-011	カミツオロチ	R	cards/SV/SV9a/カミツオロチ_SV9a-11／92_R.jpg	SV9a-068	未取得（details.php で番号を確かめて取得する）	
SV9a-014	ギャロップ	U	cards/SV/SV9a/ギャロップ_SV9a-14／92_U.jpg	SV9a-069	未取得（details.php で番号を確かめて取得する）	
SV9a-017	ヒビキのバクフーン	R	cards/SV/SV9a/ヒビキのバクフーン_SV9a-17／92_R.jpg	SV9a-070	未取得（details.php で番号を確かめて取得する）	
SV9a-020	ヒビキのホウオウex	RR	cards/SV/SV9a/ヒビキのホウオウex_SV9a-20／92_RR.jpg	SV9a-077 SV9a-086 SV9a-090	未取得（details.php で番号を確かめて取得する）	
SV9a-022	カスミのコダック	U	cards/SV/SV9a/カスミのコダック_SV9a-22／92_U.jpg	SV9a-071	未取得（details.php で番号を確かめて取得する）	
SV9a-027	カスミのラプラス	C	cards/SV/SV9a/カスミのラプラス_SV9a-27／92_C.jpg	SV9a-072	未取得（details.php で番号を確かめて取得する）	
SV9a-032	ヘイラッシャex	RR	cards/SV/SV9a/ヘイラッシャex_SV9a-32／92_RR.jpg	SV9a-078	未取得（details.php で番号を確かめて取得する）	
SV9a-035	エレキブルex	RR	cards/SV/SV9a/エレキブルex_SV9a-35／92_RR.jpg	SV9a-079	未取得（details.php で番号を確かめて取得する）	
SV9a-037	ラクライ	C	cards/SV/SV9a/ラクライ_SV9a-37／92_C.jpg	SV9a-073	未取得（details.php で番号を確かめて取得する）	
SV9a-039	ロトム	C	cards/SV/SV9a/ロトム_SV9a-39／92_C.jpg	SV9a-074	未取得（details.php で番号を確かめて取得する）	
SV9a-044	シロナのガブリアスex	RR	cards/SV/SV9a/シロナのガブリアスex_SV9a-44／92_RR.jpg	SV9a-080 SV9a-087 SV9a-091	未取得（details.php で番号を確かめて取得する）	
SV9a-052	ペパーのマフィティフex	RR	cards/SV/SV9a/ペパーのマフィティフex_SV9a-52／92_RR.jpg	SV9a-081 SV9a-088	未取得（details.php で番号を確かめて取得する）	
SV9a-055	ペパーのヨクバリス	R	cards/SV/SV9a/ペパーのヨクバリス_SV9a-55／92_R.jpg	SV9a-075	未取得（details.php で番号を確かめて取得する）	
SV9a-061	MCの盛り上げ	C	cards/SV/SV9a/MCの盛り上げ_SV9a-61／92_C.jpg	SV9a-082	未取得（details.php で番号を確かめて取得する）	
SV9a-062	ジャッジマン	U	cards/SV/SV9a/ジャッジマン_SV9a-62／92_U.jpg	SV9a-083	未取得（details.php で番号を確かめて取得する）	
SV9a-063	ヒビキの冒険	U	cards/SV/SV9a/ヒビキの冒険_SV9a-63／92_U.jpg	SV9a-084 SV9a-089	未取得（details.php で番号を確かめて取得する）	
SV9a-064	ヤンヤンマ		cards/SV/SV9a/ヤンヤンマ_SV9a-64／92.jpg	SV9a-002	未取得（details.php で番号を確かめて取得する）	
SV9a-065	シロナのロズレイド		cards/SV/SV9a/シロナのロズレイド_SV9a-65／92.jpg	SV9a-005	未取得（details.php で番号を確かめて取得する）	
SV9a-066	シェイミ		cards/SV/SV9a/シェイミ_SV9a-66／92.jpg	SV9a-006	未取得（details.php で番号を確かめて取得する）	
SV9a-067	イワパレス		cards/SV/SV9a/イワパレス_SV9a-67／92.jpg	SV9a-008	未取得（details.php で番号を確かめて取得する）	
SV9a-068	カミツオロチ		cards/SV/SV9a/カミツオロチ_SV9a-68／92.jpg	SV9a-011	未取得（details.php で番号を確かめて取得する）	
SV9a-069	ギャロップ		cards/SV/SV9a/ギャロップ_SV9a-69／92.jpg	SV9a-014	未取得（details.php で番号を確かめて取得する）	
SV9a-070	ヒビキのバクフーン		cards/SV/SV9a/ヒビキのバクフーン_SV9a-70／92.jpg	SV9a-017	未取得（details.php で番号を確かめて取得する）	
SV9a-071	カスミのコダック		cards/SV/SV9a/カスミのコダック_SV9a-71／92.jpg	SV9a-022	未取得（details.php で番号を確かめて取得する）	
SV9a-072	カスミのラプラス		cards/SV/SV9a/カスミのラプラス_SV9a-72／92.jpg	SV9a-027	未取得（details.php で番号を確かめて取得する）	
SV9a-073	ラクライ		cards/SV/SV9a/ラクライ_SV9a-73／92.jpg	SV9a-037	未取得（details.php で番号を確かめて取得する）	
SV9a-074	ロトム		cards/SV/SV9a/ロトム_SV9a-74／92.jpg	SV9a-039	未取得（details.php で番号を確かめて取得する）	
SV9a-075	ペパーのヨクバリス		cards/SV/SV9a/ペパーのヨクバリス_SV9a-75／92.jpg	SV9a-055	未取得（details.php で番号を確かめて取得する）	
SV9a-076	メガヤンマex		cards/SV/SV9a/メガヤンマex_SV9a-76／92.jpg	SV9a-003 SV9a-085	未取得（details.php で番号を確かめて取得する）	
SV9a-077	ヒビキのホウオウex		cards/SV/SV9a/ヒビキのホウオウex_SV9a-77／92.jpg	SV9a-020 SV9a-086 SV9a-090	未取得（details.php で番号を確かめて取得する）	
SV9a-078	ヘイラッシャex		cards/SV/SV9a/ヘイラッシャex_SV9a-78／92.jpg	SV9a-032	未取得（details.php で番号を確かめて取得する）	
SV9a-079	エレキブルex		cards/SV/SV9a/エレキブルex_SV9a-79／92.jpg	SV9a-035	未取得（details.php で番号を確かめて取得する）	
SV9a-080	シロナのガブリアスex		cards/SV/SV9a/シロナのガブリアスex_SV9a-80／92.jpg	SV9a-044 SV9a-087 SV9a-091	未取得（details.php で番号を確かめて取得する）	
SV9a-081	ペパーのマフィティフex		cards/SV/SV9a/ペパーのマフィティフex_SV9a-81／92.jpg	SV9a-052 SV9a-088	未取得（details.php で番号を確かめて取得する）	
SV9a-082	MCの盛り上げ		cards/SV/SV9a/MCの盛り上げ_SV9a-82／92.jpg	SV9a-061	未取得（details.php で番号を確かめて取得する）	
SV9a-083	ジャッジマン		cards/SV/SV9a/ジャッジマン_SV9a-83／92.jpg	SV9a-062	未取得（details.php で番号を確かめて取得する）	
SV9a-084	ヒビキの冒険		cards/SV/SV9a/ヒビキの冒険_SV9a-84／92.jpg	SV9a-063 SV9a-089	未取得（details.php で番号を確かめて取得する）	
SV9a-085	メガヤンマex		cards/SV/SV9a/メガヤンマex_SV9a-85／92.jpg	SV9a-003 SV9a-076	未取得（details.php で番号を確かめて取得する）	
SV9a-086	ヒビキのホウオウex		cards/SV/SV9a/ヒビキのホウオウex_SV9a-86／92.jpg	SV9a-020 SV9a-077 SV9a-090	未取得（details.php で番号を確かめて取得する）	
SV9a-087	シロナのガブリアスex		cards/SV/SV9a/シロナのガブリアスex_SV9a-87／92.jpg	SV9a-044 SV9a-080 SV9a-091	未取得（details.php で番号を確かめて取得する）	
SV9a-088	ペパーのマフィティフex		cards/SV/SV9a/ペパーのマフィティフex_SV9a-88／92.jpg	SV9a-052 SV9a-081	未取得（details.php で番号を確かめて取得する）	
SV9a-089	ヒビキの冒険		cards/SV/SV9a/ヒビキの冒険_SV9a-89／92.jpg	SV9a-063 SV9a-084	未取得（details.php で番号を確かめて取得する）	
SV9a-090	ヒビキのホウオウex		cards/SV/SV9a/ヒビキのホウオウex_SV9a-90／92.jpg	SV9a-020 SV9a-077 SV9a-086	未取得（details.php で番号を確かめて取得する）	
SV9a-091	シロナのガブリアスex		cards/SV/SV9a/シロナのガブリアスex_SV9a-91／92.jpg	SV9a-044 SV9a-080 SV9a-087	未取得（details.php で番号を確かめて取得する）	
SVD-043	カイデン		cards/SV/SVD/カイデン_SVD-043／139.jpg	SVD-044	未取得（details.php で番号を確かめて取得する）	
SVD-044	カイデン		cards/SV/SVD/カイデン_SVD-044／139.jpg	SVD-043	未取得（details.php で番号を確かめて取得する）	
SVD-101	グルトン		cards/SV/SVD/グルトン_SVD-101／139.jpg	SVD-102	未取得（details.php で番号を確かめて取得する）	
SVD-102	グルトン		cards/SV/SVD/グルトン_SVD-102／139.jpg	SVD-101	未取得（details.php で番号を確かめて取得する）	
SVD-104	ワッカネズミ		cards/SV/SVD/ワッカネズミ_SVD-104／139.jpg	SVD-105	未取得（details.php で番号を確かめて取得する）	
SVD-105	ワッカネズミ		cards/SV/SVD/ワッカネズミ_SVD-105／139.jpg	SVD-104	未取得（details.php で番号を確かめて取得する）	
SVD-133	ネモ		cards/SV/SVD/ネモ_SVD-133／139.jpg	SVD-134	未取得（details.php で番号を確かめて取得する）	
SVD-134	ネモ		cards/SV/SVD/ネモ_SVD-134／139.jpg	SVD-133	未取得（details.php で番号を確かめて取得する）	
SVD-135	博士の研究		cards/SV/SVD/博士の研究_SVD-135／139.jpg	SVD-136	未取得（details.php で番号を確かめて取得する）	
SVD-136	博士の研究		cards/SV/SVD/博士の研究_SVD-136／139.jpg	SVD-135	未取得（details.php で番号を確かめて取得する）	
SVF-030	博士の研究		cards/SV/SVF/博士の研究_SVF-30／38.jpg	SVF-031	未取得（details.php で番号を確かめて取得する）	
SVF-031	博士の研究		cards/SV/SVF/博士の研究_SVF-31／38.jpg	SVF-030	未取得（details.php で番号を確かめて取得する）	
SVHK-023	すごいつりざお		cards/SV/SVHK/すごいつりざお_SVHK-23／53.jpg	SVHK-FIG	未取得（details.php で番号を確かめて取得する）	
SVHK-024	ダークパッチ		cards/SV/SVHK/ダークパッチ_SVHK-24／53.jpg	SVHK-FIR	未取得（details.php で番号を確かめて取得する）	
SVHK-FIG	すごいつりざお		cards/SV/SVHK/すごいつりざお_SVHK-FIG.jpg	SVHK-023	未取得（details.php で番号を確かめて取得する）	
SVHK-FIR	ダークパッチ		cards/SV/SVHK/ダークパッチ_SVHK-FIR.jpg	SVHK-024	未取得（details.php で番号を確かめて取得する）	
SVHM-023	すごいつりざお		cards/SV/SVHM/すごいつりざお_SVHM-23／53.jpg	SVHM-LIG	未取得（details.php で番号を確かめて取得する）	
SVHM-024	ダークパッチ		cards/SV/SVHM/ダークパッチ_SVHM-24／53.jpg	SVHM-PSY	未取得（details.php で番号を確かめて取得する）	
SVHM-LIG	すごいつりざお		cards/SV/SVHM/すごいつりざお_SVHM-LIG.jpg	SVHM-023	未取得（details.php で番号を確かめて取得する）	
SVHM-PSY	ダークパッチ		cards/SV/SVHM/ダークパッチ_SVHM-PSY.jpg	SVHM-024	未取得（details.php で番号を確かめて取得する）	
SVK-035	博士の研究		cards/SV/SVK/博士の研究_SVK-35／44.jpg	SVK-036	未取得（details.php で番号を確かめて取得する）	
SVK-036	博士の研究		cards/SV/SVK/博士の研究_SVK-36／44.jpg	SVK-035	未取得（details.php で番号を確かめて取得する）	
