file,set,card_key,category,card_name_in_data,same_content_as,same_content_key,indexed_file_for_same_key,bytes
"cards/L/L1-Bhg/ホウオウLEGEND_L1-Bhg-15／70_LEGEND.jpg","L1-Bhg","L1-Bhg/15","same_content","ホウオウLEGEND","cards/L/L1-Bhg/ホウオウLEGEND_L1-Bhg-15／70_LEGEND.gif","L1-Bhg/15","cards/L/L1-Bhg/ホウオウLEGEND_L1-Bhg-15／70_LEGEND.gif","828819"
"cards/L/L1-Bhg/ホウオウLEGEND_L1-Bhg-16／70_LEGEND.jpg","L1-Bhg","L1-Bhg/16","same_content","ホウオウLEGEND","cards/L/L1-Bhg/ホウオウLEGEND_L1-Bhg-15／70_LEGEND.gif","L1-Bhg/15","cards/L/L1-Bhg/ホウオウLEGEND_L1-Bhg-16／70_LEGEND.gif","828819"
"cards/L/L1-Bss/ルギアLEGEND_L1-Bss-29／70_LEGEND.jpg","L1-Bss","L1-Bss/29","same_content","ルギアLEGEND","cards/L/L1-Bss/ルギアLEGEND_L1-Bss-29／70_LEGEND.gif","L1-Bss/29","cards/L/L1-Bss/ルギアLEGEND_L1-Bss-29／70_LEGEND.gif","913342"
"cards/L/L1-Bss/ルギアLEGEND_L1-Bss-30／70_LEGEND.jpg","L1-Bss","L1-Bss/30","same_content","ルギアLEGEND","cards/L/L1-Bss/ルギアLEGEND_L1-Bss-29／70_LEGEND.gif","L1-Bss/29","cards/L/L1-Bss/ルギアLEGEND_L1-Bss-30／70_LEGEND.gif","913342"
"cards/L/L2-B/エンテイ&ライコウLEGEND_L2-B-63／80_LEGEND.jpg","L2-B","L2-B/63","same_content","エンテイ&ライコウLEGEND","cards/L/L2-B/エンテイ&ライコウLEGEND_L2-B-63／80_LEGEND.gif","L2-B/63","cards/L/L2-B/エンテイ&ライコウLEGEND_L2-B-63／80_LEGEND.gif","1055907"
"cards/L/L2-B/エンテイ&ライコウLEGEND_L2-B-64／80_LEGEND.jpg","L2-B","L2-B/64","same_content","エンテイ&ライコウLEGEND","cards/L/L2-B/エンテイ&ライコウLEGEND_L2-B-63／80_LEGEND.gif","L2-B/63","cards/L/L2-B/エンテイ&ライコウLEGEND_L2-B-64／80_LEGEND.gif","1055907"
"cards/L/L2-B/スイクン&エンテイLEGEND_L2-B-65／80_LEGEND.jpg","L2-B","L2-B/65","same_content","スイクン&エンテイLEGEND","cards/L/L2-B/スイクン&エンテイLEGEND_L2-B-65／80_LEGEND.gif","L2-B/65","cards/L/L2-B/スイクン&エンテイLEGEND_L2-B-65／80_LEGEND.gif","1047898"
"cards/L/L2-B/スイクン&エンテイLEGEND_L2-B-66／80_LEGEND.jpg","L2-B","L2-B/66","same_content","スイクン&エンテイLEGEND","cards/L/L2-B/スイクン&エンテイLEGEND_L2-B-65／80_LEGEND.gif","L2-B/65","cards/L/L2-B/スイクン&エンテイLEGEND_L2-B-66／80_LEGEND.gif","1047898"
"cards/L/L2-B/ライコウ&スイクンLEGEND_L2-B-67／80_LEGEND.jpg","L2-B","L2-B/67","same_content","ライコウ&スイクンLEGEND","cards/L/L2-B/ライコウ&スイクンLEGEND_L2-B-67／80_LEGEND.gif","L2-B/67","cards/L/L2-B/ライコウ&スイクンLEGEND_L2-B-67／80_LEGEND.gif","1007624"
"cards/L/L2-B/ライコウ&スイクンLEGEND_L2-B-68／80_LEGEND.jpg","L2-B","L2-B/68","same_content","ライコウ&スイクンLEGEND","cards/L/L2-B/ライコウ&スイクンLEGEND_L2-B-67／80_LEGEND.gif","L2-B/67","cards/L/L2-B/ライコウ&スイクンLEGEND_L2-B-68／80_LEGEND.gif","1007624"
"cards/L/L3-B/カイオーガ&グラードンLEGEND_L3-B-70／80_LEGEND.jpg","L3-B","L3-B/70","same_content","カイオーガ&グラードンLEGEND","cards/L/L3-B/カイオーガ&グラードンLEGEND_L3-B-70／80_LEGEND.gif","L3-B/70","cards/L/L3-B/カイオーガ&グラードンLEGEND_L3-B-70／80_LEGEND.gif","1161042"
"cards/L/L3-B/カイオーガ&グラードンLEGEND_L3-B-71／80_LEGEND.jpg","L3-B","L3-B/71","same_content","カイオーガ&グラードンLEGEND","cards/L/L3-B/カイオーガ&グラードンLEGEND_L3-B-70／80_LEGEND.gif","L3-B/70","cards/L/L3-B/カイオーガ&グラードンLEGEND_L3-B-71／80_LEGEND.gif","1161042"
"cards/L/L3-B/パルキア&ディアルガLEGEND_L3-B-72／80_LEGEND.jpg","L3-B","L3-B/72","same_content","パルキア&ディアルガLEGEND","cards/L/L3-B/パルキア&ディアルガLEGEND_L3-B-72／80_LEGEND.gif","L3-B/72","cards/L/L3-B/パルキア&ディアルガLEGEND_L3-B-72／80_LEGEND.gif","1148532"
"cards/L/L3-B/パルキア&ディアルガLEGEND_L3-B-73／80_LEGEND.jpg","L3-B","L3-B/73","same_content","パルキア&ディアルガLEGEND","cards/L/L3-B/パルキア&ディアルガLEGEND_L3-B-72／80_LEGEND.gif","L3-B/72","cards/L/L3-B/パルキア&ディアルガLEGEND_L3-B-73／80_LEGEND.gif","1148532"
"cards/L/L3-B/レックウザ&デオキシスLEGEND_L3-B-74／80_LEGEND.jpg","L3-B","L3-B/74","same_content","レックウザ&デオキシスLEGEND","cards/L/L3-B/レックウザ&デオキシスLEGEND_L3-B-74／80_LEGEND.gif","L3-B/74","cards/L/L3-B/レックウザ&デオキシスLEGEND_L3-B-74／80_LEGEND.gif","1070394"
"cards/L/L3-B/レックウザ&デオキシスLEGEND_L3-B-75／80_LEGEND.jpg","L3-B","L3-B/75","same_content","レックウザ&デオキシスLEGEND","cards/L/L3-B/レックウザ&デオキシスLEGEND_L3-B-74／80_LEGEND.gif","L3-B/74","cards/L/L3-B/レックウザ&デオキシスLEGEND_L3-B-75／80_LEGEND.gif","1070394"
"cards/L/LL/ダークライ&クレセリアLEGEND_LL-35／40_LEGEND.jpg","LL","LL/35","same_content","ダークライ&クレセリアLEGEND","cards/L/LL/ダークライ&クレセリアLEGEND_LL-35／40_LEGEND.gif","LL/35","cards/L/LL/ダークライ&クレセリアLEGEND_LL-35／40_LEGEND.gif","1003765"
"cards/L/LL/ダークライ&クレセリアLEGEND_LL-36／40_LEGEND.jpg","LL","LL/36","same_content","ダークライ&クレセリアLEGEND","cards/L/LL/ダークライ&クレセリアLEGEND_LL-35／40_LEGEND.gif","LL/35","cards/L/LL/ダークライ&クレセリアLEGEND_LL-36／40_LEGEND.gif","1003765"
"cards/neo/neo4/exp。共有_neo4-109／229_R.png","neo4","neo4/109","same_content","exp。共有","cards/neo/neo4/exp。共有_neo4-109／113_R.png","neo4/109","cards/neo/neo4/exp。共有_neo4-109／113_R.png","502410"
"cards/neo/neo4/アリゲイツ_neo4-036／229_U.png","neo4","neo4/36","same_content","アリゲイツ","cards/neo/neo4/アリゲイツ_neo4-036／113_U.png","neo4/36","cards/neo/neo4/アリゲイツ_neo4-036／113_U.png","606092"
"cards/neo/neo4/アンノーン_neo4-050／229_C.png","neo4","neo4/50","same_content","アンノーン","cards/neo/neo4/アンノーン_neo4-050／113_C.png","neo4/50","cards/neo/neo4/アンノーン_neo4-050／113_C.png","588868"
"cards/neo/neo4/アンノーン_neo4-051／229_C.png","neo4","neo4/51","same_content","アンノーン","cards/neo/neo4/アンノーン_neo4-051／113_C.png","neo4/51","cards/neo/neo4/アンノーン_neo4-051／113_C.png","617275"
"cards/neo/neo4/アンノーン_neo4-052／229_C.png","neo4","neo4/52","same_content","アンノーン","cards/neo/neo4/アンノーン_neo4-052／113_C.png","neo4/52","cards/neo/neo4/アンノーン_neo4-052／113_C.png","599227"
"cards/neo/neo4/アンノーン_neo4-053／229_C.png","neo4","neo4/53","same_content","アンノーン","cards/neo/neo4/アンノーン_neo4-053／113_C.png","neo4/53","cards/neo/neo4/アンノーン_neo4-053／113_C.png","692048"
"cards/neo/neo4/アンノーン_neo4-057／229_U.png","neo4","neo4/57","same_content","アンノーン","cards/neo/neo4/アンノーン_neo4-057／113_U.png","neo4/57","cards/neo/neo4/アンノーン_neo4-057／113_U.png","604921"
"cards/neo/neo4/アンノーン_neo4-058／229_U.png","neo4","neo4/58","same_content","アンノーン","cards/neo/neo4/アンノーン_neo4-058／113_U.png","neo4/58","cards/neo/neo4/アンノーン_neo4-058／113_U.png","630622"
"cards/neo/neo4/アンノーン_neo4-059／229_U.png","neo4","neo4/59","same_content","アンノーン","cards/neo/neo4/アンノーン_neo4-059／113_U.png","neo4/59","cards/neo/neo4/アンノーン_neo4-059／113_U.png","620454"
"cards/neo/neo4/アンノーン_neo4-060／229_U.png","neo4","neo4/60","same_content","アンノーン","cards/neo/neo4/アンノーン_neo4-060／113_U.png","neo4/60","cards/neo/neo4/アンノーン_neo4-060／113_U.png","635951"
"cards/neo/neo4/アンノーン_neo4-062／229_R.png","neo4","neo4/62","same_content","アンノーン","cards/neo/neo4/アンノーン_neo4-062／113_R.png","neo4/62","cards/neo/neo4/アンノーン_neo4-062／113_R.png","599584"
"cards/neo/neo4/アンノーン_neo4-063／229_R.png","neo4","neo4/63","same_content","アンノーン","cards/neo/neo4/アンノーン_neo4-063／113_R.png","neo4/63","cards/neo/neo4/アンノーン_neo4-063／113_R.png","524608"
"cards/neo/neo4/アンノーン_neo4-064／229_R.png","neo4","neo4/64","same_content","アンノーン","cards/neo/neo4/アンノーン_neo4-064／113_R.png","neo4/64","cards/neo/neo4/アンノーン_neo4-064／113_R.png","671757"
"cards/neo/neo4/アンノーン_neo4-065／229_R.png","neo4","neo4/65","same_content","アンノーン","cards/neo/neo4/アンノーン_neo4-065／113_R.png","neo4/65","cards/neo/neo4/アンノーン_neo4-065／113_R.png","610875"
"cards/neo/neo4/イノムー_neo4-041／229_R.png","neo4","neo4/41","same_content","イノムー","cards/neo/neo4/イノムー_neo4-041／113_R.png","neo4/41","cards/neo/neo4/イノムー_neo4-041／113_R.png","614809"
"cards/neo/neo4/ウインディ_neo4-021／229_R.png","neo4","neo4/21","same_content","ウインディ","cards/neo/neo4/ウインディ_neo4-021／113_R.png","neo4/21","cards/neo/neo4/ウインディ_neo4-021／113_R.png","626554"
"cards/neo/neo4/ウリムー_neo4-029／229_C.png","neo4","neo4/29","same_content","ウリムー","cards/neo/neo4/ウリムー_neo4-029／113_C.png","neo4/29","cards/neo/neo4/ウリムー_neo4-029／113_C.png","577127"
"cards/neo/neo4/エネルギースタジアム_neo4-101／229_U.png","neo4","neo4/101","same_content","エネルギースタジアム","cards/neo/neo4/エネルギースタジアム_neo4-101／113_U.png","neo4/101","cards/neo/neo4/エネルギースタジアム_neo4-101／113_U.png","547194"
"cards/neo/neo4/エネルギー増幅器_neo4-102／229_U.png","neo4","neo4/102","same_content","エネルギー増幅器","cards/neo/neo4/エネルギー増幅器_neo4-102／113_U.png","neo4/102","cards/neo/neo4/エネルギー増幅器_neo4-102／113_U.png","511187"
"cards/neo/neo4/エビワラー_neo4-070／229_C.png","neo4","neo4/70","same_content","エビワラー","cards/neo/neo4/エビワラー_neo4-070／113_C.png","neo4/70","cards/neo/neo4/エビワラー_neo4-070／113_C.png","710027"
"cards/neo/neo4/エーフィ_neo4-067／229_R.png","neo4","neo4/67","same_content","エーフィ","cards/neo/neo4/エーフィ_neo4-067／113_R.png","neo4/67","cards/neo/neo4/エーフィ_neo4-067／113_R.png","619312"
"cards/neo/neo4/オクタン_neo4-037／229_U.png","neo4","neo4/37","same_content","オクタン","cards/neo/neo4/オクタン_neo4-037／113_U.png","neo4/37","cards/neo/neo4/オクタン_neo4-037／113_U.png","604786"
"cards/neo/neo4/オムスター_neo4-038／229_R.png","neo4","neo4/38","same_content","オムスター","cards/neo/neo4/オムスター_neo4-038／113_R.png","neo4/38","cards/neo/neo4/オムスター_neo4-038／113_R.png","713005"
"cards/neo/neo4/オムナイト_neo4-035／229_U.png","neo4","neo4/35","same_content","オムナイト","cards/neo/neo4/オムナイト_neo4-035／113_U.png","neo4/35","cards/neo/neo4/オムナイト_neo4-035／113_U.png","673626"
"cards/neo/neo4/オーダイル_neo4-039／229_R.png","neo4","neo4/39","same_content","オーダイル","cards/neo/neo4/オーダイル_neo4-039／113_R.png","neo4/39","cards/neo/neo4/オーダイル_neo4-039／113_R.png","626984"
"cards/neo/neo4/カイリキー_neo4-077／229_R.png","neo4","neo4/77","same_content","カイリキー","cards/neo/neo4/カイリキー_neo4-077／113_R.png","neo4/77","cards/neo/neo4/カイリキー_neo4-077／113_R.png","654721"
"cards/neo/neo4/カイリュー_neo4-094／229_R.png","neo4","neo4/94","same_content","カイリュー","cards/neo/neo4/カイリュー_neo4-094／113_R.png","neo4/94","cards/neo/neo4/カイリュー_neo4-094／113_R.png","603289"
"cards/neo/neo4/カブトプス_neo4-080／229_R.png","neo4","neo4/80","same_content","カブトプス","cards/neo/neo4/カブトプス_neo4-080／113_R.png","neo4/80","cards/neo/neo4/カブトプス_neo4-080／113_R.png","711903"
"cards/neo/neo4/ガーディ_neo4-015／229_C.png","neo4","neo4/15","same_content","ガーディ","cards/neo/neo4/ガーディ_neo4-015／113_C.png","neo4/15","cards/neo/neo4/ガーディ_neo4-015／113_C.png","531347"
"cards/neo/neo4/キマワリ_neo4-004／229_C.png","neo4","neo4/4","same_content","キマワリ","cards/neo/neo4/キマワリ_neo4-004／113_C.png","neo4/4","cards/neo/neo4/キマワリ_neo4-004／113_C.png","604598"
"cards/neo/neo4/キュウコン_neo4-018／229_U.png","neo4","neo4/18","same_content","キュウコン","cards/neo/neo4/キュウコン_neo4-018／113_U.png","neo4/18","cards/neo/neo4/キュウコン_neo4-018／113_U.png","626315"
"cards/neo/neo4/キリンリキ_neo4-089／229_C.png","neo4","neo4/89","same_content","キリンリキ","cards/neo/neo4/キリンリキ_neo4-089／113_C.png","neo4/89","cards/neo/neo4/キリンリキ_neo4-089／113_C.png","664369"
"cards/neo/neo4/クヌギダマ_neo4-005／229_C.png","neo4","neo4/5","same_content","クヌギダマ","cards/neo/neo4/クヌギダマ_neo4-005／113_C.png","neo4/5","cards/neo/neo4/クヌギダマ_neo4-005／113_C.png","632962"
"cards/neo/neo4/グライガー_neo4-071／229_C.png","neo4","neo4/71","same_content","グライガー","cards/neo/neo4/グライガー_neo4-071／113_C.png","neo4/71","cards/neo/neo4/グライガー_neo4-071／113_C.png","646705"
"cards/neo/neo4/ゲンガー_neo4-066／229_R.png","neo4","neo4/66","same_content","ゲンガー","cards/neo/neo4/ゲンガー_neo4-066／113_R.png","neo4/66","cards/neo/neo4/ゲンガー_neo4-066／113_R.png","570135"
"cards/neo/neo4/コダック_neo4-026／229_C.png","neo4","neo4/26","same_content","コダック","cards/neo/neo4/コダック_neo4-026／113_C.png","neo4/26","cards/neo/neo4/コダック_neo4-026／113_C.png","587163"
"cards/neo/neo4/コンパン_neo4-001／229_C.png","neo4","neo4/1","same_content","コンパン","cards/neo/neo4/コンパン_neo4-001／113_C.png","neo4/1","cards/neo/neo4/コンパン_neo4-001／113_C.png","631347"
"cards/neo/neo4/ゴマゾウ_neo4-072／229_C.png","neo4","neo4/72","same_content","ゴマゾウ","cards/neo/neo4/ゴマゾウ_neo4-072／113_C.png","neo4/72","cards/neo/neo4/ゴマゾウ_neo4-072／113_C.png","615085"
"cards/neo/neo4/ゴース_neo4-048／229_C.png","neo4","neo4/48","same_content","ゴース","cards/neo/neo4/ゴース_neo4-048／113_C.png","neo4/48","cards/neo/neo4/ゴース_neo4-048／113_C.png","556207"
"cards/neo/neo4/ゴースト_neo4-055／229_U.png","neo4","neo4/55","same_content","ゴースト","cards/neo/neo4/ゴースト_neo4-055／113_U.png","neo4/55","cards/neo/neo4/ゴースト_neo4-055／113_U.png","617187"
"cards/neo/neo4/ゴーリキー_neo4-074／229_U.png","neo4","neo4/74","same_content","ゴーリキー","cards/neo/neo4/ゴーリキー_neo4-074／113_U.png","neo4/74","cards/neo/neo4/ゴーリキー_neo4-074／113_U.png","624281"
"cards/neo/neo4/サナギラス_neo4-076／229_U.png","neo4","neo4/76","same_content","サナギラス","cards/neo/neo4/サナギラス_neo4-076／113_U.png","neo4/76","cards/neo/neo4/サナギラス_neo4-076／113_U.png","632772"
"cards/neo/neo4/サワムラー_neo4-075／229_U.png","neo4","neo4/75","same_content","サワムラー","cards/neo/neo4/サワムラー_neo4-075／113_U.png","neo4/75","cards/neo/neo4/サワムラー_neo4-075／113_U.png","664995"
"cards/neo/neo4/サンダース_neo4-043／229_U.png","neo4","neo4/43","same_content","サンダース","cards/neo/neo4/サンダース_neo4-043／113_U.png","neo4/43","cards/neo/neo4/サンダース_neo4-043／113_U.png","679616"
"cards/neo/neo4/シャワーズ_neo4-034／229_U.png","neo4","neo4/34","same_content","シャワーズ","cards/neo/neo4/シャワーズ_neo4-034／113_U.png","neo4/34","cards/neo/neo4/シャワーズ_neo4-034／113_U.png","636286"
"cards/neo/neo4/ジュゴン_neo4-033／229_U.png","neo4","neo4/33","same_content","ジュゴン","cards/neo/neo4/ジュゴン_neo4-033／113_U.png","neo4/33","cards/neo/neo4/ジュゴン_neo4-033／113_U.png","619202"
"cards/neo/neo4/ストライク_neo4-007／229_U.png","neo4","neo4/7","same_content","ストライク","cards/neo/neo4/ストライク_neo4-007／113_U.png","neo4/7","cards/neo/neo4/ストライク_neo4-007／113_U.png","619982"
"cards/neo/neo4/セレビィ_neo4-013／229_R.png","neo4","neo4/13","same_content","セレビィ","cards/neo/neo4/セレビィ_neo4-013／113_R.png","neo4/13","cards/neo/neo4/セレビィ_neo4-013／113_R.png","671618"
"cards/neo/neo4/タマタマ_neo4-049／229_C.png","neo4","neo4/49","same_content","タマタマ","cards/neo/neo4/タマタマ_neo4-049／113_C.png","neo4/49","cards/neo/neo4/タマタマ_neo4-049／113_C.png","526100"
"cards/neo/neo4/ダークアリアドス_neo4-011／229_R.png","neo4","neo4/11","same_content","ダークアリアドス","cards/neo/neo4/ダークアリアドス_neo4-011／113_R.png","neo4/11","cards/neo/neo4/ダークアリアドス_neo4-011／113_R.png","649253"
"cards/neo/neo4/ダークドンファン_neo4-078／229_R.png","neo4","neo4/78","same_content","ダークドンファン","cards/neo/neo4/ダークドンファン_neo4-078／113_R.png","neo4/78","cards/neo/neo4/ダークドンファン_neo4-078／113_R.png","599427"
"cards/neo/neo4/ダークマグカルゴ_neo4-023／229_R.png","neo4","neo4/23","same_content","ダークマグカルゴ","cards/neo/neo4/ダークマグカルゴ_neo4-023／113_R.png","neo4/23","cards/neo/neo4/ダークマグカルゴ_neo4-023／113_R.png","599523"
"cards/neo/neo4/チームロケットの邪悪な行為_neo4-107／229_U.png","neo4","neo4/107","same_content","チームロケットの邪悪な行為","cards/neo/neo4/チームロケットの邪悪な行為_neo4-107／113_U.png","neo4/107","cards/neo/neo4/チームロケットの邪悪な行為_neo4-107／113_U.png","524148"
"cards/neo/neo4/テッポウオ_neo4-030／229_C.png","neo4","neo4/30","same_content","テッポウオ","cards/neo/neo4/テッポウオ_neo4-030／113_C.png","neo4/30","cards/neo/neo4/テッポウオ_neo4-030／113_C.png","617313"
"cards/neo/neo4/デルビル_neo4-081／229_C.png","neo4","neo4/81","same_content","デルビル","cards/neo/neo4/デルビル_neo4-081／113_C.png","neo4/81","cards/neo/neo4/デルビル_neo4-081／113_C.png","696079"
"cards/neo/neo4/デンリュウ_neo4-046／229_R.png","neo4","neo4/46","same_content","デンリュウ","cards/neo/neo4/デンリュウ_neo4-046／113_R.png","neo4/46","cards/neo/neo4/デンリュウ_neo4-046／113_R.png","675450"
"cards/neo/neo4/トゲチック_neo4-095／229_R.png","neo4","neo4/95","same_content","トゲチック","cards/neo/neo4/トゲチック_neo4-095／113_R.png","neo4/95","cards/neo/neo4/トゲチック_neo4-095／113_R.png","583242"
"cards/neo/neo4/トゲピー_neo4-088／229_C.png","neo4","neo4/88","same_content","トゲピー","cards/neo/neo4/トゲピー_neo4-088／113_C.png","neo4/88","cards/neo/neo4/トゲピー_neo4-088／113_C.png","599154"
"cards/neo/neo4/ナッシー_neo4-056／229_U.png","neo4","neo4/56","same_content","ナッシー","cards/neo/neo4/ナッシー_neo4-056／113_U.png","neo4/56","cards/neo/neo4/ナッシー_neo4-056／113_U.png","580152"
"cards/neo/neo4/ハガネール_neo4-084／229_R.png","neo4","neo4/84","same_content","ハガネール","cards/neo/neo4/ハガネール_neo4-084／113_R.png","neo4/84","cards/neo/neo4/ハガネール_neo4-084／113_R.png","597248"
"cards/neo/neo4/ハクリュー_neo4-093／229_R.png","neo4","neo4/93","same_content","ハクリュー","cards/neo/neo4/ハクリュー_neo4-093／113_R.png","neo4/93","cards/neo/neo4/ハクリュー_neo4-093／113_R.png","616424"
"cards/neo/neo4/ハッサム_neo4-083／229_R.png","neo4","neo4/83","same_content","ハッサム","cards/neo/neo4/ハッサム_neo4-083／113_R.png","neo4/83","cards/neo/neo4/ハッサム_neo4-083／113_R.png","581492"
"cards/neo/neo4/バクフーン_neo4-022／229_R.png","neo4","neo4/22","same_content","バクフーン","cards/neo/neo4/バクフーン_neo4-022／113_R.png","neo4/22","cards/neo/neo4/バクフーン_neo4-022／113_R.png","581365"
"cards/neo/neo4/バンギラス_neo4-079／229_R.png","neo4","neo4/79","same_content","バンギラス","cards/neo/neo4/バンギラス_neo4-079／113_R.png","neo4/79","cards/neo/neo4/バンギラス_neo4-079／113_R.png","639081"
"cards/neo/neo4/バンギラス_neo4-082／229_R.png","neo4","neo4/82","same_content","バンギラス","cards/neo/neo4/バンギラス_neo4-082／113_R.png","neo4/82","cards/neo/neo4/バンギラス_neo4-082／113_R.png","701995"
"cards/neo/neo4/パウワウ_neo4-027／229_C.png","neo4","neo4/27","same_content","パウワウ","cards/neo/neo4/パウワウ_neo4-027／113_C.png","neo4/27","cards/neo/neo4/パウワウ_neo4-027／113_C.png","538279"
"cards/neo/neo4/ヒノアラシ_neo4-016／229_C.png","neo4","neo4/16","same_content","ヒノアラシ","cards/neo/neo4/ヒノアラシ_neo4-016／113_C.png","neo4/16","cards/neo/neo4/ヒノアラシ_neo4-016／113_C.png","655285"
"cards/neo/neo4/ヒマナッツ_neo4-003／229_C.png","neo4","neo4/3","same_content","ヒマナッツ","cards/neo/neo4/ヒマナッツ_neo4-003／113_C.png","neo4/3","cards/neo/neo4/ヒマナッツ_neo4-003／113_C.png","644105"
"cards/neo/neo4/ビルからのメール_neo4-100／229_C.png","neo4","neo4/100","same_content","ビルからのメール","cards/neo/neo4/ビルからのメール_neo4-100／113_C.png","neo4/100","cards/neo/neo4/ビルからのメール_neo4-100／113_C.png","494753"
"cards/neo/neo4/フォレトス_neo4-008／229_U.png","neo4","neo4/8","same_content","フォレトス","cards/neo/neo4/フォレトス_neo4-008／113_U.png","neo4/8","cards/neo/neo4/フォレトス_neo4-008／113_U.png","610275"
"cards/neo/neo4/ブースター_neo4-019／229_U.png","neo4","neo4/19","same_content","ブースター","cards/neo/neo4/ブースター_neo4-019／113_U.png","neo4/19","cards/neo/neo4/ブースター_neo4-019／113_U.png","635205"
"cards/neo/neo4/プクリン_neo4-090／229_U.png","neo4","neo4/90","same_content","プクリン","cards/neo/neo4/プクリン_neo4-090／113_U.png","neo4/90","cards/neo/neo4/プクリン_neo4-090／113_U.png","677300"
"cards/neo/neo4/プクリン_neo4-091／229_U.png","neo4","neo4/91","same_content","プクリン","cards/neo/neo4/プクリン_neo4-091／113_U.png","neo4/91","cards/neo/neo4/プクリン_neo4-091／113_U.png","594650"
"cards/neo/neo4/プリン_neo4-085／229_C.png","neo4","neo4/85","same_content","プリン","cards/neo/neo4/プリン_neo4-085／113_C.png","neo4/85","cards/neo/neo4/プリン_neo4-085／113_C.png","520521"
"cards/neo/neo4/ヘラクロス_neo4-009／229_U.png","neo4","neo4/9","same_content","ヘラクロス","cards/neo/neo4/ヘラクロス_neo4-009／113_U.png","neo4/9","cards/neo/neo4/ヘラクロス_neo4-009／113_U.png","642836"
"cards/neo/neo4/ポケモンパーソナリティテスト_neo4-105／229_U.png","neo4","neo4/105","same_content","ポケモンパーソナリティテスト","cards/neo/neo4/ポケモンパーソナリティテスト_neo4-105／113_U.png","neo4/105","cards/neo/neo4/ポケモンパーソナリティテスト_neo4-105／113_U.png","557372"
"cards/neo/neo4/ポリゴン_neo4-086／229_C.png","neo4","neo4/86","same_content","ポリゴン","cards/neo/neo4/ポリゴン_neo4-086／113_C.png","neo4/86","cards/neo/neo4/ポリゴン_neo4-086／113_C.png","581562"
"cards/neo/neo4/ポリゴン２_neo4-097／229_R.png","neo4","neo4/97","same_content","ポリゴン２","cards/neo/neo4/ポリゴン２_neo4-097／113_R.png","neo4/97","cards/neo/neo4/ポリゴン２_neo4-097／113_R.png","583103"
"cards/neo/neo4/マグマッグ_neo4-017／229_C.png","neo4","neo4/17","same_content","マグマッグ","cards/neo/neo4/マグマッグ_neo4-017／113_C.png","neo4/17","cards/neo/neo4/マグマッグ_neo4-017／113_C.png","590408"
"cards/neo/neo4/マグマラシ_neo4-020／229_U.png","neo4","neo4/20","same_content","マグマラシ","cards/neo/neo4/マグマラシ_neo4-020／113_U.png","neo4/20","cards/neo/neo4/マグマラシ_neo4-020／113_U.png","602624"
"cards/neo/neo4/マリルリ_neo4-040／229_R.png","neo4","neo4/40","same_content","マリルリ","cards/neo/neo4/マリルリ_neo4-040／113_R.png","neo4/40","cards/neo/neo4/マリルリ_neo4-040／113_R.png","611332"
"cards/neo/neo4/マンタイン_neo4-031／229_C.png","neo4","neo4/31","same_content","マンタイン","cards/neo/neo4/マンタイン_neo4-031／113_C.png","neo4/31","cards/neo/neo4/マンタイン_neo4-031／113_C.png","600085"
"cards/neo/neo4/ミニリュウ_neo4-087／229_C.png","neo4","neo4/87","same_content","ミニリュウ","cards/neo/neo4/ミニリュウ_neo4-087／113_C.png","neo4/87","cards/neo/neo4/ミニリュウ_neo4-087／113_C.png","557550"
"cards/neo/neo4/メリープ_neo4-042／229_C.png","neo4","neo4/42","same_content","メリープ","cards/neo/neo4/メリープ_neo4-042／113_C.png","neo4/42","cards/neo/neo4/メリープ_neo4-042／113_C.png","574874"
"cards/neo/neo4/モココ_neo4-044／229_U.png","neo4","neo4/44","same_content","モココ","cards/neo/neo4/モココ_neo4-044／113_U.png","neo4/44","cards/neo/neo4/モココ_neo4-044／113_U.png","666347"
"cards/neo/neo4/モルフォン_neo4-006／229_U.png","neo4","neo4/6","same_content","モルフォン","cards/neo/neo4/モルフォン_neo4-006／113_U.png","neo4/6","cards/neo/neo4/モルフォン_neo4-006／113_U.png","647592"
"cards/neo/neo4/ヤドキング_neo4-061／229_R.png","neo4","neo4/61","same_content","ヤドキング","cards/neo/neo4/ヤドキング_neo4-061／113_R.png","neo4/61","cards/neo/neo4/ヤドキング_neo4-061／113_R.png","703059"
"cards/neo/neo4/ヤドラン_neo4-054／229_U.png","neo4","neo4/54","same_content","ヤドラン","cards/neo/neo4/ヤドラン_neo4-054／113_U.png","neo4/54","cards/neo/neo4/ヤドラン_neo4-054／113_U.png","669829"
"cards/neo/neo4/ヨルノズク_neo4-098／229_R.png","neo4","neo4/98","same_content","ヨルノズク","cards/neo/neo4/ヨルノズク_neo4-098／113_R.png","neo4/98","cards/neo/neo4/ヨルノズク_neo4-098／113_R.png","646410"
"cards/neo/neo4/ヨーギラス_neo4-073／229_C.png","neo4","neo4/73","same_content","ヨーギラス","cards/neo/neo4/ヨーギラス_neo4-073／113_C.png","neo4/73","cards/neo/neo4/ヨーギラス_neo4-073／113_C.png","718090"
"cards/neo/neo4/ライチュウ_neo4-047／229_R.png","neo4","neo4/47","same_content","ライチュウ","cards/neo/neo4/ライチュウ_neo4-047／113_R.png","neo4/47","cards/neo/neo4/ライチュウ_neo4-047／113_R.png","568263"
"cards/neo/neo4/ライトゴルダック_neo4-032／229_U.png","neo4","neo4/32","same_content","ライトゴルダック","cards/neo/neo4/ライトゴルダック_neo4-032／113_U.png","neo4/32","cards/neo/neo4/ライトゴルダック_neo4-032／113_U.png","623914"
"cards/neo/neo4/ラジオタワー_neo4-112／229_R.png","neo4","neo4/112","same_content","ラジオタワー","cards/neo/neo4/ラジオタワー_neo4-112／113_R.png","neo4/112","cards/neo/neo4/ラジオタワー_neo4-112／113_R.png","560456"
"cards/neo/neo4/ラッキー_neo4-092／229_U.png","neo4","neo4/92","same_content","ラッキー","cards/neo/neo4/ラッキー_neo4-092／113_U.png","neo4/92","cards/neo/neo4/ラッキー_neo4-092／113_U.png","572221"
"cards/neo/neo4/ラッキースタジアム_neo4-106／229_U.png","neo4","neo4/106","same_content","ラッキースタジアム","cards/neo/neo4/ラッキースタジアム_neo4-106／113_U.png","neo4/106","cards/neo/neo4/ラッキースタジアム_neo4-106／113_U.png","571741"
"cards/neo/neo4/ランターン_neo4-045／229_R.png","neo4","neo4/45","same_content","ランターン","cards/neo/neo4/ランターン_neo4-045／113_R.png","neo4/45","cards/neo/neo4/ランターン_neo4-045／113_R.png","597611"
"cards/neo/neo4/リザードン_neo4-025／229_R.png","neo4","neo4/25","same_content","リザードン","cards/neo/neo4/リザードン_neo4-025／113_R.png","neo4/25","cards/neo/neo4/リザードン_neo4-025／113_R.png","569455"
"cards/neo/neo4/リングマ_neo4-096／229_R.png","neo4","neo4/96","same_content","リングマ","cards/neo/neo4/リングマ_neo4-096／113_R.png","neo4/96","cards/neo/neo4/リングマ_neo4-096／113_R.png","606005"
"cards/neo/neo4/レディバ_neo4-002／229_C.png","neo4","neo4/2","same_content","レディバ","cards/neo/neo4/レディバ_neo4-002／113_C.png","neo4/2","cards/neo/neo4/レディバ_neo4-002／113_C.png","655085"
"cards/neo/neo4/ロコン_neo4-014／229_C.png","neo4","neo4/14","same_content","ロコン","cards/neo/neo4/ロコン_neo4-014／113_C.png","neo4/14","cards/neo/neo4/ロコン_neo4-014／113_C.png","547385"
"cards/neo/neo4/ワニノコ_neo4-028／229_C.png","neo4","neo4/28","same_content","ワニノコ","cards/neo/neo4/ワニノコ_neo4-028／113_C.png","neo4/28","cards/neo/neo4/ワニノコ_neo4-028／113_C.png","580492"
"cards/neo/neo4/ワンリキー_neo4-069／229_C.png","neo4","neo4/69","same_content","ワンリキー","cards/neo/neo4/ワンリキー_neo4-069／113_C.png","neo4/69","cards/neo/neo4/ワンリキー_neo4-069／113_C.png","554266"
"cards/neo/neo4/反撃の爪_neo4-103／229_U.png","neo4","neo4/103","same_content","反撃の爪","cards/neo/neo4/反撃の爪_neo4-103／113_U.png","neo4/103","cards/neo/neo4/反撃の爪_neo4-103／113_U.png","555880"
"cards/neo/neo4/壊れた地上ジム_neo4-110／229_R.png","neo4","neo4/110","same_content","壊れた地上ジム","cards/neo/neo4/壊れた地上ジム_neo4-110／113_R.png","neo4/110","cards/neo/neo4/壊れた地上ジム_neo4-110／113_R.png","556728"
"cards/neo/neo4/奇跡のエネルギー_neo4-113／229_R.png","neo4","neo4/113","same_content","奇跡のエネルギー","cards/neo/neo4/奇跡のエネルギー_neo4-113／113_R.png","neo4/113","cards/neo/neo4/奇跡のエネルギー_neo4-113／113_R.png","578694"
"cards/neo/neo4/思考ウェーブマシン_neo4-108／229_R.png","neo4","neo4/108","same_content","思考ウェーブマシン","cards/neo/neo4/思考ウェーブマシン_neo4-108／113_R.png","neo4/108","cards/neo/neo4/思考ウェーブマシン_neo4-108／113_R.png","549197"
"cards/neo/neo4/拡大鏡_neo4-104／229_U.png","neo4","neo4/104","same_content","拡大鏡","cards/neo/neo4/拡大鏡_neo4-104／113_U.png","neo4/104","cards/neo/neo4/拡大鏡_neo4-104／113_U.png","524792"
"cards/neo/neo4/暗いクロバット_neo4-012／229_R.png","neo4","neo4/12","same_content","暗いクロバット","cards/neo/neo4/暗いクロバット_neo4-012／113_R.png","neo4/12","cards/neo/neo4/暗いクロバット_neo4-012／113_R.png","626760"
"cards/neo/neo4/粉末を癒します_neo4-099／229_C.png","neo4","neo4/99","same_content","粉末を癒します","cards/neo/neo4/粉末を癒します_neo4-099／113_C.png","neo4/99","cards/neo/neo4/粉末を癒します_neo4-099／113_C.png","557370"
"cards/neo/neo4/詐欺師オーク教授の発明_neo4-111／229_R.png","neo4","neo4/111","same_content","詐欺師オーク教授の発明","cards/neo/neo4/詐欺師オーク教授の発明_neo4-111／113_R.png","neo4/111","cards/neo/neo4/詐欺師オーク教授の発明_neo4-111／113_R.png","533643"
"cards/neo/neo4/軽いレディアン_neo4-010／229_R.png","neo4","neo4/10","same_content","軽いレディアン","cards/neo/neo4/軽いレディアン_neo4-010／113_R.png","neo4/10","cards/neo/neo4/軽いレディアン_neo4-010／113_R.png","639188"
"cards/neo/neo4/輝くミュウツー_neo4-068／229_R.png","neo4","neo4/68","same_content","輝くミュウツー","cards/neo/neo4/輝くミュウツー_neo4-068／113_R.png","neo4/68","cards/neo/neo4/輝くミュウツー_neo4-068／113_R.png","699173"
"cards/PMCG/PMCG1/すくい上げます_PMCG1-092／102_R.png","PMCG1","PMCG1/92","same_content","ポケモン回収","cards/PMCG/PMCG1/ポケモン回収_PMCG1-092／102_R.png","PMCG1/92","cards/PMCG/PMCG1/ポケモン回収_PMCG1-092／102_R.png","458492"
"cards/PMCG/PMCG1/アイテムファインダー_PMCG1-087／102_R.png","PMCG1","PMCG1/87","same_content","ダウジングマシーン","cards/PMCG/PMCG1/ダウジングマシーン_PMCG1-087／102_R.png","PMCG1/87","cards/PMCG/PMCG1/ダウジングマシーン_PMCG1-087／102_R.png","522857"
"cards/PMCG/PMCG1/ウインディ_PMCG1-019／102_U.png","PMCG1","PMCG1/19","same_content","ウィンディ","cards/PMCG/PMCG1/ウィンディ_PMCG1-019／102_U.png","PMCG1/19","cards/PMCG/PMCG1/ウィンディ_PMCG1-019／102_U.png","542954"
"cards/PMCG/PMCG1/エネルギー検索_PMCG1-076／102_U.png","PMCG1","PMCG1/76","same_content","エネルギー回収","cards/PMCG/PMCG1/エネルギー回収_PMCG1-076／102_U.png","PMCG1/76","cards/PMCG/PMCG1/エネルギー回収_PMCG1-076／102_U.png","435500"
"cards/PMCG/PMCG1/エネルギー除去_PMCG1-070／102_C.png","PMCG1","PMCG1/70","same_content","エネルギー・リムーブ","cards/PMCG/PMCG1/エネルギー・リムーブ_PMCG1-070／102_C.png","PMCG1/70","cards/PMCG/PMCG1/エネルギー・リムーブ_PMCG1-070／102_C.png","449252"
"cards/PMCG/PMCG1/オーク教授_PMCG1-077／102_U.png","PMCG1","PMCG1/77","same_content","オーキドはかせ","cards/PMCG/PMCG1/オーキドはかせ_PMCG1-077／102_U.png","PMCG1/77","cards/PMCG/PMCG1/オーキドはかせ_PMCG1-077／102_U.png","446706"
"cards/PMCG/PMCG1/コンピューター検索_PMCG1-090／102_R.png","PMCG1","PMCG1/90","same_content","パソコン通信","cards/PMCG/PMCG1/パソコン通信_PMCG1-090／102_R.png","PMCG1/90","cards/PMCG/PMCG1/パソコン通信_PMCG1-090／102_R.png","505423"
"cards/PMCG/PMCG1/サンドシュー_PMCG1-051／102_C.png","PMCG1","PMCG1/51","same_content","サンド","cards/PMCG/PMCG1/サンド_PMCG1-051／102_C.png","PMCG1/51","cards/PMCG/PMCG1/サンド_PMCG1-051／102_C.png","672358"
"cards/PMCG/PMCG1/スイッチ_PMCG1-073／102_C.png","PMCG1","PMCG1/73","same_content","ポケモンいれかえ","cards/PMCG/PMCG1/ポケモンいれかえ_PMCG1-073／102_C.png","PMCG1/73","cards/PMCG/PMCG1/ポケモンいれかえ_PMCG1-073／102_C.png","511540"
"cards/PMCG/PMCG1/スーパーポーション_PMCG1-075／102_U.png","PMCG1","PMCG1/75","same_content","いいきずぐすり","cards/PMCG/PMCG1/いいきずぐすり_PMCG1-075／102_U.png","PMCG1/75","cards/PMCG/PMCG1/いいきずぐすり_PMCG1-075／102_U.png","485758"
"cards/PMCG/PMCG1/デボルブスプレー_PMCG1-086／102_R.png","PMCG1","PMCG1/86","same_content","退化スプレー","cards/PMCG/PMCG1/退化スプレー_PMCG1-086／102_R.png","PMCG1/86","cards/PMCG/PMCG1/退化スプレー_PMCG1-086／102_R.png","463403"
"cards/PMCG/PMCG1/ハクリュー_PMCG1-069／102_R.png","PMCG1","PMCG1/69","same_content","ハクリュウ","cards/PMCG/PMCG1/ハクリュウ_PMCG1-069／102_R.png","PMCG1/69","cards/PMCG/PMCG1/ハクリュウ_PMCG1-069／102_R.png","569306"
"cards/PMCG/PMCG1/ピッピにんぎょう_PMCG1-091／102_R.png","PMCG1","PMCG1/91","unindexed_in_data","ピッピにんぎょう","","","","468316"
"cards/PMCG/PMCG1/フルヒール_PMCG1-080／102_U.png","PMCG1","PMCG1/80","same_content","なんでもなおし","cards/PMCG/PMCG1/なんでもなおし_PMCG1-080／102_U.png","PMCG1/80","cards/PMCG/PMCG1/なんでもなおし_PMCG1-080／102_U.png","521376"
"cards/PMCG/PMCG1/ポケモントレーダー_PMCG1-093／102_R.png","PMCG1","PMCG1/93","same_content","ポケモン交換おじさん","cards/PMCG/PMCG1/ポケモン交換おじさん_PMCG1-093／102_R.png","PMCG1/93","cards/PMCG/PMCG1/ポケモン交換おじさん_PMCG1-093／102_R.png","551614"
"cards/PMCG/PMCG1/ポケモンフルート_PMCG1-084／102_U.png","PMCG1","PMCG1/84","same_content","ポケモンの笛","cards/PMCG/PMCG1/ポケモンの笛_PMCG1-084／102_U.png","PMCG1/84","cards/PMCG/PMCG1/ポケモンの笛_PMCG1-084／102_U.png","488832"
"cards/PMCG/PMCG1/ポケモンブリーダー_PMCG1-094／102_R.png","PMCG1","PMCG1/94","same_content","ポケモン育て屋さん","cards/PMCG/PMCG1/ポケモン育て屋さん_PMCG1-094／102_R.png","PMCG1/94","cards/PMCG/PMCG1/ポケモン育て屋さん_PMCG1-094／102_R.png","505158"
"cards/PMCG/PMCG1/ポケモン図鑑_PMCG1-082／102_U.png","PMCG1","PMCG1/82","unindexed_in_data","ポケモン図鑑","","","","501959"
"cards/PMCG/PMCG1/ポーション_PMCG1-071／102_C.png","PMCG1","PMCG1/71","same_content","きずぐすり","cards/PMCG/PMCG1/きずぐすり_PMCG1-071／102_C.png","PMCG1/71","cards/PMCG/PMCG1/きずぐすり_PMCG1-071／102_C.png","514711"
"cards/PMCG/PMCG1/ラス_PMCG1-095／102_R.png","PMCG1","PMCG1/95","same_content","ミニスカート","cards/PMCG/PMCG1/ミニスカート_PMCG1-095／102_R.png","PMCG1/95","cards/PMCG/PMCG1/ミニスカート_PMCG1-095／102_R.png","469752"
"cards/PMCG/PMCG1/二重の無色のエネルギー_PMCG1-096／102_U.png","PMCG1","PMCG1/96","same_content","無色2個エネルギー","cards/PMCG/PMCG1/無色2個エネルギー_PMCG1-096／102_U.png","PMCG1/96","cards/PMCG/PMCG1/無色2個エネルギー_PMCG1-096／102_U.png","418190"
"cards/PMCG/PMCG1/復活します_PMCG1-078／102_U.png","PMCG1","PMCG1/78","same_content","元気のかけら","cards/PMCG/PMCG1/元気のかけら_PMCG1-078／102_U.png","PMCG1/78","cards/PMCG/PMCG1/元気のかけら_PMCG1-078／102_U.png","460174"
"cards/PMCG/PMCG1/詐欺師オーク教授_PMCG1-089／102_R.png","PMCG1","PMCG1/89","same_content","にせオーキドはかせ","cards/PMCG/PMCG1/にせオーキドはかせ_PMCG1-089／102_R.png","PMCG1/89","cards/PMCG/PMCG1/にせオーキドはかせ_PMCG1-089／102_R.png","538215"
"cards/PMCG/PMCG1/請求書_PMCG1-074／102_C.png","PMCG1","PMCG1/74","same_content","マサキ","cards/PMCG/PMCG1/マサキ_PMCG1-074／102_C.png","PMCG1/74","cards/PMCG/PMCG1/マサキ_PMCG1-074／102_C.png","447889"
"cards/PMCG/PMCG1/超エネルギー除去_PMCG1-088／102_R.png","PMCG1","PMCG1/88","same_content","超エネルギーリムーブ","cards/PMCG/PMCG1/超エネルギーリムーブ_PMCG1-088／102_R.png","PMCG1/88","cards/PMCG/PMCG1/超エネルギーリムーブ_PMCG1-088／102_R.png","525053"
"cards/PMCG/PMCG1/風の突風_PMCG1-072／102_C.png","PMCG1","PMCG1/72","same_content","突風","cards/PMCG/PMCG1/突風_PMCG1-072／102_C.png","PMCG1/72","cards/PMCG/PMCG1/突風_PMCG1-072／102_C.png","466453"
"cards/PMCG/PMCG2/ポークボール_PMCG2-48／48_C.png","PMCG2","PMCG2/48","same_content","モンスターボール","cards/PMCG/PMCG2/モンスターボール_PMCG2-48／48_C.png","PMCG2/48","cards/PMCG/PMCG2/モンスターボール_PMCG2-48／48_C.png","484308"
"cards/PMCG/PMCG3/エネルギー検索_PMCG3-44／48_C.png","PMCG3","PMCG3/44","same_content","エネルギー転送","cards/PMCG/PMCG3/エネルギー転送_PMCG3-44／48_C.png","PMCG3/44","cards/PMCG/PMCG3/エネルギー転送_PMCG3-44／48_C.png","449749"
"cards/PMCG/PMCG3/富士通り_PMCG3-48／48_U.png","PMCG3","PMCG3/48","same_content","フジろうじん","cards/PMCG/PMCG3/フジろうじん_PMCG3-48／48_U.png","PMCG3/48","cards/PMCG/PMCG3/フジろうじん_PMCG3-48／48_U.png","432661"
"cards/PMCG/PMCG3/神秘的な化石_PMCG3-46／48_C.png","PMCG3","PMCG3/46","same_content","なにかの化石","cards/PMCG/PMCG3/なにかの化石_PMCG3-46／48_C.png","PMCG3/46","cards/PMCG/PMCG3/なにかの化石_PMCG3-46／48_C.png","518572"
"cards/PMCG/PMCG4/GOOPガス攻撃_PMCG4-56／65_C.png","PMCG4","PMCG4/56","same_content","まきちらせ!ベトベトガス","cards/PMCG/PMCG4/まきちらせ!ベトベトガス_PMCG4-56／65_C.png","PMCG4/56","cards/PMCG/PMCG4/まきちらせ!ベトベトガス_PMCG4-56／65_C.png","471240"
"cards/PMCG/PMCG4/これがチームロケットが来ます！_PMCG4-62／65_UR.png","PMCG4","PMCG4/62","same_content","ロケット団参上!","cards/PMCG/PMCG4/ロケット団参上!_PMCG4-62／65_UR.png","PMCG4/62","cards/PMCG/PMCG4/ロケット団参上!_PMCG4-62／65_UR.png","586966"
"cards/PMCG/PMCG4/オコリザル_PMCG4-41／65_U.png","PMCG4","PMCG4/41","same_content","わるいオコリザル","cards/PMCG/PMCG4/わるいオコリザル_PMCG4-41／65_U.png","PMCG4/41","cards/PMCG/PMCG4/わるいオコリザル_PMCG4-41／65_U.png","658477"
"cards/PMCG/PMCG4/カイリキー_PMCG4-44／65_R.png","PMCG4","PMCG4/44","same_content","わるいカイリキー","cards/PMCG/PMCG4/わるいカイリキー_PMCG4-44／65_R.png","PMCG4/44","cards/PMCG/PMCG4/わるいカイリキー_PMCG4-44／65_R.png","674140"
"cards/PMCG/PMCG4/カイリュー_PMCG4-53／65_R.png","PMCG4","PMCG4/53","same_content","わるいカイリュー","cards/PMCG/PMCG4/わるいカイリュー_PMCG4-53／65_R.png","PMCG4/53","cards/PMCG/PMCG4/わるいカイリュー_PMCG4-53／65_R.png","650145"
"cards/PMCG/PMCG4/カメックス_PMCG4-24／65_R.png","PMCG4","PMCG4/24","same_content","わるいカメックス","cards/PMCG/PMCG4/わるいカメックス_PMCG4-24／65_R.png","PMCG4/24","cards/PMCG/PMCG4/わるいカメックス_PMCG4-24／65_R.png","660064"
"cards/PMCG/PMCG4/カメール_PMCG4-21／65_U.png","PMCG4","PMCG4/21","same_content","わるいカメール","cards/PMCG/PMCG4/わるいカメール_PMCG4-21／65_U.png","PMCG4/21","cards/PMCG/PMCG4/わるいカメール_PMCG4-21／65_U.png","557768"
"cards/PMCG/PMCG4/ギャロップ_PMCG4-14／65_C.png","PMCG4","PMCG4/14","same_content","わるいギャロップ","cards/PMCG/PMCG4/わるいギャロップ_PMCG4-14／65_C.png","PMCG4/14","cards/PMCG/PMCG4/わるいギャロップ_PMCG4-14／65_C.png","649465"
"cards/PMCG/PMCG4/クサイハナ_PMCG4-06／65_U.png","PMCG4","PMCG4/6","same_content","わるいクサイハナ","cards/PMCG/PMCG4/わるいクサイハナ_PMCG4-06／65_U.png","PMCG4/6","cards/PMCG/PMCG4/わるいクサイハナ_PMCG4-06／65_U.png","557537"
"cards/PMCG/PMCG4/ゴーリキー_PMCG4-42／65_U.png","PMCG4","PMCG4/42","same_content","わるいゴーリキー","cards/PMCG/PMCG4/わるいゴーリキー_PMCG4-42／65_U.png","PMCG4/42","cards/PMCG/PMCG4/わるいゴーリキー_PMCG4-42／65_U.png","586636"
"cards/PMCG/PMCG4/サンダース_PMCG4-29／65_U.png","PMCG4","PMCG4/29","same_content","わるいサンダース","cards/PMCG/PMCG4/わるいサンダース_PMCG4-29／65_U.png","PMCG4/29","cards/PMCG/PMCG4/わるいサンダース_PMCG4-29／65_U.png","598496"
"cards/PMCG/PMCG4/シャワーズ_PMCG4-23／65_U.png","PMCG4","PMCG4/23","same_content","わるいシャワーズ","cards/PMCG/PMCG4/わるいシャワーズ_PMCG4-23／65_U.png","PMCG4/23","cards/PMCG/PMCG4/わるいシャワーズ_PMCG4-23／65_U.png","569289"
"cards/PMCG/PMCG4/スリーパー_PMCG4-37／65_R.png","PMCG4","PMCG4/37","same_content","わるいスリーパー","cards/PMCG/PMCG4/わるいスリーパー_PMCG4-37／65_R.png","PMCG4/37","cards/PMCG/PMCG4/わるいスリーパー_PMCG4-37／65_R.png","650266"
"cards/PMCG/PMCG4/ダグトリオ_PMCG4-43／65_R.png","PMCG4","PMCG4/43","same_content","わるいダグトリオ","cards/PMCG/PMCG4/わるいダグトリオ_PMCG4-43／65_R.png","PMCG4/43","cards/PMCG/PMCG4/わるいダグトリオ_PMCG4-43／65_R.png","636881"
"cards/PMCG/PMCG4/ダークアーボック_PMCG4-08／65_R.png","PMCG4","PMCG4/8","same_content","わるいアーボック","cards/PMCG/PMCG4/わるいアーボック_PMCG4-08／65_R.png","PMCG4/8","cards/PMCG/PMCG4/わるいアーボック_PMCG4-08／65_R.png","612663"
"cards/PMCG/PMCG4/ダークゴルダック_PMCG4-22／65_U.png","PMCG4","PMCG4/22","same_content","わるいゴルダック","cards/PMCG/PMCG4/わるいゴルダック_PMCG4-22／65_U.png","PMCG4/22","cards/PMCG/PMCG4/わるいゴルダック_PMCG4-22／65_U.png","684757"
"cards/PMCG/PMCG4/チャレンジ！_PMCG4-58／65_U.png","PMCG4","PMCG4/58","same_content","たたきつけろ!挑戦状","cards/PMCG/PMCG4/たたきつけろ!挑戦状_PMCG4-58／65_U.png","PMCG4/58","cards/PMCG/PMCG4/たたきつけろ!挑戦状_PMCG4-58／65_U.png","507460"
"cards/PMCG/PMCG4/ハクリュー_PMCG4-52／65_U.png","PMCG4","PMCG4/52","same_content","わるいハクリュー","cards/PMCG/PMCG4/わるいハクリュー_PMCG4-52／65_U.png","PMCG4/52","cards/PMCG/PMCG4/わるいハクリュー_PMCG4-52／65_U.png","586714"
"cards/PMCG/PMCG4/フルヒールエネルギー_PMCG4-64／65_C.png","PMCG4","PMCG4/64","same_content","なんでもなおし配合エネルギー","cards/PMCG/PMCG4/なんでもなおし配合エネルギー_PMCG4-64／65_C.png","PMCG4/64","cards/PMCG/PMCG4/なんでもなおし配合エネルギー_PMCG4-64／65_C.png","584873"
"cards/PMCG/PMCG4/フーディン_PMCG4-35／65_R.png","PMCG4","PMCG4/35","same_content","わるいフーディン","cards/PMCG/PMCG4/わるいフーディン_PMCG4-35／65_R.png","PMCG4/35","cards/PMCG/PMCG4/わるいフーディン_PMCG4-35／65_R.png","595993"
"cards/PMCG/PMCG4/ブースター_PMCG4-16／65_U.png","PMCG4","PMCG4/16","same_content","わるいブースター","cards/PMCG/PMCG4/わるいブースター_PMCG4-16／65_U.png","PMCG4/16","cards/PMCG/PMCG4/わるいブースター_PMCG4-16／65_U.png","560105"
"cards/PMCG/PMCG4/ベトベトン_PMCG4-07／65_U.png","PMCG4","PMCG4/7","same_content","わるいベトベトン","cards/PMCG/PMCG4/わるいベトベトン_PMCG4-07／65_U.png","PMCG4/7","cards/PMCG/PMCG4/わるいベトベトン_PMCG4-07／65_U.png","600789"
"cards/PMCG/PMCG4/ペルシアン_PMCG4-48／65_C.png","PMCG4","PMCG4/48","same_content","わるいペルシアン","cards/PMCG/PMCG4/わるいペルシアン_PMCG4-48／65_C.png","PMCG4/48","cards/PMCG/PMCG4/わるいペルシアン_PMCG4-48／65_C.png","581465"
"cards/PMCG/PMCG4/ポーションエネルギー_PMCG4-63／65_C.png","PMCG4","PMCG4/63","same_content","きずぐすり配合エネルギー","cards/PMCG/PMCG4/きずぐすり配合エネルギー_PMCG4-63／65_C.png","PMCG4/63","cards/PMCG/PMCG4/きずぐすり配合エネルギー_PMCG4-63／65_C.png","553807"
"cards/PMCG/PMCG4/マタドガス_PMCG4-11／65_R.png","PMCG4","PMCG4/11","same_content","わるいマタドガス","cards/PMCG/PMCG4/わるいマタドガス_PMCG4-11／65_R.png","PMCG4/11","cards/PMCG/PMCG4/わるいマタドガス_PMCG4-11／65_R.png","584975"
"cards/PMCG/PMCG4/マルマイン_PMCG4-28／65_U.png","PMCG4","PMCG4/28","same_content","わるいマルマイン","cards/PMCG/PMCG4/わるいマルマイン_PMCG4-28／65_U.png","PMCG4/28","cards/PMCG/PMCG4/わるいマルマイン_PMCG4-28／65_U.png","572134"
"cards/PMCG/PMCG4/ヤドラン_PMCG4-36／65_R.png","PMCG4","PMCG4/36","same_content","わるいヤドラン","cards/PMCG/PMCG4/わるいヤドラン_PMCG4-36／65_R.png","PMCG4/36","cards/PMCG/PMCG4/わるいヤドラン_PMCG4-36／65_R.png","536522"
"cards/PMCG/PMCG4/ユンゲラー_PMCG4-34／65_U.png","PMCG4","PMCG4/34","same_content","わるいユンゲラー","cards/PMCG/PMCG4/わるいユンゲラー_PMCG4-34／65_U.png","PMCG4/34","cards/PMCG/PMCG4/わるいユンゲラー_PMCG4-34／65_U.png","525629"
"cards/PMCG/PMCG4/ラッタ_PMCG4-46／65_C.png","PMCG4","PMCG4/46","same_content","わるいラッタ","cards/PMCG/PMCG4/わるいラッタ_PMCG4-46／65_C.png","PMCG4/46","cards/PMCG/PMCG4/わるいラッタ_PMCG4-46／65_C.png","619042"
"cards/PMCG/PMCG4/ラフレシア_PMCG4-10／65_R.png","PMCG4","PMCG4/10","same_content","わるいラフレシア","cards/PMCG/PMCG4/わるいラフレシア_PMCG4-10／65_R.png","PMCG4/10","cards/PMCG/PMCG4/わるいラフレシア_PMCG4-10／65_R.png","532380"
"cards/PMCG/PMCG4/リザード_PMCG4-15／65_U.png","PMCG4","PMCG4/15","same_content","わるいリザード","cards/PMCG/PMCG4/わるいリザード_PMCG4-15／65_U.png","PMCG4/15","cards/PMCG/PMCG4/わるいリザード_PMCG4-15／65_U.png","513624"
"cards/PMCG/PMCG4/リザードン_PMCG4-17／65_R.png","PMCG4","PMCG4/17","same_content","わるいリザードン","cards/PMCG/PMCG4/わるいリザードン_PMCG4-17／65_R.png","PMCG4/17","cards/PMCG/PMCG4/わるいリザードン_PMCG4-17／65_R.png","586166"
"cards/PMCG/PMCG4/レアコイル_PMCG4-30／65_R.png","PMCG4","PMCG4/30","same_content","わるいレアコイル","cards/PMCG/PMCG4/わるいレアコイル_PMCG4-30／65_R.png","PMCG4/30","cards/PMCG/PMCG4/わるいレアコイル_PMCG4-30／65_R.png","636529"
"cards/PMCG/PMCG4/ロケットのスニーク攻撃_PMCG4-61／65_R.png","PMCG4","PMCG4/61","same_content","ロケット団のおねーさん","cards/PMCG/PMCG4/ロケット団のおねーさん_PMCG4-61／65_R.png","PMCG4/61","cards/PMCG/PMCG4/ロケット団のおねーさん_PMCG4-61／65_R.png","517678"
"cards/PMCG/PMCG4/上司のやり方_PMCG4-60／65_U.png","PMCG4","PMCG4/60","same_content","ボスのやりかた","cards/PMCG/PMCG4/ボスのやりかた_PMCG4-60／65_U.png","PMCG4/60","cards/PMCG/PMCG4/ボスのやりかた_PMCG4-60／65_U.png","551663"
"cards/PMCG/PMCG4/寝る！_PMCG4-54／65_C.png","PMCG4","PMCG4/54","same_content","ねむれ!ねむれ!","cards/PMCG/PMCG4/ねむれ!ねむれ!_PMCG4-54／65_C.png","PMCG4/54","cards/PMCG/PMCG4/ねむれ!ねむれ!_PMCG4-54／65_C.png","567602"
"cards/PMCG/PMCG4/掘り_PMCG4-55／65_U.png","PMCG4","PMCG4/55","same_content","バトル場は穴だらけ!","cards/PMCG/PMCG4/バトル場は穴だらけ!_PMCG4-55／65_U.png","PMCG4/55","cards/PMCG/PMCG4/バトル場は穴だらけ!_PMCG4-55／65_U.png","536256"
"cards/PMCG/PMCG4/暗いギャラドス_PMCG4-25／65_R.png","PMCG4","PMCG4/25","same_content","わるいギャラドス","cards/PMCG/PMCG4/わるいギャラドス_PMCG4-25／65_R.png","PMCG4/25","cards/PMCG/PMCG4/わるいギャラドス_PMCG4-25／65_R.png","620656"
"cards/PMCG/PMCG4/暗いゴルバット_PMCG4-09／65_R.png","PMCG4","PMCG4/9","same_content","わるいゴルバット","cards/PMCG/PMCG4/わるいゴルバット_PMCG4-09／65_R.png","PMCG4/9","cards/PMCG/PMCG4/わるいゴルバット_PMCG4-09／65_R.png","611846"
"cards/PMCG/PMCG4/毎晩のごみ走り_PMCG4-57／65_U.png","PMCG4","PMCG4/57","same_content","夜の廃品回収","cards/PMCG/PMCG4/夜の廃品回収_PMCG4-57／65_U.png","PMCG4/57","cards/PMCG/PMCG4/夜の廃品回収_PMCG4-57／65_U.png","525908"
"cards/PMCG/PMCG4/詐欺師オークの復ven_PMCG4-59／65_U.png","PMCG4","PMCG4/59","same_content","にせオーキドの逆襲","cards/PMCG/PMCG4/にせオーキドの逆襲_PMCG4-59／65_U.png","PMCG4/59","cards/PMCG/PMCG4/にせオーキドの逆襲_PMCG4-59／65_U.png","441693"
"cards/PMCG/PMCG5/エネルギーの流れ_PMCG5-67／96_C.png","PMCG5","PMCG5/67","same_content","エネルギーサーキュレート","cards/PMCG/PMCG5/エネルギーサーキュレート_PMCG5-67／96_C.png","PMCG5/67","cards/PMCG/PMCG5/エネルギーサーキュレート_PMCG5-67／96_C.png","525804"
"cards/PMCG/PMCG5/エリカのメイド_PMCG5-72／96_U.png","PMCG5","PMCG5/72","same_content","エリカのお付き","cards/PMCG/PMCG5/エリカのお付き_PMCG5-72／96_U.png","PMCG5/72","cards/PMCG/PMCG5/エリカのお付き_PMCG5-72／96_U.png","559211"
"cards/PMCG/PMCG5/エリカの優しさ_PMCG5-84／96_R.png","PMCG5","PMCG5/84","same_content","エリカの親切","cards/PMCG/PMCG5/エリカの親切_PMCG5-84／96_R.png","PMCG5/84","cards/PMCG/PMCG5/エリカの親切_PMCG5-84／96_R.png","554515"
"cards/PMCG/PMCG5/カオスジム_PMCG5-87／96_R.png","PMCG5","PMCG5/87","same_content","錯乱ジム","cards/PMCG/PMCG5/錯乱ジム_PMCG5-87／96_R.png","PMCG5/87","cards/PMCG/PMCG5/錯乱ジム_PMCG5-87／96_R.png","573761"
"cards/PMCG/PMCG5/セラドンシティジム_PMCG5-78／96_U.png","PMCG5","PMCG5/78","same_content","タマムシシティジム","cards/PMCG/PMCG5/タマムシシティジム_PMCG5-78／96_U.png","PMCG5/78","cards/PMCG/PMCG5/タマムシシティジム_PMCG5-78／96_U.png","553515"
"cards/PMCG/PMCG5/セルリアンシティジム_PMCG5-80／96_U.png","PMCG5","PMCG5/80","same_content","ハナダシティジム","cards/PMCG/PMCG5/ハナダシティジム_PMCG5-80／96_U.png","PMCG5/80","cards/PMCG/PMCG5/ハナダシティジム_PMCG5-80／96_U.png","527387"
"cards/PMCG/PMCG5/バーミリオンシティジム_PMCG5-76／96_U.png","PMCG5","PMCG5/76","same_content","クチバシティジム","cards/PMCG/PMCG5/クチバシティジム_PMCG5-76／96_U.png","PMCG5/76","cards/PMCG/PMCG5/クチバシティジム_PMCG5-76／96_U.png","549150"
"cards/PMCG/PMCG5/ピューターシティジム_PMCG5-79／96_U.png","PMCG5","PMCG5/79","same_content","ニビシティジム","cards/PMCG/PMCG5/ニビシティジム_PMCG5-79／96_U.png","PMCG5/79","cards/PMCG/PMCG5/ニビシティジム_PMCG5-79／96_U.png","559730"
"cards/PMCG/PMCG5/ブロック_PMCG5-89／96_R.png","PMCG5","PMCG5/89","same_content","タケシ","cards/PMCG/PMCG5/タケシ_PMCG5-89／96_R.png","PMCG5/89","cards/PMCG/PMCG5/タケシ_PMCG5-89／96_R.png","542743"
"cards/PMCG/PMCG5/ブロックのサンドリュー_PMCG5-43／96_C.png","PMCG5","PMCG5/43","same_content","タケシのサンド","cards/PMCG/PMCG5/タケシのサンド_PMCG5-43／96_C.png","PMCG5/43","cards/PMCG/PMCG5/タケシのサンド_PMCG5-43／96_C.png","620818"
"cards/PMCG/PMCG5/ブロックのトレーニング方法_PMCG5-77／96_U.png","PMCG5","PMCG5/77","same_content","タケシの育て方","cards/PMCG/PMCG5/タケシの育て方_PMCG5-77／96_U.png","PMCG5/77","cards/PMCG/PMCG5/タケシの育て方_PMCG5-77／96_U.png","593380"
"cards/PMCG/PMCG5/ミスティの怒り_PMCG5-75／96_U.png","PMCG5","PMCG5/75","same_content","カスミのいかり","cards/PMCG/PMCG5/カスミのいかり_PMCG5-75／96_U.png","PMCG5/75","cards/PMCG/PMCG5/カスミのいかり_PMCG5-75／96_U.png","554556"
"cards/PMCG/PMCG5/ミスティの決闘_PMCG5-68／96_C.png","PMCG5","PMCG5/68","same_content","カスミの勝負","cards/PMCG/PMCG5/カスミの勝負_PMCG5-68／96_C.png","PMCG5/68","cards/PMCG/PMCG5/カスミの勝負_PMCG5-68／96_C.png","543578"
"cards/PMCG/PMCG5/ミスティの涙_PMCG5-69／96_C.png","PMCG5","PMCG5/69","same_content","カスミのなみだ","cards/PMCG/PMCG5/カスミのなみだ_PMCG5-69／96_C.png","PMCG5/69","cards/PMCG/PMCG5/カスミのなみだ_PMCG5-69／96_C.png","572947"
"cards/PMCG/PMCG5/ミスティの願い_PMCG5-86／96_R.png","PMCG5","PMCG5/86","same_content","カスミのわがまま","cards/PMCG/PMCG5/カスミのわがまま_PMCG5-86／96_R.png","PMCG5/86","cards/PMCG/PMCG5/カスミのわがまま_PMCG5-86／96_R.png","552790"
"cards/PMCG/PMCG5/レジスタンスジム_PMCG5-91／96_R.png","PMCG5","PMCG5/91","unindexed_in_data","レジスタンスジム","","","","527249"
"cards/PMCG/PMCG5/ロケットのtrap_PMCG5-96／96_R.png","PMCG5","PMCG5/96","same_content","ロケット団のワナ","cards/PMCG/PMCG5/ロケット団のワナ_PMCG5-96／96_R.png","PMCG5/96","cards/PMCG/PMCG5/ロケット団のワナ_PMCG5-96／96_R.png","541422"
"cards/PMCG/PMCG5/ロケットのトレーニングジム_PMCG5-95／96_R.png","PMCG5","PMCG5/95","same_content","ロケット団の特訓ジム","cards/PMCG/PMCG5/ロケット団の特訓ジム_PMCG5-95／96_R.png","PMCG5/95","cards/PMCG/PMCG5/ロケット団の特訓ジム_PMCG5-95／96_R.png","557050"
"cards/PMCG/PMCG5/中佐_PMCG5-92／96_R.png","PMCG5","PMCG5/92","same_content","マチス","cards/PMCG/PMCG5/マチス_PMCG5-92／96_R.png","PMCG5/92","cards/PMCG/PMCG5/マチス_PMCG5-92／96_R.png","537488"
"cards/PMCG/PMCG5/想起_PMCG5-71／96_U.png","PMCG5","PMCG5/71","same_content","思い出させる","cards/PMCG/PMCG5/思い出させる_PMCG5-71／96_U.png","PMCG5/71","cards/PMCG/PMCG5/思い出させる_PMCG5-71／96_U.png","506831"
"cards/PMCG/PMCG5/慈善_PMCG5-74／96_R.png","PMCG5","PMCG5/74","unindexed_in_data","慈善","","","","601088"
"cards/PMCG/PMCG5/狭いジム_PMCG5-70／96_C.png","PMCG5","PMCG5/70","same_content","せまいジム","cards/PMCG/PMCG5/せまいジム_PMCG5-70／96_C.png","PMCG5/70","cards/PMCG/PMCG5/せまいジム_PMCG5-70／96_C.png","594564"
"cards/PMCG/PMCG5/秘密の使命_PMCG5-88／96_U.png","PMCG5","PMCG5/88","same_content","マチスの秘策","cards/PMCG/PMCG5/マチスの秘策_PMCG5-88／96_U.png","PMCG5/88","cards/PMCG/PMCG5/マチスの秘策_PMCG5-88／96_U.png","541182"
"cards/PMCG/PMCG5/良いマナー_PMCG5-82／96_U.png","PMCG5","PMCG5/82","same_content","礼儀作法","cards/PMCG/PMCG5/礼儀作法_PMCG5-82／96_U.png","PMCG5/82","cards/PMCG/PMCG5/礼儀作法_PMCG5-82／96_U.png","576042"
"cards/PMCG/PMCG5/除去ジムはありません_PMCG5-94／96_R.png","PMCG5","PMCG5/94","same_content","リムーブ禁止ジム","cards/PMCG/PMCG5/リムーブ禁止ジム_PMCG5-94／96_R.png","PMCG5/94","cards/PMCG/PMCG5/リムーブ禁止ジム_PMCG5-94／96_R.png","562900"
"cards/PMCG/PMCG5/霧_PMCG5-85／96_R.png","PMCG5","PMCG5/85","same_content","カスミ","cards/PMCG/PMCG5/カスミ_PMCG5-85／96_R.png","PMCG5/85","cards/PMCG/PMCG5/カスミ_PMCG5-85／96_R.png","522304"
"cards/PMCG/PMCG6/くすぐるマシン_PMCG6-84／98_U.png","PMCG6","PMCG6/84","same_content","くすぐりマシーン","cards/PMCG/PMCG6/くすぐりマシーン_PMCG6-84／98_U.png","PMCG6/84","cards/PMCG/PMCG6/くすぐりマシーン_PMCG6-84／98_U.png","523829"
"cards/PMCG/PMCG6/ウインディ_PMCG6-34／98_R.png","PMCG6","PMCG6/34","same_content","カツラのウィンディ","cards/PMCG/PMCG6/カツラのウィンディ_PMCG6-34／98_R.png","PMCG6/34","cards/PMCG/PMCG6/カツラのウィンディ_PMCG6-34／98_R.png","618825"
"cards/PMCG/PMCG6/コガ_PMCG6-94／98_R.png","PMCG6","PMCG6/94","same_content","キョウ","cards/PMCG/PMCG6/キョウ_PMCG6-94／98_R.png","PMCG6/94","cards/PMCG/PMCG6/キョウ_PMCG6-94／98_R.png","530117"
"cards/PMCG/PMCG6/コガの忍者のトリック_PMCG6-83／98_U.png","PMCG6","PMCG6/83","same_content","キョウ秘伝,変わり身の術","cards/PMCG/PMCG6/キョウ秘伝,変わり身の術_PMCG6-83／98_U.png","PMCG6/83","cards/PMCG/PMCG6/キョウ秘伝,変わり身の術_PMCG6-83／98_U.png","544115"
"cards/PMCG/PMCG6/ゴミ交換_PMCG6-77／98_C.png","PMCG6","PMCG6/77","same_content","トラッシュ交換","cards/PMCG/PMCG6/トラッシュ交換_PMCG6-77／98_C.png","PMCG6/77","cards/PMCG/PMCG6/トラッシュ交換_PMCG6-77／98_C.png","491936"
"cards/PMCG/PMCG6/サフランシティジム_PMCG6-90／98_U.png","PMCG6","PMCG6/90","same_content","ヤマブキシティジム","cards/PMCG/PMCG6/ヤマブキシティジム_PMCG6-90／98_U.png","PMCG6/90","cards/PMCG/PMCG6/ヤマブキシティジム_PMCG6-90／98_U.png","515169"
"cards/PMCG/PMCG6/サブリナ_PMCG6-98／98_R.png","PMCG6","PMCG6/98","same_content","ナツメ","cards/PMCG/PMCG6/ナツメ_PMCG6-98／98_R.png","PMCG6/98","cards/PMCG/PMCG6/ナツメ_PMCG6-98／98_R.png","550235"
"cards/PMCG/PMCG6/サブリナの視線_PMCG6-78／98_C.png","PMCG6","PMCG6/78","same_content","ナツメの眼","cards/PMCG/PMCG6/ナツメの眼_PMCG6-78／98_C.png","PMCG6/78","cards/PMCG/PMCG6/ナツメの眼_PMCG6-78／98_C.png","520805"
"cards/PMCG/PMCG6/ジョバンニ_PMCG6-95／98_R.png","PMCG6","PMCG6/95","same_content","サカキ","cards/PMCG/PMCG6/サカキ_PMCG6-95／98_R.png","PMCG6/95","cards/PMCG/PMCG6/サカキ_PMCG6-95／98_R.png","580429"
"cards/PMCG/PMCG6/ジョバンニの最後の手段_PMCG6-96／98_R.png","PMCG6","PMCG6/96","same_content","サカキの切り札","cards/PMCG/PMCG6/サカキの切り札_PMCG6-96／98_R.png","PMCG6/96","cards/PMCG/PMCG6/サカキの切り札_PMCG6-96／98_R.png","543724"
"cards/PMCG/PMCG6/チームロケットのミニオン_PMCG6-89／98_U.png","PMCG6","PMCG6/89","same_content","ロケット団員","cards/PMCG/PMCG6/ロケット団員_PMCG6-89／98_U.png","PMCG6/89","cards/PMCG/PMCG6/ロケット団員_PMCG6-89／98_U.png","551037"
"cards/PMCG/PMCG6/ビリディアンシティジム_PMCG6-97／98_R.png","PMCG6","PMCG6/97","same_content","トキワシティジム","cards/PMCG/PMCG6/トキワシティジム_PMCG6-97／98_R.png","PMCG6/97","cards/PMCG/PMCG6/トキワシティジム_PMCG6-97／98_R.png","430130"
"cards/PMCG/PMCG6/フクシアシティジム_PMCG6-86／98_U.png","PMCG6","PMCG6/86","same_content","セキチクシティジム","cards/PMCG/PMCG6/セキチクシティジム_PMCG6-86／98_U.png","PMCG6/86","cards/PMCG/PMCG6/セキチクシティジム_PMCG6-86／98_U.png","523922"
"cards/PMCG/PMCG6/ブレイン_PMCG6-93／98_R.png","PMCG6","PMCG6/93","unindexed_in_data","ブレイン","","","","549007"
"cards/PMCG/PMCG6/ブレインのクイズ3_PMCG6-82／98_U.png","PMCG6","PMCG6/82","same_content","カツラのクイズその3","cards/PMCG/PMCG6/カツラのクイズその3_PMCG6-82／98_U.png","PMCG6/82","cards/PMCG/PMCG6/カツラのクイズその3_PMCG6-82／98_U.png","561581"
"cards/PMCG/PMCG6/ブレインの最後の手段_PMCG6-81／98_U.png","PMCG6","PMCG6/81","same_content","カツラの奥の手","cards/PMCG/PMCG6/カツラの奥の手_PMCG6-81／98_U.png","PMCG6/81","cards/PMCG/PMCG6/カツラの奥の手_PMCG6-81／98_U.png","492829"
"cards/PMCG/PMCG6/ラッキー_PMCG6-75／98_SR.png","PMCG6","PMCG6/75","same_content","_のラッキー","cards/PMCG/PMCG6/_のラッキー_PMCG6-75／98_SR.png","PMCG6/75","cards/PMCG/PMCG6/_のラッキー_PMCG6-75／98_SR.png","579866"
"cards/PMCG/PMCG6/ロケットのミュウツー_PMCG6-55／98_R.png","PMCG6","PMCG6/55","same_content","r団のミュウツー","cards/PMCG/PMCG6/r団のミュウツー_PMCG6-55／98_R.png","PMCG6/55","cards/PMCG/PMCG6/r団のミュウツー_PMCG6-55／98_R.png","545802"
"cards/PMCG/PMCG6/ロケットの地雷原ジム_PMCG6-92／98_U.png","PMCG6","PMCG6/92","same_content","ロケット団の爆発ジム","cards/PMCG/PMCG6/ロケット団の爆発ジム_PMCG6-92／98_U.png","PMCG6/92","cards/PMCG/PMCG6/ロケット団の爆発ジム_PMCG6-92／98_U.png","499029"
"cards/PMCG/PMCG6/ロケットの秘密の実験_PMCG6-91／98_U.png","PMCG6","PMCG6/91","same_content","ロケット団の実験","cards/PMCG/PMCG6/ロケット団の実験_PMCG6-91／98_U.png","PMCG6/91","cards/PMCG/PMCG6/ロケット団の実験_PMCG6-91／98_U.png","553020"
"cards/PMCG/PMCG6/透明な壁_PMCG6-79／98_C.png","PMCG6","PMCG6/79","same_content","見えない壁","cards/PMCG/PMCG6/見えない壁_PMCG6-79／98_C.png","PMCG6/79","cards/PMCG/PMCG6/見えない壁_PMCG6-79／98_C.png","497298"
"cards/S/S-P/きずぐすり_S-P-082／229.jpg","S-P","S-P/82","same_content","ガラル タチフサグマ","cards/S/S-P/きずぐすり_S-P-017／350.jpg","S-P/17","cards/S/S-P/ガラル タチフサグマ_S-P-082／350.jpg","135057"
"cards/S/S-P/きずぐすり_S-P-123／229.jpg","S-P","S-P/123","same_content","ピカチュウVMAX","cards/S/S-P/きずぐすり_S-P-051／350.jpg","S-P/51","cards/S/S-P/ピカチュウVMAX_S-P-123／350.jpg","142328"
"cards/S/S-P/げんきのハチマキ_S-P-128／229.jpg","S-P","S-P/128","same_content","博士の研究","cards/S/S-P/げんきのハチマキ_S-P-055／350.jpg","S-P/55","cards/S/S-P/博士の研究_S-P-128／350.jpg","169379"
"cards/S/S-P/げんきのハチマキ_S-P-208／229.jpg","S-P","S-P/208","same_content","ピカチュウ","cards/S/S-P/げんきのハチマキ_S-P-136／350.jpg","S-P/136","cards/S/S-P/ピカチュウ_S-P-208／350.jpg","117366"
"cards/S/S-P/ともだちてちょう_S-P-095／229.jpg","S-P","S-P/95","same_content","基本闘エネルギー","cards/S/S-P/ともだちてちょう_S-P-031／350.jpg","S-P/31","cards/S/S-P/基本闘エネルギー_S-P-095／350.jpg","173730"
"cards/S/S-P/なんでもなおし_S-P-083／229.jpg","S-P","S-P/83","same_content","基本悪エネルギー","cards/S/S-P/なんでもなおし_S-P-018／350.jpg","S-P/18","cards/S/S-P/基本悪エネルギー_S-P-083／350.jpg","154137"
"cards/S/S-P/ふくよかミュージシャン_S-P-218／229.jpg","S-P","S-P/218","same_content","グレッグル","cards/S/S-P/ふくよかミュージシャン_S-P-119／350.jpg","S-P/119","cards/S/S-P/グレッグル_S-P-218／350.jpg","269615"
"cards/S/S-P/ふしぎなアメ_S-P-124／229.jpg","S-P","S-P/124","same_content","ピカチュウ","cards/S/S-P/ふしぎなアメ_S-P-052／350.jpg","S-P/52","cards/S/S-P/ピカチュウ_S-P-124／350.jpg","173932"
"cards/S/S-P/まるのみされたピカチュウ_S-P-223／229.jpg","S-P","S-P/223","same_content","クララ","cards/S/S-P/まるのみされたピカチュウ_S-P-105／350.jpg","S-P/105","cards/S/S-P/クララ_S-P-223／350.jpg","361981"
"cards/S/S-P/アルセウス&amp;ディアルガ&amp;パルキアGX_S-P-222／229.jpg","S-P","S-P/222","same_content","","cards/S/S-P/アルセウス&ディアルガ&パルキアGX_S-P-166／350.jpg","S-P/166","","412285"
"cards/S/S-P/イエッサンV_S-P-206／229.jpg","S-P","S-P/206","same_content","","cards/S/S-P/イエッサンV_S-P-059／350.jpg","S-P/59","","165733"
"cards/S/S-P/イエッサン_S-P-199／229.jpg","S-P","S-P/199","same_content","","cards/S/S-P/イエッサン_S-P-109／350.jpg","S-P/109","","254600"
"cards/S/S-P/イオルブV_S-P-175／229.jpg","S-P","S-P/175","same_content","セレビィV","cards/S/S-P/イオルブV_S-P-110／350.jpg","S-P/110","cards/S/S-P/セレビィV_S-P-175／350.jpg","262148"
"cards/S/S-P/イトマル_S-P-142／229.jpg","S-P","S-P/142","same_content","ナツメ＆ハチク","cards/S/S-P/イトマル_S-P-073／350.jpg","S-P/73","cards/S/S-P/ナツメ＆ハチク_S-P-142／350.jpg","272133"
"cards/S/S-P/イーブイVMAX_S-P-171／229.jpg","S-P","S-P/171","same_content","ゴリランダーVMAX","cards/S/S-P/イーブイVMAX_S-P-101／350.jpg","S-P/101","cards/S/S-P/ゴリランダーVMAX_S-P-171／350.jpg","349330"
"cards/S/S-P/イーブイ_S-P-116／229.jpg","S-P","S-P/116","same_content","ワルビル","cards/S/S-P/イーブイ_S-P-044／350.jpg","S-P/44","cards/S/S-P/ワルビル_S-P-116／350.jpg","202605"
"cards/S/S-P/イーブイ_S-P-144／229.jpg","S-P","S-P/144","same_content","カナザワのピカチュウ","cards/S/S-P/イーブイ_S-P-075／350.jpg","S-P/75","cards/S/S-P/カナザワのピカチュウ_S-P-144／350.jpg","206566"
"cards/S/S-P/イーブイ_S-P-170／229.jpg","S-P","S-P/170","same_content","ゴリランダーV","cards/S/S-P/イーブイ_S-P-100／350.jpg","S-P/100","cards/S/S-P/ゴリランダーV_S-P-170／350.jpg","234675"
"cards/S/S-P/イーブイ_S-P-182／229.jpg","S-P","S-P/182","same_content","ウッウロボ","cards/S/S-P/イーブイ_S-P-117／350.jpg","S-P/117","cards/S/S-P/ウッウロボ_S-P-182／350.jpg","253061"
"cards/S/S-P/ウカッツ_S-P-146／229.jpg","S-P","S-P/146","same_content","メッソン","cards/S/S-P/ウカッツ_S-P-077／350.jpg","S-P/77","cards/S/S-P/メッソン_S-P-146／350.jpg","175813"
"cards/S/S-P/ウールー_S-P-073／229.jpg","S-P","S-P/73","same_content","イトマル","cards/S/S-P/ウールー_S-P-004／350.jpg","S-P/4","cards/S/S-P/イトマル_S-P-073／350.jpg","152741"
"cards/S/S-P/エースバーン_S-P-088／229.jpg","S-P","S-P/88","same_content","シロナ&カトレア","cards/S/S-P/エースバーン_S-P-022／350.jpg","S-P/22","cards/S/S-P/シロナ&カトレア_S-P-088／350.jpg","267429"
"cards/S/S-P/エール団のしたっぱ_S-P-132／229.jpg","S-P","S-P/132","same_content","ピカチュウ","cards/S/S-P/エール団のしたっぱ_S-P-085／350.jpg","S-P/85","cards/S/S-P/ピカチュウ_S-P-132／350.jpg","191498"
"cards/S/S-P/カナザワのピカチュウ_S-P-214／229.jpg","S-P","S-P/214","same_content","いたずら好きのピチュー","cards/S/S-P/カナザワのピカチュウ_S-P-144／350.jpg","S-P/144","cards/S/S-P/いたずら好きのピチュー_S-P-214／350.jpg","384326"
"cards/S/S-P/カナザワのピカチュウ_S-P-217／229.jpg","S-P","S-P/217","same_content","ヤジロン","cards/S/S-P/カナザワのピカチュウ_S-P-147／350.jpg","S-P/147","cards/S/S-P/ヤジロン_S-P-217／350.jpg","357643"
"cards/S/S-P/ガラル ジグザグマ_S-P-207／229.jpg","S-P","S-P/207","same_content","","cards/S/S-P/ガラル ジグザグマ_S-P-135／350.jpg","S-P/135","","214179"
"cards/S/S-P/ガラル タチフサグマ_S-P-151／229.jpg","S-P","S-P/151","same_content","ルギア","cards/S/S-P/ガラル タチフサグマ_S-P-082／350.jpg","S-P/82","cards/S/S-P/ルギア_S-P-151／350.jpg","310417"
"cards/S/S-P/ガラル バリヤード_S-P-229／229.jpg","S-P","S-P/229","same_content","サイトウ","cards/S/S-P/ガラル バリヤード_S-P-160／350.jpg","S-P/160","cards/S/S-P/サイトウ_S-P-229／350.jpg","385904"
"cards/S/S-P/ガラル ポニータ_S-P-091／229.jpg","S-P","S-P/91","same_content","基本炎エネルギー","cards/S/S-P/ガラル ポニータ_S-P-025／350.jpg","S-P/25","cards/S/S-P/基本炎エネルギー_S-P-091／350.jpg","234042"
"cards/S/S-P/クロバットV_S-P-219／229.jpg","S-P","S-P/219","same_content","ウオノラゴンV","cards/S/S-P/クロバットV_S-P-152／350.jpg","S-P/152","cards/S/S-P/ウオノラゴンV_S-P-219／350.jpg","431096"
"cards/S/S-P/グズマ&amp;ハラ_S-P-134／229.jpg","S-P","S-P/134","same_content","","cards/S/S-P/グズマ&ハラ_S-P-087／350.jpg","S-P/87","","224184"
"cards/S/S-P/コオリッポV_S-P-086／229.jpg","S-P","S-P/86","same_content","マリィ","cards/S/S-P/コオリッポV_S-P-020／350.jpg","S-P/20","cards/S/S-P/マリィ_S-P-086／350.jpg","258664"
"cards/S/S-P/ゴマゾウ_S-P-180／229.jpg","S-P","S-P/180","same_content","ドガース","cards/S/S-P/ゴマゾウ_S-P-115／350.jpg","S-P/115","cards/S/S-P/ドガース_S-P-180／350.jpg","241666"
"cards/S/S-P/サシカマス_S-P-178／229.jpg","S-P","S-P/178","same_content","シママ","cards/S/S-P/サシカマス_S-P-113／350.jpg","S-P/113","cards/S/S-P/シママ_S-P-178／350.jpg","308783"
"cards/S/S-P/サルノリ_S-P-069／229.jpg","S-P","S-P/69","same_content","ポケモンセンターのお姉さん","cards/S/S-P/サルノリ_S-P-007／350.jpg","S-P/7","cards/S/S-P/ポケモンセンターのお姉さん_S-P-069／350.jpg","231738"
"cards/S/S-P/サンダース_S-P-179／229.jpg","S-P","S-P/179","same_content","エーフィ","cards/S/S-P/サンダース_S-P-114／350.jpg","S-P/114","cards/S/S-P/エーフィ_S-P-179／350.jpg","271885"
"cards/S/S-P/ザルードV_S-P-169／229.jpg","S-P","S-P/169","same_content","エースバーンVMAX","cards/S/S-P/ザルードV_S-P-108／350.jpg","S-P/108","cards/S/S-P/エースバーンVMAX_S-P-169／350.jpg","258810"
"cards/S/S-P/シブヤのピカチュウ_S-P-065／229.jpg","S-P","S-P/65","same_content","","cards/S/S-P/シブヤのピカチュウ_S-P-002／350.jpg","S-P/2","","337517"
"cards/S/S-P/シャワーズ_S-P-140／229.jpg","S-P","S-P/140","same_content","マリィ","cards/S/S-P/シャワーズ_S-P-071／350.jpg","S-P/71","cards/S/S-P/マリィ_S-P-140／350.jpg","305654"
"cards/S/S-P/シロナ&amp;カトレア_S-P-135／229.jpg","S-P","S-P/135","same_content","ガラル ジグザグマ","cards/S/S-P/シロナ&カトレア_S-P-088／350.jpg","S-P/88","cards/S/S-P/ガラル ジグザグマ_S-P-135／350.jpg","199714"
"cards/S/S-P/シロナ_S-P-225／229.jpg","S-P","S-P/225","same_content","アップリュー","cards/S/S-P/シロナ_S-P-155／350.jpg","S-P/155","cards/S/S-P/アップリュー_S-P-225／350.jpg","195858"
"cards/S/S-P/ジムトレーナー_S-P-172／229.jpg","S-P","S-P/172","same_content","ガラル ヤドン","cards/S/S-P/ジムトレーナー_S-P-102／350.jpg","S-P/102","cards/S/S-P/ガラル ヤドン_S-P-172／350.jpg","197497"
"cards/S/S-P/ジュラルドン_S-P-094／229.jpg","S-P","S-P/94","same_content","基本超エネルギー","cards/S/S-P/ジュラルドン_S-P-030／350.jpg","S-P/30","cards/S/S-P/基本超エネルギー_S-P-094／350.jpg","262737"
"cards/S/S-P/ストリンダーV_S-P-120／229.jpg","S-P","S-P/120","same_content","ローズ","cards/S/S-P/ストリンダーV_S-P-048／350.jpg","S-P/48","cards/S/S-P/ローズ_S-P-120／350.jpg","253956"
"cards/S/S-P/スピード雷エネルギー_S-P-121／229.jpg","S-P","S-P/121","same_content","ピカチュウV","cards/S/S-P/スピード雷エネルギー_S-P-049／350.jpg","S-P/49","cards/S/S-P/ピカチュウV_S-P-121／350.jpg","170116"
"cards/S/S-P/ソッドとシルディ_S-P-183／229.jpg","S-P","S-P/183","same_content","モミ","cards/S/S-P/ソッドとシルディ_S-P-118／350.jpg","S-P/118","cards/S/S-P/モミ_S-P-183／350.jpg","200602"
"cards/S/S-P/ソニア_S-P-118／229.jpg","S-P","S-P/118","same_content","ソッドとシルディ","cards/S/S-P/ソニア_S-P-046／350.jpg","S-P/46","cards/S/S-P/ソッドとシルディ_S-P-118／350.jpg","232281"
"cards/S/S-P/ゾウドウ_S-P-143／229.jpg","S-P","S-P/143","same_content","リザードン","cards/S/S-P/ゾウドウ_S-P-074／350.jpg","S-P/74","cards/S/S-P/リザードン_S-P-143／350.jpg","240742"
"cards/S/S-P/タンドン_S-P-112／229.jpg","S-P","S-P/112","same_content","ヒトカゲ","cards/S/S-P/タンドン_S-P-042／350.jpg","S-P/42","cards/S/S-P/ヒトカゲ_S-P-112／350.jpg","248888"
"cards/S/S-P/ダイオウドウV_S-P-106／229.jpg","S-P","S-P/106","same_content","ココ","cards/S/S-P/ダイオウドウV_S-P-037／350.jpg","S-P/37","cards/S/S-P/ココ_S-P-106／350.jpg","256384"
"cards/S/S-P/チェリンボ_S-P-227／229.jpg","S-P","S-P/227","same_content","ピカチュウ","cards/S/S-P/チェリンボ_S-P-158／350.jpg","S-P/158","cards/S/S-P/ピカチュウ_S-P-227／350.jpg","225526"
"cards/S/S-P/ナックラー_S-P-141／229.jpg","S-P","S-P/141","same_content","ムウマージ","cards/S/S-P/ナックラー_S-P-072／350.jpg","S-P/72","cards/S/S-P/ムウマージ_S-P-141／350.jpg","244794"
"cards/S/S-P/ナツメ＆ハチク_S-P-203／229.jpg","S-P","S-P/203","same_content","","cards/S/S-P/ナツメ＆ハチク_S-P-142／350.jpg","S-P/142","","243493"
"cards/S/S-P/ニャースVMAX_S-P-072／229.jpg","S-P","S-P/72","same_content","ナックラー","cards/S/S-P/ニャースVMAX_S-P-029／350.jpg","S-P/29","cards/S/S-P/ナックラー_S-P-072／350.jpg","365658"
"cards/S/S-P/ニャースV_S-P-071／229.jpg","S-P","S-P/71","same_content","シャワーズ","cards/S/S-P/ニャースV_S-P-028／350.jpg","S-P/28","cards/S/S-P/シャワーズ_S-P-071／350.jpg","229391"
"cards/S/S-P/ハイド悪エネルギー_S-P-221／229.jpg","S-P","S-P/221","same_content","からぶりほけん","cards/S/S-P/ハイド悪エネルギー_S-P-154／350.jpg","S-P/154","cards/S/S-P/からぶりほけん_S-P-221／350.jpg","217715"
"cards/S/S-P/バチンウニV_S-P-097／229.jpg","S-P","S-P/97","same_content","基本鋼エネルギー","cards/S/S-P/バチンウニV_S-P-033／350.jpg","S-P/33","cards/S/S-P/基本鋼エネルギー_S-P-097／350.jpg","291658"
"cards/S/S-P/バチンウニ_S-P-119／229.jpg","S-P","S-P/119","same_content","ふくよかミュージシャン","cards/S/S-P/バチンウニ_S-P-047／350.jpg","S-P/47","cards/S/S-P/ふくよかミュージシャン_S-P-119／350.jpg","261134"
"cards/S/S-P/ヒトカゲ_S-P-177／229.jpg","S-P","S-P/177","same_content","ユキワラシ","cards/S/S-P/ヒトカゲ_S-P-112／350.jpg","S-P/112","cards/S/S-P/ユキワラシ_S-P-177／350.jpg","229619"
"cards/S/S-P/ヒバニー_S-P-068／229.jpg","S-P","S-P/68","same_content","モルペコ","cards/S/S-P/ヒバニー_S-P-006／350.jpg","S-P/6","cards/S/S-P/モルペコ_S-P-068／350.jpg","265887"
"cards/S/S-P/ヒバニー_S-P-103／229.jpg","S-P","S-P/103","same_content","リザードンV","cards/S/S-P/ヒバニー_S-P-034／350.jpg","S-P/34","cards/S/S-P/リザードンV_S-P-103／350.jpg","230866"
"cards/S/S-P/ヒバニー_S-P-192／229.jpg","S-P","S-P/192","same_content","デデンネ","cards/S/S-P/ヒバニー_S-P-130／350.jpg","S-P/130","cards/S/S-P/デデンネ_S-P-192／350.jpg","254862"
"cards/S/S-P/ヒメンカ_S-P-087／229.jpg","S-P","S-P/87","same_content","グズマ&ハラ","cards/S/S-P/ヒメンカ_S-P-021／350.jpg","S-P/21","cards/S/S-P/グズマ&ハラ_S-P-087／350.jpg","180372"
"cards/S/S-P/ビート_S-P-093／229.jpg","S-P","S-P/93","same_content","基本雷エネルギー","cards/S/S-P/ビート_S-P-027／350.jpg","S-P/27","cards/S/S-P/基本雷エネルギー_S-P-093／350.jpg","176260"
"cards/S/S-P/ビート_S-P-129／229.jpg","S-P","S-P/129","same_content","メッソン","cards/S/S-P/ビート_S-P-056／350.jpg","S-P/56","cards/S/S-P/メッソン_S-P-129／350.jpg","170933"
"cards/S/S-P/ビート_S-P-210／229.jpg","S-P","S-P/210","same_content","レックウザV","cards/S/S-P/ビート_S-P-138／350.jpg","S-P/138","cards/S/S-P/レックウザV_S-P-210／350.jpg","803214"
"cards/S/S-P/ピカチュウVMAX_S-P-187／229.jpg","S-P","S-P/187","same_content","シャワーズVMAX","cards/S/S-P/ピカチュウVMAX_S-P-123／350.jpg","S-P/123","cards/S/S-P/シャワーズVMAX_S-P-187／350.jpg","336385"
"cards/S/S-P/ピカチュウV_S-P-185／229.jpg","S-P","S-P/185","same_content","バンギラスV","cards/S/S-P/ピカチュウV_S-P-121／350.jpg","S-P/121","cards/S/S-P/バンギラスV_S-P-185／350.jpg","228888"
"cards/S/S-P/ピカチュウV_S-P-186／229.jpg","S-P","S-P/186","same_content","ブースターVMAX","cards/S/S-P/ピカチュウV_S-P-122／350.jpg","S-P/122","cards/S/S-P/ブースターVMAX_S-P-186／350.jpg","263621"
"cards/S/S-P/ピカチュウ_S-P-064／229.jpg","S-P","S-P/64","same_content","","cards/S/S-P/ピカチュウ_S-P-001／350.jpg","S-P/1","","248048"
"cards/S/S-P/ピカチュウ_S-P-090／229.jpg","S-P","S-P/90","same_content","基本草エネルギー","cards/S/S-P/ピカチュウ_S-P-024／350.jpg","S-P/24","cards/S/S-P/基本草エネルギー_S-P-090／350.jpg","218885"
"cards/S/S-P/ピカチュウ_S-P-188／229.jpg","S-P","S-P/188","same_content","サンダースVMAX","cards/S/S-P/ピカチュウ_S-P-124／350.jpg","S-P/124","cards/S/S-P/サンダースVMAX_S-P-188／350.jpg","260968"
"cards/S/S-P/ピカチュウ_S-P-189／229.jpg","S-P","S-P/189","same_content","エーフィVMAX","cards/S/S-P/ピカチュウ_S-P-125／350.jpg","S-P/125","cards/S/S-P/エーフィVMAX_S-P-189／350.jpg","199005"
"cards/S/S-P/ピカチュウ_S-P-190／229.jpg","S-P","S-P/190","same_content","ポットデス","cards/S/S-P/ピカチュウ_S-P-126／350.jpg","S-P/126","cards/S/S-P/ポットデス_S-P-190／350.jpg","227034"
"cards/S/S-P/ピカチュウ_S-P-197／229.jpg","S-P","S-P/197","same_content","","cards/S/S-P/ピカチュウ_S-P-132／350.jpg","S-P/132","","215550"
"cards/S/S-P/フォクスライ_S-P-153／229.jpg","S-P","S-P/153","same_content","基本悪エネルギー","cards/S/S-P/フォクスライ_S-P-084／350.jpg","S-P/84","cards/S/S-P/基本悪エネルギー_S-P-153／350.jpg","309336"
"cards/S/S-P/フクスロー_S-P-139／229.jpg","S-P","S-P/139","same_content","ホップ","cards/S/S-P/フクスロー_S-P-070／350.jpg","S-P/70","cards/S/S-P/ホップ_S-P-139／350.jpg","204790"
"cards/S/S-P/フーパ_S-P-150／229.jpg","S-P","S-P/150","same_content","スイクン","cards/S/S-P/フーパ_S-P-081／350.jpg","S-P/81","cards/S/S-P/スイクン_S-P-150／350.jpg","308326"
"cards/S/S-P/ブラッキー_S-P-n.jpg","S-P","S-P/n","same_content","","cards/S/S-P/ブラッキー_S-P-161／350.jpg","S-P/161","","345220"
"cards/S/S-P/ブリムオンV_S-P-176／229.jpg","S-P","S-P/176","same_content","キノガッサV","cards/S/S-P/ブリムオンV_S-P-111／350.jpg","S-P/111","cards/S/S-P/キノガッサV_S-P-176／350.jpg","244181"
"cards/S/S-P/ブースター_S-P-107／229.jpg","S-P","S-P/107","same_content","モルペコ","cards/S/S-P/ブースター_S-P-038／350.jpg","S-P/38","cards/S/S-P/モルペコ_S-P-107／350.jpg","246021"
"cards/S/S-P/プレイヤーズセレモニー_S-P-204／229.jpg","S-P","S-P/204","same_content","","cards/S/S-P/プレイヤーズセレモニー_S-P-127／350.jpg","S-P/127","","143558"
"cards/S/S-P/プレシャスボール_S-P-224／229.jpg","S-P","S-P/224","same_content","博士の研究","cards/S/S-P/プレシャスボール_S-P-167／350.jpg","S-P/167","cards/S/S-P/博士の研究_S-P-224／350.jpg","223714"
"cards/S/S-P/ホップ_S-P-067／229.jpg","S-P","S-P/67","same_content","","cards/S/S-P/ホップ_S-P-005／350.jpg","S-P/5","","327629"
"cards/S/S-P/ホップ_S-P-131／229.jpg","S-P","S-P/131","same_content","メッソン","cards/S/S-P/ホップ_S-P-058／350.jpg","S-P/58","cards/S/S-P/メッソン_S-P-131／350.jpg","176685"
"cards/S/S-P/ホップ_S-P-211／229.jpg","S-P","S-P/211","same_content","バクガメス","cards/S/S-P/ホップ_S-P-139／350.jpg","S-P/139","cards/S/S-P/バクガメス_S-P-211／350.jpg","835079"
"cards/S/S-P/ポカブ_S-P-228／229.jpg","S-P","S-P/228","same_content","キバナ","cards/S/S-P/ポカブ_S-P-159／350.jpg","S-P/159","cards/S/S-P/キバナ_S-P-228／350.jpg","306386"
"cards/S/S-P/ポケモンいれかえ_S-P-125／229.jpg","S-P","S-P/125","same_content","ピカチュウ","cards/S/S-P/ポケモンいれかえ_S-P-053／350.jpg","S-P/53","cards/S/S-P/ピカチュウ_S-P-125／350.jpg","182766"
"cards/S/S-P/ポケモンごっこ_S-P-130／229.jpg","S-P","S-P/130","same_content","ヒバニー","cards/S/S-P/ポケモンごっこ_S-P-057／350.jpg","S-P/57","cards/S/S-P/ヒバニー_S-P-130／350.jpg","206994"
"cards/S/S-P/ポケモンセンターのお姉さん_S-P-138／229.jpg","S-P","S-P/138","same_content","ビート","cards/S/S-P/ポケモンセンターのお姉さん_S-P-069／350.jpg","S-P/69","cards/S/S-P/ビート_S-P-138／350.jpg","329065"
"cards/S/S-P/ポットデスV_S-P-109／229.jpg","S-P","S-P/109","same_content","イエッサン","cards/S/S-P/ポットデスV_S-P-040／350.jpg","S-P/40","cards/S/S-P/イエッサン_S-P-109／350.jpg","247215"
"cards/S/S-P/マオ&amp;スイレン_S-P-136／229.jpg","S-P","S-P/136","same_content","げんきのハチマキ","cards/S/S-P/マオ&スイレン_S-P-089／350.jpg","S-P/89","cards/S/S-P/げんきのハチマキ_S-P-136／350.jpg","223538"
"cards/S/S-P/マリィ_S-P-133／229.jpg","S-P","S-P/133","same_content","基本水エネルギー","cards/S/S-P/マリィ_S-P-086／350.jpg","S-P/86","cards/S/S-P/基本水エネルギー_S-P-133／350.jpg","167439"
"cards/S/S-P/マリィ_S-P-212／229.jpg","S-P","S-P/212","same_content","ジジーロン","cards/S/S-P/マリィ_S-P-140／350.jpg","S-P/140","cards/S/S-P/ジジーロン_S-P-212／350.jpg","804879"
"cards/S/S-P/マンタイン_S-P-089／229.jpg","S-P","S-P/89","same_content","マオ&スイレン","cards/S/S-P/マンタイン_S-P-023／350.jpg","S-P/23","cards/S/S-P/マオ&スイレン_S-P-089／350.jpg","319643"
"cards/S/S-P/ミツバ_S-P-226／229.jpg","S-P","S-P/226","same_content","ウッウ","cards/S/S-P/ミツバ_S-P-157／350.jpg","S-P/157","cards/S/S-P/ウッウ_S-P-226／350.jpg","461113"
"cards/S/S-P/ミブリム_S-P-111／229.jpg","S-P","S-P/111","same_content","ブリムオンV","cards/S/S-P/ミブリム_S-P-041／350.jpg","S-P/41","cards/S/S-P/ブリムオンV_S-P-111／350.jpg","222397"
"cards/S/S-P/ミロカロス_S-P-215／229.jpg","S-P","S-P/215","same_content","リーフィア","cards/S/S-P/ミロカロス_S-P-145／350.jpg","S-P/145","cards/S/S-P/リーフィア_S-P-215／350.jpg","337359"
"cards/S/S-P/ムウマージ_S-P-202／229.jpg","S-P","S-P/202","same_content","","cards/S/S-P/ムウマージ_S-P-141／350.jpg","S-P/141","","243646"
"cards/S/S-P/ムゲンダイナVMAX_S-P-149／229.jpg","S-P","S-P/149","same_content","ヒードラン","cards/S/S-P/ムゲンダイナVMAX_S-P-080／350.jpg","S-P/80","cards/S/S-P/ヒードラン_S-P-149／350.jpg","421890"
"cards/S/S-P/ムゲンダイナV_S-P-148／229.jpg","S-P","S-P/148","same_content","ゲノセクト","cards/S/S-P/ムゲンダイナV_S-P-079／350.jpg","S-P/79","cards/S/S-P/ゲノセクト_S-P-148／350.jpg","307538"
"cards/S/S-P/メッソン_S-P-070／229.jpg","S-P","S-P/70","same_content","フクスロー","cards/S/S-P/メッソン_S-P-008／350.jpg","S-P/8","cards/S/S-P/フクスロー_S-P-070／350.jpg","320828"
"cards/S/S-P/メッソン_S-P-122／229.jpg","S-P","S-P/122","same_content","ピカチュウV","cards/S/S-P/メッソン_S-P-050／350.jpg","S-P/50","cards/S/S-P/ピカチュウV_S-P-122／350.jpg","269758"
"cards/S/S-P/メッソン_S-P-191／229.jpg","S-P","S-P/191","same_content","ガラル バリコオル","cards/S/S-P/メッソン_S-P-129／350.jpg","S-P/129","cards/S/S-P/ガラル バリコオル_S-P-191／350.jpg","300280"
"cards/S/S-P/メッソン_S-P-193／229.jpg","S-P","S-P/193","same_content","ホルビー","cards/S/S-P/メッソン_S-P-131／350.jpg","S-P/131","cards/S/S-P/ホルビー_S-P-193／350.jpg","263322"
"cards/S/S-P/メッソン_S-P-216／229.jpg","S-P","S-P/216","same_content","グレイシア","cards/S/S-P/メッソン_S-P-146／350.jpg","S-P/146","cards/S/S-P/グレイシア_S-P-216／350.jpg","333043"
"cards/S/S-P/モルペコ_S-P-096／229.jpg","S-P","S-P/96","same_content","基本悪エネルギー","cards/S/S-P/モルペコ_S-P-032／350.jpg","S-P/32","cards/S/S-P/基本悪エネルギー_S-P-096／350.jpg","220219"
"cards/S/S-P/モルペコ_S-P-104／229.jpg","S-P","S-P/104","same_content","リザードンVMAX","cards/S/S-P/モルペコ_S-P-035／350.jpg","S-P/35","cards/S/S-P/リザードンVMAX_S-P-104／350.jpg","225524"
"cards/S/S-P/モルペコ_S-P-137／229.jpg","S-P","S-P/137","same_content","モルペコ","cards/S/S-P/モルペコ_S-P-068／350.jpg","S-P/68","cards/S/S-P/モルペコ_S-P-137／350.jpg","199388"
"cards/S/S-P/モルペコ_S-P-200／229.jpg","S-P","S-P/200","same_content","","cards/S/S-P/モルペコ_S-P-107／350.jpg","S-P/107","","223888"
"cards/S/S-P/モルペコ_S-P-209／229.jpg","S-P","S-P/209","same_content","チルタリス","cards/S/S-P/モルペコ_S-P-137／350.jpg","S-P/137","cards/S/S-P/チルタリス_S-P-209／350.jpg","278468"
"cards/S/S-P/モンスターボール_S-P-085／229.jpg","S-P","S-P/85","same_content","エール団のしたっぱ","cards/S/S-P/モンスターボール_S-P-019／350.jpg","S-P/19","cards/S/S-P/エール団のしたっぱ_S-P-085／350.jpg","149890"
"cards/S/S-P/モンスターボール_S-P-126／229.jpg","S-P","S-P/126","same_content","ピカチュウ","cards/S/S-P/モンスターボール_S-P-054／350.jpg","S-P/54","cards/S/S-P/ピカチュウ_S-P-126／350.jpg","156510"
"cards/S/S-P/ヤブクロン_S-P-113／229.jpg","S-P","S-P/113","same_content","サシカマス","cards/S/S-P/ヤブクロン_S-P-043／350.jpg","S-P/43","cards/S/S-P/サシカマス_S-P-113／350.jpg","265686"
"cards/S/S-P/ヤロー_S-P-147／229.jpg","S-P","S-P/147","same_content","カナザワのピカチュウ","cards/S/S-P/ヤロー_S-P-078／350.jpg","S-P/78","cards/S/S-P/カナザワのピカチュウ_S-P-147／350.jpg","198443"
"cards/S/S-P/ヨクバリスV_S-P-145／229.jpg","S-P","S-P/145","same_content","ミロカロス","cards/S/S-P/ヨクバリスV_S-P-076／350.jpg","S-P/76","cards/S/S-P/ミロカロス_S-P-145／350.jpg","230720"
"cards/S/S-P/ヨルノズク_S-P-092／229.jpg","S-P","S-P/92","same_content","基本水エネルギー","cards/S/S-P/ヨルノズク_S-P-026／350.jpg","S-P/26","cards/S/S-P/基本水エネルギー_S-P-092／350.jpg","225037"
"cards/S/S-P/リザードンVMAX_S-P-174／229.jpg","S-P","S-P/174","same_content","サダイジャV","cards/S/S-P/リザードンVMAX_S-P-104／350.jpg","S-P/104","cards/S/S-P/サダイジャV_S-P-174／350.jpg","615044"
"cards/S/S-P/リザードンV_S-P-173／229.jpg","S-P","S-P/173","same_content","コオリッポ","cards/S/S-P/リザードンV_S-P-103／350.jpg","S-P/103","cards/S/S-P/コオリッポ_S-P-173／350.jpg","315341"
"cards/S/S-P/リザードン_S-P-213／229.jpg","S-P","S-P/213","same_content","ジュラルドンV","cards/S/S-P/リザードン_S-P-143／350.jpg","S-P/143","cards/S/S-P/ジュラルドンV_S-P-213／350.jpg","280931"
"cards/S/S-P/ルクシオ_S-P-108／229.jpg","S-P","S-P/108","same_content","ザルードV","cards/S/S-P/ルクシオ_S-P-039／350.jpg","S-P/39","cards/S/S-P/ザルードV_S-P-108／350.jpg","230188"
"cards/S/S-P/レックウザ_S-P-066／229.jpg","S-P","S-P/66","same_content","","cards/S/S-P/レックウザ_S-P-003／350.jpg","S-P/3","","259748"
"cards/S/S-P/ローズ_S-P-184／229.jpg","S-P","S-P/184","same_content","エンペルトV","cards/S/S-P/ローズ_S-P-120／350.jpg","S-P/120","cards/S/S-P/エンペルトV_S-P-184／350.jpg","181679"
"cards/S/S-P/ワルビル_S-P-181／229.jpg","S-P","S-P/181","same_content","イーブイ","cards/S/S-P/ワルビル_S-P-116／350.jpg","S-P/116","cards/S/S-P/イーブイ_S-P-181／350.jpg","269718"
"cards/S/S-P/勝利の証_S-P-098／229.jpg","S-P","S-P/98","old_number","基本フェアリーエネルギー","","","cards/S/S-P/基本フェアリーエネルギー_S-P-098／350.jpg","234351"
"cards/S/S-P/勝利の証_S-P-099／229.jpg","S-P","S-P/99","old_number","名探偵ピカチュウ","","","cards/S/S-P/名探偵ピカチュウ_S-P-099／350.jpg","216009"
"cards/S/S-P/勝利の証_S-P-102／229.jpg","S-P","S-P/102","old_number","ジムトレーナー","","","cards/S/S-P/ジムトレーナー_S-P-102／350.jpg","193580"
"cards/S/S-P/博士の研究_S-P-205／229.jpg","S-P","S-P/205","same_content","","cards/S/S-P/博士の研究_S-P-128／350.jpg","S-P/128","","140599"
"cards/S/S-P/名探偵ピカチュウ_S-P-168／229.jpg","S-P","S-P/168","same_content","エースバーンV","cards/S/S-P/名探偵ピカチュウ_S-P-099／350.jpg","S-P/99","cards/S/S-P/エースバーンV_S-P-168／350.jpg","202572"
"cards/S/S-P/基本フェアリーエネルギー_S-P-167／229.jpg","S-P","S-P/167","same_content","プレシャスボール","cards/S/S-P/基本フェアリーエネルギー_S-P-098／350.jpg","S-P/98","cards/S/S-P/プレシャスボール_S-P-167／350.jpg","106575"
"cards/S/S-P/基本悪エネルギー_S-P-080／229.jpg","S-P","S-P/80","same_content","ムゲンダイナVMAX","cards/S/S-P/基本悪エネルギー_S-P-015／350.jpg","S-P/15","cards/S/S-P/ムゲンダイナVMAX_S-P-080／350.jpg","105687"
"cards/S/S-P/基本悪エネルギー_S-P-152／229.jpg","S-P","S-P/152","same_content","クロバットV","cards/S/S-P/基本悪エネルギー_S-P-083／350.jpg","S-P/83","cards/S/S-P/クロバットV_S-P-152／350.jpg","119602"
"cards/S/S-P/基本悪エネルギー_S-P-161／229.jpg","S-P","S-P/161","same_content","ブラッキー","cards/S/S-P/基本悪エネルギー_S-P-096／350.jpg","S-P/96","cards/S/S-P/ブラッキー_S-P-161／350.jpg","115938"
"cards/S/S-P/基本悪エネルギー_S-P-220／229.jpg","S-P","S-P/220","same_content","イーブイ","cards/S/S-P/基本悪エネルギー_S-P-153／350.jpg","S-P/153","cards/S/S-P/イーブイ_S-P-220／350.jpg","124777"
"cards/S/S-P/基本水エネルギー_S-P-076／229.jpg","S-P","S-P/76","same_content","ヨクバリスV","cards/S/S-P/基本水エネルギー_S-P-011／350.jpg","S-P/11","cards/S/S-P/ヨクバリスV_S-P-076／350.jpg","112729"
"cards/S/S-P/基本水エネルギー_S-P-156／229.jpg","S-P","S-P/156","same_content","カビゴン","cards/S/S-P/基本水エネルギー_S-P-092／350.jpg","S-P/92","cards/S/S-P/カビゴン_S-P-156／350.jpg","114134"
"cards/S/S-P/基本水エネルギー_S-P-198／229.jpg","S-P","S-P/198","same_content","","cards/S/S-P/基本水エネルギー_S-P-133／350.jpg","S-P/133","","102862"
"cards/S/S-P/基本炎エネルギー_S-P-075／229.jpg","S-P","S-P/75","same_content","イーブイ","cards/S/S-P/基本炎エネルギー_S-P-010／350.jpg","S-P/10","cards/S/S-P/イーブイ_S-P-075／350.jpg","118851"
"cards/S/S-P/基本炎エネルギー_S-P-155／229.jpg","S-P","S-P/155","same_content","シロナ","cards/S/S-P/基本炎エネルギー_S-P-091／350.jpg","S-P/91","cards/S/S-P/シロナ_S-P-155／350.jpg","116285"
"cards/S/S-P/基本草エネルギー_S-P-074／229.jpg","S-P","S-P/74","same_content","ゾウドウ","cards/S/S-P/基本草エネルギー_S-P-009／350.jpg","S-P/9","cards/S/S-P/ゾウドウ_S-P-074／350.jpg","118658"
"cards/S/S-P/基本草エネルギー_S-P-154／229.jpg","S-P","S-P/154","same_content","ハイド悪エネルギー","cards/S/S-P/基本草エネルギー_S-P-090／350.jpg","S-P/90","cards/S/S-P/ハイド悪エネルギー_S-P-154／350.jpg","115359"
"cards/S/S-P/基本超エネルギー_S-P-078／229.jpg","S-P","S-P/78","same_content","ヤロー","cards/S/S-P/基本超エネルギー_S-P-013／350.jpg","S-P/13","cards/S/S-P/ヤロー_S-P-078／350.jpg","106678"
"cards/S/S-P/基本超エネルギー_S-P-159／229.jpg","S-P","S-P/159","same_content","ポカブ","cards/S/S-P/基本超エネルギー_S-P-094／350.jpg","S-P/94","cards/S/S-P/ポカブ_S-P-159／350.jpg","106355"
"cards/S/S-P/基本鋼エネルギー_S-P-081／229.jpg","S-P","S-P/81","same_content","フーパ","cards/S/S-P/基本鋼エネルギー_S-P-016／350.jpg","S-P/16","cards/S/S-P/フーパ_S-P-081／350.jpg","94549"
"cards/S/S-P/基本鋼エネルギー_S-P-166／229.jpg","S-P","S-P/166","same_content","アルセウス&ディアルガ&パルキアGX","cards/S/S-P/基本鋼エネルギー_S-P-097／350.jpg","S-P/97","cards/S/S-P/アルセウス&ディアルガ&パルキアGX_S-P-166／350.jpg","95063"
"cards/S/S-P/基本闘エネルギー_S-P-079／229.jpg","S-P","S-P/79","same_content","ムゲンダイナV","cards/S/S-P/基本闘エネルギー_S-P-014／350.jpg","S-P/14","cards/S/S-P/ムゲンダイナV_S-P-079／350.jpg","112712"
"cards/S/S-P/基本闘エネルギー_S-P-160／229.jpg","S-P","S-P/160","same_content","ガラル バリヤード","cards/S/S-P/基本闘エネルギー_S-P-095／350.jpg","S-P/95","cards/S/S-P/ガラル バリヤード_S-P-160／350.jpg","109960"
"cards/S/S-P/基本雷エネルギー_S-P-077／229.jpg","S-P","S-P/77","same_content","ウカッツ","cards/S/S-P/基本雷エネルギー_S-P-012／350.jpg","S-P/12","cards/S/S-P/ウカッツ_S-P-077／350.jpg","108241"
"cards/S/S-P/基本雷エネルギー_S-P-158／229.jpg","S-P","S-P/158","same_content","チェリンボ","cards/S/S-P/基本雷エネルギー_S-P-093／350.jpg","S-P/93","cards/S/S-P/チェリンボ_S-P-158／350.jpg","106758"
"cards/S/S-P/救助隊DXのピカチュウ_S-P-105／229.jpg","S-P","S-P/105","same_content","まるのみされたピカチュウ","cards/S/S-P/救助隊DXのピカチュウ_S-P-036／350.jpg","S-P/36","cards/S/S-P/まるのみされたピカチュウ_S-P-105／350.jpg","269195"
"cards/S/S-P/逆境グローブ_S-P-117／229.jpg","S-P","S-P/117","same_content","イーブイ","cards/S/S-P/逆境グローブ_S-P-045／350.jpg","S-P/45","cards/S/S-P/イーブイ_S-P-117／350.jpg","188581"
"cards/S/S10b/かがやくイーブイ_S10b-55／71.jpg","S10b","S10b/55","same_content","かがやくイーブイ","cards/S/S10b/かがやくイーブイ_S10b-55／93.jpg","S10b/55","cards/S/S10b/かがやくイーブイ_S10b-55／93.jpg","419708"
"cards/S/S10b/かがやくカメックス_S10b-18／71.jpg","S10b","S10b/18","same_content","かがやくカメックス","cards/S/S10b/かがやくカメックス_S10b-18／93.jpg","S10b/18","cards/S/S10b/かがやくカメックス_S10b-18／93.jpg","451820"
"cards/S/S10b/かがやくフシギバナ_S10b-04／71.jpg","S10b","S10b/4","same_content","かがやくフシギバナ","cards/S/S10b/かがやくフシギバナ_S10b-04／93.jpg","S10b/4","cards/S/S10b/かがやくフシギバナ_S10b-04／93.jpg","417511"
"cards/S/S10b/かがやくリザードン_S10b-11／71.jpg","S10b","S10b/11","same_content","かがやくリザードン","cards/S/S10b/かがやくリザードン_S10b-11／93.jpg","S10b/11","cards/S/S10b/かがやくリザードン_S10b-11／93.jpg","395911"
"cards/S/S10b/ふかそうち_S10b-MET.jpg","S10b","S10b/MET","same_content","","cards/S/S10b/ふかそうち_S10b-65／93_U.jpg","S10b/65","","184711"
"cards/S/S10b/ふしぎなアメ_S10b-PSY.jpg","S10b","S10b/PSY","same_content","","cards/S/S10b/ふしぎなアメ_S10b-66／93_U.jpg","S10b/66","","227454"
"cards/S/S10b/アリアドス_S10b-07／71.jpg","S10b","S10b/7","same_content","アリアドス","cards/S/S10b/アリアドス_S10b-07／93_C.jpg","S10b/7","cards/S/S10b/アリアドス_S10b-07／93_C.jpg","279066"
"cards/S/S10b/アローラ コラッタ_S10b-41／71.jpg","S10b","S10b/41","same_content","アローラ コラッタ","cards/S/S10b/アローラ コラッタ_S10b-41／93_C.jpg","S10b/41","cards/S/S10b/アローラ コラッタ_S10b-41／93_C.jpg","356052"
"cards/S/S10b/アローラ ナッシーV_S10b-05／71.jpg","S10b","S10b/5","same_content","アローラ ナッシーV","cards/S/S10b/アローラ ナッシーV_S10b-05／93_RR.jpg","S10b/5","cards/S/S10b/アローラ ナッシーV_S10b-05／93_RR.jpg","348853"
"cards/S/S10b/アローラ ナッシーV_S10b-65／71.jpg","S10b","S10b/65","same_content","ふかそうち","cards/S/S10b/アローラ ナッシーV_S10b-05／93_RR.jpg","S10b/5","cards/S/S10b/ふかそうち_S10b-65／93_U.jpg","348853"
"cards/S/S10b/アローラ ラッタ_S10b-42／71.jpg","S10b","S10b/42","same_content","アローラ ラッタ","cards/S/S10b/アローラ ラッタ_S10b-42／93_C.jpg","S10b/42","cards/S/S10b/アローラ ラッタ_S10b-42／93_C.jpg","329354"
"cards/S/S10b/イトマル_S10b-06／71.jpg","S10b","S10b/6","same_content","イトマル","cards/S/S10b/イトマル_S10b-06／93_C.jpg","S10b/6","cards/S/S10b/イトマル_S10b-06／93_C.jpg","308602"
"cards/S/S10b/イワーク_S10b-36／71.jpg","S10b","S10b/36","same_content","イワーク","cards/S/S10b/イワーク_S10b-36／93_C.jpg","S10b/36","cards/S/S10b/イワーク_S10b-36／93_C.jpg","343223"
"cards/S/S10b/イーブイ_S10b-54／71.jpg","S10b","S10b/54","same_content","イーブイ","cards/S/S10b/イーブイ_S10b-54／93_C.jpg","S10b/54","cards/S/S10b/イーブイ_S10b-54／93_C.jpg","231161"
"cards/S/S10b/エイパム_S10b-57／71.jpg","S10b","S10b/57","same_content","エイパム","cards/S/S10b/エイパム_S10b-57／93_C.jpg","S10b/57","cards/S/S10b/エイパム_S10b-57／93_C.jpg","255533"
"cards/S/S10b/エテボース_S10b-58／71.jpg","S10b","S10b/58","same_content","エテボース","cards/S/S10b/エテボース_S10b-58／93_C.jpg","S10b/58","cards/S/S10b/エテボース_S10b-58／93_C.jpg","283532"
"cards/S/S10b/カイリューVSTAR_S10b-50／71.jpg","S10b","S10b/50","same_content","カイリューVSTAR","cards/S/S10b/カイリューVSTAR_S10b-50／93_RRR.jpg","S10b/50","cards/S/S10b/カイリューVSTAR_S10b-50／93_RRR.jpg","428331"
"cards/S/S10b/カイリューVSTAR_S10b-GRA.jpg","S10b","S10b/GRA","same_content","","cards/S/S10b/カイリューVSTAR_S10b-50／93_RRR.jpg","S10b/50","","428331"
"cards/S/S10b/カイリューV_S10b-49／71.jpg","S10b","S10b/49","same_content","カイリューV","cards/S/S10b/カイリューV_S10b-49／93_RR.jpg","S10b/49","cards/S/S10b/カイリューV_S10b-49／93_RR.jpg","287766"
"cards/S/S10b/カイリューV_S10b-71／71.jpg","S10b","S10b/71","same_content","ポケストップ","cards/S/S10b/カイリューV_S10b-49／93_RR.jpg","S10b/49","cards/S/S10b/ポケストップ_S10b-71／93_U.jpg","287766"
"cards/S/S10b/カビゴン_S10b-56／71.jpg","S10b","S10b/56","same_content","カビゴン","cards/S/S10b/カビゴン_S10b-56／93_R.jpg","S10b/56","cards/S/S10b/カビゴン_S10b-56／93_R.jpg","309635"
"cards/S/S10b/カメックス_S10b-17／71.jpg","S10b","S10b/17","same_content","カメックス","cards/S/S10b/カメックス_S10b-17／93_R.jpg","S10b/17","cards/S/S10b/カメックス_S10b-17／93_R.jpg","422407"
"cards/S/S10b/カメール_S10b-16／71.jpg","S10b","S10b/16","same_content","カメール","cards/S/S10b/カメール_S10b-16／93_U.jpg","S10b/16","cards/S/S10b/カメール_S10b-16／93_U.jpg","383288"
"cards/S/S10b/ギャラドス_S10b-22／71.jpg","S10b","S10b/22","same_content","ギャラドス","cards/S/S10b/ギャラドス_S10b-22／93_R.jpg","S10b/22","cards/S/S10b/ギャラドス_S10b-22／93_R.jpg","449663"
"cards/S/S10b/グソクムシャ_S10b-26／71.jpg","S10b","S10b/26","same_content","グソクムシャ","cards/S/S10b/グソクムシャ_S10b-26／93_R.jpg","S10b/26","cards/S/S10b/グソクムシャ_S10b-26／93_R.jpg","420884"
"cards/S/S10b/ケッキングV_S10b-59／71.jpg","S10b","S10b/59","same_content","ケッキングV","cards/S/S10b/ケッキングV_S10b-59／93_RR.jpg","S10b/59","cards/S/S10b/ケッキングV_S10b-59／93_RR.jpg","303717"
"cards/S/S10b/ケッキングV_S10b-DAR.jpg","S10b","S10b/DAR","same_content","","cards/S/S10b/ケッキングV_S10b-59／93_RR.jpg","S10b/59","","303717"
"cards/S/S10b/ケンホロウ_S10b-64／71.jpg","S10b","S10b/64","same_content","ケンホロウ","cards/S/S10b/ケンホロウ_S10b-64／93_U.jpg","S10b/64","cards/S/S10b/ケンホロウ_S10b-64／93_U.jpg","263526"
"cards/S/S10b/コイキング_S10b-21／71.jpg","S10b","S10b/21","same_content","コイキング","cards/S/S10b/コイキング_S10b-21／93_C.jpg","S10b/21","cards/S/S10b/コイキング_S10b-21／93_C.jpg","432163"
"cards/S/S10b/コソクムシ_S10b-25／71.jpg","S10b","S10b/25","same_content","コソクムシ","cards/S/S10b/コソクムシ_S10b-25／93_C.jpg","S10b/25","cards/S/S10b/コソクムシ_S10b-25／93_C.jpg","378413"
"cards/S/S10b/サナギラス_S10b-38／71.jpg","S10b","S10b/38","same_content","サナギラス","cards/S/S10b/サナギラス_S10b-38／93_U.jpg","S10b/38","cards/S/S10b/サナギラス_S10b-38／93_U.jpg","340218"
"cards/S/S10b/サンダー_S10b-29／71.jpg","S10b","S10b/29","same_content","サンダー","cards/S/S10b/サンダー_S10b-29／93_R.jpg","S10b/29","cards/S/S10b/サンダー_S10b-29／93_R.jpg","368397"
"cards/S/S10b/ゼニガメ_S10b-15／71.jpg","S10b","S10b/15","same_content","ゼニガメ","cards/S/S10b/ゼニガメ_S10b-15／93_C.jpg","S10b/15","cards/S/S10b/ゼニガメ_S10b-15／93_C.jpg","382143"
"cards/S/S10b/ソルロック_S10b-39／71.jpg","S10b","S10b/39","same_content","ソルロック","cards/S/S10b/ソルロック_S10b-39／93_U.jpg","S10b/39","cards/S/S10b/ソルロック_S10b-39／93_U.jpg","344963"
"cards/S/S10b/ドンメル_S10b-13／71.jpg","S10b","S10b/13","same_content","ドンメル","cards/S/S10b/ドンメル_S10b-13／93_C.jpg","S10b/13","cards/S/S10b/ドンメル_S10b-13／93_C.jpg","369945"
"cards/S/S10b/ニンフィア_S10b-35／71.jpg","S10b","S10b/35","same_content","ニンフィア","cards/S/S10b/ニンフィア_S10b-35／93_R.jpg","S10b/35","cards/S/S10b/ニンフィア_S10b-35／93_R.jpg","319417"
"cards/S/S10b/ネイティ_S10b-32／71.jpg","S10b","S10b/32","same_content","ネイティ","cards/S/S10b/ネイティ_S10b-32／93_C.jpg","S10b/32","cards/S/S10b/ネイティ_S10b-32／93_C.jpg","237789"
"cards/S/S10b/ネイティオ_S10b-33／71.jpg","S10b","S10b/33","same_content","ネイティオ","cards/S/S10b/ネイティオ_S10b-33／93_U.jpg","S10b/33","cards/S/S10b/ネイティオ_S10b-33／93_U.jpg","284954"
"cards/S/S10b/ハガネール_S10b-44／71.jpg","S10b","S10b/44","same_content","ハガネール","cards/S/S10b/ハガネール_S10b-44／93_U.jpg","S10b/44","cards/S/S10b/ハガネール_S10b-44／93_U.jpg","311319"
"cards/S/S10b/ハトーボー_S10b-63／71.jpg","S10b","S10b/63","same_content","ハトーボー","cards/S/S10b/ハトーボー_S10b-63／93_C.jpg","S10b/63","cards/S/S10b/ハトーボー_S10b-63／93_C.jpg","289532"
"cards/S/S10b/ハピナス_S10b-52／71.jpg","S10b","S10b/52","same_content","ハピナス","cards/S/S10b/ハピナス_S10b-52／93_R.jpg","S10b/52","cards/S/S10b/ハピナス_S10b-52／93_R.jpg","310832"
"cards/S/S10b/バクーダ_S10b-14／71.jpg","S10b","S10b/14","same_content","バクーダ","cards/S/S10b/バクーダ_S10b-14／93_C.jpg","S10b/14","cards/S/S10b/バクーダ_S10b-14／93_C.jpg","320826"
"cards/S/S10b/バンギラス_S10b-43／71.jpg","S10b","S10b/43","same_content","バンギラス","cards/S/S10b/バンギラス_S10b-43／93_R.jpg","S10b/43","cards/S/S10b/バンギラス_S10b-43／93_R.jpg","405498"
"cards/S/S10b/ヒトカゲ_S10b-08／71.jpg","S10b","S10b/8","same_content","ヒトカゲ","cards/S/S10b/ヒトカゲ_S10b-08／93_C.jpg","S10b/8","cards/S/S10b/ヒトカゲ_S10b-08／93_C.jpg","314990"
"cards/S/S10b/ビッパ_S10b-60／71.jpg","S10b","S10b/60","same_content","ビッパ","cards/S/S10b/ビッパ_S10b-60／93_C.jpg","S10b/60","cards/S/S10b/ビッパ_S10b-60／93_C.jpg","333568"
"cards/S/S10b/ビーダル_S10b-61／71.jpg","S10b","S10b/61","same_content","ビーダル","cards/S/S10b/ビーダル_S10b-61／93_C.jpg","S10b/61","cards/S/S10b/ビーダル_S10b-61／93_C.jpg","283319"
"cards/S/S10b/ピカチュウ_S10b-27／71.jpg","S10b","S10b/27","same_content","ピカチュウ","cards/S/S10b/ピカチュウ_S10b-27／93_C.jpg","S10b/27","cards/S/S10b/ピカチュウ_S10b-27／93_C.jpg","247354"
"cards/S/S10b/ピカチュウ_S10b-28／71.jpg","S10b","S10b/28","same_content","ピカチュウ","cards/S/S10b/ピカチュウ_S10b-27／93_C.jpg","S10b/27","cards/S/S10b/ピカチュウ_S10b-28／93_R.jpg","247354"
"cards/S/S10b/ファイヤー_S10b-12／71.jpg","S10b","S10b/12","same_content","ファイヤー","cards/S/S10b/ファイヤー_S10b-12／93_R.jpg","S10b/12","cards/S/S10b/ファイヤー_S10b-12／93_R.jpg","368181"
"cards/S/S10b/フシギソウ_S10b-02／71.jpg","S10b","S10b/2","same_content","フシギソウ","cards/S/S10b/フシギソウ_S10b-02／93_U.jpg","S10b/2","cards/S/S10b/フシギソウ_S10b-02／93_U.jpg","269900"
"cards/S/S10b/フシギダネ_S10b-01／71.jpg","S10b","S10b/1","same_content","フシギダネ","cards/S/S10b/フシギダネ_S10b-01／93_C.jpg","S10b/1","cards/S/S10b/フシギダネ_S10b-01／93_C.jpg","270462"
"cards/S/S10b/フシギバナ_S10b-03／71.jpg","S10b","S10b/3","same_content","フシギバナ","cards/S/S10b/フシギバナ_S10b-03／93_R.jpg","S10b/3","cards/S/S10b/フシギバナ_S10b-03／93_R.jpg","336900"
"cards/S/S10b/フリーザー_S10b-24／71.jpg","S10b","S10b/24","same_content","フリーザー","cards/S/S10b/フリーザー_S10b-24／93_R.jpg","S10b/24","cards/S/S10b/フリーザー_S10b-24／93_R.jpg","421347"
"cards/S/S10b/マメパト_S10b-62／71.jpg","S10b","S10b/62","same_content","マメパト","cards/S/S10b/マメパト_S10b-62／93_C.jpg","S10b/62","cards/S/S10b/マメパト_S10b-62／93_C.jpg","249107"
"cards/S/S10b/ミュウツーVSTAR_S10b-31／71.jpg","S10b","S10b/31","same_content","ミュウツーVSTAR","cards/S/S10b/ミュウツーVSTAR_S10b-31／93_RRR.jpg","S10b/31","cards/S/S10b/ミュウツーVSTAR_S10b-31／93_RRR.jpg","421755"
"cards/S/S10b/ミュウツーVSTAR_S10b-FIG.jpg","S10b","S10b/FIG","same_content","","cards/S/S10b/ミュウツーVSTAR_S10b-31／93_RRR.jpg","S10b/31","","421755"
"cards/S/S10b/ミュウツーVSTAR_S10b-LIG.jpg","S10b","S10b/LIG","same_content","","cards/S/S10b/ミュウツーVSTAR_S10b-31／93_RRR.jpg","S10b/31","","421755"
"cards/S/S10b/ミュウツーV_S10b-30／71.jpg","S10b","S10b/30","same_content","ミュウツーV","cards/S/S10b/ミュウツーV_S10b-30／93_RR.jpg","S10b/30","cards/S/S10b/ミュウツーV_S10b-30／93_RR.jpg","311422"
"cards/S/S10b/ミュウツーV_S10b-66／71.jpg","S10b","S10b/66","same_content","ふしぎなアメ","cards/S/S10b/ミュウツーV_S10b-30／93_RR.jpg","S10b/30","cards/S/S10b/ふしぎなアメ_S10b-66／93_U.jpg","311422"
"cards/S/S10b/ミュウツーV_S10b-67／71.jpg","S10b","S10b/67","same_content","ルアーモジュール","cards/S/S10b/ミュウツーV_S10b-30／93_RR.jpg","S10b/30","cards/S/S10b/ルアーモジュール_S10b-67／93_U.jpg","311422"
"cards/S/S10b/メタモン_S10b-53／71.jpg","S10b","S10b/53","same_content","メタモン","cards/S/S10b/メタモン_S10b-53／93.jpg","S10b/53","cards/S/S10b/メタモン_S10b-53／93.jpg","269869"
"cards/S/S10b/メルタン_S10b-45／71.jpg","S10b","S10b/45","same_content","メルタン","cards/S/S10b/メルタン_S10b-45／93_C.jpg","S10b/45","cards/S/S10b/メルタン_S10b-45／93_C.jpg","280731"
"cards/S/S10b/メルメタルVMAX_S10b-48／71.jpg","S10b","S10b/48","same_content","メルメタルVMAX","cards/S/S10b/メルメタルVMAX_S10b-48／93_RRR.jpg","S10b/48","cards/S/S10b/メルメタルVMAX_S10b-48／93_RRR.jpg","508514"
"cards/S/S10b/メルメタルVMAX_S10b-FIR.jpg","S10b","S10b/FIR","same_content","","cards/S/S10b/メルメタルVMAX_S10b-48／93_RRR.jpg","S10b/48","","508514"
"cards/S/S10b/メルメタルV_S10b-47／71.jpg","S10b","S10b/47","same_content","メルメタルV","cards/S/S10b/メルメタルV_S10b-47／93_RR.jpg","S10b/47","cards/S/S10b/メルメタルV_S10b-47／93_RR.jpg","314726"
"cards/S/S10b/メルメタルV_S10b-70／71.jpg","S10b","S10b/70","same_content","ブランシェ","cards/S/S10b/メルメタルV_S10b-47／93_RR.jpg","S10b/47","cards/S/S10b/ブランシェ_S10b-70／93_U.jpg","314726"
"cards/S/S10b/メルメタル_S10b-46／71.jpg","S10b","S10b/46","same_content","メルメタル","cards/S/S10b/メルメタル_S10b-46／93_R.jpg","S10b/46","cards/S/S10b/メルメタル_S10b-46／93_R.jpg","349865"
"cards/S/S10b/ヤドラン_S10b-20／71.jpg","S10b","S10b/20","same_content","ヤドラン","cards/S/S10b/ヤドラン_S10b-20／93_U.jpg","S10b/20","cards/S/S10b/ヤドラン_S10b-20／93_U.jpg","413385"
"cards/S/S10b/ヤドン_S10b-19／71.jpg","S10b","S10b/19","same_content","ヤドン","cards/S/S10b/ヤドン_S10b-19／93_C.jpg","S10b/19","cards/S/S10b/ヤドン_S10b-19／93_C.jpg","372153"
"cards/S/S10b/ヨーギラス_S10b-37／71.jpg","S10b","S10b/37","same_content","ヨーギラス","cards/S/S10b/ヨーギラス_S10b-37／93_C.jpg","S10b/37","cards/S/S10b/ヨーギラス_S10b-37／93_C.jpg","298626"
"cards/S/S10b/ラッキー_S10b-51／71.jpg","S10b","S10b/51","same_content","ラッキー","cards/S/S10b/ラッキー_S10b-51／93_U.jpg","S10b/51","cards/S/S10b/ラッキー_S10b-51／93_U.jpg","251327"
"cards/S/S10b/ラプラス_S10b-23／71.jpg","S10b","S10b/23","same_content","ラプラス","cards/S/S10b/ラプラス_S10b-23／93_R.jpg","S10b/23","cards/S/S10b/ラプラス_S10b-23／93_R.jpg","423771"
"cards/S/S10b/リザード_S10b-09／71.jpg","S10b","S10b/9","same_content","リザード","cards/S/S10b/リザード_S10b-09／93_U.jpg","S10b/9","cards/S/S10b/リザード_S10b-09／93_U.jpg","309761"
"cards/S/S10b/リザードン_S10b-10／71.jpg","S10b","S10b/10","same_content","リザードン","cards/S/S10b/リザードン_S10b-10／93_R.jpg","S10b/10","cards/S/S10b/リザードン_S10b-10／93_R.jpg","411186"
"cards/S/S10b/ルアーモジュール_S10b-WAT.jpg","S10b","S10b/WAT","same_content","","cards/S/S10b/ルアーモジュール_S10b-67／93_U.jpg","S10b/67","","205035"
"cards/S/S10b/ルナトーン_S10b-34／71.jpg","S10b","S10b/34","same_content","ルナトーン","cards/S/S10b/ルナトーン_S10b-34／93_U.jpg","S10b/34","cards/S/S10b/ルナトーン_S10b-34／93_U.jpg","244029"
"cards/S/S10b/ローブシンV_S10b-40／71.jpg","S10b","S10b/40","same_content","ローブシンV","cards/S/S10b/ローブシンV_S10b-40／93_RR.jpg","S10b/40","cards/S/S10b/ローブシンV_S10b-40／93_RR.jpg","329339"
"cards/S/S10b/ローブシンV_S10b-68／71.jpg","S10b","S10b/68","same_content","キャンデラ","cards/S/S10b/ローブシンV_S10b-40／93_RR.jpg","S10b/40","cards/S/S10b/キャンデラ_S10b-68／93_U.jpg","329339"
"cards/S/S10b/ローブシンV_S10b-69／71.jpg","S10b","S10b/69","same_content","スパーク","cards/S/S10b/ローブシンV_S10b-40／93_RR.jpg","S10b/40","cards/S/S10b/スパーク_S10b-69／93_U.jpg","329339"
"cards/S/S4/イオルブVMAX_S4-009／100.jpg","S4","S4/9","same_content","イオルブVMAX","cards/S/S4/イオルブVMAX_S4-009／111_RRR.jpg","S4/9","cards/S/S4/イオルブVMAX_S4-009／111_RRR.jpg","1665186"
"cards/S/S4/イオルブV_S4-008／100.jpg","S4","S4/8","same_content","イオルブV","cards/S/S4/イオルブV_S4-008／111_RR.jpg","S4/8","cards/S/S4/イオルブV_S4-008／111_RR.jpg","253147"
"cards/S/S4/イオルブV_S4-090／100.jpg","S4","S4/90","same_content","ドローンロトム","cards/S/S4/イオルブV_S4-008／111_RR.jpg","S4/8","cards/S/S4/ドローンロトム_S4-090／111_U.jpg","253147"
"cards/S/S4/イーブイ_S4-083／100.jpg","S4","S4/83","same_content","イーブイ","cards/S/S4/イーブイ_S4-083／111_C.jpg","S4/83","cards/S/S4/イーブイ_S4-083／111_C.jpg","189535"
"cards/S/S4/ウッウ_S4-027／100.jpg","S4","S4/27","same_content","ウッウ","cards/S/S4/ウッウ_S4-027／111_C.jpg","S4/27","cards/S/S4/ウッウ_S4-027／111_C.jpg","295464"
"cards/S/S4/エルフーン_S4-050／100.jpg","S4","S4/50","same_content","エルフーン","cards/S/S4/エルフーン_S4-050／111_U.jpg","S4/50","cards/S/S4/エルフーン_S4-050／111_U.jpg","239157"
"cards/S/S4/オオスバメ_S4-086／100.jpg","S4","S4/86","same_content","オオスバメ","cards/S/S4/オオスバメ_S4-086／111_C.jpg","S4/86","cards/S/S4/オオスバメ_S4-086／111_C.jpg","198690"
"cards/S/S4/オトスパス_S4-064／100.jpg","S4","S4/64","same_content","オトスパス","cards/S/S4/オトスパス_S4-064／111_U.jpg","S4/64","cards/S/S4/オトスパス_S4-064／111_U.jpg","279603"
"cards/S/S4/カイリキー_S4-055／100.jpg","S4","S4/55","same_content","カイリキー","cards/S/S4/カイリキー_S4-055／111_R.jpg","S4/55","cards/S/S4/カイリキー_S4-055／111_R.jpg","322910"
"cards/S/S4/カジリガメ_S4-026／100.jpg","S4","S4/26","same_content","カジリガメ","cards/S/S4/カジリガメ_S4-026／111_U.jpg","S4/26","cards/S/S4/カジリガメ_S4-026／111_U.jpg","293966"
"cards/S/S4/カビゴン_S4-084／100.jpg","S4","S4/84","same_content","カビゴン","cards/S/S4/カビゴン_S4-084／111_R.jpg","S4/84","cards/S/S4/カビゴン_S4-084／111_R.jpg","215982"
"cards/S/S4/カポエラー_S4-058／100.jpg","S4","S4/58","same_content","カポエラー","cards/S/S4/カポエラー_S4-058／111_C.jpg","S4/58","cards/S/S4/カポエラー_S4-058／111_C.jpg","280526"
"cards/S/S4/カマスジョー_S4-029／100.jpg","S4","S4/29","same_content","カマスジョー","cards/S/S4/カマスジョー_S4-029／111_U.jpg","S4/29","cards/S/S4/カマスジョー_S4-029／111_U.jpg","298952"
"cards/S/S4/カムカメ_S4-025／100.jpg","S4","S4/25","same_content","カムカメ","cards/S/S4/カムカメ_S4-025／111_C.jpg","S4/25","cards/S/S4/カムカメ_S4-025／111_C.jpg","297162"
"cards/S/S4/ガラル ニャイキング_S4-076／100.jpg","S4","S4/76","same_content","ガラル ニャイキング","cards/S/S4/ガラル ニャイキング_S4-076／111_U.jpg","S4/76","cards/S/S4/ガラル ニャイキング_S4-076／111_U.jpg","237157"
"cards/S/S4/ガラル ニャース_S4-075／100.jpg","S4","S4/75","same_content","ガラル ニャース","cards/S/S4/ガラル ニャース_S4-075／111_C.jpg","S4/75","cards/S/S4/ガラル ニャース_S4-075／111_C.jpg","228203"
"cards/S/S4/ガラル ネギガナイトV_S4-065／100.jpg","S4","S4/65","same_content","ガラル ネギガナイトV","cards/S/S4/ガラル ネギガナイトV_S4-065／111_RR.jpg","S4/65","cards/S/S4/ガラル ネギガナイトV_S4-065／111_RR.jpg","297068"
"cards/S/S4/ガラル ネギガナイトV_S4-095／100.jpg","S4","S4/95","same_content","リーグスタッフ","cards/S/S4/ガラル ネギガナイトV_S4-065／111_RR.jpg","S4/65","cards/S/S4/リーグスタッフ_S4-095／111_U.jpg","297068"
"cards/S/S4/ガラル ヒヒダルマVMAX_S4-024／100.jpg","S4","S4/24","same_content","ガラル ヒヒダルマVMAX","cards/S/S4/ガラル ヒヒダルマVMAX_S4-024／111_RRR.jpg","S4/24","cards/S/S4/ガラル ヒヒダルマVMAX_S4-024／111_RRR.jpg","1472441"
"cards/S/S4/ガラル ヒヒダルマV_S4-023／100.jpg","S4","S4/23","same_content","ガラル ヒヒダルマV","cards/S/S4/ガラル ヒヒダルマV_S4-023／111_RR.jpg","S4/23","cards/S/S4/ガラル ヒヒダルマV_S4-023／111_RR.jpg","249377"
"cards/S/S4/ガラル ヒヒダルマV_S4-092／100.jpg","S4","S4/92","same_content","メモリーカプセル","cards/S/S4/ガラル ヒヒダルマV_S4-023／111_RR.jpg","S4/23","cards/S/S4/メモリーカプセル_S4-092／111_U.jpg","249377"
"cards/S/S4/ギルガルドVMAX_S4-081／100.jpg","S4","S4/81","same_content","ギルガルドVMAX","cards/S/S4/ギルガルドVMAX_S4-081／111_RRR.jpg","S4/81","cards/S/S4/ギルガルドVMAX_S4-081／111_RRR.jpg","367239"
"cards/S/S4/ギルガルドV_S4-080／100.jpg","S4","S4/80","same_content","ギルガルドV","cards/S/S4/ギルガルドV_S4-080／111_RR.jpg","S4/80","cards/S/S4/ギルガルドV_S4-080／111_RR.jpg","232989"
"cards/S/S4/ギルガルドV_S4-097／100.jpg","S4","S4/97","same_content","キルクス温泉","cards/S/S4/ギルガルドV_S4-080／111_RR.jpg","S4/80","cards/S/S4/キルクス温泉_S4-097／111_U.jpg","232989"
"cards/S/S4/グラエナ_S4-067／100.jpg","S4","S4/67","same_content","グラエナ","cards/S/S4/グラエナ_S4-067／111_C.jpg","S4/67","cards/S/S4/グラエナ_S4-067／111_C.jpg","265012"
"cards/S/S4/ココロモリ_S4-048／100.jpg","S4","S4/48","same_content","ココロモリ","cards/S/S4/ココロモリ_S4-048／111_U.jpg","S4/48","cards/S/S4/ココロモリ_S4-048／111_U.jpg","201069"
"cards/S/S4/コノハナ_S4-002／100.jpg","S4","S4/2","same_content","コノハナ","cards/S/S4/コノハナ_S4-002／111_C.jpg","S4/2","cards/S/S4/コノハナ_S4-002／111_C.jpg","199847"
"cards/S/S4/コロモリ_S4-047／100.jpg","S4","S4/47","same_content","コロモリ","cards/S/S4/コロモリ_S4-047／111_C.jpg","S4/47","cards/S/S4/コロモリ_S4-047／111_C.jpg","193428"
"cards/S/S4/ゴニョニョ_S4-087／100.jpg","S4","S4/87","same_content","ゴニョニョ","cards/S/S4/ゴニョニョ_S4-087／111_C.jpg","S4/87","cards/S/S4/ゴニョニョ_S4-087／111_C.jpg","199598"
"cards/S/S4/ゴマゾウ_S4-056／100.jpg","S4","S4/56","same_content","ゴマゾウ","cards/S/S4/ゴマゾウ_S4-056／111_C.jpg","S4/56","cards/S/S4/ゴマゾウ_S4-056／111_C.jpg","286148"
"cards/S/S4/ゴーゴート_S4-007／100.jpg","S4","S4/7","same_content","ゴーゴート","cards/S/S4/ゴーゴート_S4-007／111_C.jpg","S4/7","cards/S/S4/ゴーゴート_S4-007／111_C.jpg","209260"
"cards/S/S4/ゴーリキー_S4-054／100.jpg","S4","S4/54","same_content","ゴーリキー","cards/S/S4/ゴーリキー_S4-054／111_U.jpg","S4/54","cards/S/S4/ゴーリキー_S4-054／111_U.jpg","273653"
"cards/S/S4/サシカマス_S4-028／100.jpg","S4","S4/28","same_content","サシカマス","cards/S/S4/サシカマス_S4-028／111_C.jpg","S4/28","cards/S/S4/サシカマス_S4-028／111_C.jpg","272442"
"cards/S/S4/サマヨール_S4-044／100.jpg","S4","S4/44","same_content","サマヨール","cards/S/S4/サマヨール_S4-044／111_U.jpg","S4/44","cards/S/S4/サマヨール_S4-044／111_U.jpg","205816"
"cards/S/S4/サンダー_S4-035／100.jpg","S4","S4/35","same_content","サンダー","cards/S/S4/サンダー_S4-035／111_R.jpg","S4/35","cards/S/S4/サンダー_S4-035／111_R.jpg","290025"
"cards/S/S4/サンダース_S4-034／100.jpg","S4","S4/34","same_content","サンダース","cards/S/S4/サンダース_S4-034／111_U.jpg","S4/34","cards/S/S4/サンダース_S4-034／111_U.jpg","239334"
"cards/S/S4/シビシラス_S4-038／100.jpg","S4","S4/38","same_content","シビシラス","cards/S/S4/シビシラス_S4-038／111_C.jpg","S4/38","cards/S/S4/シビシラス_S4-038／111_C.jpg","206787"
"cards/S/S4/シビビール_S4-039／100.jpg","S4","S4/39","same_content","シビビール","cards/S/S4/シビビール_S4-039／111_C.jpg","S4/39","cards/S/S4/シビビール_S4-039／111_C.jpg","219104"
"cards/S/S4/シビルドン_S4-040／100.jpg","S4","S4/40","same_content","シビルドン","cards/S/S4/シビルドン_S4-040／111_U.jpg","S4/40","cards/S/S4/シビルドン_S4-040／111_U.jpg","276829"
"cards/S/S4/シママ_S4-036／100.jpg","S4","S4/36","same_content","シママ","cards/S/S4/シママ_S4-036／111_C.jpg","S4/36","cards/S/S4/シママ_S4-036／111_C.jpg","176269"
"cards/S/S4/シャワーズ_S4-017／100.jpg","S4","S4/17","same_content","シャワーズ","cards/S/S4/シャワーズ_S4-017／111_U.jpg","S4/17","cards/S/S4/シャワーズ_S4-017／111_U.jpg","295497"
"cards/S/S4/ジュラルドン_S4-082／100.jpg","S4","S4/82","same_content","ジュラルドン","cards/S/S4/ジュラルドン_S4-082／111_R.jpg","S4/82","cards/S/S4/ジュラルドン_S4-082／111_R.jpg","254687"
"cards/S/S4/スバメ_S4-085／100.jpg","S4","S4/85","same_content","スバメ","cards/S/S4/スバメ_S4-085／111_C.jpg","S4/85","cards/S/S4/スバメ_S4-085／111_C.jpg","181613"
"cards/S/S4/ゼブライカ_S4-037／100.jpg","S4","S4/37","same_content","ゼブライカ","cards/S/S4/ゼブライカ_S4-037／111_C.jpg","S4/37","cards/S/S4/ゼブライカ_S4-037／111_C.jpg","209439"
"cards/S/S4/タタッコ_S4-063／100.jpg","S4","S4/63","same_content","タタッコ","cards/S/S4/タタッコ_S4-063／111_C.jpg","S4/63","cards/S/S4/タタッコ_S4-063／111_C.jpg","259626"
"cards/S/S4/タネボー_S4-001／100.jpg","S4","S4/1","same_content","タネボー","cards/S/S4/タネボー_S4-001／111_C.jpg","S4/1","cards/S/S4/タネボー_S4-001／111_C.jpg","198663"
"cards/S/S4/ダイケンキ_S4-022／100.jpg","S4","S4/22","same_content","ダイケンキ","cards/S/S4/ダイケンキ_S4-022／111_U.jpg","S4/22","cards/S/S4/ダイケンキ_S4-022／111_U.jpg","301762"
"cards/S/S4/ダストダス_S4-074／100.jpg","S4","S4/74","same_content","ダストダス","cards/S/S4/ダストダス_S4-074／111_U.jpg","S4/74","cards/S/S4/ダストダス_S4-074／111_U.jpg","272470"
"cards/S/S4/ダーテング_S4-003／100.jpg","S4","S4/3","same_content","ダーテング","cards/S/S4/ダーテング_S4-003／111_U.jpg","S4/3","cards/S/S4/ダーテング_S4-003／111_U.jpg","236910"
"cards/S/S4/チリーン_S4-046／100.jpg","S4","S4/46","same_content","チリーン","cards/S/S4/チリーン_S4-046／111_C.jpg","S4/46","cards/S/S4/チリーン_S4-046／111_C.jpg","191762"
"cards/S/S4/ツチニン_S4-004／100.jpg","S4","S4/4","same_content","ツチニン","cards/S/S4/ツチニン_S4-004／111_C.jpg","S4/4","cards/S/S4/ツチニン_S4-004／111_C.jpg","195624"
"cards/S/S4/テッカニン_S4-005／100.jpg","S4","S4/5","same_content","テッカニン","cards/S/S4/テッカニン_S4-005／111_U.jpg","S4/5","cards/S/S4/テッカニン_S4-005／111_U.jpg","310732"
"cards/S/S4/テッシード_S4-078／100.jpg","S4","S4/78","same_content","テッシード","cards/S/S4/テッシード_S4-078／111_C.jpg","S4/78","cards/S/S4/テッシード_S4-078／111_C.jpg","210738"
"cards/S/S4/テラキオン_S4-060／100.jpg","S4","S4/60","same_content","テラキオン","cards/S/S4/テラキオン_S4-060／111_R.jpg","S4/60","cards/S/S4/テラキオン_S4-060／111_R.jpg","283471"
"cards/S/S4/ドゴーム_S4-088／100.jpg","S4","S4/88","same_content","ドゴーム","cards/S/S4/ドゴーム_S4-088／111_C.jpg","S4/88","cards/S/S4/ドゴーム_S4-088／111_C.jpg","197630"
"cards/S/S4/ドラピオンV_S4-069／100.jpg","S4","S4/69","same_content","ドラピオンV","cards/S/S4/ドラピオンV_S4-069／111_RR.jpg","S4/69","cards/S/S4/ドラピオンV_S4-069／111_RR.jpg","228373"
"cards/S/S4/ドラピオンV_S4-096／100.jpg","S4","S4/96","same_content","ルリナ","cards/S/S4/ドラピオンV_S4-069／111_RR.jpg","S4/69","cards/S/S4/ルリナ_S4-096／111_U.jpg","228373"
"cards/S/S4/ドリュウズ_S4-077／100.jpg","S4","S4/77","same_content","ドリュウズ","cards/S/S4/ドリュウズ_S4-077／111_C.jpg","S4/77","cards/S/S4/ドリュウズ_S4-077／111_C.jpg","242978"
"cards/S/S4/ドロバンコ_S4-061／100.jpg","S4","S4/61","same_content","ドロバンコ","cards/S/S4/ドロバンコ_S4-061／111_C.jpg","S4/61","cards/S/S4/ドロバンコ_S4-061／111_C.jpg","272178"
"cards/S/S4/ドローンロトム_S4-098／100.jpg","S4","S4/98","same_content","シュートスタジアム","cards/S/S4/ドローンロトム_S4-090／111_U.jpg","S4/90","cards/S/S4/シュートスタジアム_S4-098／111_U.jpg","162168"
"cards/S/S4/ドンファン_S4-057／100.jpg","S4","S4/57","same_content","ドンファン","cards/S/S4/ドンファン_S4-057／111_U.jpg","S4/57","cards/S/S4/ドンファン_S4-057／111_U.jpg","254549"
"cards/S/S4/ナットレイ_S4-079／100.jpg","S4","S4/79","same_content","ナットレイ","cards/S/S4/ナットレイ_S4-079／111_U.jpg","S4/79","cards/S/S4/ナットレイ_S4-079／111_U.jpg","244048"
"cards/S/S4/ヌケニン_S4-042／100.jpg","S4","S4/42","same_content","ヌケニン","cards/S/S4/ヌケニン_S4-042／111_U.jpg","S4/42","cards/S/S4/ヌケニン_S4-042／111_U.jpg","284796"
"cards/S/S4/バクオング_S4-089／100.jpg","S4","S4/89","same_content","バクオング","cards/S/S4/バクオング_S4-089／111_U.jpg","S4/89","cards/S/S4/バクオング_S4-089／111_U.jpg","211360"
"cards/S/S4/バンバドロ_S4-062／100.jpg","S4","S4/62","same_content","バンバドロ","cards/S/S4/バンバドロ_S4-062／111_U.jpg","S4/62","cards/S/S4/バンバドロ_S4-062／111_U.jpg","278011"
"cards/S/S4/ヒトカゲ_S4-010／100.jpg","S4","S4/10","same_content","ヒトカゲ","cards/S/S4/ヒトカゲ_S4-010／111_C.jpg","S4/10","cards/S/S4/ヒトカゲ_S4-010／111_C.jpg","223030"
"cards/S/S4/ビリリダマ_S4-032／100.jpg","S4","S4/32","same_content","ビリリダマ","cards/S/S4/ビリリダマ_S4-032／111_C.jpg","S4/32","cards/S/S4/ビリリダマ_S4-032／111_C.jpg","182297"
"cards/S/S4/ピカチュウVMAX_S4-031／100.jpg","S4","S4/31","same_content","ピカチュウVMAX","cards/S/S4/ピカチュウVMAX_S4-031／111_RRR.jpg","S4/31","cards/S/S4/ピカチュウVMAX_S4-031／111_RRR.jpg","355403"
"cards/S/S4/ピカチュウV_S4-030／100.jpg","S4","S4/30","same_content","ピカチュウV","cards/S/S4/ピカチュウV_S4-030／111_RR.jpg","S4/30","cards/S/S4/ピカチュウV_S4-030／111_RR.jpg","261742"
"cards/S/S4/ピカチュウV_S4-093／100.jpg","S4","S4/93","same_content","サイトウ","cards/S/S4/ピカチュウV_S4-030／111_RR.jpg","S4/30","cards/S/S4/サイトウ_S4-093／111_U.jpg","261742"
"cards/S/S4/ファイアローV_S4-016／100.jpg","S4","S4/16","same_content","ファイアローV","cards/S/S4/ファイアローV_S4-016／111_RR.jpg","S4/16","cards/S/S4/ファイアローV_S4-016／111_RR.jpg","272792"
"cards/S/S4/ファイアローV_S4-091／100.jpg","S4","S4/91","same_content","望遠スコープ","cards/S/S4/ファイアローV_S4-016／111_RR.jpg","S4/16","cards/S/S4/望遠スコープ_S4-091／111_U.jpg","272792"
"cards/S/S4/フタチマル_S4-021／100.jpg","S4","S4/21","same_content","フタチマル","cards/S/S4/フタチマル_S4-021／111_C.jpg","S4/21","cards/S/S4/フタチマル_S4-021／111_C.jpg","296420"
"cards/S/S4/フーディンV_S4-041／100.jpg","S4","S4/41","same_content","フーディンV","cards/S/S4/フーディンV_S4-041／111_RR.jpg","S4/41","cards/S/S4/フーディンV_S4-041／111_RR.jpg","246275"
"cards/S/S4/フーディンV_S4-094／100.jpg","S4","S4/94","same_content","ダンデ","cards/S/S4/フーディンV_S4-041／111_RR.jpg","S4/41","cards/S/S4/ダンデ_S4-094／111_R.jpg","246275"
"cards/S/S4/ブースター_S4-013／100.jpg","S4","S4/13","same_content","ブースター","cards/S/S4/ブースター_S4-013／111_U.jpg","S4/13","cards/S/S4/ブースター_S4-013／111_U.jpg","246174"
"cards/S/S4/ホエルオー_S4-019／100.jpg","S4","S4/19","same_content","ホエルオー","cards/S/S4/ホエルオー_S4-019／111_R.jpg","S4/19","cards/S/S4/ホエルオー_S4-019／111_R.jpg","320783"
"cards/S/S4/ホエルコ_S4-018／100.jpg","S4","S4/18","same_content","ホエルコ","cards/S/S4/ホエルコ_S4-018／111_C.jpg","S4/18","cards/S/S4/ホエルコ_S4-018／111_C.jpg","324369"
"cards/S/S4/ポチエナ_S4-066／100.jpg","S4","S4/66","same_content","ポチエナ","cards/S/S4/ポチエナ_S4-066／111_C.jpg","S4/66","cards/S/S4/ポチエナ_S4-066／111_C.jpg","259312"
"cards/S/S4/マグカルゴ_S4-015／100.jpg","S4","S4/15","same_content","マグカルゴ","cards/S/S4/マグカルゴ_S4-015／111_C.jpg","S4/15","cards/S/S4/マグカルゴ_S4-015／111_C.jpg","237532"
"cards/S/S4/マグマッグ_S4-014／100.jpg","S4","S4/14","same_content","マグマッグ","cards/S/S4/マグマッグ_S4-014／111_C.jpg","S4/14","cards/S/S4/マグマッグ_S4-014／111_C.jpg","247350"
"cards/S/S4/マホイップ_S4-052／100.jpg","S4","S4/52","same_content","マホイップ","cards/S/S4/マホイップ_S4-052／111_U.jpg","S4/52","cards/S/S4/マホイップ_S4-052／111_U.jpg","226471"
"cards/S/S4/マホミル_S4-051／100.jpg","S4","S4/51","same_content","マホミル","cards/S/S4/マホミル_S4-051／111_C.jpg","S4/51","cards/S/S4/マホミル_S4-051／111_C.jpg","190376"
"cards/S/S4/マルマイン_S4-033／100.jpg","S4","S4/33","same_content","マルマイン","cards/S/S4/マルマイン_S4-033／111_R.jpg","S4/33","cards/S/S4/マルマイン_S4-033／111_R.jpg","248282"
"cards/S/S4/ミジュマル_S4-020／100.jpg","S4","S4/20","same_content","ミジュマル","cards/S/S4/ミジュマル_S4-020／111_C.jpg","S4/20","cards/S/S4/ミジュマル_S4-020／111_C.jpg","290151"
"cards/S/S4/メェークル_S4-006／100.jpg","S4","S4/6","same_content","メェークル","cards/S/S4/メェークル_S4-006／111_C.jpg","S4/6","cards/S/S4/メェークル_S4-006／111_C.jpg","200374"
"cards/S/S4/メグロコ_S4-070／100.jpg","S4","S4/70","same_content","メグロコ","cards/S/S4/メグロコ_S4-070／111_C.jpg","S4/70","cards/S/S4/メグロコ_S4-070／111_C.jpg","254703"
"cards/S/S4/メモリーカプセル_S4-100／100.jpg","S4","S4/100","same_content","コーティング鋼エネルギー","cards/S/S4/メモリーカプセル_S4-092／111_U.jpg","S4/92","cards/S/S4/コーティング鋼エネルギー_S4-100／111_U.jpg","163477"
"cards/S/S4/モグリュー_S4-059／100.jpg","S4","S4/59","same_content","モグリュー","cards/S/S4/モグリュー_S4-059／111_C.jpg","S4/59","cards/S/S4/モグリュー_S4-059／111_C.jpg","257387"
"cards/S/S4/モンメン_S4-049／100.jpg","S4","S4/49","same_content","モンメン","cards/S/S4/モンメン_S4-049／111_C.jpg","S4/49","cards/S/S4/モンメン_S4-049／111_C.jpg","208072"
"cards/S/S4/ヤブクロン_S4-073／100.jpg","S4","S4/73","same_content","ヤブクロン","cards/S/S4/ヤブクロン_S4-073／111_C.jpg","S4/73","cards/S/S4/ヤブクロン_S4-073／111_C.jpg","278698"
"cards/S/S4/ヤミラミ_S4-068／100.jpg","S4","S4/68","same_content","ヤミラミ","cards/S/S4/ヤミラミ_S4-068／111_C.jpg","S4/68","cards/S/S4/ヤミラミ_S4-068／111_C.jpg","270065"
"cards/S/S4/ヨノワール_S4-045／100.jpg","S4","S4/45","same_content","ヨノワール","cards/S/S4/ヨノワール_S4-045／111_R.jpg","S4/45","cards/S/S4/ヨノワール_S4-045／111_R.jpg","254978"
"cards/S/S4/ヨマワル_S4-043／100.jpg","S4","S4/43","same_content","ヨマワル","cards/S/S4/ヨマワル_S4-043／111_C.jpg","S4/43","cards/S/S4/ヨマワル_S4-043／111_C.jpg","209099"
"cards/S/S4/リザード_S4-011／100.jpg","S4","S4/11","same_content","リザード","cards/S/S4/リザード_S4-011／111_U.jpg","S4/11","cards/S/S4/リザード_S4-011／111_U.jpg","231311"
"cards/S/S4/リザードン_S4-012／100.jpg","S4","S4/12","same_content","リザードン","cards/S/S4/リザードン_S4-012／111_R.jpg","S4/12","cards/S/S4/リザードン_S4-012／111_R.jpg","285356"
"cards/S/S4/ワルビアル_S4-072／100.jpg","S4","S4/72","same_content","ワルビアル","cards/S/S4/ワルビアル_S4-072／111_U.jpg","S4/72","cards/S/S4/ワルビアル_S4-072／111_U.jpg","263305"
"cards/S/S4/ワルビル_S4-071／100.jpg","S4","S4/71","same_content","ワルビル","cards/S/S4/ワルビル_S4-071／111_C.jpg","S4/71","cards/S/S4/ワルビル_S4-071／111_C.jpg","266099"
"cards/S/S4/ワンリキー_S4-053／100.jpg","S4","S4/53","same_content","ワンリキー","cards/S/S4/ワンリキー_S4-053／111_C.jpg","S4/53","cards/S/S4/ワンリキー_S4-053／111_C.jpg","313857"
"cards/S/S4/望遠スコープ_S4-099／100.jpg","S4","S4/99","same_content","ウォッシュ水エネルギー","cards/S/S4/望遠スコープ_S4-091／111_U.jpg","S4/91","cards/S/S4/ウォッシュ水エネルギー_S4-099／111_U.jpg","174562"
"cards/S/S5I/あなぬけのヒモ_S5I-69／70.jpg","S5I","S5I/69","same_content","あくの塔","cards/S/S5I/あなぬけのヒモ_S5I-61／81_U.jpg","S5I/61","cards/S/S5I/あくの塔_S5I-69／81_U.jpg","215948"
"cards/S/S5I/いちげきウーラオスVMAX_S5I-37／70.jpg","S5I","S5I/37","same_content","いちげきウーラオスVMAX","cards/S/S5I/いちげきウーラオスVMAX_S5I-37／81_RRR.jpg","S5I/37","cards/S/S5I/いちげきウーラオスVMAX_S5I-37／81_RRR.jpg","514710"
"cards/S/S5I/いちげきウーラオスV_S5I-36／70.jpg","S5I","S5I/36","same_content","いちげきウーラオスV","cards/S/S5I/いちげきウーラオスV_S5I-36／81_RR.jpg","S5I/36","cards/S/S5I/いちげきウーラオスV_S5I-36／81_RR.jpg","361757"
"cards/S/S5I/いちげきウーラオスV_S5I-64／70.jpg","S5I","S5I/64","same_content","いちげきの巻物 怒りの巻","cards/S/S5I/いちげきウーラオスV_S5I-36／81_RR.jpg","S5I/36","cards/S/S5I/いちげきの巻物 怒りの巻_S5I-64／81_U.jpg","361757"
"cards/S/S5I/いちげきウーラオスV_S5I-65／70.jpg","S5I","S5I/65","same_content","学習装置","cards/S/S5I/いちげきウーラオスV_S5I-36／81_RR.jpg","S5I/36","cards/S/S5I/学習装置_S5I-65／81_U.jpg","361757"
"cards/S/S5I/アイアント_S5I-03／70.jpg","S5I","S5I/3","same_content","アイアント","cards/S/S5I/アイアント_S5I-03／81_C.jpg","S5I/3","cards/S/S5I/アイアント_S5I-03／81_C.jpg","243089"
"cards/S/S5I/アップリューVMAX_S5I-08／70.jpg","S5I","S5I/8","same_content","アップリューVMAX","cards/S/S5I/アップリューVMAX_S5I-08／81_RRR.jpg","S5I/8","cards/S/S5I/アップリューVMAX_S5I-08／81_RRR.jpg","509778"
"cards/S/S5I/アップリューV_S5I-07／70.jpg","S5I","S5I/7","same_content","アップリューV","cards/S/S5I/アップリューV_S5I-07／81_RR.jpg","S5I/7","cards/S/S5I/アップリューV_S5I-07／81_RR.jpg","300958"
"cards/S/S5I/アップリューV_S5I-61／70.jpg","S5I","S5I/61","same_content","あなぬけのヒモ","cards/S/S5I/アップリューV_S5I-07／81_RR.jpg","S5I/7","cards/S/S5I/あなぬけのヒモ_S5I-61／81_U.jpg","300958"
"cards/S/S5I/イシヘンジン_S5I-35／70.jpg","S5I","S5I/35","same_content","イシヘンジン","cards/S/S5I/イシヘンジン_S5I-35／81_U.jpg","S5I/35","cards/S/S5I/イシヘンジン_S5I-35／81_U.jpg","342323"
"cards/S/S5I/エレキブル_S5I-16／70.jpg","S5I","S5I/16","same_content","エレキブル","cards/S/S5I/エレキブル_S5I-16／81_U.jpg","S5I/16","cards/S/S5I/エレキブル_S5I-16／81_U.jpg","319064"
"cards/S/S5I/エレブー_S5I-15／70.jpg","S5I","S5I/15","same_content","エレブー","cards/S/S5I/エレブー_S5I-15／81_C.jpg","S5I/15","cards/S/S5I/エレブー_S5I-15／81_C.jpg","290906"
"cards/S/S5I/エンテイ_S5I-09／70.jpg","S5I","S5I/9","same_content","エンテイ","cards/S/S5I/エンテイ_S5I-09／81_R.jpg","S5I/9","cards/S/S5I/エンテイ_S5I-09／81_R.jpg","350860"
"cards/S/S5I/エンニュート_S5I-14／70.jpg","S5I","S5I/14","same_content","エンニュート","cards/S/S5I/エンニュート_S5I-14／81_U.jpg","S5I/14","cards/S/S5I/エンニュート_S5I-14／81_U.jpg","357650"
"cards/S/S5I/エンブオー_S5I-12／70.jpg","S5I","S5I/12","same_content","エンブオー","cards/S/S5I/エンブオー_S5I-12／81_R.jpg","S5I/12","cards/S/S5I/エンブオー_S5I-12／81_R.jpg","379153"
"cards/S/S5I/オコリザル_S5I-29／70.jpg","S5I","S5I/29","same_content","オコリザル","cards/S/S5I/オコリザル_S5I-29／81_U.jpg","S5I/29","cards/S/S5I/オコリザル_S5I-29／81_U.jpg","349182"
"cards/S/S5I/オニスズメ_S5I-55／70.jpg","S5I","S5I/55","same_content","オニスズメ","cards/S/S5I/オニスズメ_S5I-55／81_C.jpg","S5I/55","cards/S/S5I/オニスズメ_S5I-55／81_C.jpg","299860"
"cards/S/S5I/オニドリル_S5I-56／70.jpg","S5I","S5I/56","same_content","オニドリル","cards/S/S5I/オニドリル_S5I-56／81_C.jpg","S5I/56","cards/S/S5I/オニドリル_S5I-56／81_C.jpg","298958"
"cards/S/S5I/カプ・コケコVMAX_S5I-18／70.jpg","S5I","S5I/18","same_content","カプ・コケコVMAX","cards/S/S5I/カプ・コケコVMAX_S5I-18／81_RRR.jpg","S5I/18","cards/S/S5I/カプ・コケコVMAX_S5I-18／81_RRR.jpg","509804"
"cards/S/S5I/カプ・コケコV_S5I-17／70.jpg","S5I","S5I/17","same_content","カプ・コケコV","cards/S/S5I/カプ・コケコV_S5I-17／81_RR.jpg","S5I/17","cards/S/S5I/カプ・コケコV_S5I-17／81_RR.jpg","377143"
"cards/S/S5I/カプ・コケコV_S5I-62／70.jpg","S5I","S5I/62","same_content","活力の壺","cards/S/S5I/カプ・コケコV_S5I-17／81_RR.jpg","S5I/17","cards/S/S5I/活力の壺_S5I-62／81_U.jpg","377143"
"cards/S/S5I/ガラル ヤドラン_S5I-41／70.jpg","S5I","S5I/41","same_content","ガラル ヤドラン","cards/S/S5I/ガラル ヤドラン_S5I-41／81_U.jpg","S5I/41","cards/S/S5I/ガラル ヤドラン_S5I-41／81_U.jpg","337087"
"cards/S/S5I/ガラル ヤドン_S5I-21／70.jpg","S5I","S5I/21","same_content","ガラル ヤドン","cards/S/S5I/ガラル ヤドン_S5I-21／81_C.jpg","S5I/21","cards/S/S5I/ガラル ヤドン_S5I-21／81_C.jpg","260210"
"cards/S/S5I/ギルガルド_S5I-53／70.jpg","S5I","S5I/53","same_content","ギルガルド","cards/S/S5I/ギルガルド_S5I-53／81_R.jpg","S5I/53","cards/S/S5I/ギルガルド_S5I-53／81_R.jpg","332308"
"cards/S/S5I/ギルガルド_S5I-54／70.jpg","S5I","S5I/54","same_content","ギルガルド","cards/S/S5I/ギルガルド_S5I-53／81_R.jpg","S5I/53","cards/S/S5I/ギルガルド_S5I-54／81_U.jpg","332308"
"cards/S/S5I/クチート_S5I-48／70.jpg","S5I","S5I/48","same_content","クチート","cards/S/S5I/クチート_S5I-48／81_C.jpg","S5I/48","cards/S/S5I/クチート_S5I-48／81_C.jpg","304705"
"cards/S/S5I/クロバット_S5I-40／70.jpg","S5I","S5I/40","same_content","クロバット","cards/S/S5I/クロバット_S5I-40／81_R.jpg","S5I/40","cards/S/S5I/クロバット_S5I-40／81_R.jpg","369840"
"cards/S/S5I/グライオン_S5I-31／70.jpg","S5I","S5I/31","same_content","グライオン","cards/S/S5I/グライオン_S5I-31／81_C.jpg","S5I/31","cards/S/S5I/グライオン_S5I-31／81_C.jpg","339593"
"cards/S/S5I/グライガー_S5I-30／70.jpg","S5I","S5I/30","same_content","グライガー","cards/S/S5I/グライガー_S5I-30／81_C.jpg","S5I/30","cards/S/S5I/グライガー_S5I-30／81_C.jpg","344301"
"cards/S/S5I/コフキムシ_S5I-04／70.jpg","S5I","S5I/4","same_content","コフキムシ","cards/S/S5I/コフキムシ_S5I-04／81_C.jpg","S5I/4","cards/S/S5I/コフキムシ_S5I-04／81_C.jpg","232765"
"cards/S/S5I/コフーライ_S5I-05／70.jpg","S5I","S5I/5","same_content","コフーライ","cards/S/S5I/コフーライ_S5I-05／81_C.jpg","S5I/5","cards/S/S5I/コフーライ_S5I-05／81_C.jpg","259216"
"cards/S/S5I/ゴルバット_S5I-39／70.jpg","S5I","S5I/39","same_content","ゴルバット","cards/S/S5I/ゴルバット_S5I-39／81_U.jpg","S5I/39","cards/S/S5I/ゴルバット_S5I-39／81_U.jpg","337381"
"cards/S/S5I/サボネア_S5I-01／70.jpg","S5I","S5I/1","same_content","サボネア","cards/S/S5I/サボネア_S5I-01／81_C.jpg","S5I/1","cards/S/S5I/サボネア_S5I-01／81_C.jpg","253900"
"cards/S/S5I/ジジーロン_S5I-60／70.jpg","S5I","S5I/60","same_content","ジジーロン","cards/S/S5I/ジジーロン_S5I-60／81_U.jpg","S5I/60","cards/S/S5I/ジジーロン_S5I-60／81_U.jpg","274689"
"cards/S/S5I/ズバット_S5I-38／70.jpg","S5I","S5I/38","same_content","ズバット","cards/S/S5I/ズバット_S5I-38／81_C.jpg","S5I/38","cards/S/S5I/ズバット_S5I-38／81_C.jpg","310073"
"cards/S/S5I/セキタンザン_S5I-34／70.jpg","S5I","S5I/34","same_content","セキタンザン","cards/S/S5I/セキタンザン_S5I-34／81_R.jpg","S5I/34","cards/S/S5I/セキタンザン_S5I-34／81_R.jpg","377428"
"cards/S/S5I/タンドン_S5I-32／70.jpg","S5I","S5I/32","same_content","タンドン","cards/S/S5I/タンドン_S5I-32／81_C.jpg","S5I/32","cards/S/S5I/タンドン_S5I-32／81_C.jpg","290005"
"cards/S/S5I/チャオブー_S5I-11／70.jpg","S5I","S5I/11","same_content","チャオブー","cards/S/S5I/チャオブー_S5I-11／81_U.jpg","S5I/11","cards/S/S5I/チャオブー_S5I-11／81_U.jpg","328340"
"cards/S/S5I/チリーン_S5I-24／70.jpg","S5I","S5I/24","same_content","チリーン","cards/S/S5I/チリーン_S5I-24／81_C.jpg","S5I/24","cards/S/S5I/チリーン_S5I-24／81_C.jpg","380231"
"cards/S/S5I/デルビル_S5I-44／70.jpg","S5I","S5I/44","same_content","デルビル","cards/S/S5I/デルビル_S5I-44／81_C.jpg","S5I/44","cards/S/S5I/デルビル_S5I-44／81_C.jpg","337997"
"cards/S/S5I/トロッゴン_S5I-33／70.jpg","S5I","S5I/33","same_content","トロッゴン","cards/S/S5I/トロッゴン_S5I-33／81_U.jpg","S5I/33","cards/S/S5I/トロッゴン_S5I-33／81_U.jpg","308440"
"cards/S/S5I/ドンカラス_S5I-43／70.jpg","S5I","S5I/43","same_content","ドンカラス","cards/S/S5I/ドンカラス_S5I-43／81_C.jpg","S5I/43","cards/S/S5I/ドンカラス_S5I-43／81_C.jpg","377870"
"cards/S/S5I/ドータクン_S5I-50／70.jpg","S5I","S5I/50","same_content","ドータクン","cards/S/S5I/ドータクン_S5I-50／81_R.jpg","S5I/50","cards/S/S5I/ドータクン_S5I-50／81_R.jpg","338989"
"cards/S/S5I/ドーミラー_S5I-49／70.jpg","S5I","S5I/49","same_content","ドーミラー","cards/S/S5I/ドーミラー_S5I-49／81_C.jpg","S5I/49","cards/S/S5I/ドーミラー_S5I-49／81_C.jpg","291662"
"cards/S/S5I/ニダンギル_S5I-52／70.jpg","S5I","S5I/52","same_content","ニダンギル","cards/S/S5I/ニダンギル_S5I-52／81_C.jpg","S5I/52","cards/S/S5I/ニダンギル_S5I-52／81_C.jpg","327881"
"cards/S/S5I/ニャオニクス_S5I-26／70.jpg","S5I","S5I/26","same_content","ニャオニクス","cards/S/S5I/ニャオニクス_S5I-26／81_R.jpg","S5I/26","cards/S/S5I/ニャオニクス_S5I-26／81_R.jpg","327934"
"cards/S/S5I/ニャスパー_S5I-25／70.jpg","S5I","S5I/25","same_content","ニャスパー","cards/S/S5I/ニャスパー_S5I-25／81_C.jpg","S5I/25","cards/S/S5I/ニャスパー_S5I-25／81_C.jpg","251581"
"cards/S/S5I/ノクタス_S5I-02／70.jpg","S5I","S5I/2","same_content","ノクタス","cards/S/S5I/ノクタス_S5I-02／81_C.jpg","S5I/2","cards/S/S5I/ノクタス_S5I-02／81_C.jpg","343667"
"cards/S/S5I/バネブー_S5I-22／70.jpg","S5I","S5I/22","same_content","バネブー","cards/S/S5I/バネブー_S5I-22／81_C.jpg","S5I/22","cards/S/S5I/バネブー_S5I-22／81_C.jpg","261442"
"cards/S/S5I/バンギラスV_S5I-46／70.jpg","S5I","S5I/46","same_content","バンギラスV","cards/S/S5I/バンギラスV_S5I-46／81_RR.jpg","S5I/46","cards/S/S5I/バンギラスV_S5I-46／81_RR.jpg","332286"
"cards/S/S5I/バンギラスV_S5I-66／70.jpg","S5I","S5I/66","same_content","シバ","cards/S/S5I/バンギラスV_S5I-46／81_RR.jpg","S5I/46","cards/S/S5I/シバ_S5I-66／81_U.jpg","332286"
"cards/S/S5I/バンギラスV_S5I-67／70.jpg","S5I","S5I/67","same_content","フヨウ","cards/S/S5I/バンギラスV_S5I-46／81_RR.jpg","S5I/46","cards/S/S5I/フヨウ_S5I-67／81_U.jpg","332286"
"cards/S/S5I/パルスワン_S5I-20／70.jpg","S5I","S5I/20","same_content","パルスワン","cards/S/S5I/パルスワン_S5I-20／81_U.jpg","S5I/20","cards/S/S5I/パルスワン_S5I-20／81_U.jpg","263436"
"cards/S/S5I/ヒトツキ_S5I-51／70.jpg","S5I","S5I/51","same_content","ヒトツキ","cards/S/S5I/ヒトツキ_S5I-51／81_C.jpg","S5I/51","cards/S/S5I/ヒトツキ_S5I-51／81_C.jpg","314893"
"cards/S/S5I/ビビヨン_S5I-06／70.jpg","S5I","S5I/6","same_content","ビビヨン","cards/S/S5I/ビビヨン_S5I-06／81_U.jpg","S5I/6","cards/S/S5I/ビビヨン_S5I-06／81_U.jpg","246710"
"cards/S/S5I/ブーピッグ_S5I-23／70.jpg","S5I","S5I/23","same_content","ブーピッグ","cards/S/S5I/ブーピッグ_S5I-23／81_C.jpg","S5I/23","cards/S/S5I/ブーピッグ_S5I-23／81_C.jpg","382256"
"cards/S/S5I/ヘルガー_S5I-45／70.jpg","S5I","S5I/45","same_content","ヘルガー","cards/S/S5I/ヘルガー_S5I-45／81_R.jpg","S5I/45","cards/S/S5I/ヘルガー_S5I-45／81_R.jpg","428709"
"cards/S/S5I/ベロベルト_S5I-58／70.jpg","S5I","S5I/58","same_content","ベロベルト","cards/S/S5I/ベロベルト_S5I-58／81_U.jpg","S5I/58","cards/S/S5I/ベロベルト_S5I-58／81_U.jpg","288497"
"cards/S/S5I/ベロリンガ_S5I-57／70.jpg","S5I","S5I/57","same_content","ベロリンガ","cards/S/S5I/ベロリンガ_S5I-57／81_C.jpg","S5I/57","cards/S/S5I/ベロリンガ_S5I-57／81_C.jpg","228826"
"cards/S/S5I/ポカブ_S5I-10／70.jpg","S5I","S5I/10","same_content","ポカブ","cards/S/S5I/ポカブ_S5I-10／81_C.jpg","S5I/10","cards/S/S5I/ポカブ_S5I-10／81_C.jpg","302697"
"cards/S/S5I/マンキー_S5I-28／70.jpg","S5I","S5I/28","same_content","マンキー","cards/S/S5I/マンキー_S5I-28／81_C.jpg","S5I/28","cards/S/S5I/マンキー_S5I-28／81_C.jpg","317489"
"cards/S/S5I/ミミッキュV_S5I-27／70.jpg","S5I","S5I/27","same_content","ミミッキュV","cards/S/S5I/ミミッキュV_S5I-27／81_RR.jpg","S5I/27","cards/S/S5I/ミミッキュV_S5I-27／81_RR.jpg","342179"
"cards/S/S5I/ミミッキュV_S5I-63／70.jpg","S5I","S5I/63","same_content","キャンプセット","cards/S/S5I/ミミッキュV_S5I-27／81_RR.jpg","S5I/27","cards/S/S5I/キャンプセット_S5I-63／81_U.jpg","342179"
"cards/S/S5I/ムーランドV_S5I-59／70.jpg","S5I","S5I/59","same_content","ムーランドV","cards/S/S5I/ムーランドV_S5I-59／81_RR.jpg","S5I/59","cards/S/S5I/ムーランドV_S5I-59／81_RR.jpg","280460"
"cards/S/S5I/ムーランドV_S5I-68／70.jpg","S5I","S5I/68","same_content","マスタード いちげきのかた","cards/S/S5I/ムーランドV_S5I-59／81_RR.jpg","S5I/59","cards/S/S5I/マスタード いちげきのかた_S5I-68／81_U.jpg","280460"
"cards/S/S5I/モルペコ_S5I-47／70.jpg","S5I","S5I/47","same_content","モルペコ","cards/S/S5I/モルペコ_S5I-47／81_C.jpg","S5I/47","cards/S/S5I/モルペコ_S5I-47／81_C.jpg","334560"
"cards/S/S5I/ヤトウモリ_S5I-13／70.jpg","S5I","S5I/13","same_content","ヤトウモリ","cards/S/S5I/ヤトウモリ_S5I-13／81_C.jpg","S5I/13","cards/S/S5I/ヤトウモリ_S5I-13／81_C.jpg","302391"
"cards/S/S5I/ヤミカラス_S5I-42／70.jpg","S5I","S5I/42","same_content","ヤミカラス","cards/S/S5I/ヤミカラス_S5I-42／81_C.jpg","S5I/42","cards/S/S5I/ヤミカラス_S5I-42／81_C.jpg","361389"
"cards/S/S5I/ワンパチ_S5I-19／70.jpg","S5I","S5I/19","same_content","ワンパチ","cards/S/S5I/ワンパチ_S5I-19／81_C.jpg","S5I/19","cards/S/S5I/ワンパチ_S5I-19／81_C.jpg","276681"
"cards/S/S5I/活力の壺_S5I-70／70.jpg","S5I","S5I/70","same_content","いちげきエネルギー","cards/S/S5I/活力の壺_S5I-62／81_U.jpg","S5I/62","cards/S/S5I/いちげきエネルギー_S5I-70／81_U.jpg","202239"
"cards/S/S5R/うねりの扇_S5R-69／70.jpg","S5R","S5R/69","same_content","みずの塔","cards/S/S5R/うねりの扇_S5R-61／81_U.jpg","S5R/61","cards/S/S5R/みずの塔_S5R-69／81_U.jpg","219659"
"cards/S/S5R/れんげきウーラオスVMAX_S5R-51／70.jpg","S5R","S5R/51","same_content","れんげきウーラオスVMAX","cards/S/S5R/れんげきウーラオスVMAX_S5R-51／81_RRR.jpg","S5R/51","cards/S/S5R/れんげきウーラオスVMAX_S5R-51／81_RRR.jpg","508902"
"cards/S/S5R/れんげきウーラオスV_S5R-50／70.jpg","S5R","S5R/50","same_content","れんげきウーラオスV","cards/S/S5R/れんげきウーラオスV_S5R-50／81_RR.jpg","S5R/50","cards/S/S5R/れんげきウーラオスV_S5R-50／81_RR.jpg","355761"
"cards/S/S5R/れんげきウーラオスV_S5R-66／70.jpg","S5R","S5R/66","same_content","コルニの気合い","cards/S/S5R/れんげきウーラオスV_S5R-50／81_RR.jpg","S5R/50","cards/S/S5R/コルニの気合い_S5R-66／81_U.jpg","355761"
"cards/S/S5R/れんげきウーラオスV_S5R-67／70.jpg","S5R","S5R/67","same_content","マスタード れんげきのかた","cards/S/S5R/れんげきウーラオスV_S5R-50／81_RR.jpg","S5R/50","cards/S/S5R/マスタード れんげきのかた_S5R-67／81_U.jpg","355761"
"cards/S/S5R/アーマーガアVMAX_S5R-56／70.jpg","S5R","S5R/56","same_content","アーマーガアVMAX","cards/S/S5R/アーマーガアVMAX_S5R-56／81_RRR.jpg","S5R/56","cards/S/S5R/アーマーガアVMAX_S5R-56／81_RRR.jpg","474752"
"cards/S/S5R/アーマーガアV_S5R-55／70.jpg","S5R","S5R/55","same_content","アーマーガアV","cards/S/S5R/アーマーガアV_S5R-55／81_RR.jpg","S5R/55","cards/S/S5R/アーマーガアV_S5R-55／81_RR.jpg","327530"
"cards/S/S5R/アーマーガアV_S5R-68／70.jpg","S5R","S5R/68","same_content","モミ","cards/S/S5R/アーマーガアV_S5R-55／81_RR.jpg","S5R/55","cards/S/S5R/モミ_S5R-68／81_U.jpg","327530"
"cards/S/S5R/イエッサン_S5R-60／70.jpg","S5R","S5R/60","same_content","イエッサン","cards/S/S5R/イエッサン_S5R-60／81_C.jpg","S5R/60","cards/S/S5R/イエッサン_S5R-60／81_C.jpg","258479"
"cards/S/S5R/イオルブ_S5R-38／70.jpg","S5R","S5R/38","same_content","イオルブ","cards/S/S5R/イオルブ_S5R-38／81_R.jpg","S5R/38","cards/S/S5R/イオルブ_S5R-38／81_R.jpg","301806"
"cards/S/S5R/イワーク_S5R-39／70.jpg","S5R","S5R/39","same_content","イワーク","cards/S/S5R/イワーク_S5R-39／81_C.jpg","S5R/39","cards/S/S5R/イワーク_S5R-39／81_C.jpg","352603"
"cards/S/S5R/ウツドン_S5R-02／70.jpg","S5R","S5R/2","same_content","ウツドン","cards/S/S5R/ウツドン_S5R-02／81_C.jpg","S5R/2","cards/S/S5R/ウツドン_S5R-02／81_C.jpg","344959"
"cards/S/S5R/ウツボット_S5R-03／70.jpg","S5R","S5R/3","same_content","ウツボット","cards/S/S5R/ウツボット_S5R-03／81_U.jpg","S5R/3","cards/S/S5R/ウツボット_S5R-03／81_U.jpg","300862"
"cards/S/S5R/エネルギーリサイクル_S5R-70／70.jpg","S5R","S5R/70","same_content","れんげきエネルギー","cards/S/S5R/エネルギーリサイクル_S5R-62／81_U.jpg","S5R/62","cards/S/S5R/れんげきエネルギー_S5R-70／81_U.jpg","181182"
"cards/S/S5R/エンペルトV_S5R-26／70.jpg","S5R","S5R/26","same_content","エンペルトV","cards/S/S5R/エンペルトV_S5R-26／81_RR.jpg","S5R/26","cards/S/S5R/エンペルトV_S5R-26／81_RR.jpg","392185"
"cards/S/S5R/エンペルトV_S5R-63／70.jpg","S5R","S5R/63","same_content","レベルボール","cards/S/S5R/エンペルトV_S5R-26／81_RR.jpg","S5R/26","cards/S/S5R/レベルボール_S5R-63／81_U.jpg","392185"
"cards/S/S5R/エンペルトV_S5R-64／70.jpg","S5R","S5R/64","same_content","ツールジャマー","cards/S/S5R/エンペルトV_S5R-26／81_RR.jpg","S5R/26","cards/S/S5R/ツールジャマー_S5R-64／81_U.jpg","392185"
"cards/S/S5R/オクタン_S5R-23／70.jpg","S5R","S5R/23","same_content","オクタン","cards/S/S5R/オクタン_S5R-23／81_R.jpg","S5R/23","cards/S/S5R/オクタン_S5R-23／81_R.jpg","437388"
"cards/S/S5R/カプ・ブルル_S5R-10／70.jpg","S5R","S5R/10","same_content","カプ・ブルル","cards/S/S5R/カプ・ブルル_S5R-10／81_R.jpg","S5R/10","cards/S/S5R/カプ・ブルル_S5R-10／81_R.jpg","319013"
"cards/S/S5R/カラカラ_S5R-40／70.jpg","S5R","S5R/40","same_content","カラカラ","cards/S/S5R/カラカラ_S5R-40／81_C.jpg","S5R/40","cards/S/S5R/カラカラ_S5R-40／81_C.jpg","302820"
"cards/S/S5R/カリキリ_S5R-08／70.jpg","S5R","S5R/8","same_content","カリキリ","cards/S/S5R/カリキリ_S5R-08／81_C.jpg","S5R/8","cards/S/S5R/カリキリ_S5R-08／81_C.jpg","342397"
"cards/S/S5R/ガラガラ_S5R-41／70.jpg","S5R","S5R/41","same_content","ガラガラ","cards/S/S5R/ガラガラ_S5R-41／81_U.jpg","S5R/41","cards/S/S5R/ガラガラ_S5R-41／81_U.jpg","370514"
"cards/S/S5R/ガラル バリコオル_S5R-21／70.jpg","S5R","S5R/21","same_content","ガラル バリコオル","cards/S/S5R/ガラル バリコオル_S5R-21／81_U.jpg","S5R/21","cards/S/S5R/ガラル バリコオル_S5R-21／81_U.jpg","378463"
"cards/S/S5R/ガラル バリヤード_S5R-20／70.jpg","S5R","S5R/20","same_content","ガラル バリヤード","cards/S/S5R/ガラル バリヤード_S5R-20／81_C.jpg","S5R/20","cards/S/S5R/ガラル バリヤード_S5R-20／81_C.jpg","375808"
"cards/S/S5R/キリキザン_S5R-54／70.jpg","S5R","S5R/54","same_content","キリキザン","cards/S/S5R/キリキザン_S5R-54／81_C.jpg","S5R/54","cards/S/S5R/キリキザン_S5R-54／81_C.jpg","287467"
"cards/S/S5R/キングドラ_S5R-19／70.jpg","S5R","S5R/19","same_content","キングドラ","cards/S/S5R/キングドラ_S5R-19／81_R.jpg","S5R/19","cards/S/S5R/キングドラ_S5R-19／81_R.jpg","423935"
"cards/S/S5R/クイタラン_S5R-14／70.jpg","S5R","S5R/14","same_content","クイタラン","cards/S/S5R/クイタラン_S5R-14／81_C.jpg","S5R/14","cards/S/S5R/クイタラン_S5R-14／81_C.jpg","315749"
"cards/S/S5R/コジョフー_S5R-45／70.jpg","S5R","S5R/45","same_content","コジョフー","cards/S/S5R/コジョフー_S5R-45／81_C.jpg","S5R/45","cards/S/S5R/コジョフー_S5R-45／81_C.jpg","326067"
"cards/S/S5R/コジョンド_S5R-46／70.jpg","S5R","S5R/46","same_content","コジョンド","cards/S/S5R/コジョンド_S5R-46／81_U.jpg","S5R/46","cards/S/S5R/コジョンド_S5R-46／81_U.jpg","361486"
"cards/S/S5R/コマタナ_S5R-53／70.jpg","S5R","S5R/53","same_content","コマタナ","cards/S/S5R/コマタナ_S5R-53／81_C.jpg","S5R/53","cards/S/S5R/コマタナ_S5R-53／81_C.jpg","271510"
"cards/S/S5R/コリンク_S5R-30／70.jpg","S5R","S5R/30","same_content","コリンク","cards/S/S5R/コリンク_S5R-30／81_C.jpg","S5R/30","cards/S/S5R/コリンク_S5R-30／81_C.jpg","267330"
"cards/S/S5R/コロトックV_S5R-04／70.jpg","S5R","S5R/4","same_content","コロトックV","cards/S/S5R/コロトックV_S5R-04／81_RR.jpg","S5R/4","cards/S/S5R/コロトックV_S5R-04／81_RR.jpg","326009"
"cards/S/S5R/コロトックV_S5R-61／70.jpg","S5R","S5R/61","same_content","うねりの扇","cards/S/S5R/コロトックV_S5R-04／81_RR.jpg","S5R/4","cards/S/S5R/うねりの扇_S5R-61／81_U.jpg","326009"
"cards/S/S5R/サダイジャ_S5R-48／70.jpg","S5R","S5R/48","same_content","サダイジャ","cards/S/S5R/サダイジャ_S5R-48／81_R.jpg","S5R/48","cards/S/S5R/サダイジャ_S5R-48／81_R.jpg","381977"
"cards/S/S5R/サッチムシ_S5R-11／70.jpg","S5R","S5R/11","same_content","サッチムシ","cards/S/S5R/サッチムシ_S5R-11／81_C.jpg","S5R/11","cards/S/S5R/サッチムシ_S5R-11／81_C.jpg","226907"
"cards/S/S5R/シザリガー_S5R-25／70.jpg","S5R","S5R/25","same_content","シザリガー","cards/S/S5R/シザリガー_S5R-25／81_C.jpg","S5R/25","cards/S/S5R/シザリガー_S5R-25／81_C.jpg","365179"
"cards/S/S5R/シードラ_S5R-18／70.jpg","S5R","S5R/18","same_content","シードラ","cards/S/S5R/シードラ_S5R-18／81_U.jpg","S5R/18","cards/S/S5R/シードラ_S5R-18／81_U.jpg","387426"
"cards/S/S5R/スナヘビ_S5R-47／70.jpg","S5R","S5R/47","same_content","スナヘビ","cards/S/S5R/スナヘビ_S5R-47／81_C.jpg","S5R/47","cards/S/S5R/スナヘビ_S5R-47／81_C.jpg","287498"
"cards/S/S5R/タイレーツ_S5R-49／70.jpg","S5R","S5R/49","same_content","タイレーツ","cards/S/S5R/タイレーツ_S5R-49／81_U.jpg","S5R/49","cards/S/S5R/タイレーツ_S5R-49／81_U.jpg","369529"
"cards/S/S5R/タッツー_S5R-17／70.jpg","S5R","S5R/17","same_content","タッツー","cards/S/S5R/タッツー_S5R-17／81_C.jpg","S5R/17","cards/S/S5R/タッツー_S5R-17／81_C.jpg","386964"
"cards/S/S5R/チェリム_S5R-06／70.jpg","S5R","S5R/6","same_content","チェリム","cards/S/S5R/チェリム_S5R-06／81_R.jpg","S5R/6","cards/S/S5R/チェリム_S5R-06／81_R.jpg","314643"
"cards/S/S5R/チェリンボ_S5R-05／70.jpg","S5R","S5R/5","same_content","チェリンボ","cards/S/S5R/チェリンボ_S5R-05／81_C.jpg","S5R/5","cards/S/S5R/チェリンボ_S5R-05／81_C.jpg","239882"
"cards/S/S5R/テッポウオ_S5R-22／70.jpg","S5R","S5R/22","same_content","テッポウオ","cards/S/S5R/テッポウオ_S5R-22／81_C.jpg","S5R/22","cards/S/S5R/テッポウオ_S5R-22／81_C.jpg","339640"
"cards/S/S5R/ドッコラー_S5R-42／70.jpg","S5R","S5R/42","same_content","ドッコラー","cards/S/S5R/ドッコラー_S5R-42／81_C.jpg","S5R/42","cards/S/S5R/ドッコラー_S5R-42／81_C.jpg","330355"
"cards/S/S5R/ドテッコツ_S5R-43／70.jpg","S5R","S5R/43","same_content","ドテッコツ","cards/S/S5R/ドテッコツ_S5R-43／81_C.jpg","S5R/43","cards/S/S5R/ドテッコツ_S5R-43／81_C.jpg","300769"
"cards/S/S5R/ニャルマー_S5R-57／70.jpg","S5R","S5R/57","same_content","ニャルマー","cards/S/S5R/ニャルマー_S5R-57／81_C.jpg","S5R/57","cards/S/S5R/ニャルマー_S5R-57／81_C.jpg","279532"
"cards/S/S5R/ネクロズマV_S5R-36／70.jpg","S5R","S5R/36","same_content","ネクロズマV","cards/S/S5R/ネクロズマV_S5R-36／81_RR.jpg","S5R/36","cards/S/S5R/ネクロズマV_S5R-36／81_RR.jpg","330419"
"cards/S/S5R/ネクロズマV_S5R-65／70.jpg","S5R","S5R/65","same_content","れんげきの巻物 渦の巻","cards/S/S5R/ネクロズマV_S5R-36／81_RR.jpg","S5R/36","cards/S/S5R/れんげきの巻物 渦の巻_S5R-65／81_U.jpg","330419"
"cards/S/S5R/ネンドール_S5R-35／70.jpg","S5R","S5R/35","same_content","ネンドール","cards/S/S5R/ネンドール_S5R-35／81_U.jpg","S5R/35","cards/S/S5R/ネンドール_S5R-35／81_U.jpg","312074"
"cards/S/S5R/ハガネール_S5R-52／70.jpg","S5R","S5R/52","same_content","ハガネール","cards/S/S5R/ハガネール_S5R-52／81_R.jpg","S5R/52","cards/S/S5R/ハガネール_S5R-52／81_R.jpg","329985"
"cards/S/S5R/ハギギシリ_S5R-29／70.jpg","S5R","S5R/29","same_content","ハギギシリ","cards/S/S5R/ハギギシリ_S5R-29／81_C.jpg","S5R/29","cards/S/S5R/ハギギシリ_S5R-29／81_C.jpg","397726"
"cards/S/S5R/バッフロン_S5R-59／70.jpg","S5R","S5R/59","same_content","バッフロン","cards/S/S5R/バッフロン_S5R-59／81_C.jpg","S5R/59","cards/S/S5R/バッフロン_S5R-59／81_C.jpg","302262"
"cards/S/S5R/パチリス_S5R-33／70.jpg","S5R","S5R/33","same_content","パチリス","cards/S/S5R/パチリス_S5R-33／81_C.jpg","S5R/33","cards/S/S5R/パチリス_S5R-33／81_C.jpg","310096"
"cards/S/S5R/ビクティニVMAX_S5R-13／70.jpg","S5R","S5R/13","same_content","ビクティニVMAX","cards/S/S5R/ビクティニVMAX_S5R-13／81_RRR.jpg","S5R/13","cards/S/S5R/ビクティニVMAX_S5R-13／81_RRR.jpg","496645"
"cards/S/S5R/ビクティニV_S5R-12／70.jpg","S5R","S5R/12","same_content","ビクティニV","cards/S/S5R/ビクティニV_S5R-12／81_RR.jpg","S5R/12","cards/S/S5R/ビクティニV_S5R-12／81_RR.jpg","359480"
"cards/S/S5R/ビクティニV_S5R-62／70.jpg","S5R","S5R/62","same_content","エネルギーリサイクル","cards/S/S5R/ビクティニV_S5R-12／81_RR.jpg","S5R/12","cards/S/S5R/エネルギーリサイクル_S5R-62／81_U.jpg","359480"
"cards/S/S5R/ブニャット_S5R-58／70.jpg","S5R","S5R/58","same_content","ブニャット","cards/S/S5R/ブニャット_S5R-58／81_C.jpg","S5R/58","cards/S/S5R/ブニャット_S5R-58／81_C.jpg","268557"
"cards/S/S5R/ブルンゲル_S5R-28／70.jpg","S5R","S5R/28","same_content","ブルンゲル","cards/S/S5R/ブルンゲル_S5R-28／81_U.jpg","S5R/28","cards/S/S5R/ブルンゲル_S5R-28／81_U.jpg","436687"
"cards/S/S5R/プルリル_S5R-27／70.jpg","S5R","S5R/27","same_content","プルリル","cards/S/S5R/プルリル_S5R-27／81_C.jpg","S5R/27","cards/S/S5R/プルリル_S5R-27／81_C.jpg","362569"
"cards/S/S5R/ヘイガニ_S5R-24／70.jpg","S5R","S5R/24","same_content","ヘイガニ","cards/S/S5R/ヘイガニ_S5R-24／81_C.jpg","S5R/24","cards/S/S5R/ヘイガニ_S5R-24／81_C.jpg","350155"
"cards/S/S5R/マスキッパ_S5R-07／70.jpg","S5R","S5R/7","same_content","マスキッパ","cards/S/S5R/マスキッパ_S5R-07／81_C.jpg","S5R/7","cards/S/S5R/マスキッパ_S5R-07／81_C.jpg","315625"
"cards/S/S5R/マダツボミ_S5R-01／70.jpg","S5R","S5R/1","same_content","マダツボミ","cards/S/S5R/マダツボミ_S5R-01／81_C.jpg","S5R/1","cards/S/S5R/マダツボミ_S5R-01／81_C.jpg","306734"
"cards/S/S5R/マルヤクデ_S5R-16／70.jpg","S5R","S5R/16","same_content","マルヤクデ","cards/S/S5R/マルヤクデ_S5R-16／81_U.jpg","S5R/16","cards/S/S5R/マルヤクデ_S5R-16／81_U.jpg","349274"
"cards/S/S5R/ヤクデ_S5R-15／70.jpg","S5R","S5R/15","same_content","ヤクデ","cards/S/S5R/ヤクデ_S5R-15／81_C.jpg","S5R/15","cards/S/S5R/ヤクデ_S5R-15／81_C.jpg","306864"
"cards/S/S5R/ヤジロン_S5R-34／70.jpg","S5R","S5R/34","same_content","ヤジロン","cards/S/S5R/ヤジロン_S5R-34／81_C.jpg","S5R/34","cards/S/S5R/ヤジロン_S5R-34／81_C.jpg","245125"
"cards/S/S5R/ラランテス_S5R-09／70.jpg","S5R","S5R/9","same_content","ラランテス","cards/S/S5R/ラランテス_S5R-09／81_U.jpg","S5R/9","cards/S/S5R/ラランテス_S5R-09／81_U.jpg","282148"
"cards/S/S5R/ルクシオ_S5R-31／70.jpg","S5R","S5R/31","same_content","ルクシオ","cards/S/S5R/ルクシオ_S5R-31／81_U.jpg","S5R/31","cards/S/S5R/ルクシオ_S5R-31／81_U.jpg","314264"
"cards/S/S5R/レドームシ_S5R-37／70.jpg","S5R","S5R/37","same_content","レドームシ","cards/S/S5R/レドームシ_S5R-37／81_U.jpg","S5R/37","cards/S/S5R/レドームシ_S5R-37／81_U.jpg","270921"
"cards/S/S5R/レントラー_S5R-32／70.jpg","S5R","S5R/32","same_content","レントラー","cards/S/S5R/レントラー_S5R-32／81_R.jpg","S5R/32","cards/S/S5R/レントラー_S5R-32／81_R.jpg","360829"
"cards/S/S5R/ローブシン_S5R-44／70.jpg","S5R","S5R/44","same_content","ローブシン","cards/S/S5R/ローブシン_S5R-44／81_U.jpg","S5R/44","cards/S/S5R/ローブシン_S5R-44／81_U.jpg","347207"
"cards/S/S6a/イエッサン_S6a-45／69.jpg","S6a","S6a/45","same_content","イエッサン","cards/S/S6a/イエッサン_S6a-45／87_C.jpg","S6a/45","cards/S/S6a/イエッサン_S6a-45／87_C.jpg","269118"
"cards/S/S6a/イーブイ_S6a-58／69.jpg","S6a","S6a/58","same_content","イーブイ","cards/S/S6a/イーブイ_S6a-58／87_C.jpg","S6a/58","cards/S/S6a/イーブイ_S6a-58／87_C.jpg","123007"
"cards/S/S6a/エンテイ_S6a-14／69.jpg","S6a","S6a/14","same_content","エンテイ","cards/S/S6a/エンテイ_S6a-14／87_R.jpg","S6a/14","cards/S/S6a/エンテイ_S6a-14／87_R.jpg","183842"
"cards/S/S6a/エーフィV_S6a-35／69.jpg","S6a","S6a/35","same_content","エーフィV","cards/S/S6a/エーフィV_S6a-35／87_RR.jpg","S6a/35","cards/S/S6a/エーフィV_S6a-35／87_RR.jpg","100537"
"cards/S/S6a/オニシズクモ_S6a-08／69.jpg","S6a","S6a/8","same_content","オニシズクモ","cards/S/S6a/オニシズクモ_S6a-08／87_C.jpg","S6a/8","cards/S/S6a/オニシズクモ_S6a-08／87_C.jpg","155052"
"cards/S/S6a/オーロンゲ_S6a-54／69.jpg","S6a","S6a/54","same_content","オーロンゲ","cards/S/S6a/オーロンゲ_S6a-54／87_R.jpg","S6a/54","cards/S/S6a/オーロンゲ_S6a-54／87_R.jpg","197976"
"cards/S/S6a/カイロス_S6a-01／69.jpg","S6a","S6a/1","same_content","カイロス","cards/S/S6a/カイロス_S6a-01／87_U.jpg","S6a/1","cards/S/S6a/カイロス_S6a-01／87_U.jpg","139972"
"cards/S/S6a/ガルーラ_S6a-57／69.jpg","S6a","S6a/57","same_content","ガルーラ","cards/S/S6a/ガルーラ_S6a-57／87_U.jpg","S6a/57","cards/S/S6a/ガルーラ_S6a-57／87_U.jpg","143053"
"cards/S/S6a/ギモー_S6a-53／69.jpg","S6a","S6a/53","same_content","ギモー","cards/S/S6a/ギモー_S6a-53／87_U.jpg","S6a/53","cards/S/S6a/ギモー_S6a-53／87_U.jpg","190461"
"cards/S/S6a/クチート_S6a-36／69.jpg","S6a","S6a/36","same_content","クチート","cards/S/S6a/クチート_S6a-36／87_C.jpg","S6a/36","cards/S/S6a/クチート_S6a-36／87_C.jpg","133428"
"cards/S/S6a/クルマユ_S6a-05／69.jpg","S6a","S6a/5","same_content","クルマユ","cards/S/S6a/クルマユ_S6a-05／87_C.jpg","S6a/5","cards/S/S6a/クルマユ_S6a-05／87_C.jpg","127853"
"cards/S/S6a/クルミル_S6a-04／69.jpg","S6a","S6a/4","same_content","クルミル","cards/S/S6a/クルミル_S6a-04／87_C.jpg","S6a/4","cards/S/S6a/クルミル_S6a-04／87_C.jpg","126319"
"cards/S/S6a/グレイシアVMAX_S6a-25／69.jpg","S6a","S6a/25","same_content","グレイシアVMAX","cards/S/S6a/グレイシアVMAX_S6a-25／87_RRR.jpg","S6a/25","cards/S/S6a/グレイシアVMAX_S6a-25／87_RRR.jpg","269241"
"cards/S/S6a/グレイシアV_S6a-24／69.jpg","S6a","S6a/24","same_content","グレイシアV","cards/S/S6a/グレイシアV_S6a-24／87_RR.jpg","S6a/24","cards/S/S6a/グレイシアV_S6a-24／87_RR.jpg","113462"
"cards/S/S6a/グレイシアV_S6a-66／69.jpg","S6a","S6a/66","same_content","アロマなおねえさん","cards/S/S6a/グレイシアV_S6a-24／87_RR.jpg","S6a/24","cards/S/S6a/アロマなおねえさん_S6a-66／87_U.jpg","113462"
"cards/S/S6a/グレイシアV_S6a-67／69.jpg","S6a","S6a/67","same_content","マクワ","cards/S/S6a/グレイシアV_S6a-24／87_RR.jpg","S6a/24","cards/S/S6a/マクワ_S6a-67／87_U.jpg","113462"
"cards/S/S6a/ゴロンダ_S6a-51／69.jpg","S6a","S6a/51","same_content","ゴロンダ","cards/S/S6a/ゴロンダ_S6a-51／87_C.jpg","S6a/51","cards/S/S6a/ゴロンダ_S6a-51／87_C.jpg","167551"
"cards/S/S6a/サンダースV_S6a-30／69.jpg","S6a","S6a/30","same_content","サンダースV","cards/S/S6a/サンダースV_S6a-30／87_RR.jpg","S6a/30","cards/S/S6a/サンダースV_S6a-30／87_RR.jpg","121765"
"cards/S/S6a/サンダースV_S6a-68／69.jpg","S6a","S6a/68","same_content","ファッションモール","cards/S/S6a/サンダースV_S6a-30／87_RR.jpg","S6a/30","cards/S/S6a/ファッションモール_S6a-68／87_U.jpg","121765"
"cards/S/S6a/サンダースV_S6a-69／69.jpg","S6a","S6a/69","same_content","トレジャーエネルギー","cards/S/S6a/サンダースV_S6a-30／87_RR.jpg","S6a/30","cards/S/S6a/トレジャーエネルギー_S6a-69／87_U.jpg","121765"
"cards/S/S6a/シズクモ_S6a-07／69.jpg","S6a","S6a/7","same_content","シズクモ","cards/S/S6a/シズクモ_S6a-07／87_C.jpg","S6a/7","cards/S/S6a/シズクモ_S6a-07／87_C.jpg","115478"
"cards/S/S6a/シビシラス_S6a-32／69.jpg","S6a","S6a/32","same_content","シビシラス","cards/S/S6a/シビシラス_S6a-32／87_C.jpg","S6a/32","cards/S/S6a/シビシラス_S6a-32／87_C.jpg","115904"
"cards/S/S6a/シビビール_S6a-33／69.jpg","S6a","S6a/33","same_content","シビビール","cards/S/S6a/シビビール_S6a-33／87_C.jpg","S6a/33","cards/S/S6a/シビビール_S6a-33／87_C.jpg","132564"
"cards/S/S6a/シビルドン_S6a-34／69.jpg","S6a","S6a/34","same_content","シビルドン","cards/S/S6a/シビルドン_S6a-34／87_U.jpg","S6a/34","cards/S/S6a/シビルドン_S6a-34／87_U.jpg","149333"
"cards/S/S6a/シャワーズV_S6a-15／69.jpg","S6a","S6a/15","same_content","シャワーズV","cards/S/S6a/シャワーズV_S6a-15／87_RR.jpg","S6a/15","cards/S/S6a/シャワーズV_S6a-15／87_RR.jpg","118265"
"cards/S/S6a/シャワーズV_S6a-64／69.jpg","S6a","S6a/64","same_content","月と太陽のバッジ","cards/S/S6a/シャワーズV_S6a-15／87_RR.jpg","S6a/15","cards/S/S6a/月と太陽のバッジ_S6a-64／87_U.jpg","118265"
"cards/S/S6a/シャワーズV_S6a-65／69.jpg","S6a","S6a/65","same_content","リボンバッジ","cards/S/S6a/シャワーズV_S6a-15／87_RR.jpg","S6a/15","cards/S/S6a/リボンバッジ_S6a-65／87_U.jpg","118265"
"cards/S/S6a/シロデスナ_S6a-43／69.jpg","S6a","S6a/43","same_content","シロデスナ","cards/S/S6a/シロデスナ_S6a-43／87_U.jpg","S6a/43","cards/S/S6a/シロデスナ_S6a-43／87_U.jpg","155320"
"cards/S/S6a/スナバァ_S6a-42／69.jpg","S6a","S6a/42","same_content","スナバァ","cards/S/S6a/スナバァ_S6a-42／87_C.jpg","S6a/42","cards/S/S6a/スナバァ_S6a-42／87_C.jpg","147204"
"cards/S/S6a/ゾロア_S6a-49／69.jpg","S6a","S6a/49","same_content","ゾロア","cards/S/S6a/ゾロア_S6a-49／87_C.jpg","S6a/49","cards/S/S6a/ゾロア_S6a-49／87_C.jpg","169008"
"cards/S/S6a/ゾロアーク_S6a-50／69.jpg","S6a","S6a/50","same_content","ゾロアーク","cards/S/S6a/ゾロアーク_S6a-50／87_R.jpg","S6a/50","cards/S/S6a/ゾロアーク_S6a-50／87_R.jpg","206994"
"cards/S/S6a/ドーブル_S6a-59／69.jpg","S6a","S6a/59","same_content","ドーブル","cards/S/S6a/ドーブル_S6a-59／87_C.jpg","S6a/59","cards/S/S6a/ドーブル_S6a-59／87_C.jpg","128962"
"cards/S/S6a/ニャース_S6a-55／69.jpg","S6a","S6a/55","same_content","ニャース","cards/S/S6a/ニャース_S6a-55／87_C.jpg","S6a/55","cards/S/S6a/ニャース_S6a-55／87_C.jpg","121124"
"cards/S/S6a/ニンフィアVMAX_S6a-41／69.jpg","S6a","S6a/41","same_content","ニンフィアVMAX","cards/S/S6a/ニンフィアVMAX_S6a-41／87_RRR.jpg","S6a/41","cards/S/S6a/ニンフィアVMAX_S6a-41／87_RRR.jpg","265889"
"cards/S/S6a/ニンフィアV_S6a-40／69.jpg","S6a","S6a/40","same_content","ニンフィアV","cards/S/S6a/ニンフィアV_S6a-40／87_RR.jpg","S6a/40","cards/S/S6a/ニンフィアV_S6a-40／87_RR.jpg","183954"
"cards/S/S6a/ヌマクロー_S6a-20／69.jpg","S6a","S6a/20","same_content","ヌマクロー","cards/S/S6a/ヌマクロー_S6a-20／87_U.jpg","S6a/20","cards/S/S6a/ヌマクロー_S6a-20／87_U.jpg","195907"
"cards/S/S6a/ハハコモリ_S6a-06／69.jpg","S6a","S6a/6","same_content","ハハコモリ","cards/S/S6a/ハハコモリ_S6a-06／87_U.jpg","S6a/6","cards/S/S6a/ハハコモリ_S6a-06／87_U.jpg","130280"
"cards/S/S6a/ヒメンカ_S6a-09／69.jpg","S6a","S6a/9","same_content","ヒメンカ","cards/S/S6a/ヒメンカ_S6a-09／87_C.jpg","S6a/9","cards/S/S6a/ヒメンカ_S6a-09／87_C.jpg","120269"
"cards/S/S6a/ヒンバス_S6a-22／69.jpg","S6a","S6a/22","same_content","ヒンバス","cards/S/S6a/ヒンバス_S6a-22／87_C.jpg","S6a/22","cards/S/S6a/ヒンバス_S6a-22／87_C.jpg","174184"
"cards/S/S6a/ビリリダマ_S6a-28／69.jpg","S6a","S6a/28","same_content","ビリリダマ","cards/S/S6a/ビリリダマ_S6a-28／87_C.jpg","S6a/28","cards/S/S6a/ビリリダマ_S6a-28／87_C.jpg","165687"
"cards/S/S6a/ピカチュウ_S6a-26／69.jpg","S6a","S6a/26","same_content","ピカチュウ","cards/S/S6a/ピカチュウ_S6a-26／87_C.jpg","S6a/26","cards/S/S6a/ピカチュウ_S6a-26／87_C.jpg","121338"
"cards/S/S6a/フラエッテ_S6a-38／69.jpg","S6a","S6a/38","same_content","フラエッテ","cards/S/S6a/フラエッテ_S6a-38／87_U.jpg","S6a/38","cards/S/S6a/フラエッテ_S6a-38／87_U.jpg","143977"
"cards/S/S6a/フラベベ_S6a-37／69.jpg","S6a","S6a/37","same_content","フラベベ","cards/S/S6a/フラベベ_S6a-37／87_C.jpg","S6a/37","cards/S/S6a/フラベベ_S6a-37／87_C.jpg","126577"
"cards/S/S6a/フラージェス_S6a-39／69.jpg","S6a","S6a/39","same_content","フラージェス","cards/S/S6a/フラージェス_S6a-39／87_R.jpg","S6a/39","cards/S/S6a/フラージェス_S6a-39／87_R.jpg","175341"
"cards/S/S6a/ブラッキーVMAX_S6a-48／69.jpg","S6a","S6a/48","same_content","ブラッキーVMAX","cards/S/S6a/ブラッキーVMAX_S6a-48／87_RRR.jpg","S6a/48","cards/S/S6a/ブラッキーVMAX_S6a-48／87_RRR.jpg","277425"
"cards/S/S6a/ブラッキーV_S6a-47／69.jpg","S6a","S6a/47","same_content","ブラッキーV","cards/S/S6a/ブラッキーV_S6a-47／87_RR.jpg","S6a/47","cards/S/S6a/ブラッキーV_S6a-47／87_RR.jpg","108902"
"cards/S/S6a/ブースターV_S6a-11／69.jpg","S6a","S6a/11","same_content","ブースターV","cards/S/S6a/ブースターV_S6a-11／87_RR.jpg","S6a/11","cards/S/S6a/ブースターV_S6a-11／87_RR.jpg","110778"
"cards/S/S6a/ブースターV_S6a-62／69.jpg","S6a","S6a/62","same_content","エレメンタルバッジ","cards/S/S6a/ブースターV_S6a-11／87_RR.jpg","S6a/11","cards/S/S6a/エレメンタルバッジ_S6a-62／87_U.jpg","110778"
"cards/S/S6a/ブースターV_S6a-63／69.jpg","S6a","S6a/63","same_content","スノーリーフバッジ","cards/S/S6a/ブースターV_S6a-11／87_RR.jpg","S6a/11","cards/S/S6a/スノーリーフバッジ_S6a-63／87_U.jpg","110778"
"cards/S/S6a/ベロバー_S6a-52／69.jpg","S6a","S6a/52","same_content","ベロバー","cards/S/S6a/ベロバー_S6a-52／87_C.jpg","S6a/52","cards/S/S6a/ベロバー_S6a-52／87_C.jpg","178932"
"cards/S/S6a/ペルシアン_S6a-56／69.jpg","S6a","S6a/56","same_content","ペルシアン","cards/S/S6a/ペルシアン_S6a-56／87_U.jpg","S6a/56","cards/S/S6a/ペルシアン_S6a-56／87_U.jpg","120000"
"cards/S/S6a/マグカルゴ_S6a-13／69.jpg","S6a","S6a/13","same_content","マグカルゴ","cards/S/S6a/マグカルゴ_S6a-13／87_C.jpg","S6a/13","cards/S/S6a/マグカルゴ_S6a-13／87_C.jpg","156408"
"cards/S/S6a/マグマッグ_S6a-12／69.jpg","S6a","S6a/12","same_content","マグマッグ","cards/S/S6a/マグマッグ_S6a-12／87_C.jpg","S6a/12","cards/S/S6a/マグマッグ_S6a-12／87_C.jpg","138649"
"cards/S/S6a/マリル_S6a-16／69.jpg","S6a","S6a/16","same_content","マリル","cards/S/S6a/マリル_S6a-16／87_C.jpg","S6a/16","cards/S/S6a/マリル_S6a-16／87_C.jpg","404297"
"cards/S/S6a/マリルリ_S6a-17／69.jpg","S6a","S6a/17","same_content","マリルリ","cards/S/S6a/マリルリ_S6a-17／87_C.jpg","S6a/17","cards/S/S6a/マリルリ_S6a-17／87_C.jpg","187513"
"cards/S/S6a/マルマイン_S6a-29／69.jpg","S6a","S6a/29","same_content","マルマイン","cards/S/S6a/マルマイン_S6a-29／87_U.jpg","S6a/29","cards/S/S6a/マルマイン_S6a-29／87_U.jpg","124325"
"cards/S/S6a/マンタイン_S6a-18／69.jpg","S6a","S6a/18","same_content","マンタイン","cards/S/S6a/マンタイン_S6a-18／87_C.jpg","S6a/18","cards/S/S6a/マンタイン_S6a-18／87_C.jpg","172630"
"cards/S/S6a/マーシャドー_S6a-44／69.jpg","S6a","S6a/44","same_content","マーシャドー","cards/S/S6a/マーシャドー_S6a-44／87_R.jpg","S6a/44","cards/S/S6a/マーシャドー_S6a-44／87_R.jpg","176131"
"cards/S/S6a/ミズゴロウ_S6a-19／69.jpg","S6a","S6a/19","same_content","ミズゴロウ","cards/S/S6a/ミズゴロウ_S6a-19／87_C.jpg","S6a/19","cards/S/S6a/ミズゴロウ_S6a-19／87_C.jpg","178619"
"cards/S/S6a/ミロカロス_S6a-23／69.jpg","S6a","S6a/23","same_content","ミロカロス","cards/S/S6a/ミロカロス_S6a-23／87_U.jpg","S6a/23","cards/S/S6a/ミロカロス_S6a-23／87_U.jpg","181573"
"cards/S/S6a/ヤンチャム_S6a-46／69.jpg","S6a","S6a/46","same_content","ヤンチャム","cards/S/S6a/ヤンチャム_S6a-46／87_C.jpg","S6a/46","cards/S/S6a/ヤンチャム_S6a-46／87_C.jpg","179457"
"cards/S/S6a/ライチュウ_S6a-27／69.jpg","S6a","S6a/27","same_content","ライチュウ","cards/S/S6a/ライチュウ_S6a-27／87_R.jpg","S6a/27","cards/S/S6a/ライチュウ_S6a-27／87_R.jpg","161597"
"cards/S/S6a/ラグラージ_S6a-21／69.jpg","S6a","S6a/21","same_content","ラグラージ","cards/S/S6a/ラグラージ_S6a-21／87_R.jpg","S6a/21","cards/S/S6a/ラグラージ_S6a-21／87_R.jpg","202848"
"cards/S/S6a/リーフィアVMAX_S6a-03／69.jpg","S6a","S6a/3","same_content","リーフィアVMAX","cards/S/S6a/リーフィアVMAX_S6a-03／87_RRR.jpg","S6a/3","cards/S/S6a/リーフィアVMAX_S6a-03／87_RRR.jpg","258706"
"cards/S/S6a/リーフィアV_S6a-02／69.jpg","S6a","S6a/2","same_content","リーフィアV","cards/S/S6a/リーフィアV_S6a-02／87_RR.jpg","S6a/2","cards/S/S6a/リーフィアV_S6a-02／87_RR.jpg","129803"
"cards/S/S6a/リーフィアV_S6a-60／69.jpg","S6a","S6a/60","same_content","ぐんぐんシェイク","cards/S/S6a/リーフィアV_S6a-02／87_RR.jpg","S6a/2","cards/S/S6a/ぐんぐんシェイク_S6a-60／87_U.jpg","129803"
"cards/S/S6a/リーフィアV_S6a-61／69.jpg","S6a","S6a/61","same_content","ドリームボール","cards/S/S6a/リーフィアV_S6a-02／87_RR.jpg","S6a/2","cards/S/S6a/ドリームボール_S6a-61／87_U.jpg","129803"
"cards/S/S6a/ロトム_S6a-31／69.jpg","S6a","S6a/31","same_content","ロトム","cards/S/S6a/ロトム_S6a-31／87_C.jpg","S6a/31","cards/S/S6a/ロトム_S6a-31／87_C.jpg","132850"
"cards/S/S6a/ワタシラガ_S6a-10／69.jpg","S6a","S6a/10","same_content","ワタシラガ","cards/S/S6a/ワタシラガ_S6a-10／87_R.jpg","S6a/10","cards/S/S6a/ワタシラガ_S6a-10／87_R.jpg","150746"
"cards/S/S6K/こくばバドレックスVMAX_S6K-37／70.jpg","S6K","S6K/37","same_content","こくばバドレックスVMAX","cards/S/S6K/こくばバドレックスVMAX_S6K-37／83_RRR.jpg","S6K/37","cards/S/S6K/こくばバドレックスVMAX_S6K-37／83_RRR.jpg","262142"
"cards/S/S6K/こくばバドレックスV_S6K-36／70.jpg","S6K","S6K/36","same_content","こくばバドレックスV","cards/S/S6K/こくばバドレックスV_S6K-36／83_RR.jpg","S6K/36","cards/S/S6K/こくばバドレックスV_S6K-36／83_RR.jpg","170085"
"cards/S/S6K/こくばバドレックスV_S6K-64／70.jpg","S6K","S6K/64","same_content","カトレア","cards/S/S6K/こくばバドレックスV_S6K-36／83_RR.jpg","S6K/36","cards/S/S6K/カトレア_S6K-64／83_U.jpg","170085"
"cards/S/S6K/こくばバドレックスV_S6K-65／70.jpg","S6K","S6K/65","same_content","キクコ","cards/S/S6K/こくばバドレックスV_S6K-36／83_RR.jpg","S6K/36","cards/S/S6K/キクコ_S6K-65／83_U.jpg","170085"
"cards/S/S6K/アブリボン_S6K-35／70.jpg","S6K","S6K/35","same_content","アブリボン","cards/S/S6K/アブリボン_S6K-35／83_C.jpg","S6K/35","cards/S/S6K/アブリボン_S6K-35／83_C.jpg","136631"
"cards/S/S6K/アブリー_S6K-34／70.jpg","S6K","S6K/34","same_content","アブリー","cards/S/S6K/アブリー_S6K-34／83_C.jpg","S6K/34","cards/S/S6K/アブリー_S6K-34／83_C.jpg","149801"
"cards/S/S6K/ウオチルドンV_S6K-17／70.jpg","S6K","S6K/17","same_content","ウオチルドンV","cards/S/S6K/ウオチルドンV_S6K-17／83_RR.jpg","S6K/17","cards/S/S6K/ウオチルドンV_S6K-17／83_RR.jpg","192877"
"cards/S/S6K/ウオチルドンV_S6K-61／70.jpg","S6K","S6K/61","same_content","草取りグローブ","cards/S/S6K/ウオチルドンV_S6K-17／83_RR.jpg","S6K/17","cards/S/S6K/草取りグローブ_S6K-61／83_U.jpg","192877"
"cards/S/S6K/エモンガ_S6K-23／70.jpg","S6K","S6K/23","same_content","エモンガ","cards/S/S6K/エモンガ_S6K-23／83_C.jpg","S6K/23","cards/S/S6K/エモンガ_S6K-23／83_C.jpg","129910"
"cards/S/S6K/オタマロ_S6K-15／70.jpg","S6K","S6K/15","same_content","オタマロ","cards/S/S6K/オタマロ_S6K-15／83_C.jpg","S6K/15","cards/S/S6K/オタマロ_S6K-15／83_C.jpg","166236"
"cards/S/S6K/オトスパス_S6K-43／70.jpg","S6K","S6K/43","same_content","オトスパス","cards/S/S6K/オトスパス_S6K-43／83_R.jpg","S6K/43","cards/S/S6K/オトスパス_S6K-43／83_R.jpg","207972"
"cards/S/S6K/カクレオン_S6K-54／70.jpg","S6K","S6K/54","same_content","カクレオン","cards/S/S6K/カクレオン_S6K-54／83_C.jpg","S6K/54","cards/S/S6K/カクレオン_S6K-54／83_C.jpg","181726"
"cards/S/S6K/カプ・レヒレ_S6K-16／70.jpg","S6K","S6K/16","same_content","カプ・レヒレ","cards/S/S6K/カプ・レヒレ_S6K-16／83_R.jpg","S6K/16","cards/S/S6K/カプ・レヒレ_S6K-16／83_R.jpg","211207"
"cards/S/S6K/カラマネロ_S6K-33／70.jpg","S6K","S6K/33","same_content","カラマネロ","cards/S/S6K/カラマネロ_S6K-33／83_U.jpg","S6K/33","cards/S/S6K/カラマネロ_S6K-33／83_U.jpg","158531"
"cards/S/S6K/ガマガル_S6K-38／70.jpg","S6K","S6K/38","same_content","ガマガル","cards/S/S6K/ガマガル_S6K-38／83_C.jpg","S6K/38","cards/S/S6K/ガマガル_S6K-38／83_C.jpg","153085"
"cards/S/S6K/ガマゲロゲ_S6K-39／70.jpg","S6K","S6K/39","same_content","ガマゲロゲ","cards/S/S6K/ガマゲロゲ_S6K-39／83_U.jpg","S6K/39","cards/S/S6K/ガマゲロゲ_S6K-39／83_U.jpg","163490"
"cards/S/S6K/ガラル マタドガス_S6K-46／70.jpg","S6K","S6K/46","same_content","ガラル マタドガス","cards/S/S6K/ガラル マタドガス_S6K-46／83_U.jpg","S6K/46","cards/S/S6K/ガラル マタドガス_S6K-46／83_U.jpg","196512"
"cards/S/S6K/クレセリア_S6K-29／70.jpg","S6K","S6K/29","same_content","クレセリア","cards/S/S6K/クレセリア_S6K-29／83_R.jpg","S6K/29","cards/S/S6K/クレセリア_S6K-29／83_R.jpg","173891"
"cards/S/S6K/ケケンカニ_S6K-41／70.jpg","S6K","S6K/41","same_content","ケケンカニ","cards/S/S6K/ケケンカニ_S6K-41／83_C.jpg","S6K/41","cards/S/S6K/ケケンカニ_S6K-41／83_C.jpg","175848"
"cards/S/S6K/ゲンガー_S6K-27／70.jpg","S6K","S6K/27","same_content","ゲンガー","cards/S/S6K/ゲンガー_S6K-27／83_R.jpg","S6K/27","cards/S/S6K/ゲンガー_S6K-27／83_R.jpg","177604"
"cards/S/S6K/コダック_S6K-09／70.jpg","S6K","S6K/9","same_content","コダック","cards/S/S6K/コダック_S6K-09／83_C.jpg","S6K/9","cards/S/S6K/コダック_S6K-09／83_C.jpg","150733"
"cards/S/S6K/コノハナ_S6K-47／70.jpg","S6K","S6K/47","same_content","コノハナ","cards/S/S6K/コノハナ_S6K-47／83_C.jpg","S6K/47","cards/S/S6K/コノハナ_S6K-47／83_C.jpg","156395"
"cards/S/S6K/コバルオン_S6K-51／70.jpg","S6K","S6K/51","same_content","コバルオン","cards/S/S6K/コバルオン_S6K-51／83_R.jpg","S6K/51","cards/S/S6K/コバルオン_S6K-51／83_R.jpg","172492"
"cards/S/S6K/ゴビット_S6K-30／70.jpg","S6K","S6K/30","same_content","ゴビット","cards/S/S6K/ゴビット_S6K-30／83_C.jpg","S6K/30","cards/S/S6K/ゴビット_S6K-30／83_C.jpg","132557"
"cards/S/S6K/ゴリランダー_S6K-08／70.jpg","S6K","S6K/8","same_content","ゴリランダー","cards/S/S6K/ゴリランダー_S6K-08／83_R.jpg","S6K/8","cards/S/S6K/ゴリランダー_S6K-08／83_R.jpg","178286"
"cards/S/S6K/ゴルダック_S6K-10／70.jpg","S6K","S6K/10","same_content","ゴルダック","cards/S/S6K/ゴルダック_S6K-10／83_U.jpg","S6K/10","cards/S/S6K/ゴルダック_S6K-10／83_U.jpg","180836"
"cards/S/S6K/ゴルーグ_S6K-31／70.jpg","S6K","S6K/31","same_content","ゴルーグ","cards/S/S6K/ゴルーグ_S6K-31／83_U.jpg","S6K/31","cards/S/S6K/ゴルーグ_S6K-31／83_U.jpg","138919"
"cards/S/S6K/ゴース_S6K-25／70.jpg","S6K","S6K/25","same_content","ゴース","cards/S/S6K/ゴース_S6K-25／83_C.jpg","S6K/25","cards/S/S6K/ゴース_S6K-25／83_C.jpg","121221"
"cards/S/S6K/ゴースト_S6K-26／70.jpg","S6K","S6K/26","same_content","ゴースト","cards/S/S6K/ゴースト_S6K-26／83_U.jpg","S6K/26","cards/S/S6K/ゴースト_S6K-26／83_U.jpg","119259"
"cards/S/S6K/サルノリ_S6K-06／70.jpg","S6K","S6K/6","same_content","サルノリ","cards/S/S6K/サルノリ_S6K-06／83_C.jpg","S6K/6","cards/S/S6K/サルノリ_S6K-06／83_C.jpg","118775"
"cards/S/S6K/シママ_S6K-21／70.jpg","S6K","S6K/21","same_content","シママ","cards/S/S6K/シママ_S6K-21／83_C.jpg","S6K/21","cards/S/S6K/シママ_S6K-21／83_C.jpg","111339"
"cards/S/S6K/セレビィVMAX_S6K-04／70.jpg","S6K","S6K/4","same_content","セレビィVMAX","cards/S/S6K/セレビィVMAX_S6K-04／83_RRR.jpg","S6K/4","cards/S/S6K/セレビィVMAX_S6K-04／83_RRR.jpg","260802"
"cards/S/S6K/セレビィV_S6K-03／70.jpg","S6K","S6K/3","same_content","セレビィV","cards/S/S6K/セレビィV_S6K-03／83_RR.jpg","S6K/3","cards/S/S6K/セレビィV_S6K-03／83_RR.jpg","166535"
"cards/S/S6K/セレビィV_S6K-60／70.jpg","S6K","S6K/60","same_content","霧の水晶","cards/S/S6K/セレビィV_S6K-03／83_RR.jpg","S6K/3","cards/S/S6K/霧の水晶_S6K-60／83_U.jpg","166535"
"cards/S/S6K/ゼブライカ_S6K-22／70.jpg","S6K","S6K/22","same_content","ゼブライカ","cards/S/S6K/ゼブライカ_S6K-22／83_U.jpg","S6K/22","cards/S/S6K/ゼブライカ_S6K-22／83_U.jpg","155210"
"cards/S/S6K/ゼラオラV_S6K-24／70.jpg","S6K","S6K/24","same_content","ゼラオラV","cards/S/S6K/ゼラオラV_S6K-24／83_RR.jpg","S6K/24","cards/S/S6K/ゼラオラV_S6K-24／83_RR.jpg","175529"
"cards/S/S6K/ゼラオラV_S6K-62／70.jpg","S6K","S6K/62","same_content","正義のグローブ","cards/S/S6K/ゼラオラV_S6K-24／83_RR.jpg","S6K/24","cards/S/S6K/正義のグローブ_S6K-62／83_U.jpg","175529"
"cards/S/S6K/ゼラオラV_S6K-63／70.jpg","S6K","S6K/63","same_content","れんげきの巻物 天の巻","cards/S/S6K/ゼラオラV_S6K-24／83_RR.jpg","S6K/24","cards/S/S6K/れんげきの巻物 天の巻_S6K-63／83_U.jpg","175529"
"cards/S/S6K/タタッコ_S6K-42／70.jpg","S6K","S6K/42","same_content","タタッコ","cards/S/S6K/タタッコ_S6K-42／83_C.jpg","S6K/42","cards/S/S6K/タタッコ_S6K-42／83_C.jpg","156889"
"cards/S/S6K/タネボー_S6K-05／70.jpg","S6K","S6K/5","same_content","タネボー","cards/S/S6K/タネボー_S6K-05／83_C.jpg","S6K/5","cards/S/S6K/タネボー_S6K-05／83_C.jpg","126653"
"cards/S/S6K/ダーテング_S6K-48／70.jpg","S6K","S6K/48","same_content","ダーテング","cards/S/S6K/ダーテング_S6K-48／83_U.jpg","S6K/48","cards/S/S6K/ダーテング_S6K-48／83_U.jpg","186172"
"cards/S/S6K/デンリュウ_S6K-20／70.jpg","S6K","S6K/20","same_content","デンリュウ","cards/S/S6K/デンリュウ_S6K-20／83_U.jpg","S6K/20","cards/S/S6K/デンリュウ_S6K-20／83_U.jpg","141926"
"cards/S/S6K/ドガース_S6K-44／70.jpg","S6K","S6K/44","same_content","ドガース","cards/S/S6K/ドガース_S6K-44／83_C.jpg","S6K/44","cards/S/S6K/ドガース_S6K-44／83_C.jpg","197962"
"cards/S/S6K/ニューラ_S6K-11／70.jpg","S6K","S6K/11","same_content","ニューラ","cards/S/S6K/ニューラ_S6K-11／83_C.jpg","S6K/11","cards/S/S6K/ニューラ_S6K-11／83_C.jpg","187538"
"cards/S/S6K/ハピナスV_S6K-52／70.jpg","S6K","S6K/52","same_content","ハピナスV","cards/S/S6K/ハピナスV_S6K-52／83_RR.jpg","S6K/52","cards/S/S6K/ハピナスV_S6K-52／83_RR.jpg","173865"
"cards/S/S6K/ハピナスV_S6K-67／70.jpg","S6K","S6K/67","same_content","ズミ","cards/S/S6K/ハピナスV_S6K-52／83_RR.jpg","S6K/52","cards/S/S6K/ズミ_S6K-67／83_U.jpg","173865"
"cards/S/S6K/ハピナスV_S6K-68／70.jpg","S6K","S6K/68","same_content","いにしえの墓地","cards/S/S6K/ハピナスV_S6K-52／83_RR.jpg","S6K/52","cards/S/S6K/いにしえの墓地_S6K-68／83_U.jpg","173865"
"cards/S/S6K/バチンキー_S6K-07／70.jpg","S6K","S6K/7","same_content","バチンキー","cards/S/S6K/バチンキー_S6K-07／83_U.jpg","S6K/7","cards/S/S6K/バチンキー_S6K-07／83_U.jpg","125752"
"cards/S/S6K/ヒノヤコマ_S6K-56／70.jpg","S6K","S6K/56","same_content","ヒノヤコマ","cards/S/S6K/ヒノヤコマ_S6K-56／83_C.jpg","S6K/56","cards/S/S6K/ヒノヤコマ_S6K-56／83_C.jpg","136539"
"cards/S/S6K/ファイアロー_S6K-57／70.jpg","S6K","S6K/57","same_content","ファイアロー","cards/S/S6K/ファイアロー_S6K-57／83_U.jpg","S6K/57","cards/S/S6K/ファイアロー_S6K-57／83_U.jpg","153331"
"cards/S/S6K/ホシガリス_S6K-58／70.jpg","S6K","S6K/58","same_content","ホシガリス","cards/S/S6K/ホシガリス_S6K-58／83_C.jpg","S6K/58","cards/S/S6K/ホシガリス_S6K-58／83_C.jpg","123377"
"cards/S/S6K/ポワルン あまみずのすがた_S6K-13／70.jpg","S6K","S6K/13","same_content","ポワルン あまみずのすがた","cards/S/S6K/ポワルン あまみずのすがた_S6K-13／83_C.jpg","S6K/13","cards/S/S6K/ポワルン あまみずのすがた_S6K-13／83_C.jpg","199267"
"cards/S/S6K/ポワルン_S6K-53／70.jpg","S6K","S6K/53","same_content","ポワルン","cards/S/S6K/ポワルン_S6K-53／83_C.jpg","S6K/53","cards/S/S6K/ポワルン_S6K-53／83_C.jpg","119957"
"cards/S/S6K/マケンカニ_S6K-40／70.jpg","S6K","S6K/40","same_content","マケンカニ","cards/S/S6K/マケンカニ_S6K-40／83_C.jpg","S6K/40","cards/S/S6K/マケンカニ_S6K-40／83_C.jpg","178084"
"cards/S/S6K/マタドガス_S6K-45／70.jpg","S6K","S6K/45","same_content","マタドガス","cards/S/S6K/マタドガス_S6K-45／83_U.jpg","S6K/45","cards/S/S6K/マタドガス_S6K-45／83_U.jpg","179032"
"cards/S/S6K/マニューラ_S6K-12／70.jpg","S6K","S6K/12","same_content","マニューラ","cards/S/S6K/マニューラ_S6K-12／83_R.jpg","S6K/12","cards/S/S6K/マニューラ_S6K-12／83_R.jpg","201303"
"cards/S/S6K/マーイーカ_S6K-32／70.jpg","S6K","S6K/32","same_content","マーイーカ","cards/S/S6K/マーイーカ_S6K-32／83_C.jpg","S6K/32","cards/S/S6K/マーイーカ_S6K-32／83_C.jpg","137590"
"cards/S/S6K/メタグロスVMAX_S6K-50／70.jpg","S6K","S6K/50","same_content","メタグロスVMAX","cards/S/S6K/メタグロスVMAX_S6K-50／83_RRR.jpg","S6K/50","cards/S/S6K/メタグロスVMAX_S6K-50／83_RRR.jpg","263688"
"cards/S/S6K/メタグロスV_S6K-49／70.jpg","S6K","S6K/49","same_content","メタグロスV","cards/S/S6K/メタグロスV_S6K-49／83_RR.jpg","S6K/49","cards/S/S6K/メタグロスV_S6K-49／83_RR.jpg","177402"
"cards/S/S6K/メタグロスV_S6K-66／70.jpg","S6K","S6K/66","same_content","シャクヤ","cards/S/S6K/メタグロスV_S6K-49／83_RR.jpg","S6K/49","cards/S/S6K/シャクヤ_S6K-66／83_U.jpg","177402"
"cards/S/S6K/メリープ_S6K-18／70.jpg","S6K","S6K/18","same_content","メリープ","cards/S/S6K/メリープ_S6K-18／83_C.jpg","S6K/18","cards/S/S6K/メリープ_S6K-18／83_C.jpg","121260"
"cards/S/S6K/モココ_S6K-19／70.jpg","S6K","S6K/19","same_content","モココ","cards/S/S6K/モココ_S6K-19／83_C.jpg","S6K/19","cards/S/S6K/モココ_S6K-19／83_C.jpg","109548"
"cards/S/S6K/ヤミラミ_S6K-28／70.jpg","S6K","S6K/28","same_content","ヤミラミ","cards/S/S6K/ヤミラミ_S6K-28／83_C.jpg","S6K/28","cards/S/S6K/ヤミラミ_S6K-28／83_C.jpg","141077"
"cards/S/S6K/ヤヤコマ_S6K-55／70.jpg","S6K","S6K/55","same_content","ヤヤコマ","cards/S/S6K/ヤヤコマ_S6K-55／83_C.jpg","S6K/55","cards/S/S6K/ヤヤコマ_S6K-55／83_C.jpg","125257"
"cards/S/S6K/ヨクバリス_S6K-59／70.jpg","S6K","S6K/59","same_content","ヨクバリス","cards/S/S6K/ヨクバリス_S6K-59／83_R.jpg","S6K/59","cards/S/S6K/ヨクバリス_S6K-59／83_R.jpg","151174"
"cards/S/S6K/ラブカス_S6K-14／70.jpg","S6K","S6K/14","same_content","ラブカス","cards/S/S6K/ラブカス_S6K-14／83_C.jpg","S6K/14","cards/S/S6K/ラブカス_S6K-14／83_C.jpg","177629"
"cards/S/S6K/レディアン_S6K-02／70.jpg","S6K","S6K/2","same_content","レディアン","cards/S/S6K/レディアン_S6K-02／83_C.jpg","S6K/2","cards/S/S6K/レディアン_S6K-02／83_C.jpg","164658"
"cards/S/S6K/レディバ_S6K-01／70.jpg","S6K","S6K/1","same_content","レディバ","cards/S/S6K/レディバ_S6K-01／83_C.jpg","S6K/1","cards/S/S6K/レディバ_S6K-01／83_C.jpg","144761"
"cards/S/S6K/草取りグローブ_S6K-70／70.jpg","S6K","S6K/70","same_content","ラッキーエネルギー","cards/S/S6K/草取りグローブ_S6K-61／83_U.jpg","S6K/61","cards/S/S6K/ラッキーエネルギー_S6K-70／83_U.jpg","117493"
"cards/S/S6K/霧の水晶_S6K-69／70.jpg","S6K","S6K/69","same_content","スパイラルエネルギー","cards/S/S6K/霧の水晶_S6K-60／83_U.jpg","S6K/60","cards/S/S6K/スパイラルエネルギー_S6K-69／83_U.jpg","98019"
"cards/S/S7R/アップリュー_S7R-50／67.jpg","S7R","S7R/50","same_content","アップリュー","cards/S/S7R/アップリュー_S7R-50／79_U.jpg","S7R/50","cards/S/S7R/アップリュー_S7R-50／79_U.jpg","164358"
"cards/S/S7R/ウルガモスV_S7R-15／67.jpg","S7R","S7R/15","same_content","ウルガモスV","cards/S/S7R/ウルガモスV_S7R-15／79_RR.jpg","S7R/15","cards/S/S7R/ウルガモスV_S7R-15／79_RR.jpg","175528"
"cards/S/S7R/ウルガモスV_S7R-57／67.jpg","S7R","S7R/57","same_content","スーパーボール","cards/S/S7R/ウルガモスV_S7R-15／79_RR.jpg","S7R/15","cards/S/S7R/スーパーボール_S7R-57／79_U.jpg","175528"
"cards/S/S7R/エレズン_S7R-31／67.jpg","S7R","S7R/31","same_content","エレズン","cards/S/S7R/エレズン_S7R-31／79_C.jpg","S7R/31","cards/S/S7R/エレズン_S7R-31／79_C.jpg","132995"
"cards/S/S7R/オドシシ_S7R-55／67.jpg","S7R","S7R/55","same_content","オドシシ","cards/S/S7R/オドシシ_S7R-55／79_C.jpg","S7R/55","cards/S/S7R/オドシシ_S7R-55／79_C.jpg","155068"
"cards/S/S7R/オーロットVMAX_S7R-08／67.jpg","S7R","S7R/8","same_content","オーロットVMAX","cards/S/S7R/オーロットVMAX_S7R-08／79_RRR.jpg","S7R/8","cards/S/S7R/オーロットVMAX_S7R-08／79_RRR.jpg","250393"
"cards/S/S7R/オーロットV_S7R-07／67.jpg","S7R","S7R/7","same_content","オーロットV","cards/S/S7R/オーロットV_S7R-07／79_RR.jpg","S7R/7","cards/S/S7R/オーロットV_S7R-07／79_RR.jpg","167391"
"cards/S/S7R/オーロットV_S7R-56／67.jpg","S7R","S7R/56","same_content","当たりつきアイス","cards/S/S7R/オーロットV_S7R-07／79_RR.jpg","S7R/7","cards/S/S7R/当たりつきアイス_S7R-56／79_U.jpg","167391"
"cards/S/S7R/カイリューV_S7R-42／67.jpg","S7R","S7R/42","same_content","カイリューV","cards/S/S7R/カイリューV_S7R-42／79_RR.jpg","S7R/42","cards/S/S7R/カイリューV_S7R-42／79_RR.jpg","167422"
"cards/S/S7R/カイリューV_S7R-61／67.jpg","S7R","S7R/61","same_content","れいかいのお面","cards/S/S7R/カイリューV_S7R-42／79_RR.jpg","S7R/42","cards/S/S7R/れいかいのお面_S7R-61／79_U.jpg","167422"
"cards/S/S7R/カイリューV_S7R-62／67.jpg","S7R","S7R/62","same_content","れんげきの巻物 飛竜の巻","cards/S/S7R/カイリューV_S7R-42／79_RR.jpg","S7R/42","cards/S/S7R/れんげきの巻物 飛竜の巻_S7R-62／79_U.jpg","167422"
"cards/S/S7R/カジッチュ_S7R-09／67.jpg","S7R","S7R/9","same_content","カジッチュ","cards/S/S7R/カジッチュ_S7R-09／79_C.jpg","S7R/9","cards/S/S7R/カジッチュ_S7R-09／79_C.jpg","104342"
"cards/S/S7R/ガラル ダルマッカ_S7R-22／67.jpg","S7R","S7R/22","same_content","ガラル ダルマッカ","cards/S/S7R/ガラル ダルマッカ_S7R-22／79_C.jpg","S7R/22","cards/S/S7R/ガラル ダルマッカ_S7R-22／79_C.jpg","150580"
"cards/S/S7R/ガラル ヒヒダルマ_S7R-23／67.jpg","S7R","S7R/23","same_content","ガラル ヒヒダルマ","cards/S/S7R/ガラル ヒヒダルマ_S7R-23／79_C.jpg","S7R/23","cards/S/S7R/ガラル ヒヒダルマ_S7R-23／79_C.jpg","171423"
"cards/S/S7R/キテルグマ_S7R-41／67.jpg","S7R","S7R/41","same_content","キテルグマ","cards/S/S7R/キテルグマ_S7R-41／79_U.jpg","S7R/41","cards/S/S7R/キテルグマ_S7R-41／79_U.jpg","168754"
"cards/S/S7R/キュウコン_S7R-11／67.jpg","S7R","S7R/11","same_content","キュウコン","cards/S/S7R/キュウコン_S7R-11／79_C.jpg","S7R/11","cards/S/S7R/キュウコン_S7R-11／79_C.jpg","170445"
"cards/S/S7R/ギャラドスVMAX_S7R-21／67.jpg","S7R","S7R/21","same_content","ギャラドスVMAX","cards/S/S7R/ギャラドスVMAX_S7R-21／79_RRR.jpg","S7R/21","cards/S/S7R/ギャラドスVMAX_S7R-21／79_RRR.jpg","269197"
"cards/S/S7R/ギャラドスV_S7R-20／67.jpg","S7R","S7R/20","same_content","ギャラドスV","cards/S/S7R/ギャラドスV_S7R-20／79_RR.jpg","S7R/20","cards/S/S7R/ギャラドスV_S7R-20／79_RR.jpg","197786"
"cards/S/S7R/ギャラドスV_S7R-58／67.jpg","S7R","S7R/58","same_content","トイキャッチャー","cards/S/S7R/ギャラドスV_S7R-20／79_RR.jpg","S7R/20","cards/S/S7R/トイキャッチャー_S7R-58／79_U.jpg","197786"
"cards/S/S7R/コモルー_S7R-44／67.jpg","S7R","S7R/44","same_content","コモルー","cards/S/S7R/コモルー_S7R-44／79_C.jpg","S7R/44","cards/S/S7R/コモルー_S7R-44／79_C.jpg","155545"
"cards/S/S7R/サンド_S7R-34／67.jpg","S7R","S7R/34","same_content","サンド","cards/S/S7R/サンド_S7R-34／79_C.jpg","S7R/34","cards/S/S7R/サンド_S7R-34／79_C.jpg","191626"
"cards/S/S7R/サンドパン_S7R-35／67.jpg","S7R","S7R/35","same_content","サンドパン","cards/S/S7R/サンドパン_S7R-35／79_C.jpg","S7R/35","cards/S/S7R/サンドパン_S7R-35／79_C.jpg","158576"
"cards/S/S7R/シェルダー_S7R-18／67.jpg","S7R","S7R/18","same_content","シェルダー","cards/S/S7R/シェルダー_S7R-18／79_C.jpg","S7R/18","cards/S/S7R/シェルダー_S7R-18／79_C.jpg","168389"
"cards/S/S7R/ジガルデ_S7R-48／67.jpg","S7R","S7R/48","same_content","ジガルデ","cards/S/S7R/ジガルデ_S7R-48／79_R.jpg","S7R/48","cards/S/S7R/ジガルデ_S7R-48／79_R.jpg","171596"
"cards/S/S7R/ストリンダー_S7R-32／67.jpg","S7R","S7R/32","same_content","ストリンダー","cards/S/S7R/ストリンダー_S7R-32／79_R.jpg","S7R/32","cards/S/S7R/ストリンダー_S7R-32／79_R.jpg","138560"
"cards/S/S7R/スーパーボール_S7R-66／67.jpg","S7R","S7R/66","same_content","嵐の山脈","cards/S/S7R/スーパーボール_S7R-57／79_U.jpg","S7R/57","cards/S/S7R/嵐の山脈_S7R-66／79_U.jpg","99339"
"cards/S/S7R/タツベイ_S7R-43／67.jpg","S7R","S7R/43","same_content","タツベイ","cards/S/S7R/タツベイ_S7R-43／79_C.jpg","S7R/43","cards/S/S7R/タツベイ_S7R-43／79_C.jpg","139634"
"cards/S/S7R/タルップル_S7R-51／67.jpg","S7R","S7R/51","same_content","タルップル","cards/S/S7R/タルップル_S7R-51／79_U.jpg","S7R/51","cards/S/S7R/タルップル_S7R-51／79_U.jpg","164559"
"cards/S/S7R/チャーレムV_S7R-36／67.jpg","S7R","S7R/36","same_content","チャーレムV","cards/S/S7R/チャーレムV_S7R-36／79_RR.jpg","S7R/36","cards/S/S7R/チャーレムV_S7R-36／79_RR.jpg","176509"
"cards/S/S7R/チャーレムV_S7R-59／67.jpg","S7R","S7R/59","same_content","ポケモンいれかえ","cards/S/S7R/チャーレムV_S7R-36／79_RR.jpg","S7R/36","cards/S/S7R/ポケモンいれかえ_S7R-59／79_U.jpg","176509"
"cards/S/S7R/チャーレムV_S7R-60／67.jpg","S7R","S7R/60","same_content","ゴムのグローブ","cards/S/S7R/チャーレムV_S7R-36／79_RR.jpg","S7R/36","cards/S/S7R/ゴムのグローブ_S7R-60／79_U.jpg","176509"
"cards/S/S7R/デンリュウ_S7R-28／67.jpg","S7R","S7R/28","same_content","デンリュウ","cards/S/S7R/デンリュウ_S7R-28／79_U.jpg","S7R/28","cards/S/S7R/デンリュウ_S7R-28／79_U.jpg","136969"
"cards/S/S7R/トイキャッチャー_S7R-67／67.jpg","S7R","S7R/67","same_content","オーロラエネルギー","cards/S/S7R/トイキャッチャー_S7R-58／79_U.jpg","S7R/58","cards/S/S7R/オーロラエネルギー_S7R-67／79_U.jpg","96560"
"cards/S/S7R/トロピウス_S7R-04／67.jpg","S7R","S7R/4","same_content","トロピウス","cards/S/S7R/トロピウス_S7R-04／79_C.jpg","S7R/4","cards/S/S7R/トロピウス_S7R-04／79_C.jpg","119313"
"cards/S/S7R/ヌイコグマ_S7R-40／67.jpg","S7R","S7R/40","same_content","ヌイコグマ","cards/S/S7R/ヌイコグマ_S7R-40／79_C.jpg","S7R/40","cards/S/S7R/ヌイコグマ_S7R-40／79_C.jpg","156349"
"cards/S/S7R/ネンドール_S7R-38／67.jpg","S7R","S7R/38","same_content","ネンドール","cards/S/S7R/ネンドール_S7R-38／79_U.jpg","S7R/38","cards/S/S7R/ネンドール_S7R-38／79_U.jpg","166816"
"cards/S/S7R/ハネッコ_S7R-01／67.jpg","S7R","S7R/1","same_content","ハネッコ","cards/S/S7R/ハネッコ_S7R-01／79_C.jpg","S7R/1","cards/S/S7R/ハネッコ_S7R-01／79_C.jpg","126930"
"cards/S/S7R/ハピナス_S7R-54／67.jpg","S7R","S7R/54","same_content","ハピナス","cards/S/S7R/ハピナス_S7R-54／79_U.jpg","S7R/54","cards/S/S7R/ハピナス_S7R-54／79_U.jpg","147771"
"cards/S/S7R/バオッキー_S7R-14／67.jpg","S7R","S7R/14","same_content","バオッキー","cards/S/S7R/バオッキー_S7R-14／79_C.jpg","S7R/14","cards/S/S7R/バオッキー_S7R-14／79_C.jpg","188891"
"cards/S/S7R/バオップ_S7R-13／67.jpg","S7R","S7R/13","same_content","バオップ","cards/S/S7R/バオップ_S7R-13／79_C.jpg","S7R/13","cards/S/S7R/バオップ_S7R-13／79_C.jpg","138565"
"cards/S/S7R/バクガメス_S7R-49／67.jpg","S7R","S7R/49","same_content","バクガメス","cards/S/S7R/バクガメス_S7R-49／79_U.jpg","S7R/49","cards/S/S7R/バクガメス_S7R-49／79_U.jpg","144655"
"cards/S/S7R/パルシェン_S7R-19／67.jpg","S7R","S7R/19","same_content","パルシェン","cards/S/S7R/パルシェン_S7R-19／79_U.jpg","S7R/19","cards/S/S7R/パルシェン_S7R-19／79_U.jpg","198010"
"cards/S/S7R/ビクティニ_S7R-12／67.jpg","S7R","S7R/12","same_content","ビクティニ","cards/S/S7R/ビクティニ_S7R-12／79_R.jpg","S7R/12","cards/S/S7R/ビクティニ_S7R-12／79_R.jpg","163321"
"cards/S/S7R/フリージオ_S7R-24／67.jpg","S7R","S7R/24","same_content","フリージオ","cards/S/S7R/フリージオ_S7R-24／79_C.jpg","S7R/24","cards/S/S7R/フリージオ_S7R-24／79_C.jpg","177354"
"cards/S/S7R/プラスル_S7R-29／67.jpg","S7R","S7R/29","same_content","プラスル","cards/S/S7R/プラスル_S7R-29／79_C.jpg","S7R/29","cards/S/S7R/プラスル_S7R-29／79_C.jpg","131242"
"cards/S/S7R/ボーマンダ_S7R-45／67.jpg","S7R","S7R/45","same_content","ボーマンダ","cards/S/S7R/ボーマンダ_S7R-45／79_R.jpg","S7R/45","cards/S/S7R/ボーマンダ_S7R-45／79_R.jpg","172675"
"cards/S/S7R/ポポッコ_S7R-02／67.jpg","S7R","S7R/2","same_content","ポポッコ","cards/S/S7R/ポポッコ_S7R-02／79_C.jpg","S7R/2","cards/S/S7R/ポポッコ_S7R-02／79_C.jpg","158678"
"cards/S/S7R/マイナン_S7R-30／67.jpg","S7R","S7R/30","same_content","マイナン","cards/S/S7R/マイナン_S7R-30／79_C.jpg","S7R/30","cards/S/S7R/マイナン_S7R-30／79_C.jpg","120135"
"cards/S/S7R/マルヤクデ_S7R-17／67.jpg","S7R","S7R/17","same_content","マルヤクデ","cards/S/S7R/マルヤクデ_S7R-17／79_U.jpg","S7R/17","cards/S/S7R/マルヤクデ_S7R-17／79_U.jpg","171777"
"cards/S/S7R/メリープ_S7R-26／67.jpg","S7R","S7R/26","same_content","メリープ","cards/S/S7R/メリープ_S7R-26／79_C.jpg","S7R/26","cards/S/S7R/メリープ_S7R-26／79_C.jpg","129131"
"cards/S/S7R/モココ_S7R-27／67.jpg","S7R","S7R/27","same_content","モココ","cards/S/S7R/モココ_S7R-27／79_U.jpg","S7R/27","cards/S/S7R/モココ_S7R-27／79_U.jpg","145367"
"cards/S/S7R/ヤクデ_S7R-16／67.jpg","S7R","S7R/16","same_content","ヤクデ","cards/S/S7R/ヤクデ_S7R-16／79_C.jpg","S7R/16","cards/S/S7R/ヤクデ_S7R-16／79_C.jpg","161109"
"cards/S/S7R/ヤジロン_S7R-37／67.jpg","S7R","S7R/37","same_content","ヤジロン","cards/S/S7R/ヤジロン_S7R-37／79_C.jpg","S7R/37","cards/S/S7R/ヤジロン_S7R-37／79_C.jpg","140579"
"cards/S/S7R/ヤナッキー_S7R-06／67.jpg","S7R","S7R/6","same_content","ヤナッキー","cards/S/S7R/ヤナッキー_S7R-06／79_C.jpg","S7R/6","cards/S/S7R/ヤナッキー_S7R-06／79_C.jpg","127329"
"cards/S/S7R/ヤナップ_S7R-05／67.jpg","S7R","S7R/5","same_content","ヤナップ","cards/S/S7R/ヤナップ_S7R-05／79_C.jpg","S7R/5","cards/S/S7R/ヤナップ_S7R-05／79_C.jpg","125000"
"cards/S/S7R/ヨワシ_S7R-25／67.jpg","S7R","S7R/25","same_content","ヨワシ","cards/S/S7R/ヨワシ_S7R-25／79_U.jpg","S7R/25","cards/S/S7R/ヨワシ_S7R-25／79_U.jpg","181880"
"cards/S/S7R/ラッキー_S7R-53／67.jpg","S7R","S7R/53","same_content","ラッキー","cards/S/S7R/ラッキー_S7R-53／79_C.jpg","S7R/53","cards/S/S7R/ラッキー_S7R-53／79_C.jpg","109522"
"cards/S/S7R/ランドロス_S7R-39／67.jpg","S7R","S7R/39","same_content","ランドロス","cards/S/S7R/ランドロス_S7R-39／79_R.jpg","S7R/39","cards/S/S7R/ランドロス_S7R-39／79_R.jpg","173651"
"cards/S/S7R/レジエレキ_S7R-33／67.jpg","S7R","S7R/33","same_content","レジエレキ","cards/S/S7R/レジエレキ_S7R-33／79_R.jpg","S7R/33","cards/S/S7R/レジエレキ_S7R-33／79_R.jpg","151021"
"cards/S/S7R/レジドラゴ_S7R-52／67.jpg","S7R","S7R/52","same_content","レジドラゴ","cards/S/S7R/レジドラゴ_S7R-52／79_R.jpg","S7R/52","cards/S/S7R/レジドラゴ_S7R-52／79_R.jpg","157557"
"cards/S/S7R/レックウザVMAX_S7R-47／67.jpg","S7R","S7R/47","same_content","レックウザVMAX","cards/S/S7R/レックウザVMAX_S7R-47／79_RRR.jpg","S7R/47","cards/S/S7R/レックウザVMAX_S7R-47／79_RRR.jpg","266505"
"cards/S/S7R/レックウザV_S7R-46／67.jpg","S7R","S7R/46","same_content","レックウザV","cards/S/S7R/レックウザV_S7R-46／79_RR.jpg","S7R/46","cards/S/S7R/レックウザV_S7R-46／79_RR.jpg","182707"
"cards/S/S7R/レックウザV_S7R-63／67.jpg","S7R","S7R/63","same_content","サナ","cards/S/S7R/レックウザV_S7R-46／79_RR.jpg","S7R/46","cards/S/S7R/サナ_S7R-63／79_C.jpg","182707"
"cards/S/S7R/レックウザV_S7R-64／67.jpg","S7R","S7R/64","same_content","スクールボーイ","cards/S/S7R/レックウザV_S7R-46／79_RR.jpg","S7R/46","cards/S/S7R/スクールボーイ_S7R-64／79_C.jpg","182707"
"cards/S/S7R/ロコン_S7R-10／67.jpg","S7R","S7R/10","same_content","ロコン","cards/S/S7R/ロコン_S7R-10／79_C.jpg","S7R/10","cards/S/S7R/ロコン_S7R-10／79_C.jpg","138040"
"cards/S/S7R/ワタッコ_S7R-03／67.jpg","S7R","S7R/3","same_content","ワタッコ","cards/S/S7R/ワタッコ_S7R-03／79_R.jpg","S7R/3","cards/S/S7R/ワタッコ_S7R-03／79_R.jpg","157729"
"cards/S/S7R/当たりつきアイス_S7R-65／67.jpg","S7R","S7R/65","same_content","ヒガナの決意","cards/S/S7R/当たりつきアイス_S7R-56／79_U.jpg","S7R/56","cards/S/S7R/ヒガナの決意_S7R-65／79_U.jpg","105174"
"cards/S/S8/アイアント_S8-068／100.jpg","S8","S8/68","same_content","アイアント","cards/S/S8/アイアント_S8-068／115_C.jpg","S8/68","cards/S/S8/アイアント_S8-068／115_C.jpg","944744"
"cards/S/S8/アオガラス_S8-088／100.jpg","S8","S8/88","same_content","アオガラス","cards/S/S8/アオガラス_S8-088／115_C.jpg","S8/88","cards/S/S8/アオガラス_S8-088／115_C.jpg","1088538"
"cards/S/S8/アギルダー_S8-008／100.jpg","S8","S8/8","same_content","アギルダー","cards/S/S8/アギルダー_S8-008／115_U.jpg","S8/8","cards/S/S8/アギルダー_S8-008／115_U.jpg","1049103"
"cards/S/S8/アゴジムシ_S8-010／100.jpg","S8","S8/10","same_content","アゴジムシ","cards/S/S8/アゴジムシ_S8-010／115_C.jpg","S8/10","cards/S/S8/アゴジムシ_S8-010／115_C.jpg","892731"
"cards/S/S8/アマージョV_S8-011／100.jpg","S8","S8/11","same_content","アマージョV","cards/S/S8/アマージョV_S8-011／115_RR.jpg","S8/11","cards/S/S8/アマージョV_S8-011／115_RR.jpg","1095071"
"cards/S/S8/アマージョV_S8-089／100.jpg","S8","S8/89","same_content","クロスシーバー","cards/S/S8/アマージョV_S8-011／115_RR.jpg","S8/11","cards/S/S8/クロスシーバー_S8-089／115_U.jpg","1095071"
"cards/S/S8/アリゲイツ_S8-021／100.jpg","S8","S8/21","same_content","アリゲイツ","cards/S/S8/アリゲイツ_S8-021／115_U.jpg","S8/21","cards/S/S8/アリゲイツ_S8-021／115_U.jpg","1640534"
"cards/S/S8/アーマーガア_S8-073／100.jpg","S8","S8/73","same_content","アーマーガア","cards/S/S8/アーマーガア_S8-073／115_U.jpg","S8/73","cards/S/S8/アーマーガア_S8-073／115_U.jpg","884870"
"cards/S/S8/イシツブテ_S8-052／100.jpg","S8","S8/52","same_content","イシツブテ","cards/S/S8/イシツブテ_S8-052／115_C.jpg","S8/52","cards/S/S8/イシツブテ_S8-052／115_C.jpg","1091254"
"cards/S/S8/イワーク_S8-055／100.jpg","S8","S8/55","same_content","イワーク","cards/S/S8/イワーク_S8-055／115_C.jpg","S8/55","cards/S/S8/イワーク_S8-055／115_C.jpg","1240084"
"cards/S/S8/ウインディ_S8-013／100.jpg","S8","S8/13","same_content","ウインディ","cards/S/S8/ウインディ_S8-013／115_U.jpg","S8/13","cards/S/S8/ウインディ_S8-013／115_U.jpg","1241643"
"cards/S/S8/エネコ_S8-081／100.jpg","S8","S8/81","same_content","エネコ","cards/S/S8/エネコ_S8-081／115_C.jpg","S8/81","cards/S/S8/エネコ_S8-081／115_C.jpg","1155932"
"cards/S/S8/エネコロロ_S8-082／100.jpg","S8","S8/82","same_content","エネコロロ","cards/S/S8/エネコロロ_S8-082／115_C.jpg","S8/82","cards/S/S8/エネコロロ_S8-082／115_C.jpg","1069675"
"cards/S/S8/エリキテル_S8-030／100.jpg","S8","S8/30","same_content","エリキテル","cards/S/S8/エリキテル_S8-030／115_C.jpg","S8/30","cards/S/S8/エリキテル_S8-030／115_C.jpg","1148902"
"cards/S/S8/エレザード_S8-031／100.jpg","S8","S8/31","same_content","エレザード","cards/S/S8/エレザード_S8-031／115_C.jpg","S8/31","cards/S/S8/エレザード_S8-031／115_C.jpg","996523"
"cards/S/S8/エレズン_S8-036／100.jpg","S8","S8/36","same_content","エレズン","cards/S/S8/エレズン_S8-036／115_C.jpg","S8/36","cards/S/S8/エレズン_S8-036／115_C.jpg","968285"
"cards/S/S8/オドリドリ_S8-017／100.jpg","S8","S8/17","same_content","オドリドリ","cards/S/S8/オドリドリ_S8-017／115_U.jpg","S8/17","cards/S/S8/オドリドリ_S8-017／115_U.jpg","1097093"
"cards/S/S8/オーダイル_S8-022／100.jpg","S8","S8/22","same_content","オーダイル","cards/S/S8/オーダイル_S8-022／115_R.jpg","S8/22","cards/S/S8/オーダイル_S8-022／115_R.jpg","1575445"
"cards/S/S8/ガラル サニゴーン_S8-044／100.jpg","S8","S8/44","same_content","ガラル サニゴーン","cards/S/S8/ガラル サニゴーン_S8-044／115_U.jpg","S8/44","cards/S/S8/ガラル サニゴーン_S8-044／115_U.jpg","846685"
"cards/S/S8/ガラル サニーゴ_S8-043／100.jpg","S8","S8/43","same_content","ガラル サニーゴ","cards/S/S8/ガラル サニーゴ_S8-043／115_C.jpg","S8/43","cards/S/S8/ガラル サニーゴ_S8-043／115_C.jpg","849084"
"cards/S/S8/ガラル ジグザグマ_S8-059／100.jpg","S8","S8/59","same_content","ガラル ジグザグマ","cards/S/S8/ガラル ジグザグマ_S8-059／115_C.jpg","S8/59","cards/S/S8/ガラル ジグザグマ_S8-059／115_C.jpg","1235289"
"cards/S/S8/ガラル タチフサグマ_S8-061／100.jpg","S8","S8/61","same_content","ガラル タチフサグマ","cards/S/S8/ガラル タチフサグマ_S8-061／115_R.jpg","S8/61","cards/S/S8/ガラル タチフサグマ_S8-061／115_R.jpg","1313706"
"cards/S/S8/ガラル マッスグマ_S8-060／100.jpg","S8","S8/60","same_content","ガラル マッスグマ","cards/S/S8/ガラル マッスグマ_S8-060／115_U.jpg","S8/60","cards/S/S8/ガラル マッスグマ_S8-060／115_U.jpg","1256413"
"cards/S/S8/ガーディ_S8-012／100.jpg","S8","S8/12","same_content","ガーディ","cards/S/S8/ガーディ_S8-012／115_C.jpg","S8/12","cards/S/S8/ガーディ_S8-012／115_C.jpg","1200235"
"cards/S/S8/キノガッサ_S8-005／100.jpg","S8","S8/5","same_content","キノガッサ","cards/S/S8/キノガッサ_S8-005／115_C.jpg","S8/5","cards/S/S8/キノガッサ_S8-005／115_C.jpg","1241715"
"cards/S/S8/キノココ_S8-004／100.jpg","S8","S8/4","same_content","キノココ","cards/S/S8/キノココ_S8-004／115_C.jpg","S8/4","cards/S/S8/キノココ_S8-004／115_C.jpg","1129464"
"cards/S/S8/キャタピー_S8-001／100.jpg","S8","S8/1","same_content","キャタピー","cards/S/S8/キャタピー_S8-001／115_C.jpg","S8/1","cards/S/S8/キャタピー_S8-001／115_C.jpg","1093071"
"cards/S/S8/クイタラン_S8-016／100.jpg","S8","S8/16","same_content","クイタラン","cards/S/S8/クイタラン_S8-016／115_C.jpg","S8/16","cards/S/S8/クイタラン_S8-016／115_C.jpg","1125537"
"cards/S/S8/クロスシーバー_S8-100／100.jpg","S8","S8/100","same_content","フュージョンエネルギー","cards/S/S8/クロスシーバー_S8-089／115_U.jpg","S8/89","cards/S/S8/フュージョンエネルギー_S8-100／115_U.jpg","650697"
"cards/S/S8/クワガノン_S8-033／100.jpg","S8","S8/33","same_content","クワガノン","cards/S/S8/クワガノン_S8-033／115_U.jpg","S8/33","cards/S/S8/クワガノン_S8-033／115_U.jpg","1007917"
"cards/S/S8/グランブル_S8-042／100.jpg","S8","S8/42","same_content","グランブル","cards/S/S8/グランブル_S8-042／115_U.jpg","S8/42","cards/S/S8/グランブル_S8-042／115_U.jpg","855079"
"cards/S/S8/ケケンカニV_S8-026／100.jpg","S8","S8/26","same_content","ケケンカニV","cards/S/S8/ケケンカニV_S8-026／115_RR.jpg","S8/26","cards/S/S8/ケケンカニV_S8-026／115_RR.jpg","1199270"
"cards/S/S8/ケケンカニV_S8-091／100.jpg","S8","S8/91","same_content","バトルVIPパス","cards/S/S8/ケケンカニV_S8-026／115_RR.jpg","S8/26","cards/S/S8/バトルVIPパス_S8-091／115_U.jpg","1199270"
"cards/S/S8/ゲノセクトV_S8-069／100.jpg","S8","S8/69","same_content","ゲノセクトV","cards/S/S8/ゲノセクトV_S8-069／115_RR.jpg","S8/69","cards/S/S8/ゲノセクトV_S8-069／115_RR.jpg","1103069"
"cards/S/S8/ゲノセクトV_S8-096／100.jpg","S8","S8/96","same_content","カミツレのきらめき","cards/S/S8/ゲノセクトV_S8-069／115_RR.jpg","S8/69","cards/S/S8/カミツレのきらめき_S8-096／115_U.jpg","1103069"
"cards/S/S8/ゲノセクトV_S8-097／100.jpg","S8","S8/97","same_content","ダンサー","cards/S/S8/ゲノセクトV_S8-069／115_RR.jpg","S8/69","cards/S/S8/ダンサー_S8-097／115_U.jpg","1103069"
"cards/S/S8/ココガラ_S8-087／100.jpg","S8","S8/87","same_content","ココガラ","cards/S/S8/ココガラ_S8-087／115_C.jpg","S8/87","cards/S/S8/ココガラ_S8-087／115_C.jpg","842898"
"cards/S/S8/ゴローニャ_S8-054／100.jpg","S8","S8/54","same_content","ゴローニャ","cards/S/S8/ゴローニャ_S8-054／115_U.jpg","S8/54","cards/S/S8/ゴローニャ_S8-054／115_U.jpg","1245444"
"cards/S/S8/ゴローン_S8-053／100.jpg","S8","S8/53","same_content","ゴローン","cards/S/S8/ゴローン_S8-053／115_C.jpg","S8/53","cards/S/S8/ゴローン_S8-053／115_C.jpg","1179465"
"cards/S/S8/サクラビス_S8-025／100.jpg","S8","S8/25","same_content","サクラビス","cards/S/S8/サクラビス_S8-025／115_U.jpg","S8/25","cards/S/S8/サクラビス_S8-025／115_U.jpg","1403203"
"cards/S/S8/シャンデラVMAX_S8-015／100.jpg","S8","S8/15","same_content","シャンデラVMAX","cards/S/S8/シャンデラVMAX_S8-015／115_RRR.jpg","S8/15","cards/S/S8/シャンデラVMAX_S8-015／115_RRR.jpg","1618392"
"cards/S/S8/シャンデラV_S8-014／100.jpg","S8","S8/14","same_content","シャンデラV","cards/S/S8/シャンデラV_S8-014／115_RR.jpg","S8/14","cards/S/S8/シャンデラV_S8-014／115_RR.jpg","1045165"
"cards/S/S8/シャンデラV_S8-090／100.jpg","S8","S8/90","same_content","クロススイッチャー","cards/S/S8/シャンデラV_S8-014／115_RR.jpg","S8/14","cards/S/S8/クロススイッチャー_S8-090／115_U.jpg","1045165"
"cards/S/S8/スターミー_S8-019／100.jpg","S8","S8/19","same_content","スターミー","cards/S/S8/スターミー_S8-019／115_R.jpg","S8/19","cards/S/S8/スターミー_S8-019／115_R.jpg","1472692"
"cards/S/S8/ストリンダー_S8-037／100.jpg","S8","S8/37","same_content","ストリンダー","cards/S/S8/ストリンダー_S8-037／115_R.jpg","S8/37","cards/S/S8/ストリンダー_S8-037／115_R.jpg","1176952"
"cards/S/S8/タイレーツ_S8-058／100.jpg","S8","S8/58","same_content","タイレーツ","cards/S/S8/タイレーツ_S8-058／115_U.jpg","S8/58","cards/S/S8/タイレーツ_S8-058／115_U.jpg","1144493"
"cards/S/S8/ダストダス_S8-063／100.jpg","S8","S8/63","same_content","ダストダス","cards/S/S8/ダストダス_S8-063／115_U.jpg","S8/63","cards/S/S8/ダストダス_S8-063／115_U.jpg","1184055"
"cards/S/S8/チョボマキ_S8-007／100.jpg","S8","S8/7","same_content","チョボマキ","cards/S/S8/チョボマキ_S8-007／115_C.jpg","S8/7","cards/S/S8/チョボマキ_S8-007／115_C.jpg","1174244"
"cards/S/S8/デオキシス_S8-045／100.jpg","S8","S8/45","same_content","デオキシス","cards/S/S8/デオキシス_S8-045／115_R.jpg","S8/45","cards/S/S8/デオキシス_S8-045／115_R.jpg","1113943"
"cards/S/S8/デンヂムシ_S8-032／100.jpg","S8","S8/32","same_content","デンヂムシ","cards/S/S8/デンヂムシ_S8-032／115_C.jpg","S8/32","cards/S/S8/デンヂムシ_S8-032／115_C.jpg","999498"
"cards/S/S8/トゲデマル_S8-070／100.jpg","S8","S8/70","same_content","トゲデマル","cards/S/S8/トゲデマル_S8-070／115_C.jpg","S8/70","cards/S/S8/トゲデマル_S8-070／115_C.jpg","831413"
"cards/S/S8/トランセル_S8-002／100.jpg","S8","S8/2","same_content","トランセル","cards/S/S8/トランセル_S8-002／115_C.jpg","S8/2","cards/S/S8/トランセル_S8-002／115_C.jpg","911056"
"cards/S/S8/ドラパルト_S8-051／100.jpg","S8","S8/51","same_content","ドラパルト","cards/S/S8/ドラパルト_S8-051／115_R.jpg","S8/51","cards/S/S8/ドラパルト_S8-051／115_R.jpg","1115381"
"cards/S/S8/ドラメシヤ_S8-049／100.jpg","S8","S8/49","same_content","ドラメシヤ","cards/S/S8/ドラメシヤ_S8-049／115_C.jpg","S8/49","cards/S/S8/ドラメシヤ_S8-049／115_C.jpg","950495"
"cards/S/S8/ドリュウズ_S8-067／100.jpg","S8","S8/67","same_content","ドリュウズ","cards/S/S8/ドリュウズ_S8-067／115_C.jpg","S8/67","cards/S/S8/ドリュウズ_S8-067／115_C.jpg","875852"
"cards/S/S8/ドロンチ_S8-050／100.jpg","S8","S8/50","same_content","ドロンチ","cards/S/S8/ドロンチ_S8-050／115_U.jpg","S8/50","cards/S/S8/ドロンチ_S8-050／115_U.jpg","958520"
"cards/S/S8/ドーブル_S8-080／100.jpg","S8","S8/80","same_content","ドーブル","cards/S/S8/ドーブル_S8-080／115_C.jpg","S8/80","cards/S/S8/ドーブル_S8-080／115_C.jpg","978445"
"cards/S/S8/ナマコブシ_S8-027／100.jpg","S8","S8/27","same_content","ナマコブシ","cards/S/S8/ナマコブシ_S8-027／115_C.jpg","S8/27","cards/S/S8/ナマコブシ_S8-027／115_C.jpg","1659041"
"cards/S/S8/ヌメイル_S8-077／100.jpg","S8","S8/77","same_content","ヌメイル","cards/S/S8/ヌメイル_S8-077／115_C.jpg","S8/77","cards/S/S8/ヌメイル_S8-077／115_C.jpg","1078284"
"cards/S/S8/ヌメラ_S8-076／100.jpg","S8","S8/76","same_content","ヌメラ","cards/S/S8/ヌメラ_S8-076／115_C.jpg","S8/76","cards/S/S8/ヌメラ_S8-076／115_C.jpg","1143917"
"cards/S/S8/ヌメルゴン_S8-078／100.jpg","S8","S8/78","same_content","ヌメルゴン","cards/S/S8/ヌメルゴン_S8-078／115_U.jpg","S8/78","cards/S/S8/ヌメルゴン_S8-078／115_U.jpg","1167581"
"cards/S/S8/ノコッチ_S8-079／100.jpg","S8","S8/79","same_content","ノコッチ","cards/S/S8/ノコッチ_S8-079／115_U.jpg","S8/79","cards/S/S8/ノコッチ_S8-079／115_U.jpg","981141"
"cards/S/S8/ハガネール_S8-056／100.jpg","S8","S8/56","same_content","ハガネール","cards/S/S8/ハガネール_S8-056／115_R.jpg","S8/56","cards/S/S8/ハガネール_S8-056／115_R.jpg","1282033"
"cards/S/S8/ハンテール_S8-024／100.jpg","S8","S8/24","same_content","ハンテール","cards/S/S8/ハンテール_S8-024／115_U.jpg","S8/24","cards/S/S8/ハンテール_S8-024／115_U.jpg","1380726"
"cards/S/S8/バタフリー_S8-003／100.jpg","S8","S8/3","same_content","バタフリー","cards/S/S8/バタフリー_S8-003／115_R.jpg","S8/3","cards/S/S8/バタフリー_S8-003／115_R.jpg","1117115"
"cards/S/S8/バルジーナ_S8-065／100.jpg","S8","S8/65","same_content","バルジーナ","cards/S/S8/バルジーナ_S8-065／115_C.jpg","S8/65","cards/S/S8/バルジーナ_S8-065／115_C.jpg","1327282"
"cards/S/S8/バルチャイ_S8-064／100.jpg","S8","S8/64","same_content","バルチャイ","cards/S/S8/バルチャイ_S8-064／115_C.jpg","S8/64","cards/S/S8/バルチャイ_S8-064／115_C.jpg","1265134"
"cards/S/S8/パルスワンVMAX_S8-035／100.jpg","S8","S8/35","same_content","パルスワンVMAX","cards/S/S8/パルスワンVMAX_S8-035／115_RRR.jpg","S8/35","cards/S/S8/パルスワンVMAX_S8-035／115_RRR.jpg","1647694"
"cards/S/S8/パルスワンV_S8-034／100.jpg","S8","S8/34","same_content","パルスワンV","cards/S/S8/パルスワンV_S8-034／115_RR.jpg","S8/34","cards/S/S8/パルスワンV_S8-034／115_RR.jpg","1257933"
"cards/S/S8/パルスワンV_S8-092／100.jpg","S8","S8/92","same_content","パワータブレット","cards/S/S8/パルスワンV_S8-034／115_RR.jpg","S8/34","cards/S/S8/パワータブレット_S8-092／115_U.jpg","1257933"
"cards/S/S8/パールル_S8-023／100.jpg","S8","S8/23","same_content","パールル","cards/S/S8/パールル_S8-023／115_C.jpg","S8/23","cards/S/S8/パールル_S8-023／115_C.jpg","1494497"
"cards/S/S8/ヒトデマン_S8-018／100.jpg","S8","S8/18","same_content","ヒトデマン","cards/S/S8/ヒトデマン_S8-018／115_C.jpg","S8/18","cards/S/S8/ヒトデマン_S8-018／115_C.jpg","1344397"
"cards/S/S8/ビリジオン_S8-009／100.jpg","S8","S8/9","same_content","ビリジオン","cards/S/S8/ビリジオン_S8-009／115_U.jpg","S8/9","cards/S/S8/ビリジオン_S8-009／115_U.jpg","892915"
"cards/S/S8/フーパV_S8-066／100.jpg","S8","S8/66","same_content","フーパV","cards/S/S8/フーパV_S8-066／115_RR.jpg","S8/66","cards/S/S8/フーパV_S8-066／115_RR.jpg","1152671"
"cards/S/S8/フーパV_S8-095／100.jpg","S8","S8/95","same_content","カゲツ","cards/S/S8/フーパV_S8-066／115_RR.jpg","S8/66","cards/S/S8/カゲツ_S8-095／115_U.jpg","1152671"
"cards/S/S8/ブルー_S8-041／100.jpg","S8","S8/41","same_content","ブルー","cards/S/S8/ブルー_S8-041／115_C.jpg","S8/41","cards/S/S8/ブルー_S8-041／115_C.jpg","888783"
"cards/S/S8/ホルビー_S8-083／100.jpg","S8","S8/83","same_content","ホルビー","cards/S/S8/ホルビー_S8-083／115_C.jpg","S8/83","cards/S/S8/ホルビー_S8-083／115_C.jpg","910079"
"cards/S/S8/ホルード_S8-084／100.jpg","S8","S8/84","same_content","ホルード","cards/S/S8/ホルード_S8-084／115_C.jpg","S8/84","cards/S/S8/ホルード_S8-084／115_C.jpg","819092"
"cards/S/S8/マラカッチ_S8-006／100.jpg","S8","S8/6","same_content","マラカッチ","cards/S/S8/マラカッチ_S8-006／115_U.jpg","S8/6","cards/S/S8/マラカッチ_S8-006／115_U.jpg","1047509"
"cards/S/S8/ミュウVMAX_S8-040／100.jpg","S8","S8/40","same_content","ミュウVMAX","cards/S/S8/ミュウVMAX_S8-040／115_RRR.jpg","S8/40","cards/S/S8/ミュウVMAX_S8-040／115_RRR.jpg","1675582"
"cards/S/S8/ミュウV_S8-039／100.jpg","S8","S8/39","same_content","ミュウV","cards/S/S8/ミュウV_S8-039／115_RR.jpg","S8/39","cards/S/S8/ミュウV_S8-039／115_RR.jpg","1231182"
"cards/S/S8/ミュウV_S8-093／100.jpg","S8","S8/93","same_content","スポンジグローブ","cards/S/S8/ミュウV_S8-039／115_RR.jpg","S8/39","cards/S/S8/スポンジグローブ_S8-093／115_U.jpg","1231182"
"cards/S/S8/ミュウV_S8-094／100.jpg","S8","S8/94","same_content","なごりの大鈴","cards/S/S8/ミュウV_S8-039／115_RR.jpg","S8/39","cards/S/S8/なごりの大鈴_S8-094／115_U.jpg","1231182"
"cards/S/S8/ムシャーナ_S8-047／100.jpg","S8","S8/47","same_content","ムシャーナ","cards/S/S8/ムシャーナ_S8-047／115_C.jpg","S8/47","cards/S/S8/ムシャーナ_S8-047／115_C.jpg","1011734"
"cards/S/S8/ムンナ_S8-046／100.jpg","S8","S8/46","same_content","ムンナ","cards/S/S8/ムンナ_S8-046／115_C.jpg","S8/46","cards/S/S8/ムンナ_S8-046／115_C.jpg","820090"
"cards/S/S8/メルタン_S8-071／100.jpg","S8","S8/71","same_content","メルタン","cards/S/S8/メルタン_S8-071／115_C.jpg","S8/71","cards/S/S8/メルタン_S8-071／115_C.jpg","975745"
"cards/S/S8/メルメタル_S8-072／100.jpg","S8","S8/72","same_content","メルメタル","cards/S/S8/メルメタル_S8-072／115_R.jpg","S8/72","cards/S/S8/メルメタル_S8-072／115_R.jpg","1080973"
"cards/S/S8/メロエッタ_S8-048／100.jpg","S8","S8/48","same_content","メロエッタ","cards/S/S8/メロエッタ_S8-048／115_U.jpg","S8/48","cards/S/S8/メロエッタ_S8-048／115_U.jpg","949364"
"cards/S/S8/モグリュー_S8-057／100.jpg","S8","S8/57","same_content","モグリュー","cards/S/S8/モグリュー_S8-057／115_C.jpg","S8/57","cards/S/S8/モグリュー_S8-057／115_C.jpg","1121328"
"cards/S/S8/モスノウ_S8-029／100.jpg","S8","S8/29","same_content","モスノウ","cards/S/S8/モスノウ_S8-029／115_U.jpg","S8/29","cards/S/S8/モスノウ_S8-029／115_U.jpg","1253788"
"cards/S/S8/ヤブクロン_S8-062／100.jpg","S8","S8/62","same_content","ヤブクロン","cards/S/S8/ヤブクロン_S8-062／115_C.jpg","S8/62","cards/S/S8/ヤブクロン_S8-062／115_C.jpg","1450483"
"cards/S/S8/ユキハミ_S8-028／100.jpg","S8","S8/28","same_content","ユキハミ","cards/S/S8/ユキハミ_S8-028／115_C.jpg","S8/28","cards/S/S8/ユキハミ_S8-028／115_C.jpg","1264196"
"cards/S/S8/ヨクバリスVMAX_S8-086／100.jpg","S8","S8/86","same_content","ヨクバリスVMAX","cards/S/S8/ヨクバリスVMAX_S8-086／115_RRR.jpg","S8/86","cards/S/S8/ヨクバリスVMAX_S8-086／115_RRR.jpg","1573127"
"cards/S/S8/ヨクバリスV_S8-085／100.jpg","S8","S8/85","same_content","ヨクバリスV","cards/S/S8/ヨクバリスV_S8-085／115_RR.jpg","S8/85","cards/S/S8/ヨクバリスV_S8-085／115_RR.jpg","1054650"
"cards/S/S8/ヨクバリスV_S8-098／100.jpg","S8","S8/98","same_content","ポッドとデントとコーン","cards/S/S8/ヨクバリスV_S8-085／115_RR.jpg","S8/85","cards/S/S8/ポッドとデントとコーン_S8-098／115_U.jpg","1054650"
"cards/S/S8/ヨクバリスV_S8-099／100.jpg","S8","S8/99","same_content","スケーターズパーク","cards/S/S8/ヨクバリスV_S8-085／115_RR.jpg","S8/85","cards/S/S8/スケーターズパーク_S8-099／115_U.jpg","1054650"
"cards/S/S8/ラティアス_S8-074／100.jpg","S8","S8/74","same_content","ラティアス","cards/S/S8/ラティアス_S8-074／115_U.jpg","S8/74","cards/S/S8/ラティアス_S8-074／115_U.jpg","1228255"
"cards/S/S8/ラティオス_S8-075／100.jpg","S8","S8/75","same_content","ラティオス","cards/S/S8/ラティオス_S8-075／115_R.jpg","S8/75","cards/S/S8/ラティオス_S8-075／115_R.jpg","1253816"
"cards/S/S8/ルージュラ_S8-038／100.jpg","S8","S8/38","same_content","ルージュラ","cards/S/S8/ルージュラ_S8-038／115_C.jpg","S8/38","cards/S/S8/ルージュラ_S8-038／115_C.jpg","1001164"
"cards/S/S8/ワニノコ_S8-020／100.jpg","S8","S8/20","same_content","ワニノコ","cards/S/S8/ワニノコ_S8-020／115_C.jpg","S8/20","cards/S/S8/ワニノコ_S8-020／115_C.jpg","1297683"
"cards/S/SH/きずぐすり_SH-41／53.jpg","SH","SH/41","same_content","クラッシュハンマー","cards/S/SH/きずぐすり_SH-40／53.jpg","SH/40","cards/S/SH/クラッシュハンマー_SH-41／53.jpg","85708"
"cards/S/SH/クラッシュハンマー_SH-42／53.jpg","SH","SH/42","same_content","スーパーボール","cards/S/SH/クラッシュハンマー_SH-41／53.jpg","SH/41","cards/S/SH/スーパーボール_SH-42／53.jpg","124600"
"cards/S/SH/コック_SH-FIG.jpg","SH","SH/FIG","same_content","","cards/S/SH/コック_SH-46／53.jpg","SH/46","","117704"
"cards/S/SH/サナ_SH-FIR.jpg","SH","SH/FIR","unindexed_not_in_data","","","","","129817"
"cards/S/SH/サナ_SH-GRA.jpg","SH","SH/GRA","unindexed_not_in_data","","","","","129817"
"cards/S/SH/サナ_SH-LIG.jpg","SH","SH/LIG","unindexed_not_in_data","","","","","129817"
"cards/S/SH/ジャッジマン_SH-WAT.jpg","SH","SH/WAT","unindexed_not_in_data","","","","","114451"
"cards/S/SH/スーパーボール_SH-43／53.jpg","SH","SH/43","old_number","ポケモンいれかえ","","","cards/S/SH/ポケモンいれかえ_SH-43／53.jpg","104687"
"cards/S/SH/スーパーボール_SH-44／53.jpg","SH","SH/44","old_number","ポケモンキャッチャー","","","cards/S/SH/ポケモンキャッチャー_SH-44／53.jpg","104687"
"cards/S/SH/スーパーボール_SH-45／53.jpg","SH","SH/45","old_number","レベルボール","","","cards/S/SH/レベルボール_SH-45／53.jpg","104687"
"cards/S/SH/ポケモンいれかえ_SH-46／53.jpg","SH","SH/46","old_number","コック","","","cards/S/SH/コック_SH-46／53.jpg","114143"
"cards/S/SH/ポケモンいれかえ_SH-47／53.jpg","SH","SH/47","old_number","サナ","","","cards/S/SH/サナ_SH-47／53.jpg","114143"
"cards/S/SH/ポケモンいれかえ_SH-48／53.jpg","SH","SH/48","old_number","ジャッジマン","","","cards/S/SH/ジャッジマン_SH-48／53.jpg","114143"
"cards/S/SH/ポケモンキャッチャー_SH-49／53.jpg","SH","SH/49","old_number","ダンデ","","","cards/S/SH/ダンデ_SH-49／53.jpg","106344"
"cards/S/SH/ポケモンキャッチャー_SH-50／53.jpg","SH","SH/50","old_number","博士の研究","","","cards/S/SH/博士の研究_SH-50／53.jpg","106344"
"cards/S/SH/ポケモンキャッチャー_SH-51／53.jpg","SH","SH/51","old_number","ボスの指令","","","cards/S/SH/ボスの指令_SH-51／53.jpg","106344"
"cards/S/SH/レベルボール_SH-52／53.jpg","SH","SH/52","old_number","ホップ","","","cards/S/SH/ホップ_SH-52／53.jpg","91941"
"cards/S/SH/レベルボール_SH-53／53.jpg","SH","SH/53","old_number","むしとりしょうねん","","","cards/S/SH/むしとりしょうねん_SH-53／53.jpg","91941"
"cards/S/SH/レベルボール_SH-DAR.jpg","SH","SH/DAR","unindexed_not_in_data","","","","","91941"
"cards/S/SLD/基本悪エネルギー_SLD-DAR.jpg","SLD","SLD/DAR","unindexed_not_in_data","","","","","62681"
"cards/S/SLL/基本闘エネルギー_SLL-FIG.jpg","SLL","SLL/FIG","unindexed_not_in_data","","","","","64167"
"cards/S/SN/_SN-LIG.jpg","SN","SN/LIG","unindexed_not_in_data","","","","","486216"
"cards/S/SPD/基本超エネルギー_SPD-PSY.jpg","SPD","SPD/PSY","unindexed_not_in_data","","","","","141255"
"cards/S/SPZ/基本雷エネルギー_SPZ-LIG.jpg","SPZ","SPZ/LIG","unindexed_not_in_data","","","","","141732"
"cards/SM/SMB/N_SMB-11／18.jpg","SMB","SMB/11","unindexed_in_data","N","","","","124986"
"cards/SM/SMB/うねりの大海_SMB-15／18.jpg","SMB","SMB/15","unindexed_in_data","うねりの大海","","","","132747"
"cards/SM/SMB/はかせのてがみ_SMB-07／18.jpg","SMB","SMB/7","unindexed_in_data","はかせのてがみ","","","","100834"
"cards/SM/SMB/ストロングエネルギー_SMB-17／18.jpg","SMB","SMB/17","unindexed_in_data","ストロングエネルギー","","","","102326"
"cards/SM/SMB/バトルサーチャー_SMB-08／18.jpg","SMB","SMB/8","unindexed_in_data","バトルサーチャー","","","","113533"
"cards/SM/SMB/ピーピーマックス_SMB-09／18.jpg","SMB","SMB/9","unindexed_in_data","ピーピーマックス","","","","114807"
"cards/SM/SMB/フウロ_SMB-12／18.jpg","SMB","SMB/12","unindexed_in_data","フウロ","","","","115896"
"cards/SM/SMB/フラダリ_SMB-14／18.jpg","SMB","SMB/14","unindexed_in_data","フラダリ","","","","103928"
"cards/SM/SMB/プラターヌ博士_SMB-13／18.jpg","SMB","SMB/13","unindexed_in_data","プラターヌ博士","","","","115510"
"cards/SM/SMB/ミステリーエネルギー_SMB-18／18.jpg","SMB","SMB/18","unindexed_in_data","ミステリーエネルギー","","","","94982"
"cards/SM/SMB/巨大植物の森_SMB-16／18.jpg","SMB","SMB/16","unindexed_in_data","巨大植物の森","","","","117638"
"cards/SM/SMB/闘魂のまわし_SMB-10／18.jpg","SMB","SMB/10","unindexed_in_data","闘魂のまわし","","","","126816"
"cards/SM/SMF/N_SMF-16／20.jpg","SMF","SMF/16","unindexed_in_data","N","","","","178198"
"cards/SM/SMF/ストロングエネルギー_SMF-20／20.jpg","SMF","SMF/20","unindexed_in_data","ストロングエネルギー","","","","150847"
"cards/SM/SMF/バトルサーチャー_SMF-13／20.jpg","SMF","SMF/13","unindexed_in_data","バトルサーチャー","","","","164273"
"cards/SM/SMF/ピーピーマックス_SMF-14／20.jpg","SMF","SMF/14","unindexed_in_data","ピーピーマックス","","","","166463"
"cards/SM/SMF/フウロ_SMF-17／20.jpg","SMF","SMF/17","unindexed_in_data","フウロ","","","","163929"
"cards/SM/SMF/フラダリ_SMF-19／20.jpg","SMF","SMF/19","unindexed_in_data","フラダリ","","","","149410"
"cards/SM/SMF/プラターヌ博士_SMF-18／20.jpg","SMF","SMF/18","unindexed_in_data","プラターヌ博士","","","","163266"
"cards/SM/SMF/闘魂のまわし_SMF-15／20.jpg","SMF","SMF/15","unindexed_in_data","闘魂のまわし","","","","185430"
"cards/SM/SMG/N_SMG-26／41.jpg","SMG","SMG/26","unindexed_in_data","N","","","","178281"
"cards/SM/SMG/うねりの大海_SMG-37／41.jpg","SMG","SMG/37","unindexed_in_data","うねりの大海","","","","194364"
"cards/SM/SMG/かるいし_SMG-22／41.jpg","SMG","SMG/22","unindexed_in_data","かるいし","","","","157437"
"cards/SM/SMG/こわいおねえさん_SMG-30／41.jpg","SMG","SMG/30","unindexed_in_data","こわいおねえさん","","","","163435"
"cards/SM/SMG/すごいつりざお_SMG-14／41.jpg","SMG","SMG/14","unindexed_in_data","すごいつりざお","","","","178077"
"cards/SM/SMG/はかせのてがみ_SMG-18／41.jpg","SMG","SMG/18","unindexed_in_data","はかせのてがみ","","","","143023"
"cards/SM/SMG/アズサ_SMG-25／41.jpg","SMG","SMG/25","unindexed_in_data","アズサ","","","","167387"
"cards/SM/SMG/オカルトマニア_SMG-27／41.jpg","SMG","SMG/27","unindexed_in_data","オカルトマニア","","","","169067"
"cards/SM/SMG/クセロシキ_SMG-28／41.jpg","SMG","SMG/28","unindexed_in_data","クセロシキ","","","","163992"
"cards/SM/SMG/コルニ_SMG-29／41.jpg","SMG","SMG/29","unindexed_in_data","コルニ","","","","171022"
"cards/SM/SMG/スカイフィールド_SMG-40／41.jpg","SMG","SMG/40","unindexed_in_data","スカイフィールド","","","","179501"
"cards/SM/SMG/スペシャルチャージ_SMG-15／41.jpg","SMG","SMG/15","unindexed_in_data","スペシャルチャージ","","","","176480"
"cards/SM/SMG/センパイとコウハイ_SMG-31／41.jpg","SMG","SMG/31","unindexed_in_data","センパイとコウハイ","","","","203822"
"cards/SM/SMG/ダイブボール_SMG-16／41.jpg","SMG","SMG/16","unindexed_in_data","ダイブボール","","","","172521"
"cards/SM/SMG/ダブルドラゴンエネルギー_SMG-41／41.jpg","SMG","SMG/41","unindexed_in_data","ダブルドラゴンエネルギー","","","","148782"
"cards/SM/SMG/トレーナーズポスト_SMG-17／41.jpg","SMG","SMG/17","unindexed_in_data","トレーナーズポスト","","","","167456"
"cards/SM/SMG/ニンジャごっこ_SMG-32／41.jpg","SMG","SMG/32","unindexed_in_data","ニンジャごっこ","","","","188599"
"cards/SM/SMG/バトルコンプレッサー（フレア団ギア）_SMG-19／41.jpg","SMG","SMG/19","unindexed_in_data","バトルコンプレッサー（フレア団ギア）","","","","159305"
"cards/SM/SMG/バトルサーチャー_SMG-20／41.jpg","SMG","SMG/20","unindexed_in_data","バトルサーチャー","","","","164374"
"cards/SM/SMG/ピーピーマックス_SMG-21／41.jpg","SMG","SMG/21","unindexed_in_data","ピーピーマックス","","","","166632"
"cards/SM/SMG/フウロ_SMG-33／41.jpg","SMG","SMG/33","unindexed_in_data","フウロ","","","","163966"
"cards/SM/SMG/プラターヌ博士_SMG-34／41.jpg","SMG","SMG/34","unindexed_in_data","プラターヌ博士","","","","169438"
"cards/SM/SMG/ポケモンレンジャー_SMG-35／41.jpg","SMG","SMG/35","unindexed_in_data","ポケモンレンジャー","","","","190324"
"cards/SM/SMG/ミツル_SMG-36／41.jpg","SMG","SMG/36","unindexed_in_data","ミツル","","","","185193"
"cards/SM/SMG/巨大植物の森_SMG-38／41.jpg","SMG","SMG/38","unindexed_in_data","巨大植物の森","","","","167858"
"cards/SM/SMG/次元の谷_SMG-39／41.jpg","SMG","SMG/39","unindexed_in_data","次元の谷","","","","190715"
"cards/SM/SMG/活力剤_SMG-13／41.jpg","SMG","SMG/13","unindexed_in_data","活力剤","","","","164581"
"cards/SM/SMG/炸裂バルーン_SMG-23／41.jpg","SMG","SMG/23","unindexed_in_data","炸裂バルーン","","","","182459"
"cards/SM/SMG/闘魂のまわし_SMG-24／41.jpg","SMG","SMG/24","unindexed_in_data","闘魂のまわし","","","","184854"
"cards/SV/SV-P/げんきのハチマキ_SV-P-41／98.jpg","SV-P","SV-P/41","same_content","","cards/SV/SV-P/げんきのハチマキ_SV-P-019／290.jpg","SV-P/19","","186354"
"cards/SV/SV-P/ふしぎなアメ_SV-P-38／98.jpg","SV-P","SV-P/38","same_content","","cards/SV/SV-P/ふしぎなアメ_SV-P-016／290.jpg","SV-P/16","","175309"
"cards/SV/SV-P/ふしぎなアメ_SV-P-47／98.jpg","SV-P","SV-P/47","same_content","ネモ","cards/SV/SV-P/ふしぎなアメ_SV-P-045／290.jpg","SV-P/45","cards/SV/SV-P/ネモ_SV-P-047／290.jpg","176973"
"cards/SV/SV-P/イーブイ_SV-P-33／98.jpg","SV-P","SV-P/33","same_content","イーブイ","cards/SV/SV-P/イーブイ_SV-P-031／290.jpg","SV-P/31","cards/SV/SV-P/イーブイ_SV-P-033／290.jpg","917318"
"cards/SV/SV-P/イーブイ_SV-P-34／98.jpg","SV-P","SV-P/34","same_content","ルチャブル","cards/SV/SV-P/イーブイ_SV-P-033／290.jpg","SV-P/33","cards/SV/SV-P/ルチャブル_SV-P-034／290.jpg","930972"
"cards/SV/SV-P/イーブイ_SV-P-66／98.jpg","SV-P","SV-P/66","same_content","エーフィ","cards/SV/SV-P/イーブイ_SV-P-062／290.jpg","SV-P/62","cards/SV/SV-P/エーフィ_SV-P-066／290.jpg","171445"
"cards/SV/SV-P/エレズン_SV-P-98／98.jpg","SV-P","SV-P/98","same_content","名探偵ピカチュウ","cards/SV/SV-P/エレズン_SV-P-091／290.jpg","SV-P/91","cards/SV/SV-P/名探偵ピカチュウ_SV-P-098／290.jpg","271499"
"cards/SV/SV-P/エーフィ_SV-P-81／98.jpg","SV-P","SV-P/81","same_content","基本水エネルギー","cards/SV/SV-P/エーフィ_SV-P-066／290.jpg","SV-P/66","cards/SV/SV-P/基本水エネルギー_SV-P-081／290.jpg","205830"
"cards/SV/SV-P/カルボウ_SV-P-21／98.jpg","SV-P","SV-P/21","same_content","博士の研究","cards/SV/SV-P/カルボウ_SV-P-036／290.jpg","SV-P/36","cards/SV/SV-P/博士の研究_SV-P-021／290.jpg","350830"
"cards/SV/SV-P/カルボウ_SV-P-MET.jpg","SV-P","SV-P/MET","same_content","","cards/SV/SV-P/カルボウ_SV-P-072／290.jpg","SV-P/72","","1044082"
"cards/SV/SV-P/ガケガニex_SV-P-17／98.jpg","SV-P","SV-P/17","same_content","ポケモンいれかえ","cards/SV/SV-P/ガケガニex_SV-P-027／290.jpg","SV-P/27","cards/SV/SV-P/ポケモンいれかえ_SV-P-017／290.jpg","260964"
"cards/SV/SV-P/ガーディ_SV-P-14／98.jpg","SV-P","SV-P/14","same_content","クラッシュハンマー","cards/SV/SV-P/ガーディ_SV-P-024／290.jpg","SV-P/24","cards/SV/SV-P/クラッシュハンマー_SV-P-014／290.jpg","236018"
"cards/SV/SV-P/キバニア_SV-P-93／98.jpg","SV-P","SV-P/93","same_content","サナギラス","cards/SV/SV-P/キバニア_SV-P-090／290.jpg","SV-P/90","cards/SV/SV-P/サナギラス_SV-P-093／290.jpg","326030"
"cards/SV/SV-P/クヌギダマ_SV-P-55／98.jpg","SV-P","SV-P/55","same_content","マフィティフex","cards/SV/SV-P/クヌギダマ_SV-P-050／290.jpg","SV-P/50","cards/SV/SV-P/マフィティフex_SV-P-055／290.jpg","286462"
"cards/SV/SV-P/クラッシュハンマー_SV-P-36／98.jpg","SV-P","SV-P/36","same_content","カルボウ","cards/SV/SV-P/クラッシュハンマー_SV-P-014／290.jpg","SV-P/14","cards/SV/SV-P/カルボウ_SV-P-036／290.jpg","228267"
"cards/SV/SV-P/グルーシャ_SV-P-GRA.jpg","SV-P","SV-P/GRA","same_content","","cards/SV/SV-P/グルーシャ_SV-P-096／290.jpg","SV-P/96","","122157"
"cards/SV/SV-P/グレイシア_SV-P-84／98.jpg","SV-P","SV-P/84","same_content","基本闘エネルギー","cards/SV/SV-P/グレイシア_SV-P-069／290.jpg","SV-P/69","cards/SV/SV-P/基本闘エネルギー_SV-P-084／290.jpg","243220"
"cards/SV/SV-P/ケロマツ_SV-P-PSY.jpg","SV-P","SV-P/PSY","same_content","","cards/SV/SV-P/ケロマツ_SV-P-073／290.jpg","SV-P/73","","1106942"
"cards/SV/SV-P/コライドン_SV-P-51／98.jpg","SV-P","SV-P/51","same_content","セゴール","cards/SV/SV-P/コライドン_SV-P-049／290.jpg","SV-P/49","cards/SV/SV-P/セゴール_SV-P-051／290.jpg","402718"
"cards/SV/SV-P/コルサ_SV-P-19／98.jpg","SV-P","SV-P/19","same_content","げんきのハチマキ","cards/SV/SV-P/コルサ_SV-P-029／290.jpg","SV-P/29","cards/SV/SV-P/げんきのハチマキ_SV-P-019／290.jpg","160517"
"cards/SV/SV-P/サナギラス_SV-P-DAR.jpg","SV-P","SV-P/DAR","same_content","","cards/SV/SV-P/サナギラス_SV-P-093／290.jpg","SV-P/93","","315671"
"cards/SV/SV-P/サンダース_SV-P-79／98.jpg","SV-P","SV-P/79","same_content","基本草エネルギー","cards/SV/SV-P/サンダース_SV-P-064／290.jpg","SV-P/64","cards/SV/SV-P/基本草エネルギー_SV-P-079／290.jpg","214603"
"cards/SV/SV-P/シャワーズ_SV-P-78／98.jpg","SV-P","SV-P/78","same_content","メルタン","cards/SV/SV-P/シャワーズ_SV-P-063／290.jpg","SV-P/63","cards/SV/SV-P/メルタン_SV-P-078／290.jpg","250936"
"cards/SV/SV-P/シュウメイ_SV-P-63／98.jpg","SV-P","SV-P/63","same_content","シャワーズ","cards/SV/SV-P/シュウメイ_SV-P-056／290.jpg","SV-P/56","cards/SV/SV-P/シャワーズ_SV-P-063／290.jpg","243236"
"cards/SV/SV-P/シルシュルー_SV-P-89／98.jpg","SV-P","SV-P/89","same_content","スコヴィランex","cards/SV/SV-P/シルシュルー_SV-P-087／290.jpg","SV-P/87","cards/SV/SV-P/スコヴィランex_SV-P-089／290.jpg","244749"
"cards/SV/SV-P/ジニア_SV-P-42／98.jpg","SV-P","SV-P/42","same_content","","cards/SV/SV-P/ジニア_SV-P-020／290.jpg","SV-P/20","","189155"
"cards/SV/SV-P/スコヴィランex_SV-P-92／98.jpg","SV-P","SV-P/92","same_content","ピィ","cards/SV/SV-P/スコヴィランex_SV-P-089／290.jpg","SV-P/89","cards/SV/SV-P/ピィ_SV-P-092／290.jpg","333286"
"cards/SV/SV-P/セゴール_SV-P-57／98.jpg","SV-P","SV-P/57","same_content","ボタン","cards/SV/SV-P/セゴール_SV-P-051／290.jpg","SV-P/51","cards/SV/SV-P/ボタン_SV-P-057／290.jpg","307782"
"cards/SV/SV-P/ゼニガメ_SV-P-88／98.jpg","SV-P","SV-P/88","same_content","タギングルex","cards/SV/SV-P/ゼニガメ_SV-P-061／290.jpg","SV-P/61","cards/SV/SV-P/タギングルex_SV-P-088／290.jpg","365695"
"cards/SV/SV-P/タギングルex_SV-P-90／98.jpg","SV-P","SV-P/90","same_content","キバニア","cards/SV/SV-P/タギングルex_SV-P-088／290.jpg","SV-P/88","cards/SV/SV-P/キバニア_SV-P-090／290.jpg","314307"
"cards/SV/SV-P/デルビル_SV-P-no2.jpg","SV-P","SV-P/no2","same_content","","cards/SV/SV-P/デルビル_SV-P-077／290.jpg","SV-P/77","","1028393"
"cards/SV/SV-P/ドジョッチ_SV-P-61／98.jpg","SV-P","SV-P/61","same_content","ゼニガメ","cards/SV/SV-P/ドジョッチ_SV-P-054／290.jpg","SV-P/54","cards/SV/SV-P/ゼニガメ_SV-P-061／290.jpg","321466"
"cards/SV/SV-P/ニンフィア_SV-P-85／98.jpg","SV-P","SV-P/85","same_content","基本悪エネルギー","cards/SV/SV-P/ニンフィア_SV-P-070／290.jpg","SV-P/70","cards/SV/SV-P/基本悪エネルギー_SV-P-085／290.jpg","222271"
"cards/SV/SV-P/ネストボール_SV-P-37／98.jpg","SV-P","SV-P/37","same_content","","cards/SV/SV-P/ネストボール_SV-P-015／290.jpg","SV-P/15","","156946"
"cards/SV/SV-P/ネモ_SV-P-03／98.jpg","SV-P","SV-P/3","same_content","ウインディ","cards/SV/SV-P/ネモ_SV-P-012／290.jpg","SV-P/12","cards/SV/SV-P/ウインディ_SV-P-003／290.jpg","610960"
"cards/SV/SV-P/ネモ_SV-P-12／98.jpg","SV-P","SV-P/12","same_content","ネモ","cards/SV/SV-P/ネモ_SV-P-012／290.jpg","SV-P/12","cards/SV/SV-P/ネモ_SV-P-012／290.jpg","610960"
"cards/SV/SV-P/ネモ_SV-P-48／98.jpg","SV-P","SV-P/48","same_content","ミライドン","cards/SV/SV-P/ネモ_SV-P-046／290.jpg","SV-P/46","cards/SV/SV-P/ミライドン_SV-P-048／290.jpg","203826"
"cards/SV/SV-P/ネモ_SV-P-49／98.jpg","SV-P","SV-P/49","same_content","コライドン","cards/SV/SV-P/ネモ_SV-P-047／290.jpg","SV-P/47","cards/SV/SV-P/コライドン_SV-P-049／290.jpg","205339"
"cards/SV/SV-P/ハカドッグ_SV-P-16／98.jpg","SV-P","SV-P/16","same_content","ふしぎなアメ","cards/SV/SV-P/ハカドッグ_SV-P-026／290.jpg","SV-P/26","cards/SV/SV-P/ふしぎなアメ_SV-P-016／290.jpg","231888"
"cards/SV/SV-P/ハラバリー_SV-P-59／98.jpg","SV-P","SV-P/59","same_content","フシギダネ","cards/SV/SV-P/ハラバリー_SV-P-052／290.jpg","SV-P/52","cards/SV/SV-P/フシギダネ_SV-P-059／290.jpg","311713"
"cards/SV/SV-P/ハルクジラ_SV-P-65／98.jpg","SV-P","SV-P/65","same_content","ブースター","cards/SV/SV-P/ハルクジラ_SV-P-058／290.jpg","SV-P/58","cards/SV/SV-P/ブースター_SV-P-065／290.jpg","346012"
"cards/SV/SV-P/パモ_SV-P-46／98.jpg","SV-P","SV-P/46","same_content","ネモ","cards/SV/SV-P/パモ_SV-P-035／290.jpg","SV-P/35","cards/SV/SV-P/ネモ_SV-P-046／290.jpg","278150"
"cards/SV/SV-P/ヒトカゲ_SV-P-87／98.jpg","SV-P","SV-P/87","same_content","シルシュルー","cards/SV/SV-P/ヒトカゲ_SV-P-060／290.jpg","SV-P/60","cards/SV/SV-P/シルシュルー_SV-P-087／290.jpg","333275"
"cards/SV/SV-P/ピィ_SV-P-56／98.jpg","SV-P","SV-P/56","same_content","シュウメイ","cards/SV/SV-P/ピィ_SV-P-092／290.jpg","SV-P/92","cards/SV/SV-P/シュウメイ_SV-P-056／290.jpg","266817"
"cards/SV/SV-P/ピカチュウ_SV-P-WAT.jpg","SV-P","SV-P/WAT","same_content","","cards/SV/SV-P/ピカチュウ_SV-P-074／290.jpg","SV-P/74","","989591"
"cards/SV/SV-P/ピッピ_SV-P-no0.jpg","SV-P","SV-P/no0","same_content","","cards/SV/SV-P/ピッピ_SV-P-075／290.jpg","SV-P/75","","931262"
"cards/SV/SV-P/フシギダネ_SV-P-86／98.jpg","SV-P","SV-P/86","same_content","基本鋼エネルギー","cards/SV/SV-P/フシギダネ_SV-P-059／290.jpg","SV-P/59","cards/SV/SV-P/基本鋼エネルギー_SV-P-086／290.jpg","309165"
"cards/SV/SV-P/ブラッキー_SV-P-82／98.jpg","SV-P","SV-P/82","same_content","基本雷エネルギー","cards/SV/SV-P/ブラッキー_SV-P-067／290.jpg","SV-P/67","cards/SV/SV-P/基本雷エネルギー_SV-P-082／290.jpg","220247"
"cards/SV/SV-P/ブロロローム_SV-P-FIG.jpg","SV-P","SV-P/FIG","same_content","","cards/SV/SV-P/ブロロローム_SV-P-094／290.jpg","SV-P/94","","267474"
"cards/SV/SV-P/ブロロン_SV-P-18／98.jpg","SV-P","SV-P/18","same_content","学習装置","cards/SV/SV-P/ブロロン_SV-P-028／290.jpg","SV-P/28","cards/SV/SV-P/学習装置_SV-P-018／290.jpg","191178"
"cards/SV/SV-P/ブースター_SV-P-80／98.jpg","SV-P","SV-P/80","same_content","基本炎エネルギー","cards/SV/SV-P/ブースター_SV-P-065／290.jpg","SV-P/65","cards/SV/SV-P/基本炎エネルギー_SV-P-080／290.jpg","250454"
"cards/SV/SV-P/ペパー_SV-P-20／98.jpg","SV-P","SV-P/20","same_content","ジニア","cards/SV/SV-P/ペパー_SV-P-030／290.jpg","SV-P/30","cards/SV/SV-P/ジニア_SV-P-020／290.jpg","171846"
"cards/SV/SV-P/ボタン_SV-P-64／98.jpg","SV-P","SV-P/64","same_content","サンダース","cards/SV/SV-P/ボタン_SV-P-057／290.jpg","SV-P/57","cards/SV/SV-P/サンダース_SV-P-064／290.jpg","195852"
"cards/SV/SV-P/ポケモンいれかえ_SV-P-02／98.jpg","SV-P","SV-P/2","same_content","ワナイダー","cards/SV/SV-P/ポケモンいれかえ_SV-P-011／290.jpg","SV-P/11","cards/SV/SV-P/ワナイダー_SV-P-002／290.jpg","550222"
"cards/SV/SV-P/ポケモンいれかえ_SV-P-39／98.jpg","SV-P","SV-P/39","same_content","","cards/SV/SV-P/ポケモンいれかえ_SV-P-017／290.jpg","SV-P/17","","185911"
"cards/SV/SV-P/マフィティフex_SV-P-62／98.jpg","SV-P","SV-P/62","same_content","イーブイ","cards/SV/SV-P/マフィティフex_SV-P-055／290.jpg","SV-P/55","cards/SV/SV-P/イーブイ_SV-P-062／290.jpg","333228"
"cards/SV/SV-P/ミニーブ_SV-P-13／98.jpg","SV-P","SV-P/13","same_content","ロトム","cards/SV/SV-P/ミニーブ_SV-P-023／290.jpg","SV-P/23","cards/SV/SV-P/ロトム_SV-P-013／290.jpg","186420"
"cards/SV/SV-P/ミライドン_SV-P-50／98.jpg","SV-P","SV-P/50","same_content","クヌギダマ","cards/SV/SV-P/ミライドン_SV-P-048／290.jpg","SV-P/48","cards/SV/SV-P/クヌギダマ_SV-P-050／290.jpg","370641"
"cards/SV/SV-P/メルタン_SV-P-no3.jpg","SV-P","SV-P/no3","same_content","","cards/SV/SV-P/メルタン_SV-P-078／290.jpg","SV-P/78","","741476"
"cards/SV/SV-P/モクロー_SV-P-LIG.jpg","SV-P","SV-P/LIG","same_content","","cards/SV/SV-P/モクロー_SV-P-071／290.jpg","SV-P/71","","1236348"
"cards/SV/SV-P/モココ_SV-P-15／98.jpg","SV-P","SV-P/15","same_content","ネストボール","cards/SV/SV-P/モココ_SV-P-025／290.jpg","SV-P/25","cards/SV/SV-P/ネストボール_SV-P-015／290.jpg","196112"
"cards/SV/SV-P/モトトカゲ_SV-P-91／98.jpg","SV-P","SV-P/91","same_content","エレズン","cards/SV/SV-P/モトトカゲ_SV-P-097／290.jpg","SV-P/97","cards/SV/SV-P/エレズン_SV-P-091／290.jpg","267513"
"cards/SV/SV-P/モンスターボール_SV-P-01／98.jpg","SV-P","SV-P/1","same_content","ピカチュウ","cards/SV/SV-P/モンスターボール_SV-P-010／290.jpg","SV-P/10","cards/SV/SV-P/ピカチュウ_SV-P-001／290.jpg","509657"
"cards/SV/SV-P/ヤバチャ_SV-P-60／98.jpg","SV-P","SV-P/60","same_content","ヒトカゲ","cards/SV/SV-P/ヤバチャ_SV-P-053／290.jpg","SV-P/53","cards/SV/SV-P/ヒトカゲ_SV-P-060／290.jpg","295518"
"cards/SV/SV-P/リオル_SV-P-no1.jpg","SV-P","SV-P/no1","same_content","","cards/SV/SV-P/リオル_SV-P-076／290.jpg","SV-P/76","","1127434"
"cards/SV/SV-P/リーフィア_SV-P-83／98.jpg","SV-P","SV-P/83","same_content","基本超エネルギー","cards/SV/SV-P/リーフィア_SV-P-068／290.jpg","SV-P/68","cards/SV/SV-P/基本超エネルギー_SV-P-083／290.jpg","217014"
"cards/SV/SV-P/ルチャブル_SV-P-45／98.jpg","SV-P","SV-P/45","same_content","ふしぎなアメ","cards/SV/SV-P/ルチャブル_SV-P-034／290.jpg","SV-P/34","cards/SV/SV-P/ふしぎなアメ_SV-P-045／290.jpg","331536"
"cards/SV/SV-P/ロトム_SV-P-35／98.jpg","SV-P","SV-P/35","same_content","パモ","cards/SV/SV-P/ロトム_SV-P-013／290.jpg","SV-P/13","cards/SV/SV-P/パモ_SV-P-035／290.jpg","253626"
"cards/SV/SV-P/勝利のしるし_SV-P-22／98.jpg","SV-P","SV-P/22","old_number","博士の研究","","","cards/SV/SV-P/博士の研究_SV-P-022／290.jpg","285779"
"cards/SV/SV-P/勝利のしるし_SV-P-23／98.jpg","SV-P","SV-P/23","old_number","ミニーブ","","","cards/SV/SV-P/ミニーブ_SV-P-023／290.jpg","262230"
"cards/SV/SV-P/勝利のしるし_SV-P-24／98.jpg","SV-P","SV-P/24","old_number","ガーディ","","","cards/SV/SV-P/ガーディ_SV-P-024／290.jpg","242540"
"cards/SV/SV-P/勝利のしるし_SV-P-52／98.jpg","SV-P","SV-P/52","old_number","ハラバリー","","","cards/SV/SV-P/ハラバリー_SV-P-052／290.jpg","878873"
"cards/SV/SV-P/勝利のしるし_SV-P-53／98.jpg","SV-P","SV-P/53","old_number","ヤバチャ","","","cards/SV/SV-P/ヤバチャ_SV-P-053／290.jpg","811110"
"cards/SV/SV-P/勝利のしるし_SV-P-54／98.jpg","SV-P","SV-P/54","old_number","ドジョッチ","","","cards/SV/SV-P/ドジョッチ_SV-P-054／290.jpg","774108"
"cards/SV/SV-P/博士の研究_SV-P-43／98.jpg","SV-P","SV-P/43","same_content","","cards/SV/SV-P/博士の研究_SV-P-021／290.jpg","SV-P/21","","197920"
"cards/SV/SV-P/博士の研究_SV-P-44／98.jpg","SV-P","SV-P/44","same_content","","cards/SV/SV-P/博士の研究_SV-P-022／290.jpg","SV-P/22","","187604"
"cards/SV/SV-P/基本悪エネルギー_SV-P-10／98.jpg","SV-P","SV-P/10","old_number","モンスターボール","","","cards/SV/SV-P/モンスターボール_SV-P-010／290.jpg","125133"
"cards/SV/SV-P/基本悪エネルギー_SV-P-31／98.jpg","SV-P","SV-P/31","old_number","イーブイ","","","cards/SV/SV-P/イーブイ_SV-P-031／290.jpg","125133"
"cards/SV/SV-P/基本水エネルギー_SV-P-06／98.jpg","SV-P","SV-P/6","old_number","クエスパトラ","","","cards/SV/SV-P/クエスパトラ_SV-P-006／290.jpg","133039"
"cards/SV/SV-P/基本水エネルギー_SV-P-27／98.jpg","SV-P","SV-P/27","old_number","ガケガニex","","","cards/SV/SV-P/ガケガニex_SV-P-027／290.jpg","133039"
"cards/SV/SV-P/基本炎エネルギー_SV-P-05／98.jpg","SV-P","SV-P/5","old_number","ミライドン","","","cards/SV/SV-P/ミライドン_SV-P-005／290.jpg","137442"
"cards/SV/SV-P/基本炎エネルギー_SV-P-26／98.jpg","SV-P","SV-P/26","old_number","ハカドッグ","","","cards/SV/SV-P/ハカドッグ_SV-P-026／290.jpg","137442"
"cards/SV/SV-P/基本草エネルギー_SV-P-04／98.jpg","SV-P","SV-P/4","old_number","ヘイラッシャ","","","cards/SV/SV-P/ヘイラッシャ_SV-P-004／290.jpg","131539"
"cards/SV/SV-P/基本草エネルギー_SV-P-25／98.jpg","SV-P","SV-P/25","old_number","モココ","","","cards/SV/SV-P/モココ_SV-P-025／290.jpg","131539"
"cards/SV/SV-P/基本超エネルギー_SV-P-08／98.jpg","SV-P","SV-P/8","old_number","パフュートン","","","cards/SV/SV-P/パフュートン_SV-P-008／290.jpg","122419"
"cards/SV/SV-P/基本超エネルギー_SV-P-29／98.jpg","SV-P","SV-P/29","old_number","コルサ","","","cards/SV/SV-P/コルサ_SV-P-029／290.jpg","122419"
"cards/SV/SV-P/基本鋼エネルギー_SV-P-11／98.jpg","SV-P","SV-P/11","old_number","ポケモンいれかえ","","","cards/SV/SV-P/ポケモンいれかえ_SV-P-011／290.jpg","106297"
"cards/SV/SV-P/基本鋼エネルギー_SV-P-32／98.jpg","SV-P","SV-P/32","old_number","イーブイ","","","cards/SV/SV-P/イーブイ_SV-P-032／290.jpg","106297"
"cards/SV/SV-P/基本闘エネルギー_SV-P-09／98.jpg","SV-P","SV-P/9","old_number","モトトカゲex","","","cards/SV/SV-P/モトトカゲex_SV-P-009／290.jpg","130369"
"cards/SV/SV-P/基本闘エネルギー_SV-P-30／98.jpg","SV-P","SV-P/30","old_number","ペパー","","","cards/SV/SV-P/ペパー_SV-P-030／290.jpg","130369"
"cards/SV/SV-P/基本雷エネルギー_SV-P-07／98.jpg","SV-P","SV-P/7","old_number","コライドン","","","cards/SV/SV-P/コライドン_SV-P-007／290.jpg","126311"
"cards/SV/SV-P/基本雷エネルギー_SV-P-28／98.jpg","SV-P","SV-P/28","old_number","ブロロン","","","cards/SV/SV-P/ブロロン_SV-P-028／290.jpg","126311"
"cards/SV/SV-P/学習装置_SV-P-40／98.jpg","SV-P","SV-P/40","same_content","","cards/SV/SV-P/学習装置_SV-P-018／290.jpg","SV-P/18","","192056"
"cards/SV/SV-P/月明かりの丘_SV-P-FIR.jpg","SV-P","SV-P/FIR","same_content","","cards/SV/SV-P/月明かりの丘_SV-P-095／290.jpg","SV-P/95","","226879"
"cards/SV/SV10/アサナン_SV10-53／98_C.jpg","SV10","SV10/53","same_content","アサナン","cards/SV/SV10/アサナン_SV10-053／132_C.jpg","SV10/53","cards/SV/SV10/アサナン_SV10-053／132_C.jpg","133330"
"cards/SV/SV10/アチャモ_SV10-18／98_C.jpg","SV10","SV10/18","same_content","アチャモ","cards/SV/SV10/アチャモ_SV10-018／132_C.jpg","SV10/18","cards/SV/SV10/アチャモ_SV10-018／132_C.jpg","130787"
"cards/SV/SV10/アルクジラ_SV10-31／98_C.jpg","SV10","SV10/31","same_content","アルクジラ","cards/SV/SV10/アルクジラ_SV10-031／132_C.jpg","SV10/31","cards/SV/SV10/アルクジラ_SV10-031／132_C.jpg","117790"
"cards/SV/SV10/イキリンコ_SV10-86／98_C.jpg","SV10","SV10/86","same_content","イキリンコ","cards/SV/SV10/イキリンコ_SV10-086／132_C.jpg","SV10/86","cards/SV/SV10/イキリンコ_SV10-086／132_C.jpg","102993"
"cards/SV/SV10/ウインディ_SV10-14／98_U.jpg","SV10","SV10/14","same_content","ウインディ","cards/SV/SV10/ウインディ_SV10-014／132_U.jpg","SV10/14","cards/SV/SV10/ウインディ_SV10-014／132_U.jpg","141486"
"cards/SV/SV10/ウォッシュロトム_SV10-28／98_C.jpg","SV10","SV10/28","same_content","ウォッシュロトム","cards/SV/SV10/ウォッシュロトム_SV10-028／132_C.jpg","SV10/28","cards/SV/SV10/ウォッシュロトム_SV10-028／132_C.jpg","143018"
"cards/SV/SV10/エアームド_SV10-74／98_C.jpg","SV10","SV10/74","same_content","エアームド","cards/SV/SV10/エアームド_SV10-074／132_C.jpg","SV10/74","cards/SV/SV10/エアームド_SV10-074／132_C.jpg","105197"
"cards/SV/SV10/オオスバメ_SV10-85／98_C.jpg","SV10","SV10/85","same_content","オオスバメ","cards/SV/SV10/オオスバメ_SV10-085／132_C.jpg","SV10/85","cards/SV/SV10/オオスバメ_SV10-085／132_C.jpg","122450"
"cards/SV/SV10/オコリザル_SV10-46／98_C.jpg","SV10","SV10/46","same_content","オコリザル","cards/SV/SV10/オコリザル_SV10-046／132_C.jpg","SV10/46","cards/SV/SV10/オコリザル_SV10-046／132_C.jpg","136013"
"cards/SV/SV10/オリーニョ_SV10-11／98_C.jpg","SV10","SV10/11","same_content","オリーニョ","cards/SV/SV10/オリーニョ_SV10-011／132_C.jpg","SV10/11","cards/SV/SV10/オリーニョ_SV10-011／132_C.jpg","118973"
"cards/SV/SV10/オリーヴァex_SV10-12／98_RR.jpg","SV10","SV10/12","same_content","オリーヴァex","cards/SV/SV10/オリーヴァex_SV10-012／132_RR.jpg","SV10/12","cards/SV/SV10/オリーヴァex_SV10-012／132_RR.jpg","150570"
"cards/SV/SV10/カットロトム_SV10-04／98_C.jpg","SV10","SV10/4","same_content","カットロトム","cards/SV/SV10/カットロトム_SV10-004／132_C.jpg","SV10/4","cards/SV/SV10/カットロトム_SV10-004／132_C.jpg","121458"
"cards/SV/SV10/カマスジョー_SV10-30／98_U.jpg","SV10","SV10/30","same_content","カマスジョー","cards/SV/SV10/カマスジョー_SV10-030／132_U.jpg","SV10/30","cards/SV/SV10/カマスジョー_SV10-030／132_U.jpg","141500"
"cards/SV/SV10/カリキリ_SV10-05／98_C.jpg","SV10","SV10/5","same_content","カリキリ","cards/SV/SV10/カリキリ_SV10-005／132_C.jpg","SV10/5","cards/SV/SV10/カリキリ_SV10-005／132_C.jpg","114198"
"cards/SV/SV10/ガルーラ_SV10-80／98_C.jpg","SV10","SV10/80","same_content","ガルーラ","cards/SV/SV10/ガルーラ_SV10-080／132_C.jpg","SV10/80","cards/SV/SV10/ガルーラ_SV10-080／132_C.jpg","109395"
"cards/SV/SV10/ガーディ_SV10-13／98_C.jpg","SV10","SV10/13","same_content","ガーディ","cards/SV/SV10/ガーディ_SV10-013／132_C.jpg","SV10/13","cards/SV/SV10/ガーディ_SV10-013／132_C.jpg","119353"
"cards/SV/SV10/キノガッサ_SV10-03／98_C.jpg","SV10","SV10/3","same_content","キノガッサ","cards/SV/SV10/キノガッサ_SV10-003／132_C.jpg","SV10/3","cards/SV/SV10/キノガッサ_SV10-003／132_C.jpg","129935"
"cards/SV/SV10/キノココ_SV10-02／98_C.jpg","SV10","SV10/2","same_content","キノココ","cards/SV/SV10/キノココ_SV10-002／132_C.jpg","SV10/2","cards/SV/SV10/キノココ_SV10-002／132_C.jpg","142261"
"cards/SV/SV10/クヌギダマ_SV10-01／98_C.jpg","SV10","SV10/1","same_content","クヌギダマ","cards/SV/SV10/クヌギダマ_SV10-001／132_C.jpg","SV10/1","cards/SV/SV10/クヌギダマ_SV10-001／132_C.jpg","136711"
"cards/SV/SV10/コノヨザル_SV10-47／98_R.jpg","SV10","SV10/47","same_content","コノヨザル","cards/SV/SV10/コノヨザル_SV10-047／132_R.jpg","SV10/47","cards/SV/SV10/コノヨザル_SV10-047／132_R.jpg","152615"
"cards/SV/SV10/サクラビス_SV10-25／98_R.jpg","SV10","SV10/25","same_content","サクラビス","cards/SV/SV10/サクラビス_SV10-025／132_R.jpg","SV10/25","cards/SV/SV10/サクラビス_SV10-025／132_R.jpg","135619"
"cards/SV/SV10/サシカマス_SV10-29／98_C.jpg","SV10","SV10/29","same_content","サシカマス","cards/SV/SV10/サシカマス_SV10-029／132_C.jpg","SV10/29","cards/SV/SV10/サシカマス_SV10-029／132_C.jpg","147930"
"cards/SV/SV10/ザマゼンタ_SV10-75／98_R.jpg","SV10","SV10/75","same_content","ザマゼンタ","cards/SV/SV10/ザマゼンタ_SV10-075／132_R.jpg","SV10/75","cards/SV/SV10/ザマゼンタ_SV10-075／132_R.jpg","133806"
"cards/SV/SV10/スバメ_SV10-84／98_C.jpg","SV10","SV10/84","same_content","スバメ","cards/SV/SV10/スバメ_SV10-084／132_C.jpg","SV10/84","cards/SV/SV10/スバメ_SV10-084／132_C.jpg","93807"
"cards/SV/SV10/ダイノーズ_SV10-52／98_U.jpg","SV10","SV10/52","same_content","ダイノーズ","cards/SV/SV10/ダイノーズ_SV10-052／132_U.jpg","SV10/52","cards/SV/SV10/ダイノーズ_SV10-052／132_U.jpg","144631"
"cards/SV/SV10/チャーレム_SV10-54／98_U.jpg","SV10","SV10/54","same_content","チャーレム","cards/SV/SV10/チャーレム_SV10-054／132_U.jpg","SV10/54","cards/SV/SV10/チャーレム_SV10-054／132_U.jpg","146387"
"cards/SV/SV10/ノズパス_SV10-51／98_C.jpg","SV10","SV10/51","same_content","ノズパス","cards/SV/SV10/ノズパス_SV10-051／132_C.jpg","SV10/51","cards/SV/SV10/ノズパス_SV10-051／132_C.jpg","108506"
"cards/SV/SV10/ハルクジラex_SV10-32／98_RR.jpg","SV10","SV10/32","same_content","ハルクジラex","cards/SV/SV10/ハルクジラex_SV10-032／132_RR.jpg","SV10/32","cards/SV/SV10/ハルクジラex_SV10-032／132_RR.jpg","142454"
"cards/SV/SV10/ハンテール_SV10-24／98_U.jpg","SV10","SV10/24","same_content","ハンテール","cards/SV/SV10/ハンテール_SV10-024／132_U.jpg","SV10/24","cards/SV/SV10/ハンテール_SV10-024／132_U.jpg","166299"
"cards/SV/SV10/バシャーモ_SV10-20／98_R.jpg","SV10","SV10/20","same_content","バシャーモ","cards/SV/SV10/バシャーモ_SV10-020／132_R.jpg","SV10/20","cards/SV/SV10/バシャーモ_SV10-020／132_R.jpg","177002"
"cards/SV/SV10/パールル_SV10-23／98_C.jpg","SV10","SV10/23","same_content","パールル","cards/SV/SV10/パールル_SV10-023／132_C.jpg","SV10/23","cards/SV/SV10/パールル_SV10-023／132_C.jpg","137553"
"cards/SV/SV10/ヒートロトム_SV10-21／98_C.jpg","SV10","SV10/21","same_content","ヒートロトム","cards/SV/SV10/ヒートロトム_SV10-021／132_C.jpg","SV10/21","cards/SV/SV10/ヒートロトム_SV10-021／132_C.jpg","131439"
"cards/SV/SV10/フォレトス_SV10-73／98_U.jpg","SV10","SV10/73","same_content","フォレトス","cards/SV/SV10/フォレトス_SV10-073／132_U.jpg","SV10/73","cards/SV/SV10/フォレトス_SV10-073／132_U.jpg","139895"
"cards/SV/SV10/ポリゴン２_SV10-82／98_C.jpg","SV10","SV10/82","same_content","ロケット団のポリゴン2","cards/SV/SV10/ロケット団のポリゴン2_SV10-082／132_C.jpg","SV10/82","cards/SV/SV10/ロケット団のポリゴン2_SV10-082／132_C.jpg","99183"
"cards/SV/SV10/ポリゴンＺ_SV10-83／98_U.jpg","SV10","SV10/83","same_content","ロケット団のポリゴンZ","cards/SV/SV10/ロケット団のポリゴンZ_SV10-083／132_U.jpg","SV10/83","cards/SV/SV10/ロケット団のポリゴンZ_SV10-083／132_U.jpg","119331"
"cards/SV/SV10/マンキー_SV10-45／98_C.jpg","SV10","SV10/45","same_content","マンキー","cards/SV/SV10/マンキー_SV10-045／132_C.jpg","SV10/45","cards/SV/SV10/マンキー_SV10-045／132_C.jpg","130992"
"cards/SV/SV10/ミニーブ_SV10-10／98_C.jpg","SV10","SV10/10","same_content","ミニーブ","cards/SV/SV10/ミニーブ_SV10-010／132_C.jpg","SV10/10","cards/SV/SV10/ミニーブ_SV10-010／132_C.jpg","103844"
"cards/SV/SV10/ユキカブリ_SV10-26／98_C.jpg","SV10","SV10/26","same_content","ユキカブリ","cards/SV/SV10/ユキカブリ_SV10-026／132_C.jpg","SV10/26","cards/SV/SV10/ユキカブリ_SV10-026／132_C.jpg","148172"
"cards/SV/SV10/ユキノオー_SV10-27／98_U.jpg","SV10","SV10/27","same_content","ユキノオー","cards/SV/SV10/ユキノオー_SV10-027／132_U.jpg","SV10/27","cards/SV/SV10/ユキノオー_SV10-027／132_U.jpg","141831"
"cards/SV/SV10/ラランテス_SV10-06／98_U.jpg","SV10","SV10/6","same_content","ラランテス","cards/SV/SV10/ラランテス_SV10-006／132_U.jpg","SV10/6","cards/SV/SV10/ラランテス_SV10-006／132_U.jpg","156234"
"cards/SV/SV10/レジロックex_SV10-55／98_RR.jpg","SV10","SV10/55","same_content","レジロックex","cards/SV/SV10/レジロックex_SV10-055／132_RR.jpg","SV10/55","cards/SV/SV10/レジロックex_SV10-055／132_RR.jpg","157805"
"cards/SV/SV10/ロケット団のおじゃまロボ_SV10-87／98_U.jpg","SV10","SV10/87","same_content","ロケット団のおじゃまロボ","cards/SV/SV10/ロケット団のおじゃまロボ_SV10-087／132_U.jpg","SV10/87","cards/SV/SV10/ロケット団のおじゃまロボ_SV10-087／132_U.jpg","103073"
"cards/SV/SV10/ロケット団のびっくりボム_SV10-89／98_U.jpg","SV10","SV10/89","same_content","ロケット団のびっくりボム","cards/SV/SV10/ロケット団のびっくりボム_SV10-089／132_U.jpg","SV10/89","cards/SV/SV10/ロケット団のびっくりボム_SV10-089／132_U.jpg","94104"
"cards/SV/SV10/ロケット団のアテナ_SV10-91／98_U.jpg","SV10","SV10/91","same_content","ロケット団のアテナ","cards/SV/SV10/ロケット団のアテナ_SV10-091／132_U.jpg","SV10/91","cards/SV/SV10/ロケット団のアテナ_SV10-091／132_U.jpg","96755"
"cards/SV/SV10/ロケット団のアポロ_SV10-92／98_U.jpg","SV10","SV10/92","same_content","ロケット団のアポロ","cards/SV/SV10/ロケット団のアポロ_SV10-092／132_U.jpg","SV10/92","cards/SV/SV10/ロケット団のアポロ_SV10-092／132_U.jpg","104896"
"cards/SV/SV10/ロケット団のアーボ_SV10-56／98_C.jpg","SV10","SV10/56","same_content","ロケット団のアーボ","cards/SV/SV10/ロケット団のアーボ_SV10-056／132_C.jpg","SV10/56","cards/SV/SV10/ロケット団のアーボ_SV10-056／132_C.jpg","125169"
"cards/SV/SV10/ロケット団のアーボック_SV10-57／98_U.jpg","SV10","SV10/57","same_content","ロケット団のアーボック","cards/SV/SV10/ロケット団のアーボック_SV10-057／132_U.jpg","SV10/57","cards/SV/SV10/ロケット団のアーボック_SV10-057／132_U.jpg","148633"
"cards/SV/SV10/ロケット団のイオルブ_SV10-44／98_U.jpg","SV10","SV10/44","same_content","ロケット団のイオルブ","cards/SV/SV10/ロケット団のイオルブ_SV10-044／132_U.jpg","SV10/44","cards/SV/SV10/ロケット団のイオルブ_SV10-044／132_U.jpg","135025"
"cards/SV/SV10/ロケット団のクロバットex_SV10-66／98_RR.jpg","SV10","SV10/66","same_content","ロケット団のクロバットex","cards/SV/SV10/ロケット団のクロバットex_SV10-066／132_RR.jpg","SV10/66","cards/SV/SV10/ロケット団のクロバットex_SV10-066／132_RR.jpg","158767"
"cards/SV/SV10/ロケット団のコラッタ_SV10-76／98_C.jpg","SV10","SV10/76","same_content","ロケット団のコラッタ","cards/SV/SV10/ロケット団のコラッタ_SV10-076／132_C.jpg","SV10/76","cards/SV/SV10/ロケット団のコラッタ_SV10-076／132_C.jpg","107462"
"cards/SV/SV10/ロケット団のゴルバット_SV10-65／98_U.jpg","SV10","SV10/65","same_content","ロケット団のゴルバット","cards/SV/SV10/ロケット団のゴルバット_SV10-065／132_U.jpg","SV10/65","cards/SV/SV10/ロケット団のゴルバット_SV10-065／132_U.jpg","161611"
"cards/SV/SV10/ロケット団のサカキ_SV10-93／98_U.jpg","SV10","SV10/93","same_content","ロケット団のサカキ","cards/SV/SV10/ロケット団のサカキ_SV10-093／132_U.jpg","SV10/93","cards/SV/SV10/ロケット団のサカキ_SV10-093／132_U.jpg","95120"
"cards/SV/SV10/ロケット団のサッチムシ_SV10-07／98_C.jpg","SV10","SV10/7","same_content","ロケット団のサッチムシ","cards/SV/SV10/ロケット団のサッチムシ_SV10-007／132_C.jpg","SV10/7","cards/SV/SV10/ロケット団のサッチムシ_SV10-007／132_C.jpg","113347"
"cards/SV/SV10/ロケット団のサナギラス_SV10-49／98_U.jpg","SV10","SV10/49","same_content","ロケット団のサナギラス","cards/SV/SV10/ロケット団のサナギラス_SV10-049／132_U.jpg","SV10/49","cards/SV/SV10/ロケット団のサナギラス_SV10-049／132_U.jpg","130105"
"cards/SV/SV10/ロケット団のサンダー_SV10-33／98_R.jpg","SV10","SV10/33","same_content","ロケット団のサンダー","cards/SV/SV10/ロケット団のサンダー_SV10-033／132_R.jpg","SV10/33","cards/SV/SV10/ロケット団のサンダー_SV10-033／132_R.jpg","134067"
"cards/SV/SV10/ロケット団のスリーパー_SV10-38／98_U.jpg","SV10","SV10/38","same_content","ロケット団のスリーパー","cards/SV/SV10/ロケット団のスリーパー_SV10-038／132_U.jpg","SV10/38","cards/SV/SV10/ロケット団のスリーパー_SV10-038／132_U.jpg","130218"
"cards/SV/SV10/ロケット団のスリープ_SV10-37／98_C.jpg","SV10","SV10/37","same_content","ロケット団のスリープ","cards/SV/SV10/ロケット団のスリープ_SV10-037／132_C.jpg","SV10/37","cards/SV/SV10/ロケット団のスリープ_SV10-037／132_C.jpg","113275"
"cards/SV/SV10/ロケット団のスーパーボール_SV10-88／98_U.jpg","SV10","SV10/88","same_content","ロケット団のスーパーボール","cards/SV/SV10/ロケット団のスーパーボール_SV10-088／132_U.jpg","SV10/88","cards/SV/SV10/ロケット団のスーパーボール_SV10-088／132_U.jpg","96029"
"cards/SV/SV10/ロケット団のズバット_SV10-64／98_C.jpg","SV10","SV10/64","same_content","ロケット団のズバット","cards/SV/SV10/ロケット団のズバット_SV10-064／132_C.jpg","SV10/64","cards/SV/SV10/ロケット団のズバット_SV10-064／132_C.jpg","127119"
"cards/SV/SV10/ロケット団のソーナンス_SV10-40／98_R.jpg","SV10","SV10/40","same_content","ロケット団のソーナンス","cards/SV/SV10/ロケット団のソーナンス_SV10-040／132_R.jpg","SV10/40","cards/SV/SV10/ロケット団のソーナンス_SV10-040／132_R.jpg","141611"
"cards/SV/SV10/ロケット団のタマンチュラ_SV10-08／98_C.jpg","SV10","SV10/8","same_content","ロケット団のタマンチュラ","cards/SV/SV10/ロケット団のタマンチュラ_SV10-008／132_C.jpg","SV10/8","cards/SV/SV10/ロケット団のタマンチュラ_SV10-008／132_C.jpg","120589"
"cards/SV/SV10/ロケット団のデルビル_SV10-16／98_C.jpg","SV10","SV10/16","same_content","ロケット団のデルビル","cards/SV/SV10/ロケット団のデルビル_SV10-016／132_C.jpg","SV10/16","cards/SV/SV10/ロケット団のデルビル_SV10-016／132_C.jpg","125753"
"cards/SV/SV10/ロケット団のデンリュウ_SV10-36／98_U.jpg","SV10","SV10/36","same_content","ロケット団のデンリュウ","cards/SV/SV10/ロケット団のデンリュウ_SV10-036／132_U.jpg","SV10/36","cards/SV/SV10/ロケット団のデンリュウ_SV10-036／132_U.jpg","129956"
"cards/SV/SV10/ロケット団のドガース_SV10-69／98_C.jpg","SV10","SV10/69","same_content","ロケット団のドガース","cards/SV/SV10/ロケット団のドガース_SV10-069／132_C.jpg","SV10/69","cards/SV/SV10/ロケット団のドガース_SV10-069／132_C.jpg","127983"
"cards/SV/SV10/ロケット団のニドキングex_SV10-63／98_RR.jpg","SV10","SV10/63","same_content","ロケット団のニドキングex","cards/SV/SV10/ロケット団のニドキングex_SV10-063／132_RR.jpg","SV10/63","cards/SV/SV10/ロケット団のニドキングex_SV10-063／132_RR.jpg","161362"
"cards/SV/SV10/ロケット団のニドクイン_SV10-60／98_U.jpg","SV10","SV10/60","same_content","ロケット団のニドクイン","cards/SV/SV10/ロケット団のニドクイン_SV10-060／132_U.jpg","SV10/60","cards/SV/SV10/ロケット団のニドクイン_SV10-060／132_U.jpg","145432"
"cards/SV/SV10/ロケット団のニドラン♀_SV10-58／98_C.jpg","SV10","SV10/58","same_content","ロケット団のニドラン♀","cards/SV/SV10/ロケット団のニドラン♀_SV10-058／132_C.jpg","SV10/58","cards/SV/SV10/ロケット団のニドラン♀_SV10-058／132_C.jpg","121316"
"cards/SV/SV10/ロケット団のニドラン♂_SV10-61／98_C.jpg","SV10","SV10/61","same_content","ロケット団のニドラン♂","cards/SV/SV10/ロケット団のニドラン♂_SV10-061／132_C.jpg","SV10/61","cards/SV/SV10/ロケット団のニドラン♂_SV10-061／132_C.jpg","129344"
"cards/SV/SV10/ロケット団のニドリーナ_SV10-59／98_C.jpg","SV10","SV10/59","same_content","ロケット団のニドリーナ","cards/SV/SV10/ロケット団のニドリーナ_SV10-059／132_C.jpg","SV10/59","cards/SV/SV10/ロケット団のニドリーナ_SV10-059／132_C.jpg","125989"
"cards/SV/SV10/ロケット団のニドリーノ_SV10-62／98_C.jpg","SV10","SV10/62","same_content","ロケット団のニドリーノ","cards/SV/SV10/ロケット団のニドリーノ_SV10-062／132_C.jpg","SV10/62","cards/SV/SV10/ロケット団のニドリーノ_SV10-062／132_C.jpg","131008"
"cards/SV/SV10/ロケット団のニャース_SV10-78／98_C.jpg","SV10","SV10/78","same_content","ロケット団のニャース","cards/SV/SV10/ロケット団のニャース_SV10-078／132_C.jpg","SV10/78","cards/SV/SV10/ロケット団のニャース_SV10-078／132_C.jpg","127642"
"cards/SV/SV10/ロケット団のニューラ_SV10-72／98_R.jpg","SV10","SV10/72","same_content","ロケット団のニューラ","cards/SV/SV10/ロケット団のニューラ_SV10-072／132_R.jpg","SV10/72","cards/SV/SV10/ロケット団のニューラ_SV10-072／132_R.jpg","141922"
"cards/SV/SV10/ロケット団のバンギラス_SV10-50／98_R.jpg","SV10","SV10/50","same_content","ロケット団のバンギラス","cards/SV/SV10/ロケット団のバンギラス_SV10-050／132_R.jpg","SV10/50","cards/SV/SV10/ロケット団のバンギラス_SV10-050／132_R.jpg","159899"
"cards/SV/SV10/ロケット団のファイヤーex_SV10-15／98_RR.jpg","SV10","SV10/15","same_content","ロケット団のファイヤーex","cards/SV/SV10/ロケット団のファイヤーex_SV10-015／132_RR.jpg","SV10/15","cards/SV/SV10/ロケット団のファイヤーex_SV10-015／132_RR.jpg","162453"
"cards/SV/SV10/ロケット団のファクトリー_SV10-97／98_U.jpg","SV10","SV10/97","same_content","ロケット団のファクトリー","cards/SV/SV10/ロケット団のファクトリー_SV10-097／132_U.jpg","SV10/97","cards/SV/SV10/ロケット団のファクトリー_SV10-097／132_U.jpg","115472"
"cards/SV/SV10/ロケット団のフリーザー_SV10-22／98_R.jpg","SV10","SV10/22","same_content","ロケット団のフリーザー","cards/SV/SV10/ロケット団のフリーザー_SV10-022／132_R.jpg","SV10/22","cards/SV/SV10/ロケット団のフリーザー_SV10-022／132_R.jpg","153138"
"cards/SV/SV10/ロケット団のヘルガー_SV10-17／98_U.jpg","SV10","SV10/17","same_content","ロケット団のヘルガー","cards/SV/SV10/ロケット団のヘルガー_SV10-017／132_U.jpg","SV10/17","cards/SV/SV10/ロケット団のヘルガー_SV10-017／132_U.jpg","133827"
"cards/SV/SV10/ロケット団のベトベター_SV10-67／98_C.jpg","SV10","SV10/67","same_content","ロケット団のベトベター","cards/SV/SV10/ロケット団のベトベター_SV10-067／132_C.jpg","SV10/67","cards/SV/SV10/ロケット団のベトベター_SV10-067／132_C.jpg","128438"
"cards/SV/SV10/ロケット団のベトベトン_SV10-68／98_U.jpg","SV10","SV10/68","same_content","ロケット団のベトベトン","cards/SV/SV10/ロケット団のベトベトン_SV10-068／132_U.jpg","SV10/68","cards/SV/SV10/ロケット団のベトベトン_SV10-068／132_U.jpg","137920"
"cards/SV/SV10/ロケット団のペルシアンex_SV10-79／98_RR.jpg","SV10","SV10/79","same_content","ロケット団のペルシアンex","cards/SV/SV10/ロケット団のペルシアンex_SV10-079／132_RR.jpg","SV10/79","cards/SV/SV10/ロケット団のペルシアンex_SV10-079／132_RR.jpg","152866"
"cards/SV/SV10/ロケット団のポリゴン_SV10-81／98_C.jpg","SV10","SV10/81","same_content","ロケット団のポリゴン","cards/SV/SV10/ロケット団のポリゴン_SV10-081／132_C.jpg","SV10/81","cards/SV/SV10/ロケット団のポリゴン_SV10-081／132_C.jpg","104922"
"cards/SV/SV10/ロケット団のマタドガス_SV10-70／98_U.jpg","SV10","SV10/70","same_content","ロケット団のマタドガス","cards/SV/SV10/ロケット団のマタドガス_SV10-070／132_U.jpg","SV10/70","cards/SV/SV10/ロケット団のマタドガス_SV10-070／132_U.jpg","134715"
"cards/SV/SV10/ロケット団のミミッキュ_SV10-42／98_U.jpg","SV10","SV10/42","same_content","ロケット団のミミッキュ","cards/SV/SV10/ロケット団のミミッキュ_SV10-042／132_U.jpg","SV10/42","cards/SV/SV10/ロケット団のミミッキュ_SV10-042／132_U.jpg","120413"
"cards/SV/SV10/ロケット団のミュウツーex_SV10-39／98_RR.jpg","SV10","SV10/39","same_content","ロケット団のミュウツーex","cards/SV/SV10/ロケット団のミュウツーex_SV10-039／132_RR.jpg","SV10/39","cards/SV/SV10/ロケット団のミュウツーex_SV10-039／132_RR.jpg","151332"
"cards/SV/SV10/ロケット団のメリープ_SV10-34／98_C.jpg","SV10","SV10/34","same_content","ロケット団のメリープ","cards/SV/SV10/ロケット団のメリープ_SV10-034／132_C.jpg","SV10/34","cards/SV/SV10/ロケット団のメリープ_SV10-034／132_C.jpg","110546"
"cards/SV/SV10/ロケット団のモココ_SV10-35／98_C.jpg","SV10","SV10/35","same_content","ロケット団のモココ","cards/SV/SV10/ロケット団のモココ_SV10-035／132_C.jpg","SV10/35","cards/SV/SV10/ロケット団のモココ_SV10-035／132_C.jpg","126325"
"cards/SV/SV10/ロケット団のヤミカラス_SV10-71／98_U.jpg","SV10","SV10/71","same_content","ロケット団のヤミカラス","cards/SV/SV10/ロケット団のヤミカラス_SV10-071／132_U.jpg","SV10/71","cards/SV/SV10/ロケット団のヤミカラス_SV10-071／132_U.jpg","168676"
"cards/SV/SV10/ロケット団のヨーギラス_SV10-48／98_C.jpg","SV10","SV10/48","same_content","ロケット団のヨーギラス","cards/SV/SV10/ロケット団のヨーギラス_SV10-048／132_C.jpg","SV10/48","cards/SV/SV10/ロケット団のヨーギラス_SV10-048／132_C.jpg","133083"
"cards/SV/SV10/ロケット団のラッタ_SV10-77／98_C.jpg","SV10","SV10/77","same_content","ロケット団のラッタ","cards/SV/SV10/ロケット団のラッタ_SV10-077／132_C.jpg","SV10/77","cards/SV/SV10/ロケット団のラッタ_SV10-077／132_C.jpg","118860"
"cards/SV/SV10/ロケット団のラムダ_SV10-94／98_U.jpg","SV10","SV10/94","same_content","ロケット団のラムダ","cards/SV/SV10/ロケット団のラムダ_SV10-094／132_U.jpg","SV10/94","cards/SV/SV10/ロケット団のラムダ_SV10-094／132_U.jpg","100427"
"cards/SV/SV10/ロケット団のランス_SV10-95／98_U.jpg","SV10","SV10/95","same_content","ロケット団のランス","cards/SV/SV10/ロケット団のランス_SV10-095／132_U.jpg","SV10/95","cards/SV/SV10/ロケット団のランス_SV10-095／132_U.jpg","99971"
"cards/SV/SV10/ロケット団のリーシャン_SV10-41／98_C.jpg","SV10","SV10/41","same_content","ロケット団のリーシャン","cards/SV/SV10/ロケット団のリーシャン_SV10-041／132_C.jpg","SV10/41","cards/SV/SV10/ロケット団のリーシャン_SV10-041／132_C.jpg","128443"
"cards/SV/SV10/ロケット団のレシーバー_SV10-90／98_U.jpg","SV10","SV10/90","same_content","ロケット団のレシーバー","cards/SV/SV10/ロケット団のレシーバー_SV10-090／132_U.jpg","SV10/90","cards/SV/SV10/ロケット団のレシーバー_SV10-090／132_U.jpg","97578"
"cards/SV/SV10/ロケット団のレドームシ_SV10-43／98_C.jpg","SV10","SV10/43","same_content","ロケット団のレドームシ","cards/SV/SV10/ロケット団のレドームシ_SV10-043／132_C.jpg","SV10/43","cards/SV/SV10/ロケット団のレドームシ_SV10-043／132_C.jpg","127296"
"cards/SV/SV10/ロケット団のワナイダー_SV10-09／98_R.jpg","SV10","SV10/9","same_content","ロケット団のワナイダー","cards/SV/SV10/ロケット団のワナイダー_SV10-009／132_R.jpg","SV10/9","cards/SV/SV10/ロケット団のワナイダー_SV10-009／132_R.jpg","132134"
"cards/SV/SV10/ロケット団の監視塔_SV10-96／98_U.jpg","SV10","SV10/96","same_content","ロケット団の監視塔","cards/SV/SV10/ロケット団の監視塔_SV10-096／132_U.jpg","SV10/96","cards/SV/SV10/ロケット団の監視塔_SV10-096／132_U.jpg","93985"
"cards/SV/SV10/ロケット団エネルギー_SV10-98／98_U.jpg","SV10","SV10/98","same_content","ロケット団エネルギー","cards/SV/SV10/ロケット団エネルギー_SV10-098／132_U.jpg","SV10/98","cards/SV/SV10/ロケット団エネルギー_SV10-098／132_U.jpg","78846"
"cards/SV/SV10/ワカシャモ_SV10-19／98_C.jpg","SV10","SV10/19","same_content","ワカシャモ","cards/SV/SV10/ワカシャモ_SV10-019／132_C.jpg","SV10/19","cards/SV/SV10/ワカシャモ_SV10-019／132_C.jpg","130342"
"cards/SV/SV4K/ワザマシン デヴォリューション_SV4K-63／95_U.jpg","SV4K","SV4K/63","same_content","ワザマシンデヴォリューション","cards/SV/SV4K/ワザマシンデヴォリューション_SV4K-63／95_U.jpg","SV4K/63","cards/SV/SV4K/ワザマシンデヴォリューション_SV4K-63／95_U.jpg","116643"
"cards/SV/SV4M/ポリゴン２_SV4M-49／95_C.jpg","SV4M","SV4M/49","same_content","ポリゴン2","cards/SV/SV4M/ポリゴン2_SV4M-49／95_C.jpg","SV4M/49","cards/SV/SV4M/ポリゴン2_SV4M-49／95_C.jpg","124188"
"cards/SV/SV4M/ポリゴンＺ_SV4M-50／95_R.jpg","SV4M","SV4M/50","same_content","ポリゴンZ","cards/SV/SV4M/ポリゴンZ_SV4M-50／95_R.jpg","SV4M/50","cards/SV/SV4M/ポリゴンZ_SV4M-50／95_R.jpg","139567"
"cards/SV/SV4M/ポリゴンＺ_SV4M-77／95.jpg","SV4M","SV4M/77","same_content","ポリゴンZ","cards/SV/SV4M/ポリゴンZ_SV4M-77／95.jpg","SV4M/77","cards/SV/SV4M/ポリゴンZ_SV4M-77／95.jpg","1864810"
"cards/SV/SV5M/アゴジムシ_SV5M-10／97.jpg","SV5M","SV5M/10","same_content","アゴジムシ","cards/SV/SV5M/アゴジムシ_SV5M-010／100_C.jpg","SV5M/10","cards/SV/SV5M/アゴジムシ_SV5M-010／100_C.jpg","926587"
"cards/SV/SV5M/アサナン_SV5M-37／97.jpg","SV5M","SV5M/37","same_content","アサナン","cards/SV/SV5M/アサナン_SV5M-037／100_C.jpg","SV5M/37","cards/SV/SV5M/アサナン_SV5M-037／100_C.jpg","1124806"
"cards/SV/SV5M/アノクサ_SV5M-12／97.jpg","SV5M","SV5M/12","same_content","アノクサ","cards/SV/SV5M/アノクサ_SV5M-012／100_C.jpg","SV5M/12","cards/SV/SV5M/アノクサ_SV5M-012／100_C.jpg","1079135"
"cards/SV/SV5M/アノホラグサ_SV5M-13／97.jpg","SV5M","SV5M/13","same_content","アノホラグサ","cards/SV/SV5M/アノホラグサ_SV5M-013／100_R.jpg","SV5M/13","cards/SV/SV5M/アノホラグサ_SV5M-013／100_R.jpg","1103819"
"cards/SV/SV5M/アブリボン_SV5M-34／97.jpg","SV5M","SV5M/34","same_content","アブリボン","cards/SV/SV5M/アブリボン_SV5M-034／100_U.jpg","SV5M/34","cards/SV/SV5M/アブリボン_SV5M-034／100_U.jpg","963038"
"cards/SV/SV5M/アブリー_SV5M-33／97.jpg","SV5M","SV5M/33","same_content","アブリー","cards/SV/SV5M/アブリー_SV5M-033／100_C.jpg","SV5M/33","cards/SV/SV5M/アブリー_SV5M-033／100_C.jpg","1050658"
"cards/SV/SV5M/アブリー_SV5M-67／97.jpg","SV5M","SV5M/67","same_content","暗号マニアの解読","cards/SV/SV5M/アブリー_SV5M-033／100_C.jpg","SV5M/33","cards/SV/SV5M/暗号マニアの解読_SV5M-067／100_U.jpg","1050658"
"cards/SV/SV5M/エネコ_SV5M-55／97.jpg","SV5M","SV5M/55","same_content","エネコ","cards/SV/SV5M/エネコ_SV5M-055／100_C.jpg","SV5M/55","cards/SV/SV5M/エネコ_SV5M-055／100_C.jpg","754657"
"cards/SV/SV5M/エネコロロ_SV5M-56／97.jpg","SV5M","SV5M/56","same_content","エネコロロ","cards/SV/SV5M/エネコロロ_SV5M-056／100_U.jpg","SV5M/56","cards/SV/SV5M/エネコロロ_SV5M-056／100_U.jpg","1005791"
"cards/SV/SV5M/エレキブル_SV5M-26／97.jpg","SV5M","SV5M/26","same_content","エレキブル","cards/SV/SV5M/エレキブル_SV5M-026／100_U.jpg","SV5M/26","cards/SV/SV5M/エレキブル_SV5M-026／100_U.jpg","1042660"
"cards/SV/SV5M/エレブー_SV5M-25／97.jpg","SV5M","SV5M/25","same_content","エレブー","cards/SV/SV5M/エレブー_SV5M-025／100_C.jpg","SV5M/25","cards/SV/SV5M/エレブー_SV5M-025／100_C.jpg","987714"
"cards/SV/SV5M/ガオガエンex_SV5M-22／97.jpg","SV5M","SV5M/22","same_content","ガオガエンex","cards/SV/SV5M/ガオガエンex_SV5M-022／100_RR.jpg","SV5M/22","cards/SV/SV5M/ガオガエンex_SV5M-022／100_RR.jpg","1195418"
"cards/SV/SV5M/ガオガエンex_SV5M-74／97.jpg","SV5M","SV5M/74","same_content","メブキジカ","cards/SV/SV5M/ガオガエンex_SV5M-022／100_RR.jpg","SV5M/22","cards/SV/SV5M/メブキジカ_SV5M-074／100_AR.jpg","1195418"
"cards/SV/SV5M/キノガッサ_SV5M-07／97.jpg","SV5M","SV5M/7","same_content","キノガッサ","cards/SV/SV5M/キノガッサ_SV5M-007／100_C.jpg","SV5M/7","cards/SV/SV5M/キノガッサ_SV5M-007／100_C.jpg","938761"
"cards/SV/SV5M/キノココ_SV5M-06／97.jpg","SV5M","SV5M/6","same_content","キノココ","cards/SV/SV5M/キノココ_SV5M-006／100_C.jpg","SV5M/6","cards/SV/SV5M/キノココ_SV5M-006／100_C.jpg","1048654"
"cards/SV/SV5M/キリンリキ_SV5M-32／97.jpg","SV5M","SV5M/32","same_content","キリンリキ","cards/SV/SV5M/キリンリキ_SV5M-032／100_C.jpg","SV5M/32","cards/SV/SV5M/キリンリキ_SV5M-032／100_C.jpg","899985"
"cards/SV/SV5M/クチート_SV5M-45／97.jpg","SV5M","SV5M/45","same_content","クチート","cards/SV/SV5M/クチート_SV5M-045／100_C.jpg","SV5M/45","cards/SV/SV5M/クチート_SV5M-045／100_C.jpg","761710"
"cards/SV/SV5M/クヌギダマ_SV5M-02／97.jpg","SV5M","SV5M/2","same_content","クヌギダマ","cards/SV/SV5M/クヌギダマ_SV5M-002／100_C.jpg","SV5M/2","cards/SV/SV5M/クヌギダマ_SV5M-002／100_C.jpg","865233"
"cards/SV/SV5M/クワガノン_SV5M-28／97.jpg","SV5M","SV5M/28","same_content","クワガノン","cards/SV/SV5M/クワガノン_SV5M-028／100_U.jpg","SV5M/28","cards/SV/SV5M/クワガノン_SV5M-028／100_U.jpg","1007437"
"cards/SV/SV5M/ケンホロウ_SV5M-59／97.jpg","SV5M","SV5M/59","same_content","ケンホロウ","cards/SV/SV5M/ケンホロウ_SV5M-059／100_U.jpg","SV5M/59","cards/SV/SV5M/ケンホロウ_SV5M-059／100_U.jpg","912420"
"cards/SV/SV5M/コノハナ_SV5M-04／97.jpg","SV5M","SV5M/4","same_content","コノハナ","cards/SV/SV5M/コノハナ_SV5M-004／100_C.jpg","SV5M/4","cards/SV/SV5M/コノハナ_SV5M-004／100_C.jpg","958314"
"cards/SV/SV5M/シガロコ_SV5M-14／97.jpg","SV5M","SV5M/14","same_content","シガロコ","cards/SV/SV5M/シガロコ_SV5M-014／100_C.jpg","SV5M/14","cards/SV/SV5M/シガロコ_SV5M-014／100_C.jpg","1008738"
"cards/SV/SV5M/シキジカ_SV5M-08／97.jpg","SV5M","SV5M/8","same_content","シキジカ","cards/SV/SV5M/シキジカ_SV5M-008／100_C.jpg","SV5M/8","cards/SV/SV5M/シキジカ_SV5M-008／100_C.jpg","1091402"
"cards/SV/SV5M/シキジカ_SV5M-62／97.jpg","SV5M","SV5M/62","same_content","プライムキャッチャー","cards/SV/SV5M/シキジカ_SV5M-008／100_C.jpg","SV5M/8","cards/SV/SV5M/プライムキャッチャー_SV5M-062／100.jpg","1091402"
"cards/SV/SV5M/ジジーロン_SV5M-60／97.jpg","SV5M","SV5M/60","same_content","ジジーロン","cards/SV/SV5M/ジジーロン_SV5M-060／100_R.jpg","SV5M/60","cards/SV/SV5M/ジジーロン_SV5M-060／100_R.jpg","776309"
"cards/SV/SV5M/ジジーロン_SV5M-72／97.jpg","SV5M","SV5M/72","same_content","ダーテング","cards/SV/SV5M/ジジーロン_SV5M-060／100_R.jpg","SV5M/60","cards/SV/SV5M/ダーテング_SV5M-072／100_AR.jpg","776309"
"cards/SV/SV5M/ストライク_SV5M-01／97.jpg","SV5M","SV5M/1","same_content","ストライク","cards/SV/SV5M/ストライク_SV5M-001／100_C.jpg","SV5M/1","cards/SV/SV5M/ストライク_SV5M-001／100_C.jpg","1087442"
"cards/SV/SV5M/セイジ_SV5M-92／97.jpg","SV5M","SV5M/92","same_content","ベルのまごころ","cards/SV/SV5M/セイジ_SV5M-068／100_U.jpg","SV5M/68","cards/SV/SV5M/ベルのまごころ_SV5M-092／100_SR.jpg","563702"
"cards/SV/SV5M/セイジ_SV5M-96／97.jpg","SV5M","SV5M/96","same_content","セイジ","cards/SV/SV5M/セイジ_SV5M-068／100_U.jpg","SV5M/68","cards/SV/SV5M/セイジ_SV5M-096／100_SAR.jpg","563702"
"cards/SV/SV5M/ゼラオラ_SV5M-29／97.jpg","SV5M","SV5M/29","same_content","ゼラオラ","cards/SV/SV5M/ゼラオラ_SV5M-029／100_U.jpg","SV5M/29","cards/SV/SV5M/ゼラオラ_SV5M-029／100_U.jpg","1139699"
"cards/SV/SV5M/タネボー_SV5M-03／97.jpg","SV5M","SV5M/3","same_content","タネボー","cards/SV/SV5M/タネボー_SV5M-003／100_C.jpg","SV5M/3","cards/SV/SV5M/タネボー_SV5M-003／100_C.jpg","939299"
"cards/SV/SV5M/ダダリン_SV5M-11／97.jpg","SV5M","SV5M/11","same_content","ダダリン","cards/SV/SV5M/ダダリン_SV5M-011／100_U.jpg","SV5M/11","cards/SV/SV5M/ダダリン_SV5M-011／100_U.jpg","940307"
"cards/SV/SV5M/ダンバル_SV5M-46／97.jpg","SV5M","SV5M/46","same_content","ダンバル","cards/SV/SV5M/ダンバル_SV5M-046／100_C.jpg","SV5M/46","cards/SV/SV5M/ダンバル_SV5M-046／100_C.jpg","772425"
"cards/SV/SV5M/ダーテング_SV5M-05／97.jpg","SV5M","SV5M/5","same_content","ダーテング","cards/SV/SV5M/ダーテング_SV5M-005／100_U.jpg","SV5M/5","cards/SV/SV5M/ダーテング_SV5M-005／100_U.jpg","1078985"
"cards/SV/SV5M/ダーテング_SV5M-61／97.jpg","SV5M","SV5M/61","same_content","ハンドトリマー","cards/SV/SV5M/ダーテング_SV5M-005／100_U.jpg","SV5M/5","cards/SV/SV5M/ハンドトリマー_SV5M-061／100_U.jpg","1078985"
"cards/SV/SV5M/チャーレム_SV5M-38／97.jpg","SV5M","SV5M/38","same_content","チャーレム","cards/SV/SV5M/チャーレム_SV5M-038／100_C.jpg","SV5M/38","cards/SV/SV5M/チャーレム_SV5M-038／100_C.jpg","1365027"
"cards/SV/SV5M/テツノイサハex_SV5M-16／97.jpg","SV5M","SV5M/16","same_content","テツノイサハex","cards/SV/SV5M/テツノイサハex_SV5M-016／100_RR.jpg","SV5M/16","cards/SV/SV5M/テツノイサハex_SV5M-016／100_RR.jpg","1168474"
"cards/SV/SV5M/テツノイサハex_SV5M-73／97.jpg","SV5M","SV5M/73","same_content","シキジカ","cards/SV/SV5M/テツノイサハex_SV5M-016／100_RR.jpg","SV5M/16","cards/SV/SV5M/シキジカ_SV5M-073／100_AR.jpg","1168474"
"cards/SV/SV5M/テツノイサハex_SV5M-79／97.jpg","SV5M","SV5M/79","same_content","ドリュウズ","cards/SV/SV5M/テツノイサハex_SV5M-016／100_RR.jpg","SV5M/16","cards/SV/SV5M/ドリュウズ_SV5M-079／100_AR.jpg","1168474"
"cards/SV/SV5M/テツノイサハex_SV5M-82／97.jpg","SV5M","SV5M/82","same_content","ベロリンガ","cards/SV/SV5M/テツノイサハex_SV5M-016／100_RR.jpg","SV5M/16","cards/SV/SV5M/ベロリンガ_SV5M-082／100_AR.jpg","1168474"
"cards/SV/SV5M/テツノイバラ_SV5M-30／97.jpg","SV5M","SV5M/30","same_content","テツノイバラ","cards/SV/SV5M/テツノイバラ_SV5M-030／100_R.jpg","SV5M/30","cards/SV/SV5M/テツノイバラ_SV5M-030／100_R.jpg","1184784"
"cards/SV/SV5M/テツノイバラ_SV5M-66／97.jpg","SV5M","SV5M/66","same_content","ヘビーバトン","cards/SV/SV5M/テツノイバラ_SV5M-030／100_R.jpg","SV5M/30","cards/SV/SV5M/ヘビーバトン_SV5M-066／100_U.jpg","1184784"
"cards/SV/SV5M/テツノイワオex_SV5M-41／97.jpg","SV5M","SV5M/41","same_content","テツノイワオex","cards/SV/SV5M/テツノイワオex_SV5M-041／100_RR.jpg","SV5M/41","cards/SV/SV5M/テツノイワオex_SV5M-041／100_RR.jpg","1139445"
"cards/SV/SV5M/テツノイワオex_SV5M-76／97.jpg","SV5M","SV5M/76","same_content","デンヂムシ","cards/SV/SV5M/テツノイワオex_SV5M-041／100_RR.jpg","SV5M/41","cards/SV/SV5M/デンヂムシ_SV5M-076／100_AR.jpg","1139445"
"cards/SV/SV5M/テツノイワオex_SV5M-81／97.jpg","SV5M","SV5M/81","same_content","メルタン","cards/SV/SV5M/テツノイワオex_SV5M-041／100_RR.jpg","SV5M/41","cards/SV/SV5M/メルタン_SV5M-081／100_AR.jpg","1139445"
"cards/SV/SV5M/テツノイワオex_SV5M-84／97.jpg","SV5M","SV5M/84","same_content","テツノイサハex","cards/SV/SV5M/テツノイワオex_SV5M-041／100_RR.jpg","SV5M/41","cards/SV/SV5M/テツノイサハex_SV5M-084／100_SR.jpg","1139445"
"cards/SV/SV5M/テツノカシラex_SV5M-36／97.jpg","SV5M","SV5M/36","same_content","テツノカシラex","cards/SV/SV5M/テツノカシラex_SV5M-036／100_RR.jpg","SV5M/36","cards/SV/SV5M/テツノカシラex_SV5M-036／100_RR.jpg","1175275"
"cards/SV/SV5M/テツノカシラex_SV5M-75／97.jpg","SV5M","SV5M/75","same_content","ニャビー","cards/SV/SV5M/テツノカシラex_SV5M-036／100_RR.jpg","SV5M/36","cards/SV/SV5M/ニャビー_SV5M-075／100_AR.jpg","1175275"
"cards/SV/SV5M/テツノカシラex_SV5M-80／97.jpg","SV5M","SV5M/80","same_content","メタグロス","cards/SV/SV5M/テツノカシラex_SV5M-036／100_RR.jpg","SV5M/36","cards/SV/SV5M/メタグロス_SV5M-080／100_AR.jpg","1175275"
"cards/SV/SV5M/テツノカシラex_SV5M-83／97.jpg","SV5M","SV5M/83","same_content","ジジーロン","cards/SV/SV5M/テツノカシラex_SV5M-036／100_RR.jpg","SV5M/36","cards/SV/SV5M/ジジーロン_SV5M-083／100_AR.jpg","1175275"
"cards/SV/SV5M/テツノブジン_SV5M-35／97.jpg","SV5M","SV5M/35","same_content","テツノブジン","cards/SV/SV5M/テツノブジン_SV5M-035／100_R.jpg","SV5M/35","cards/SV/SV5M/テツノブジン_SV5M-035／100_R.jpg","1206248"
"cards/SV/SV5M/テツノワダチ_SV5M-51／97.jpg","SV5M","SV5M/51","same_content","テツノワダチ","cards/SV/SV5M/テツノワダチ_SV5M-051／100_U.jpg","SV5M/51","cards/SV/SV5M/テツノワダチ_SV5M-051／100_U.jpg","957185"
"cards/SV/SV5M/デンヂムシ_SV5M-27／97.jpg","SV5M","SV5M/27","same_content","デンヂムシ","cards/SV/SV5M/デンヂムシ_SV5M-027／100_C.jpg","SV5M/27","cards/SV/SV5M/デンヂムシ_SV5M-027／100_C.jpg","1080632"
"cards/SV/SV5M/デンヂムシ_SV5M-65／97.jpg","SV5M","SV5M/65","same_content","ブーストエナジー 未来","cards/SV/SV5M/デンヂムシ_SV5M-027／100_C.jpg","SV5M/27","cards/SV/SV5M/ブーストエナジー 未来_SV5M-065／100_U.jpg","1080632"
"cards/SV/SV5M/ドリュウズ_SV5M-40／97.jpg","SV5M","SV5M/40","same_content","ドリュウズ","cards/SV/SV5M/ドリュウズ_SV5M-040／100_U.jpg","SV5M/40","cards/SV/SV5M/ドリュウズ_SV5M-040／100_U.jpg","1139155"
"cards/SV/SV5M/ドリュウズ_SV5M-68／97.jpg","SV5M","SV5M/68","same_content","セイジ","cards/SV/SV5M/ドリュウズ_SV5M-040／100_U.jpg","SV5M/40","cards/SV/SV5M/セイジ_SV5M-068／100_U.jpg","1139155"
"cards/SV/SV5M/ニャヒート_SV5M-21／97.jpg","SV5M","SV5M/21","same_content","ニャヒート","cards/SV/SV5M/ニャヒート_SV5M-021／100_C.jpg","SV5M/21","cards/SV/SV5M/ニャヒート_SV5M-021／100_C.jpg","1094103"
"cards/SV/SV5M/ニャビー_SV5M-20／97.jpg","SV5M","SV5M/20","same_content","ニャビー","cards/SV/SV5M/ニャビー_SV5M-020／100_C.jpg","SV5M/20","cards/SV/SV5M/ニャビー_SV5M-020／100_C.jpg","1010185"
"cards/SV/SV5M/ニャビー_SV5M-64／97.jpg","SV5M","SV5M/64","same_content","ヒーローマント","cards/SV/SV5M/ニャビー_SV5M-020／100_C.jpg","SV5M/20","cards/SV/SV5M/ヒーローマント_SV5M-064／100.jpg","1010185"
"cards/SV/SV5M/ハッサムex_SV5M-44／97.jpg","SV5M","SV5M/44","same_content","ハッサムex","cards/SV/SV5M/ハッサムex_SV5M-044／100_RR.jpg","SV5M/44","cards/SV/SV5M/ハッサムex_SV5M-044／100_RR.jpg","933848"
"cards/SV/SV5M/ハッサムex_SV5M-78／97.jpg","SV5M","SV5M/78","same_content","アブリー","cards/SV/SV5M/ハッサムex_SV5M-044／100_RR.jpg","SV5M/44","cards/SV/SV5M/アブリー_SV5M-078／100_AR.jpg","933848"
"cards/SV/SV5M/ハトーボー_SV5M-58／97.jpg","SV5M","SV5M/58","same_content","ハトーボー","cards/SV/SV5M/ハトーボー_SV5M-058／100_C.jpg","SV5M/58","cards/SV/SV5M/ハトーボー_SV5M-058／100_C.jpg","882187"
"cards/SV/SV5M/ハンドトリマー_SV5M-85／97.jpg","SV5M","SV5M/85","same_content","ガオガエンex","cards/SV/SV5M/ハンドトリマー_SV5M-061／100_U.jpg","SV5M/61","cards/SV/SV5M/ガオガエンex_SV5M-085／100_SR.jpg","629416"
"cards/SV/SV5M/バリヤード_SV5M-31／97.jpg","SV5M","SV5M/31","same_content","バリヤード","cards/SV/SV5M/バリヤード_SV5M-031／100_C.jpg","SV5M/31","cards/SV/SV5M/バリヤード_SV5M-031／100_C.jpg","1011579"
"cards/SV/SV5M/ヒーローマント_SV5M-88／97.jpg","SV5M","SV5M/88","same_content","リキキリンex","cards/SV/SV5M/ヒーローマント_SV5M-064／100.jpg","SV5M/64","cards/SV/SV5M/リキキリンex_SV5M-088／100_SR.jpg","1341790"
"cards/SV/SV5M/ビクティニ_SV5M-19／97.jpg","SV5M","SV5M/19","same_content","ビクティニ","cards/SV/SV5M/ビクティニ_SV5M-019／100_C.jpg","SV5M/19","cards/SV/SV5M/ビクティニ_SV5M-019／100_C.jpg","1405470"
"cards/SV/SV5M/ピカチュウ_SV5M-23／97.jpg","SV5M","SV5M/23","same_content","ピカチュウ","cards/SV/SV5M/ピカチュウ_SV5M-023／100_C.jpg","SV5M/23","cards/SV/SV5M/ピカチュウ_SV5M-023／100_C.jpg","925832"
"cards/SV/SV5M/フォレトス_SV5M-43／97.jpg","SV5M","SV5M/43","same_content","フォレトス","cards/SV/SV5M/フォレトス_SV5M-043／100_U.jpg","SV5M/43","cards/SV/SV5M/フォレトス_SV5M-043／100_U.jpg","684868"
"cards/SV/SV5M/フルメタルラボ_SV5M-94／97.jpg","SV5M","SV5M/94","same_content","テツノカシラex","cards/SV/SV5M/フルメタルラボ_SV5M-070／100_U.jpg","SV5M/70","cards/SV/SV5M/テツノカシラex_SV5M-094／100_SAR.jpg","731553"
"cards/SV/SV5M/ブーストエナジー 未来_SV5M-89／97.jpg","SV5M","SV5M/89","same_content","ハッサムex","cards/SV/SV5M/ブーストエナジー 未来_SV5M-065／100_U.jpg","SV5M/65","cards/SV/SV5M/ハッサムex_SV5M-089／100_SR.jpg","944626"
"cards/SV/SV5M/プライムキャッチャー_SV5M-86／97.jpg","SV5M","SV5M/86","same_content","テツノカシラex","cards/SV/SV5M/プライムキャッチャー_SV5M-062／100.jpg","SV5M/62","cards/SV/SV5M/テツノカシラex_SV5M-086／100_SR.jpg","1355394"
"cards/SV/SV5M/ヘビーバトン_SV5M-90／97.jpg","SV5M","SV5M/90","same_content","暗号マニアの解読","cards/SV/SV5M/ヘビーバトン_SV5M-066／100_U.jpg","SV5M/66","cards/SV/SV5M/暗号マニアの解読_SV5M-090／100_SR.jpg","568714"
"cards/SV/SV5M/ベラカス_SV5M-15／97.jpg","SV5M","SV5M/15","same_content","ベラカス","cards/SV/SV5M/ベラカス_SV5M-015／100_U.jpg","SV5M/15","cards/SV/SV5M/ベラカス_SV5M-015／100_U.jpg","1233755"
"cards/SV/SV5M/ベルのまごころ_SV5M-93／97.jpg","SV5M","SV5M/93","same_content","テツノイサハex","cards/SV/SV5M/ベルのまごころ_SV5M-069／100_U.jpg","SV5M/69","cards/SV/SV5M/テツノイサハex_SV5M-093／100_SAR.jpg","637507"
"cards/SV/SV5M/ベルのまごころ_SV5M-97／97.jpg","SV5M","SV5M/97","same_content","ベルのまごころ","cards/SV/SV5M/ベルのまごころ_SV5M-069／100_U.jpg","SV5M/69","cards/SV/SV5M/ベルのまごころ_SV5M-097／100_SAR.jpg","637507"
"cards/SV/SV5M/ベロベルト_SV5M-54／97.jpg","SV5M","SV5M/54","same_content","ベロベルト","cards/SV/SV5M/ベロベルト_SV5M-054／100_C.jpg","SV5M/54","cards/SV/SV5M/ベロベルト_SV5M-054／100_C.jpg","804882"
"cards/SV/SV5M/ベロリンガ_SV5M-53／97.jpg","SV5M","SV5M/53","same_content","ベロリンガ","cards/SV/SV5M/ベロリンガ_SV5M-053／100_C.jpg","SV5M/53","cards/SV/SV5M/ベロリンガ_SV5M-053／100_C.jpg","905125"
"cards/SV/SV5M/ベロリンガ_SV5M-71／97.jpg","SV5M","SV5M/71","same_content","ミストエネルギー","cards/SV/SV5M/ベロリンガ_SV5M-053／100_C.jpg","SV5M/53","cards/SV/SV5M/ミストエネルギー_SV5M-071／100_U.jpg","905125"
"cards/SV/SV5M/マグカルゴ_SV5M-18／97.jpg","SV5M","SV5M/18","same_content","マグカルゴ","cards/SV/SV5M/マグカルゴ_SV5M-018／100_R.jpg","SV5M/18","cards/SV/SV5M/マグカルゴ_SV5M-018／100_R.jpg","1329889"
"cards/SV/SV5M/マグマッグ_SV5M-17／97.jpg","SV5M","SV5M/17","same_content","マグマッグ","cards/SV/SV5M/マグマッグ_SV5M-017／100_C.jpg","SV5M/17","cards/SV/SV5M/マグマッグ_SV5M-017／100_C.jpg","1227997"
"cards/SV/SV5M/マメパト_SV5M-57／97.jpg","SV5M","SV5M/57","same_content","マメパト","cards/SV/SV5M/マメパト_SV5M-057／100_C.jpg","SV5M/57","cards/SV/SV5M/マメパト_SV5M-057／100_C.jpg","753895"
"cards/SV/SV5M/ミライドン_SV5M-52／97.jpg","SV5M","SV5M/52","same_content","ミライドン","cards/SV/SV5M/ミライドン_SV5M-052／100_R.jpg","SV5M/52","cards/SV/SV5M/ミライドン_SV5M-052／100_R.jpg","1209679"
"cards/SV/SV5M/メタグロス_SV5M-48／97.jpg","SV5M","SV5M/48","same_content","メタグロス","cards/SV/SV5M/メタグロス_SV5M-048／100_U.jpg","SV5M/48","cards/SV/SV5M/メタグロス_SV5M-048／100_U.jpg","781575"
"cards/SV/SV5M/メタグロス_SV5M-69／97.jpg","SV5M","SV5M/69","same_content","ベルのまごころ","cards/SV/SV5M/メタグロス_SV5M-048／100_U.jpg","SV5M/48","cards/SV/SV5M/ベルのまごころ_SV5M-069／100_U.jpg","781575"
"cards/SV/SV5M/メタング_SV5M-47／97.jpg","SV5M","SV5M/47","same_content","メタング","cards/SV/SV5M/メタング_SV5M-047／100_C.jpg","SV5M/47","cards/SV/SV5M/メタング_SV5M-047／100_C.jpg","816908"
"cards/SV/SV5M/メブキジカ_SV5M-09／97.jpg","SV5M","SV5M/9","same_content","メブキジカ","cards/SV/SV5M/メブキジカ_SV5M-009／100_U.jpg","SV5M/9","cards/SV/SV5M/メブキジカ_SV5M-009／100_U.jpg","974892"
"cards/SV/SV5M/メブキジカ_SV5M-63／97.jpg","SV5M","SV5M/63","same_content","リブートポッド","cards/SV/SV5M/メブキジカ_SV5M-009／100_U.jpg","SV5M/9","cards/SV/SV5M/リブートポッド_SV5M-063／100.jpg","974892"
"cards/SV/SV5M/メルタン_SV5M-49／97.jpg","SV5M","SV5M/49","same_content","メルタン","cards/SV/SV5M/メルタン_SV5M-049／100_C.jpg","SV5M/49","cards/SV/SV5M/メルタン_SV5M-049／100_C.jpg","749255"
"cards/SV/SV5M/メルタン_SV5M-70／97.jpg","SV5M","SV5M/70","same_content","フルメタルラボ","cards/SV/SV5M/メルタン_SV5M-049／100_C.jpg","SV5M/49","cards/SV/SV5M/フルメタルラボ_SV5M-070／100_U.jpg","749255"
"cards/SV/SV5M/メルメタル_SV5M-50／97.jpg","SV5M","SV5M/50","same_content","メルメタル","cards/SV/SV5M/メルメタル_SV5M-050／100_R.jpg","SV5M/50","cards/SV/SV5M/メルメタル_SV5M-050／100_R.jpg","783980"
"cards/SV/SV5M/モグリュー_SV5M-39／97.jpg","SV5M","SV5M/39","same_content","モグリュー","cards/SV/SV5M/モグリュー_SV5M-039／100_C.jpg","SV5M/39","cards/SV/SV5M/モグリュー_SV5M-039／100_C.jpg","1276065"
"cards/SV/SV5M/ライチュウ_SV5M-24／97.jpg","SV5M","SV5M/24","same_content","ライチュウ","cards/SV/SV5M/ライチュウ_SV5M-024／100_C.jpg","SV5M/24","cards/SV/SV5M/ライチュウ_SV5M-024／100_C.jpg","1023878"
"cards/SV/SV5M/リキキリンex_SV5M-42／97.jpg","SV5M","SV5M/42","same_content","リキキリンex","cards/SV/SV5M/リキキリンex_SV5M-042／100_RR.jpg","SV5M/42","cards/SV/SV5M/リキキリンex_SV5M-042／100_RR.jpg","1744107"
"cards/SV/SV5M/リキキリンex_SV5M-77／97.jpg","SV5M","SV5M/77","same_content","テツノイバラ","cards/SV/SV5M/リキキリンex_SV5M-042／100_RR.jpg","SV5M/42","cards/SV/SV5M/テツノイバラ_SV5M-077／100_AR.jpg","1744107"
"cards/SV/SV5M/リブートポッド_SV5M-87／97.jpg","SV5M","SV5M/87","same_content","テツノイワオex","cards/SV/SV5M/リブートポッド_SV5M-063／100.jpg","SV5M/63","cards/SV/SV5M/テツノイワオex_SV5M-087／100_SR.jpg","1394759"
"cards/SV/SV5M/暗号マニアの解読_SV5M-91／97.jpg","SV5M","SV5M/91","same_content","セイジ","cards/SV/SV5M/暗号マニアの解読_SV5M-067／100_U.jpg","SV5M/67","cards/SV/SV5M/セイジ_SV5M-091／100_SR.jpg","794859"
"cards/SV/SV5M/暗号マニアの解読_SV5M-95／97.jpg","SV5M","SV5M/95","same_content","テツノイワオex","cards/SV/SV5M/暗号マニアの解読_SV5M-067／100_U.jpg","SV5M/67","cards/SV/SV5M/テツノイワオex_SV5M-095／100_SAR.jpg","794859"
"cards/SV/SV6/おはやし笛_SV6-091／130_U.jpg","SV6","SV6/91","same_content","おはやし笛","cards/SV/SV6/おはやし笛_SV6-091／133_U.jpg","SV6/91","cards/SV/SV6/おはやし笛_SV6-091／133_U.jpg","100812"
"cards/SV/SV6/おはやし笛_SV6-116／130.jpg","SV6","SV6/116","same_content","イルカマンex","cards/SV/SV6/おはやし笛_SV6-091／133_U.jpg","SV6/91","cards/SV/SV6/イルカマンex_SV6-116／133_SR.jpg","100812"
"cards/SV/SV6/お祭り会場_SV6-099／130_U.jpg","SV6","SV6/99","same_content","お祭り会場","cards/SV/SV6/お祭り会場_SV6-099／133_U.jpg","SV6/99","cards/SV/SV6/お祭り会場_SV6-099／133_U.jpg","133622"
"cards/SV/SV6/お祭り会場_SV6-124／130.jpg","SV6","SV6/124","same_content","ハッサク","cards/SV/SV6/お祭り会場_SV6-099／133_U.jpg","SV6/99","cards/SV/SV6/ハッサク_SV6-124／133_SR.jpg","133622"
"cards/SV/SV6/むしとりセット_SV6-094／130_U.jpg","SV6","SV6/94","same_content","むしとりセット","cards/SV/SV6/むしとりセット_SV6-094／133_U.jpg","SV6/94","cards/SV/SV6/むしとりセット_SV6-094／133_U.jpg","117224"
"cards/SV/SV6/むしとりセット_SV6-119／130.jpg","SV6","SV6/119","same_content","オーガポン いしずえのめんex","cards/SV/SV6/むしとりセット_SV6-094／133_U.jpg","SV6/94","cards/SV/SV6/オーガポン いしずえのめんex_SV6-119／133_SR.jpg","117224"
"cards/SV/SV6/アズマオウ_SV6-027／130_C.jpg","SV6","SV6/27","same_content","アズマオウ","cards/SV/SV6/アズマオウ_SV6-027／133_C.jpg","SV6/27","cards/SV/SV6/アズマオウ_SV6-027／133_C.jpg","169465"
"cards/SV/SV6/アラブルタケ_SV6-071／130_U.jpg","SV6","SV6/71","same_content","アラブルタケ","cards/SV/SV6/アラブルタケ_SV6-071／133_U.jpg","SV6/71","cards/SV/SV6/アラブルタケ_SV6-071／133_U.jpg","186569"
"cards/SV/SV6/イイネイヌ_SV6-064／130_R.jpg","SV6","SV6/64","same_content","イイネイヌ","cards/SV/SV6/イイネイヌ_SV6-064／133_R.jpg","SV6/64","cards/SV/SV6/イイネイヌ_SV6-064／133_R.jpg","181261"
"cards/SV/SV6/イルカマンex_SV6-036／130_RR.jpg","SV6","SV6/36","same_content","イルカマンex","cards/SV/SV6/イルカマンex_SV6-036／133_RR.jpg","SV6/36","cards/SV/SV6/イルカマンex_SV6-036／133_RR.jpg","185710"
"cards/SV/SV6/イルカマンex_SV6-104／130.jpg","SV6","SV6/104","same_content","ユキメノコ","cards/SV/SV6/イルカマンex_SV6-036／133_RR.jpg","SV6/36","cards/SV/SV6/ユキメノコ_SV6-104／133_AR.jpg","185710"
"cards/SV/SV6/イルカマン_SV6-035／130_U.jpg","SV6","SV6/35","same_content","イルカマン","cards/SV/SV6/イルカマン_SV6-035／133_U.jpg","SV6/35","cards/SV/SV6/イルカマン_SV6-035／133_U.jpg","166533"
"cards/SV/SV6/イルミーゼ_SV6-005／130_C.jpg","SV6","SV6/5","same_content","イルミーゼ","cards/SV/SV6/イルミーゼ_SV6-005／133_C.jpg","SV6/5","cards/SV/SV6/イルミーゼ_SV6-005／133_C.jpg","121957"
"cards/SV/SV6/エアームド_SV6-072／130_C.jpg","SV6","SV6/72","same_content","エアームド","cards/SV/SV6/エアームド_SV6-072／133_C.jpg","SV6/72","cards/SV/SV6/エアームド_SV6-072／133_C.jpg","125940"
"cards/SV/SV6/エイパム_SV6-086／130_C.jpg","SV6","SV6/86","same_content","エイパム","cards/SV/SV6/エイパム_SV6-086／133_C.jpg","SV6/86","cards/SV/SV6/エイパム_SV6-086／133_C.jpg","154261"
"cards/SV/SV6/エテボース_SV6-087／130_U.jpg","SV6","SV6/87","same_content","エテボース","cards/SV/SV6/エテボース_SV6-087／133_U.jpg","SV6/87","cards/SV/SV6/エテボース_SV6-087／133_U.jpg","147017"
"cards/SV/SV6/エモンガ_SV6-042／130_C.jpg","SV6","SV6/42","same_content","エモンガ","cards/SV/SV6/エモンガ_SV6-042／133_C.jpg","SV6/42","cards/SV/SV6/エモンガ_SV6-042／133_C.jpg","126334"
"cards/SV/SV6/オニゴーリ_SV6-032／130_U.jpg","SV6","SV6/32","same_content","オニゴーリ","cards/SV/SV6/オニゴーリ_SV6-032／133_U.jpg","SV6/32","cards/SV/SV6/オニゴーリ_SV6-032／133_U.jpg","145442"
"cards/SV/SV6/オーガポン いしずえのめんex_SV6-065／130_RR.jpg","SV6","SV6/65","same_content","オーガポン いしずえのめんex","cards/SV/SV6/オーガポン いしずえのめんex_SV6-065／133_RR.jpg","SV6/65","cards/SV/SV6/オーガポン いしずえのめんex_SV6-065／133_RR.jpg","260590"
"cards/SV/SV6/オーガポン いしずえのめんex_SV6-107／130.jpg","SV6","SV6/107","same_content","マシマシラ","cards/SV/SV6/オーガポン いしずえのめんex_SV6-065／133_RR.jpg","SV6/65","cards/SV/SV6/マシマシラ_SV6-107／133_AR.jpg","260590"
"cards/SV/SV6/オーガポン いしずえのめんex_SV6-113／130.jpg","SV6","SV6/113","same_content","ラッキー","cards/SV/SV6/オーガポン いしずえのめんex_SV6-065／133_RR.jpg","SV6/65","cards/SV/SV6/ラッキー_SV6-113／133_AR.jpg","260590"
"cards/SV/SV6/オーガポン いどのめんex_SV6-038／130_RR.jpg","SV6","SV6/38","same_content","オーガポン いどのめんex","cards/SV/SV6/オーガポン いどのめんex_SV6-038／133_RR.jpg","SV6/38","cards/SV/SV6/オーガポン いどのめんex_SV6-038／133_RR.jpg","276753"
"cards/SV/SV6/オーガポン いどのめんex_SV6-105／130.jpg","SV6","SV6/105","same_content","カイデン","cards/SV/SV6/オーガポン いどのめんex_SV6-038／133_RR.jpg","SV6/38","cards/SV/SV6/カイデン_SV6-105／133_AR.jpg","276753"
"cards/SV/SV6/オーガポン いどのめんex_SV6-112／130.jpg","SV6","SV6/112","same_content","シャリタツ","cards/SV/SV6/オーガポン いどのめんex_SV6-038／133_RR.jpg","SV6/38","cards/SV/SV6/シャリタツ_SV6-112／133_AR.jpg","276753"
"cards/SV/SV6/オーガポン かまどのめんex_SV6-022／130_RR.jpg","SV6","SV6/22","same_content","オーガポン かまどのめんex","cards/SV/SV6/オーガポン かまどのめんex_SV6-022／133_RR.jpg","SV6/22","cards/SV/SV6/オーガポン かまどのめんex_SV6-022／133_RR.jpg","254433"
"cards/SV/SV6/オーガポン かまどのめんex_SV6-103／130.jpg","SV6","SV6/103","same_content","カミッチュ","cards/SV/SV6/オーガポン かまどのめんex_SV6-022／133_RR.jpg","SV6/22","cards/SV/SV6/カミッチュ_SV6-103／133_AR.jpg","254433"
"cards/SV/SV6/オーガポン かまどのめんex_SV6-111／130.jpg","SV6","SV6/111","same_content","コドラ","cards/SV/SV6/オーガポン かまどのめんex_SV6-022／133_RR.jpg","SV6/22","cards/SV/SV6/コドラ_SV6-111／133_AR.jpg","254433"
"cards/SV/SV6/オーガポン みどりのめんex_SV6-016／130_RR.jpg","SV6","SV6/16","same_content","オーガポン みどりのめんex","cards/SV/SV6/オーガポン みどりのめんex_SV6-016／133_RR.jpg","SV6/16","cards/SV/SV6/オーガポン みどりのめんex_SV6-016／133_RR.jpg","254390"
"cards/SV/SV6/オーガポン みどりのめんex_SV6-102／130.jpg","SV6","SV6/102","same_content","キマワリ","cards/SV/SV6/オーガポン みどりのめんex_SV6-016／133_RR.jpg","SV6/16","cards/SV/SV6/キマワリ_SV6-102／133_AR.jpg","254390"
"cards/SV/SV6/オーガポン みどりのめんex_SV6-110／130.jpg","SV6","SV6/110","same_content","イイネイヌ","cards/SV/SV6/オーガポン みどりのめんex_SV6-016／133_RR.jpg","SV6/16","cards/SV/SV6/イイネイヌ_SV6-110／133_AR.jpg","254390"
"cards/SV/SV6/オーガポン みどりのめんex_SV6-114／130.jpg","SV6","SV6/114","same_content","オーガポン みどりのめんex","cards/SV/SV6/オーガポン みどりのめんex_SV6-016／133_RR.jpg","SV6/16","cards/SV/SV6/オーガポン みどりのめんex_SV6-114／133_SR.jpg","254390"
"cards/SV/SV6/オーガポン みどりのめん_SV6-015／130_R.jpg","SV6","SV6/15","same_content","オーガポン みどりのめん","cards/SV/SV6/オーガポン みどりのめん_SV6-015／133_R.jpg","SV6/15","cards/SV/SV6/オーガポン みどりのめん_SV6-015／133_R.jpg","157916"
"cards/SV/SV6/オーロット_SV6-007／130_C.jpg","SV6","SV6/7","same_content","オーロット","cards/SV/SV6/オーロット_SV6-007／133_C.jpg","SV6/7","cards/SV/SV6/オーロット_SV6-007／133_C.jpg","139159"
"cards/SV/SV6/カイデン_SV6-043／130_C.jpg","SV6","SV6/43","same_content","カイデン","cards/SV/SV6/カイデン_SV6-043／133_C.jpg","SV6/43","cards/SV/SV6/カイデン_SV6-043／133_C.jpg","111262"
"cards/SV/SV6/カジッチュ_SV6-011／130_C.jpg","SV6","SV6/11","same_content","カジッチュ","cards/SV/SV6/カジッチュ_SV6-011／133_C.jpg","SV6/11","cards/SV/SV6/カジッチュ_SV6-011／133_C.jpg","118245"
"cards/SV/SV6/カミッチュ_SV6-012／130_U.jpg","SV6","SV6/12","same_content","カミッチュ","cards/SV/SV6/カミッチュ_SV6-012／133_U.jpg","SV6/12","cards/SV/SV6/カミッチュ_SV6-012／133_U.jpg","157728"
"cards/SV/SV6/カモネギ_SV6-083／130_C.jpg","SV6","SV6/83","same_content","カモネギ","cards/SV/SV6/カモネギ_SV6-083／133_C.jpg","SV6/83","cards/SV/SV6/カモネギ_SV6-083／133_C.jpg","133913"
"cards/SV/SV6/キチキギス_SV6-056／130_R.jpg","SV6","SV6/56","same_content","キチキギス","cards/SV/SV6/キチキギス_SV6-056／133_R.jpg","SV6/56","cards/SV/SV6/キチキギス_SV6-056／133_R.jpg","148875"
"cards/SV/SV6/キマワリ_SV6-002／130_U.jpg","SV6","SV6/2","same_content","キマワリ","cards/SV/SV6/キマワリ_SV6-002／133_U.jpg","SV6/2","cards/SV/SV6/キマワリ_SV6-002／133_U.jpg","127689"
"cards/SV/SV6/キラフロル_SV6-063／130_U.jpg","SV6","SV6/63","same_content","キラフロル","cards/SV/SV6/キラフロル_SV6-063／133_U.jpg","SV6/63","cards/SV/SV6/キラフロル_SV6-063／133_U.jpg","170395"
"cards/SV/SV6/キラーメ_SV6-062／130_C.jpg","SV6","SV6/62","same_content","キラーメ","cards/SV/SV6/キラーメ_SV6-062／133_C.jpg","SV6/62","cards/SV/SV6/キラーメ_SV6-062／133_C.jpg","131585"
"cards/SV/SV6/グラエナ_SV6-067／130_U.jpg","SV6","SV6/67","same_content","グラエナ","cards/SV/SV6/グラエナ_SV6-067／133_U.jpg","SV6/67","cards/SV/SV6/グラエナ_SV6-067／133_U.jpg","149314"
"cards/SV/SV6/ケーシィ_SV6-047／130_C.jpg","SV6","SV6/47","same_content","ケーシィ","cards/SV/SV6/ケーシィ_SV6-047／133_C.jpg","SV6/47","cards/SV/SV6/ケーシィ_SV6-047／133_C.jpg","135525"
"cards/SV/SV6/コアルヒー_SV6-088／130_C.jpg","SV6","SV6/88","same_content","コアルヒー","cards/SV/SV6/コアルヒー_SV6-088／133_C.jpg","SV6/88","cards/SV/SV6/コアルヒー_SV6-088／133_C.jpg","144511"
"cards/SV/SV6/ココドラ_SV6-073／130_C.jpg","SV6","SV6/73","same_content","ココドラ","cards/SV/SV6/ココドラ_SV6-073／133_C.jpg","SV6/73","cards/SV/SV6/ココドラ_SV6-073／133_C.jpg","129462"
"cards/SV/SV6/コドラ_SV6-074／130_C.jpg","SV6","SV6/74","same_content","コドラ","cards/SV/SV6/コドラ_SV6-074／133_C.jpg","SV6/74","cards/SV/SV6/コドラ_SV6-074／133_C.jpg","163403"
"cards/SV/SV6/コリンク_SV6-039／130_C.jpg","SV6","SV6/39","same_content","コリンク","cards/SV/SV6/コリンク_SV6-039／133_C.jpg","SV6/39","cards/SV/SV6/コリンク_SV6-039／133_C.jpg","119089"
"cards/SV/SV6/ゴリランダー_SV6-010／130_U.jpg","SV6","SV6/10","same_content","ゴリランダー","cards/SV/SV6/ゴリランダー_SV6-010／133_U.jpg","SV6/10","cards/SV/SV6/ゴリランダー_SV6-010／133_U.jpg","138551"
"cards/SV/SV6/サルノリ_SV6-008／130_C.jpg","SV6","SV6/8","same_content","サルノリ","cards/SV/SV6/サルノリ_SV6-008／133_C.jpg","SV6/8","cards/SV/SV6/サルノリ_SV6-008／133_C.jpg","122558"
"cards/SV/SV6/サンド_SV6-057／130_C.jpg","SV6","SV6/57","same_content","サンド","cards/SV/SV6/サンド_SV6-057／133_C.jpg","SV6/57","cards/SV/SV6/サンド_SV6-057／133_C.jpg","177496"
"cards/SV/SV6/サンドパン_SV6-058／130_U.jpg","SV6","SV6/58","same_content","サンドパン","cards/SV/SV6/サンドパン_SV6-058／133_U.jpg","SV6/58","cards/SV/SV6/サンドパン_SV6-058／133_U.jpg","170838"
"cards/SV/SV6/シャリタツ_SV6-082／130_U.jpg","SV6","SV6/82","same_content","シャリタツ","cards/SV/SV6/シャリタツ_SV6-082／133_U.jpg","SV6/82","cards/SV/SV6/シャリタツ_SV6-082／133_U.jpg","170787"
"cards/SV/SV6/シャンデラ_SV6-021／130_R.jpg","SV6","SV6/21","same_content","シャンデラ","cards/SV/SV6/シャンデラ_SV6-021／133_R.jpg","SV6/21","cards/SV/SV6/シャンデラ_SV6-021／133_R.jpg","172230"
"cards/SV/SV6/シロデスナ_SV6-054／130_C.jpg","SV6","SV6/54","same_content","シロデスナ","cards/SV/SV6/シロデスナ_SV6-054／133_C.jpg","SV6/54","cards/SV/SV6/シロデスナ_SV6-054／133_C.jpg","131307"
"cards/SV/SV6/シークレットボックス_SV6-092／130.jpg","SV6","SV6/92","same_content","シークレットボックス","cards/SV/SV6/シークレットボックス_SV6-092／133.jpg","SV6/92","cards/SV/SV6/シークレットボックス_SV6-092／133.jpg","186994"
"cards/SV/SV6/シークレットボックス_SV6-117／130.jpg","SV6","SV6/117","same_content","オーガポン いどのめんex","cards/SV/SV6/シークレットボックス_SV6-092／133.jpg","SV6/92","cards/SV/SV6/オーガポン いどのめんex_SV6-117／133_SR.jpg","186994"
"cards/SV/SV6/ジャミングタワー_SV6-100／130_U.jpg","SV6","SV6/100","same_content","ジャミングタワー","cards/SV/SV6/ジャミングタワー_SV6-100／133_U.jpg","SV6/100","cards/SV/SV6/ジャミングタワー_SV6-100／133_U.jpg","124304"
"cards/SV/SV6/ジャミングタワー_SV6-125／130.jpg","SV6","SV6/125","same_content","オーガポン みどりのめんex","cards/SV/SV6/ジャミングタワー_SV6-100／133_U.jpg","SV6/100","cards/SV/SV6/オーガポン みどりのめんex_SV6-125／133_SAR.jpg","124304"
"cards/SV/SV6/スグリ_SV6-096／130_U.jpg","SV6","SV6/96","same_content","スグリ","cards/SV/SV6/スグリ_SV6-096／133_U.jpg","SV6/96","cards/SV/SV6/スグリ_SV6-096／133_U.jpg","130782"
"cards/SV/SV6/スグリ_SV6-121／130.jpg","SV6","SV6/121","same_content","ハピナスex","cards/SV/SV6/スグリ_SV6-096／133_U.jpg","SV6/96","cards/SV/SV6/ハピナスex_SV6-121／133_SR.jpg","130782"
"cards/SV/SV6/スグリ_SV6-126／130.jpg","SV6","SV6/126","same_content","オーガポン かまどのめんex","cards/SV/SV6/スグリ_SV6-096／133_U.jpg","SV6/96","cards/SV/SV6/オーガポン かまどのめんex_SV6-126／133_SAR.jpg","130782"
"cards/SV/SV6/スグリ_SV6-129／130.jpg","SV6","SV6/129","same_content","スグリ","cards/SV/SV6/スグリ_SV6-096／133_U.jpg","SV6/96","cards/SV/SV6/スグリ_SV6-129／133_SAR.jpg","130782"
"cards/SV/SV6/スナバァ_SV6-053／130_C.jpg","SV6","SV6/53","same_content","スナバァ","cards/SV/SV6/スナバァ_SV6-053／133_C.jpg","SV6/53","cards/SV/SV6/スナバァ_SV6-053／133_C.jpg","129288"
"cards/SV/SV6/スワンナ_SV6-089／130_U.jpg","SV6","SV6/89","same_content","スワンナ","cards/SV/SV6/スワンナ_SV6-089／133_U.jpg","SV6/89","cards/SV/SV6/スワンナ_SV6-089／133_U.jpg","136443"
"cards/SV/SV6/ゼイユ_SV6-097／130_U.jpg","SV6","SV6/97","same_content","ゼイユ","cards/SV/SV6/ゼイユ_SV6-097／133_U.jpg","SV6/97","cards/SV/SV6/ゼイユ_SV6-097／133_U.jpg","113558"
"cards/SV/SV6/ゼイユ_SV6-122／130.jpg","SV6","SV6/122","same_content","スグリ","cards/SV/SV6/ゼイユ_SV6-097／133_U.jpg","SV6/97","cards/SV/SV6/スグリ_SV6-122／133_SR.jpg","113558"
"cards/SV/SV6/ゼイユ_SV6-127／130.jpg","SV6","SV6/127","same_content","オーガポン いどのめんex","cards/SV/SV6/ゼイユ_SV6-097／133_U.jpg","SV6/97","cards/SV/SV6/オーガポン いどのめんex_SV6-127／133_SAR.jpg","113558"
"cards/SV/SV6/ゼイユ_SV6-130／130.jpg","SV6","SV6/130","same_content","ゼイユ","cards/SV/SV6/ゼイユ_SV6-097／133_U.jpg","SV6/97","cards/SV/SV6/ゼイユ_SV6-130／133_SAR.jpg","113558"
"cards/SV/SV6/タイカイデン_SV6-044／130_U.jpg","SV6","SV6/44","same_content","タイカイデン","cards/SV/SV6/タイカイデン_SV6-044／133_U.jpg","SV6/44","cards/SV/SV6/タイカイデン_SV6-044／133_U.jpg","138854"
"cards/SV/SV6/ダルマッカ_SV6-017／130_C.jpg","SV6","SV6/17","same_content","ダルマッカ","cards/SV/SV6/ダルマッカ_SV6-017／133_C.jpg","SV6/17","cards/SV/SV6/ダルマッカ_SV6-017／133_C.jpg","140972"
"cards/SV/SV6/チャデス_SV6-013／130_C.jpg","SV6","SV6/13","same_content","チャデス","cards/SV/SV6/チャデス_SV6-013／133_C.jpg","SV6/13","cards/SV/SV6/チャデス_SV6-013／133_C.jpg","142203"
"cards/SV/SV6/チリーン_SV6-050／130_C.jpg","SV6","SV6/50","same_content","チリーン","cards/SV/SV6/チリーン_SV6-050／133_C.jpg","SV6/50","cards/SV/SV6/チリーン_SV6-050／133_C.jpg","148913"
"cards/SV/SV6/テツノツツミ_SV6-037／130_U.jpg","SV6","SV6/37","same_content","テツノツツミ","cards/SV/SV6/テツノツツミ_SV6-037／133_U.jpg","SV6/37","cards/SV/SV6/テツノツツミ_SV6-037／133_U.jpg","187712"
"cards/SV/SV6/トサキント_SV6-026／130_C.jpg","SV6","SV6/26","same_content","トサキント","cards/SV/SV6/トサキント_SV6-026／133_C.jpg","SV6/26","cards/SV/SV6/トサキント_SV6-026／133_C.jpg","200595"
"cards/SV/SV6/ドッコラー_SV6-059／130_C.jpg","SV6","SV6/59","same_content","ドッコラー","cards/SV/SV6/ドッコラー_SV6-059／133_C.jpg","SV6/59","cards/SV/SV6/ドッコラー_SV6-059／133_C.jpg","147338"
"cards/SV/SV6/ドテッコツ_SV6-060／130_C.jpg","SV6","SV6/60","same_content","ドテッコツ","cards/SV/SV6/ドテッコツ_SV6-060／133_C.jpg","SV6/60","cards/SV/SV6/ドテッコツ_SV6-060／133_C.jpg","147071"
"cards/SV/SV6/ドラパルトex_SV6-081／130_RR.jpg","SV6","SV6/81","same_content","ドラパルトex","cards/SV/SV6/ドラパルトex_SV6-081／133_RR.jpg","SV6/81","cards/SV/SV6/ドラパルトex_SV6-081／133_RR.jpg","239039"
"cards/SV/SV6/ドラパルトex_SV6-108／130.jpg","SV6","SV6/108","same_content","キチキギス","cards/SV/SV6/ドラパルトex_SV6-081／133_RR.jpg","SV6/81","cards/SV/SV6/キチキギス_SV6-108／133_AR.jpg","239039"
"cards/SV/SV6/ドラメシヤ_SV6-079／130_C.jpg","SV6","SV6/79","same_content","ドラメシヤ","cards/SV/SV6/ドラメシヤ_SV6-079／133_C.jpg","SV6/79","cards/SV/SV6/ドラメシヤ_SV6-079／133_C.jpg","114954"
"cards/SV/SV6/ドロンチ_SV6-080／130_C.jpg","SV6","SV6/80","same_content","ドロンチ","cards/SV/SV6/ドロンチ_SV6-080／133_C.jpg","SV6/80","cards/SV/SV6/ドロンチ_SV6-080／133_C.jpg","134959"
"cards/SV/SV6/ナミイルカ_SV6-034／130_C.jpg","SV6","SV6/34","same_content","ナミイルカ","cards/SV/SV6/ナミイルカ_SV6-034／133_C.jpg","SV6/34","cards/SV/SV6/ナミイルカ_SV6-034／133_C.jpg","163278"
"cards/SV/SV6/ニョロゾ_SV6-024／130_C.jpg","SV6","SV6/24","same_content","ニョロゾ","cards/SV/SV6/ニョロゾ_SV6-024／133_C.jpg","SV6/24","cards/SV/SV6/ニョロゾ_SV6-024／133_C.jpg","159844"
"cards/SV/SV6/ニョロボン_SV6-025／130_U.jpg","SV6","SV6/25","same_content","ニョロボン","cards/SV/SV6/ニョロボン_SV6-025／133_U.jpg","SV6/25","cards/SV/SV6/ニョロボン_SV6-025／133_U.jpg","175958"
"cards/SV/SV6/ニョロモ_SV6-023／130_C.jpg","SV6","SV6/23","same_content","ニョロモ","cards/SV/SV6/ニョロモ_SV6-023／133_C.jpg","SV6/23","cards/SV/SV6/ニョロモ_SV6-023／133_C.jpg","159007"
"cards/SV/SV6/ハッサク_SV6-098／130_U.jpg","SV6","SV6/98","same_content","ハッサク","cards/SV/SV6/ハッサク_SV6-098／133_U.jpg","SV6/98","cards/SV/SV6/ハッサク_SV6-098／133_U.jpg","111211"
"cards/SV/SV6/ハッサク_SV6-123／130.jpg","SV6","SV6/123","same_content","ゼイユ","cards/SV/SV6/ハッサク_SV6-098／133_U.jpg","SV6/98","cards/SV/SV6/ゼイユ_SV6-123／133_SR.jpg","111211"
"cards/SV/SV6/ハッサク_SV6-128／130.jpg","SV6","SV6/128","same_content","オーガポン いしずえのめんex","cards/SV/SV6/ハッサク_SV6-098／133_U.jpg","SV6/98","cards/SV/SV6/オーガポン いしずえのめんex_SV6-128／133_SAR.jpg","111211"
"cards/SV/SV6/ハピナスex_SV6-085／130_RR.jpg","SV6","SV6/85","same_content","ハピナスex","cards/SV/SV6/ハピナスex_SV6-085／133_RR.jpg","SV6/85","cards/SV/SV6/ハピナスex_SV6-085／133_RR.jpg","134764"
"cards/SV/SV6/ハピナスex_SV6-109／130.jpg","SV6","SV6/109","same_content","ドッコラー","cards/SV/SV6/ハピナスex_SV6-085／133_RR.jpg","SV6/85","cards/SV/SV6/ドッコラー_SV6-109／133_AR.jpg","134764"
"cards/SV/SV6/ハンディサーキュレーター_SV6-095／130_U.jpg","SV6","SV6/95","same_content","ハンディサーキュレーター","cards/SV/SV6/ハンディサーキュレーター_SV6-095／133_U.jpg","SV6/95","cards/SV/SV6/ハンディサーキュレーター_SV6-095／133_U.jpg","104932"
"cards/SV/SV6/ハンディサーキュレーター_SV6-120／130.jpg","SV6","SV6/120","same_content","ドラパルトex","cards/SV/SV6/ハンディサーキュレーター_SV6-095／133_U.jpg","SV6/95","cards/SV/SV6/ドラパルトex_SV6-120／133_SR.jpg","104932"
"cards/SV/SV6/バチンキー_SV6-009／130_C.jpg","SV6","SV6/9","same_content","バチンキー","cards/SV/SV6/バチンキー_SV6-009／133_C.jpg","SV6/9","cards/SV/SV6/バチンキー_SV6-009／133_C.jpg","149983"
"cards/SV/SV6/バルビート_SV6-004／130_C.jpg","SV6","SV6/4","same_content","バルビート","cards/SV/SV6/バルビート_SV6-004／133_C.jpg","SV6/4","cards/SV/SV6/バルビート_SV6-004／133_C.jpg","130602"
"cards/SV/SV6/ヒトモシ_SV6-019／130_C.jpg","SV6","SV6/19","same_content","ヒトモシ","cards/SV/SV6/ヒトモシ_SV6-019／133_C.jpg","SV6/19","cards/SV/SV6/ヒトモシ_SV6-019／133_C.jpg","138139"
"cards/SV/SV6/ヒヒダルマ_SV6-018／130_U.jpg","SV6","SV6/18","same_content","ヒヒダルマ","cards/SV/SV6/ヒヒダルマ_SV6-018／133_U.jpg","SV6/18","cards/SV/SV6/ヒヒダルマ_SV6-018／133_U.jpg","159067"
"cards/SV/SV6/ヒマナッツ_SV6-001／130_C.jpg","SV6","SV6/1","same_content","ヒマナッツ","cards/SV/SV6/ヒマナッツ_SV6-001／133_C.jpg","SV6/1","cards/SV/SV6/ヒマナッツ_SV6-001／133_C.jpg","133507"
"cards/SV/SV6/ヒンバス_SV6-029／130_C.jpg","SV6","SV6/29","same_content","ヒンバス","cards/SV/SV6/ヒンバス_SV6-029／133_C.jpg","SV6/29","cards/SV/SV6/ヒンバス_SV6-029／133_C.jpg","150471"
"cards/SV/SV6/ヒードラン_SV6-076／130_R.jpg","SV6","SV6/76","same_content","ヒードラン","cards/SV/SV6/ヒードラン_SV6-076／133_R.jpg","SV6/76","cards/SV/SV6/ヒードラン_SV6-076／133_R.jpg","160854"
"cards/SV/SV6/ピクシー_SV6-046／130_U.jpg","SV6","SV6/46","same_content","ピクシー","cards/SV/SV6/ピクシー_SV6-046／133_U.jpg","SV6/46","cards/SV/SV6/ピクシー_SV6-046／133_U.jpg","122358"
"cards/SV/SV6/ピッピ_SV6-045／130_C.jpg","SV6","SV6/45","same_content","ピッピ","cards/SV/SV6/ピッピ_SV6-045／133_C.jpg","SV6/45","cards/SV/SV6/ピッピ_SV6-045／133_C.jpg","122838"
"cards/SV/SV6/フシデ_SV6-068／130_C.jpg","SV6","SV6/68","same_content","フシデ","cards/SV/SV6/フシデ_SV6-068／133_C.jpg","SV6/68","cards/SV/SV6/フシデ_SV6-068／133_C.jpg","215858"
"cards/SV/SV6/フーディン_SV6-049／130_R.jpg","SV6","SV6/49","same_content","フーディン","cards/SV/SV6/フーディン_SV6-049／133_R.jpg","SV6/49","cards/SV/SV6/フーディン_SV6-049／133_R.jpg","184512"
"cards/SV/SV6/ブロロローム_SV6-078／130_U.jpg","SV6","SV6/78","same_content","ブロロローム","cards/SV/SV6/ブロロローム_SV6-078／133_U.jpg","SV6/78","cards/SV/SV6/ブロロローム_SV6-078／133_U.jpg","142486"
"cards/SV/SV6/ブロロン_SV6-077／130_C.jpg","SV6","SV6/77","same_content","ブロロン","cards/SV/SV6/ブロロン_SV6-077／133_C.jpg","SV6/77","cards/SV/SV6/ブロロン_SV6-077／133_C.jpg","156560"
"cards/SV/SV6/ヘラクロス_SV6-003／130_U.jpg","SV6","SV6/3","same_content","ヘラクロス","cards/SV/SV6/ヘラクロス_SV6-003／133_U.jpg","SV6/3","cards/SV/SV6/ヘラクロス_SV6-003／133_U.jpg","120264"
"cards/SV/SV6/ペロッパフ_SV6-051／130_C.jpg","SV6","SV6/51","same_content","ペロッパフ","cards/SV/SV6/ペロッパフ_SV6-051／133_C.jpg","SV6/51","cards/SV/SV6/ペロッパフ_SV6-051／133_C.jpg","138338"
"cards/SV/SV6/ペロリーム_SV6-052／130_U.jpg","SV6","SV6/52","same_content","ペロリーム","cards/SV/SV6/ペロリーム_SV6-052／133_U.jpg","SV6/52","cards/SV/SV6/ペロリーム_SV6-052／133_U.jpg","161960"
"cards/SV/SV6/ペンドラー_SV6-070／130_U.jpg","SV6","SV6/70","same_content","ペンドラー","cards/SV/SV6/ペンドラー_SV6-070／133_U.jpg","SV6/70","cards/SV/SV6/ペンドラー_SV6-070／133_U.jpg","151479"
"cards/SV/SV6/ホイーガ_SV6-069／130_C.jpg","SV6","SV6/69","same_content","ホイーガ","cards/SV/SV6/ホイーガ_SV6-069／133_C.jpg","SV6/69","cards/SV/SV6/ホイーガ_SV6-069／133_C.jpg","158293"
"cards/SV/SV6/ボクレー_SV6-006／130_C.jpg","SV6","SV6/6","same_content","ボクレー","cards/SV/SV6/ボクレー_SV6-006／133_C.jpg","SV6/6","cards/SV/SV6/ボクレー_SV6-006／133_C.jpg","153081"
"cards/SV/SV6/ボスゴドラ_SV6-075／130_U.jpg","SV6","SV6/75","same_content","ボスゴドラ","cards/SV/SV6/ボスゴドラ_SV6-075／133_U.jpg","SV6/75","cards/SV/SV6/ボスゴドラ_SV6-075／133_U.jpg","160934"
"cards/SV/SV6/ポケモン回収サイクロン_SV6-093／130.jpg","SV6","SV6/93","same_content","ポケモン回収サイクロン","cards/SV/SV6/ポケモン回収サイクロン_SV6-093／133.jpg","SV6/93","cards/SV/SV6/ポケモン回収サイクロン_SV6-093／133.jpg","183874"
"cards/SV/SV6/ポケモン回収サイクロン_SV6-118／130.jpg","SV6","SV6/118","same_content","レントラーex","cards/SV/SV6/ポケモン回収サイクロン_SV6-093／133.jpg","SV6/93","cards/SV/SV6/レントラーex_SV6-118／133_SR.jpg","183874"
"cards/SV/SV6/ポチエナ_SV6-066／130_C.jpg","SV6","SV6/66","same_content","ポチエナ","cards/SV/SV6/ポチエナ_SV6-066／133_C.jpg","SV6/66","cards/SV/SV6/ポチエナ_SV6-066／133_C.jpg","159896"
"cards/SV/SV6/マシマシラ_SV6-055／130_R.jpg","SV6","SV6/55","same_content","マシマシラ","cards/SV/SV6/マシマシラ_SV6-055／133_R.jpg","SV6/55","cards/SV/SV6/マシマシラ_SV6-055／133_R.jpg","152356"
"cards/SV/SV6/ミロカロス_SV6-030／130_U.jpg","SV6","SV6/30","same_content","ミロカロス","cards/SV/SV6/ミロカロス_SV6-030／133_U.jpg","SV6/30","cards/SV/SV6/ミロカロス_SV6-030／133_U.jpg","164412"
"cards/SV/SV6/ヤバソチャ_SV6-014／130_R.jpg","SV6","SV6/14","same_content","ヤバソチャ","cards/SV/SV6/ヤバソチャ_SV6-014／133_R.jpg","SV6/14","cards/SV/SV6/ヤバソチャ_SV6-014／133_R.jpg","140592"
"cards/SV/SV6/ユキメノコ_SV6-033／130_R.jpg","SV6","SV6/33","same_content","ユキメノコ","cards/SV/SV6/ユキメノコ_SV6-033／133_R.jpg","SV6/33","cards/SV/SV6/ユキメノコ_SV6-033／133_R.jpg","165659"
"cards/SV/SV6/ユキワラシ_SV6-031／130_C.jpg","SV6","SV6/31","same_content","ユキワラシ","cards/SV/SV6/ユキワラシ_SV6-031／133_C.jpg","SV6/31","cards/SV/SV6/ユキワラシ_SV6-031／133_C.jpg","142124"
"cards/SV/SV6/ユンゲラー_SV6-048／130_C.jpg","SV6","SV6/48","same_content","ユンゲラー","cards/SV/SV6/ユンゲラー_SV6-048／133_C.jpg","SV6/48","cards/SV/SV6/ユンゲラー_SV6-048／133_C.jpg","173606"
"cards/SV/SV6/ラッキー_SV6-084／130_C.jpg","SV6","SV6/84","same_content","ラッキー","cards/SV/SV6/ラッキー_SV6-084／133_C.jpg","SV6/84","cards/SV/SV6/ラッキー_SV6-084／133_C.jpg","114496"
"cards/SV/SV6/ランプラー_SV6-020／130_C.jpg","SV6","SV6/20","same_content","ランプラー","cards/SV/SV6/ランプラー_SV6-020／133_C.jpg","SV6/20","cards/SV/SV6/ランプラー_SV6-020／133_C.jpg","143299"
"cards/SV/SV6/ルクシオ_SV6-040／130_C.jpg","SV6","SV6/40","same_content","ルクシオ","cards/SV/SV6/ルクシオ_SV6-040／133_C.jpg","SV6/40","cards/SV/SV6/ルクシオ_SV6-040／133_C.jpg","141517"
"cards/SV/SV6/ルージュラ_SV6-028／130_C.jpg","SV6","SV6/28","same_content","ルージュラ","cards/SV/SV6/ルージュラ_SV6-028／133_C.jpg","SV6/28","cards/SV/SV6/ルージュラ_SV6-028／133_C.jpg","173958"
"cards/SV/SV6/レガシーエネルギー_SV6-101／130.jpg","SV6","SV6/101","same_content","レガシーエネルギー","cards/SV/SV6/レガシーエネルギー_SV6-101／133.jpg","SV6/101","cards/SV/SV6/レガシーエネルギー_SV6-101／133.jpg","224309"
"cards/SV/SV6/レントラーex_SV6-041／130_RR.jpg","SV6","SV6/41","same_content","レントラーex","cards/SV/SV6/レントラーex_SV6-041／133_RR.jpg","SV6/41","cards/SV/SV6/レントラーex_SV6-041／133_RR.jpg","154018"
"cards/SV/SV6/レントラーex_SV6-106／130.jpg","SV6","SV6/106","same_content","チリーン","cards/SV/SV6/レントラーex_SV6-041／133_RR.jpg","SV6/41","cards/SV/SV6/チリーン_SV6-106／133_AR.jpg","154018"
"cards/SV/SV6/ローブシン_SV6-061／130_U.jpg","SV6","SV6/61","same_content","ローブシン","cards/SV/SV6/ローブシン_SV6-061／133_U.jpg","SV6/61","cards/SV/SV6/ローブシン_SV6-061／133_U.jpg","159291"
"cards/SV/SV6/鬼の仮面_SV6-090／130_U.jpg","SV6","SV6/90","same_content","鬼の仮面","cards/SV/SV6/鬼の仮面_SV6-090／133_U.jpg","SV6/90","cards/SV/SV6/鬼の仮面_SV6-090／133_U.jpg","129464"
"cards/SV/SV6/鬼の仮面_SV6-115／130.jpg","SV6","SV6/115","same_content","オーガポン かまどのめんex","cards/SV/SV6/鬼の仮面_SV6-090／133_U.jpg","SV6/90","cards/SV/SV6/オーガポン かまどのめんex_SV6-115／133_SR.jpg","129464"
"cards/SV/SV8/のんびりじゃらし_SV8-096／106_U.jpg","SV8","SV8/96","same_content","のんびりじゃらし","cards/SV/SV8/のんびりじゃらし_SV8-096／138_U.jpg","SV8/96","cards/SV/SV8/のんびりじゃらし_SV8-096／138_U.jpg","548158"
"cards/SV/SV8/アイアントex_SV8-003／106_RR.jpg","SV8","SV8/3","same_content","アイアントex","cards/SV/SV8/アイアントex_SV8-003／138_RR.jpg","SV8/3","cards/SV/SV8/アイアントex_SV8-003／138_RR.jpg","1044262"
"cards/SV/SV8/アグノム_SV8-050／106_C.jpg","SV8","SV8/50","same_content","アグノム","cards/SV/SV8/アグノム_SV8-050／138_C.jpg","SV8/50","cards/SV/SV8/アグノム_SV8-050／138_C.jpg","851738"
"cards/SV/SV8/アチゲータ_SV8-018／106_C.jpg","SV8","SV8/18","same_content","アチゲータ","cards/SV/SV8/アチゲータ_SV8-018／138_C.jpg","SV8/18","cards/SV/SV8/アチゲータ_SV8-018／138_C.jpg","1110041"
"cards/SV/SV8/アローラ ダグトリオ_SV8-077／106_U.jpg","SV8","SV8/77","same_content","アローラ ダグトリオ","cards/SV/SV8/アローラ ダグトリオ_SV8-077／138_U.jpg","SV8/77","cards/SV/SV8/アローラ ダグトリオ_SV8-077／138_U.jpg","713634"
"cards/SV/SV8/アローラ ディグダ_SV8-076／106_C.jpg","SV8","SV8/76","same_content","アローラ ディグダ","cards/SV/SV8/アローラ ディグダ_SV8-076／138_C.jpg","SV8/76","cards/SV/SV8/アローラ ディグダ_SV8-076／138_C.jpg","814515"
"cards/SV/SV8/イエッサン_SV8-058／106_U.jpg","SV8","SV8/58","same_content","イエッサン","cards/SV/SV8/イエッサン_SV8-058／138_U.jpg","SV8/58","cards/SV/SV8/イエッサン_SV8-058／138_U.jpg","1085488"
"cards/SV/SV8/イッカネズミ_SV8-092／106_U.jpg","SV8","SV8/92","same_content","イッカネズミ","cards/SV/SV8/イッカネズミ_SV8-092／138_U.jpg","SV8/92","cards/SV/SV8/イッカネズミ_SV8-092／138_U.jpg","854398"
"cards/SV/SV8/ウルガモス_SV8-014／106_C.jpg","SV8","SV8/14","same_content","ウルガモス","cards/SV/SV8/ウルガモス_SV8-014／138_C.jpg","SV8/14","cards/SV/SV8/ウルガモス_SV8-014／138_C.jpg","1117395"
"cards/SV/SV8/エキサイトスタジアム_SV8-105／106_U.jpg","SV8","SV8/105","same_content","エキサイトスタジアム","cards/SV/SV8/エキサイトスタジアム_SV8-105／138_U.jpg","SV8/105","cards/SV/SV8/エキサイトスタジアム_SV8-105／138_U.jpg","747851"
"cards/SV/SV8/エムリット_SV8-049／106_C.jpg","SV8","SV8/49","same_content","エムリット","cards/SV/SV8/エムリット_SV8-049／138_C.jpg","SV8/49","cards/SV/SV8/エムリット_SV8-049／138_C.jpg","864836"
"cards/SV/SV8/エリキテル_SV8-088／106_C.jpg","SV8","SV8/88","same_content","エリキテル","cards/SV/SV8/エリキテル_SV8-088／138_C.jpg","SV8/88","cards/SV/SV8/エリキテル_SV8-088／138_C.jpg","854330"
"cards/SV/SV8/エレザード_SV8-089／106_C.jpg","SV8","SV8/89","same_content","エレザード","cards/SV/SV8/エレザード_SV8-089／138_C.jpg","SV8/89","cards/SV/SV8/エレザード_SV8-089／138_C.jpg","899129"
"cards/SV/SV8/オコリザル_SV8-061／106_C.jpg","SV8","SV8/61","same_content","オコリザル","cards/SV/SV8/オコリザル_SV8-061／138_C.jpg","SV8/61","cards/SV/SV8/オコリザル_SV8-061／138_C.jpg","1309781"
"cards/SV/SV8/カイデン_SV8-042／106_C.jpg","SV8","SV8/42","same_content","カイデン","cards/SV/SV8/カイデン_SV8-042／138_C.jpg","SV8/42","cards/SV/SV8/カイデン_SV8-042／138_C.jpg","1098934"
"cards/SV/SV8/カクレオン_SV8-086／106_C.jpg","SV8","SV8/86","same_content","カクレオン","cards/SV/SV8/カクレオン_SV8-086／138_C.jpg","SV8/86","cards/SV/SV8/カクレオン_SV8-086／138_C.jpg","1113747"
"cards/SV/SV8/カプサイジ_SV8-007／106_C.jpg","SV8","SV8/7","same_content","カプサイジ","cards/SV/SV8/カプサイジ_SV8-007／138_C.jpg","SV8/7","cards/SV/SV8/カプサイジ_SV8-007／138_C.jpg","969615"
"cards/SV/SV8/カプ・コケコ_SV8-041／106_R.jpg","SV8","SV8/41","same_content","カプ・コケコ","cards/SV/SV8/カプ・コケコ_SV8-041／138_R.jpg","SV8/41","cards/SV/SV8/カプ・コケコ_SV8-041／138_R.jpg","1200925"
"cards/SV/SV8/カラナクシ_SV8-030／106_C.jpg","SV8","SV8/30","same_content","カラナクシ","cards/SV/SV8/カラナクシ_SV8-030／138_C.jpg","SV8/30","cards/SV/SV8/カラナクシ_SV8-030／138_C.jpg","1226981"
"cards/SV/SV8/カルボウ_SV8-020／106_C.jpg","SV8","SV8/20","same_content","カルボウ","cards/SV/SV8/カルボウ_SV8-020／138_C.jpg","SV8/20","cards/SV/SV8/カルボウ_SV8-020／138_C.jpg","1041851"
"cards/SV/SV8/キラフロル_SV8-068／106_C.jpg","SV8","SV8/68","same_content","キラフロル","cards/SV/SV8/キラフロル_SV8-068／138_C.jpg","SV8/68","cards/SV/SV8/キラフロル_SV8-068／138_C.jpg","1422476"
"cards/SV/SV8/キラーメ_SV8-067／106_C.jpg","SV8","SV8/67","same_content","キラーメ","cards/SV/SV8/キラーメ_SV8-067／138_C.jpg","SV8/67","cards/SV/SV8/キラーメ_SV8-067／138_C.jpg","1225242"
"cards/SV/SV8/グラビティーマウンテン_SV8-106／106_U.jpg","SV8","SV8/106","same_content","グラビティーマウンテン","cards/SV/SV8/グラビティーマウンテン_SV8-106／138_U.jpg","SV8/106","cards/SV/SV8/グラビティーマウンテン_SV8-106／138_U.jpg","654144"
"cards/SV/SV8/グレンアルマ_SV8-021／106_U.jpg","SV8","SV8/21","same_content","グレンアルマ","cards/SV/SV8/グレンアルマ_SV8-021／138_U.jpg","SV8/21","cards/SV/SV8/グレンアルマ_SV8-021／138_U.jpg","1228580"
"cards/SV/SV8/ケッキングex_SV8-084／106_RR.jpg","SV8","SV8/84","same_content","ケッキングex","cards/SV/SV8/ケッキングex_SV8-084／138_RR.jpg","SV8/84","cards/SV/SV8/ケッキングex_SV8-084／138_RR.jpg","976619"
"cards/SV/SV8/コイル_SV8-034／106_C.jpg","SV8","SV8/34","same_content","コイル","cards/SV/SV8/コイル_SV8-034／138_C.jpg","SV8/34","cards/SV/SV8/コイル_SV8-034／138_C.jpg","937963"
"cards/SV/SV8/コノヨザル_SV8-062／106_U.jpg","SV8","SV8/62","same_content","コノヨザル","cards/SV/SV8/コノヨザル_SV8-062／138_U.jpg","SV8/62","cards/SV/SV8/コノヨザル_SV8-062／138_U.jpg","1156280"
"cards/SV/SV8/コフキムシ_SV8-004／106_C.jpg","SV8","SV8/4","same_content","コフキムシ","cards/SV/SV8/コフキムシ_SV8-004／138_C.jpg","SV8/4","cards/SV/SV8/コフキムシ_SV8-004／138_C.jpg","1061228"
"cards/SV/SV8/コフーライ_SV8-005／106_C.jpg","SV8","SV8/5","same_content","コフーライ","cards/SV/SV8/コフーライ_SV8-005／138_C.jpg","SV8/5","cards/SV/SV8/コフーライ_SV8-005／138_C.jpg","951946"
"cards/SV/SV8/コライドン_SV8-069／106_U.jpg","SV8","SV8/69","same_content","コライドン","cards/SV/SV8/コライドン_SV8-069／138_U.jpg","SV8/69","cards/SV/SV8/コライドン_SV8-069／138_U.jpg","1222186"
"cards/SV/SV8/ゴマゾウ_SV8-064／106_C.jpg","SV8","SV8/64","same_content","ゴマゾウ","cards/SV/SV8/ゴマゾウ_SV8-064／138_C.jpg","SV8/64","cards/SV/SV8/ゴマゾウ_SV8-064／138_C.jpg","1197151"
"cards/SV/SV8/サザンドラex_SV8-072／106_RR.jpg","SV8","SV8/72","same_content","サザンドラex","cards/SV/SV8/サザンドラex_SV8-072／138_RR.jpg","SV8/72","cards/SV/SV8/サザンドラex_SV8-072／138_RR.jpg","272586"
"cards/SV/SV8/ザングース_SV8-085／106_C.jpg","SV8","SV8/85","same_content","ザングース","cards/SV/SV8/ザングース_SV8-085／138_C.jpg","SV8/85","cards/SV/SV8/ザングース_SV8-085／138_C.jpg","768296"
"cards/SV/SV8/シアノ_SV8-102／106_U.jpg","SV8","SV8/102","same_content","シアノ","cards/SV/SV8/シアノ_SV8-102／138_U.jpg","SV8/102","cards/SV/SV8/シアノ_SV8-102／138_U.jpg","631370"
"cards/SV/SV8/シガロコ_SV8-008／106_C.jpg","SV8","SV8/8","same_content","シガロコ","cards/SV/SV8/シガロコ_SV8-008／138_C.jpg","SV8/8","cards/SV/SV8/シガロコ_SV8-008／138_C.jpg","798798"
"cards/SV/SV8/シトロンの機転_SV8-103／106_U.jpg","SV8","SV8/103","same_content","シトロンの機転","cards/SV/SV8/シトロンの機転_SV8-103／138_U.jpg","SV8/103","cards/SV/SV8/シトロンの機転_SV8-103／138_U.jpg","589598"
"cards/SV/SV8/シママ_SV8-038／106_C.jpg","SV8","SV8/38","same_content","シママ","cards/SV/SV8/シママ_SV8-038／138_C.jpg","SV8/38","cards/SV/SV8/シママ_SV8-038／138_C.jpg","1074728"
"cards/SV/SV8/シャリタツex_SV8-081／106_RR.jpg","SV8","SV8/81","same_content","シャリタツex","cards/SV/SV8/シャリタツex_SV8-081／138_RR.jpg","SV8/81","cards/SV/SV8/シャリタツex_SV8-081／138_RR.jpg","241361"
"cards/SV/SV8/シルシュルー_SV8-073／106_C.jpg","SV8","SV8/73","same_content","シルシュルー","cards/SV/SV8/シルシュルー_SV8-073／138_C.jpg","SV8/73","cards/SV/SV8/シルシュルー_SV8-073／138_C.jpg","1280961"
"cards/SV/SV8/シロデスナex_SV8-057／106_RR.jpg","SV8","SV8/57","same_content","シロデスナex","cards/SV/SV8/シロデスナex_SV8-057／138_RR.jpg","SV8/57","cards/SV/SV8/シロデスナex_SV8-057／138_RR.jpg","258700"
"cards/SV/SV8/ジバコイル_SV8-036／106_U.jpg","SV8","SV8/36","same_content","ジバコイル","cards/SV/SV8/ジバコイル_SV8-036／138_U.jpg","SV8/36","cards/SV/SV8/ジバコイル_SV8-036／138_U.jpg","1032317"
"cards/SV/SV8/ジヘッド_SV8-071／106_C.jpg","SV8","SV8/71","same_content","ジヘッド","cards/SV/SV8/ジヘッド_SV8-071／138_C.jpg","SV8/71","cards/SV/SV8/ジヘッド_SV8-071／138_C.jpg","1108519"
"cards/SV/SV8/スクランブルスイッチ_SV8-095／106.jpg","SV8","SV8/95","same_content","スクランブルスイッチ","cards/SV/SV8/スクランブルスイッチ_SV8-095／138.jpg","SV8/95","cards/SV/SV8/スクランブルスイッチ_SV8-095／138.jpg","1304616"
"cards/SV/SV8/スコヴィランex_SV8-023／106_RR.jpg","SV8","SV8/23","same_content","スコヴィランex","cards/SV/SV8/スコヴィランex_SV8-023／138_RR.jpg","SV8/23","cards/SV/SV8/スコヴィランex_SV8-023／138_RR.jpg","1125198"
"cards/SV/SV8/スナバァ_SV8-056／106_C.jpg","SV8","SV8/56","same_content","スナバァ","cards/SV/SV8/スナバァ_SV8-056／138_C.jpg","SV8/56","cards/SV/SV8/スナバァ_SV8-056／138_C.jpg","1112690"
"cards/SV/SV8/ゼブライカ_SV8-039／106_C.jpg","SV8","SV8/39","same_content","ゼブライカ","cards/SV/SV8/ゼブライカ_SV8-039／138_C.jpg","SV8/39","cards/SV/SV8/ゼブライカ_SV8-039／138_C.jpg","943782"
"cards/SV/SV8/ソウブレイズ_SV8-022／106_U.jpg","SV8","SV8/22","same_content","ソウブレイズ","cards/SV/SV8/ソウブレイズ_SV8-022／138_U.jpg","SV8/22","cards/SV/SV8/ソウブレイズ_SV8-022／138_U.jpg","1155229"
"cards/SV/SV8/タイカイデン_SV8-043／106_U.jpg","SV8","SV8/43","same_content","タイカイデン","cards/SV/SV8/タイカイデン_SV8-043／138_U.jpg","SV8/43","cards/SV/SV8/タイカイデン_SV8-043／138_U.jpg","1086675"
"cards/SV/SV8/タギングル_SV8-074／106_U.jpg","SV8","SV8/74","same_content","タギングル","cards/SV/SV8/タギングル_SV8-074／138_U.jpg","SV8/74","cards/SV/SV8/タギングル_SV8-074／138_U.jpg","1185495"
"cards/SV/SV8/タマザラシ_SV8-027／106_C.jpg","SV8","SV8/27","same_content","タマザラシ","cards/SV/SV8/タマザラシ_SV8-027／138_C.jpg","SV8/27","cards/SV/SV8/タマザラシ_SV8-027／138_C.jpg","1094784"
"cards/SV/SV8/タマタマ_SV8-001／106_C.jpg","SV8","SV8/1","same_content","タマタマ","cards/SV/SV8/タマタマ_SV8-001／138_C.jpg","SV8/1","cards/SV/SV8/タマタマ_SV8-001／138_C.jpg","834220"
"cards/SV/SV8/チオンジェン_SV8-010／106_U.jpg","SV8","SV8/10","same_content","チオンジェン","cards/SV/SV8/チオンジェン_SV8-010／138_U.jpg","SV8/10","cards/SV/SV8/チオンジェン_SV8-010／138_U.jpg","1065755"
"cards/SV/SV8/テツノツツミ_SV8-031／106_U.jpg","SV8","SV8/31","same_content","テツノツツミ","cards/SV/SV8/テツノツツミ_SV8-031／138_U.jpg","SV8/31","cards/SV/SV8/テツノツツミ_SV8-031／138_U.jpg","1337648"
"cards/SV/SV8/テラパゴス_SV8-093／106_R.jpg","SV8","SV8/93","same_content","テラパゴス","cards/SV/SV8/テラパゴス_SV8-093／138_R.jpg","SV8/93","cards/SV/SV8/テラパゴス_SV8-093／138_R.jpg","971218"
"cards/SV/SV8/デスカーン_SV8-052／106_R.jpg","SV8","SV8/52","same_content","デスカーン","cards/SV/SV8/デスカーン_SV8-052／138_R.jpg","SV8/52","cards/SV/SV8/デスカーン_SV8-052／138_R.jpg","986662"
"cards/SV/SV8/デスマス_SV8-051／106_C.jpg","SV8","SV8/51","same_content","デスマス","cards/SV/SV8/デスマス_SV8-051／138_C.jpg","SV8/51","cards/SV/SV8/デスマス_SV8-051／138_C.jpg","990813"
"cards/SV/SV8/デデンネ_SV8-055／106_C.jpg","SV8","SV8/55","same_content","デデンネ","cards/SV/SV8/デデンネ_SV8-055／138_C.jpg","SV8/55","cards/SV/SV8/デデンネ_SV8-055／138_C.jpg","976892"
"cards/SV/SV8/トゲキッス_SV8-047／106_R.jpg","SV8","SV8/47","same_content","トゲキッス","cards/SV/SV8/トゲキッス_SV8-047／138_R.jpg","SV8/47","cards/SV/SV8/トゲキッス_SV8-047／138_R.jpg","1020152"
"cards/SV/SV8/トゲチック_SV8-046／106_C.jpg","SV8","SV8/46","same_content","トゲチック","cards/SV/SV8/トゲチック_SV8-046／138_C.jpg","SV8/46","cards/SV/SV8/トゲチック_SV8-046／138_C.jpg","918910"
"cards/SV/SV8/トゲピー_SV8-045／106_C.jpg","SV8","SV8/45","same_content","トゲピー","cards/SV/SV8/トゲピー_SV8-045／138_C.jpg","SV8/45","cards/SV/SV8/トゲピー_SV8-045／138_C.jpg","1051762"
"cards/SV/SV8/トドグラー_SV8-028／106_C.jpg","SV8","SV8/28","same_content","トドグラー","cards/SV/SV8/トドグラー_SV8-028／138_C.jpg","SV8/28","cards/SV/SV8/トドグラー_SV8-028／138_C.jpg","1183455"
"cards/SV/SV8/トドゼルガ_SV8-029／106_U.jpg","SV8","SV8/29","same_content","トドゼルガ","cards/SV/SV8/トドゼルガ_SV8-029／138_U.jpg","SV8/29","cards/SV/SV8/トドゼルガ_SV8-029／138_U.jpg","1271203"
"cards/SV/SV8/トリトドン_SV8-066／106_R.jpg","SV8","SV8/66","same_content","トリトドン","cards/SV/SV8/トリトドン_SV8-066／138_R.jpg","SV8/66","cards/SV/SV8/トリトドン_SV8-066／138_R.jpg","1256300"
"cards/SV/SV8/ドンファン_SV8-065／106_C.jpg","SV8","SV8/65","same_content","ドンファン","cards/SV/SV8/ドンファン_SV8-065／138_C.jpg","SV8/65","cards/SV/SV8/ドンファン_SV8-065／138_C.jpg","1236894"
"cards/SV/SV8/ドータクン_SV8-079／106_C.jpg","SV8","SV8/79","same_content","ドータクン","cards/SV/SV8/ドータクン_SV8-079／138_C.jpg","SV8/79","cards/SV/SV8/ドータクン_SV8-079／138_C.jpg","708364"
"cards/SV/SV8/ドーミラー_SV8-078／106_C.jpg","SV8","SV8/78","same_content","ドーミラー","cards/SV/SV8/ドーミラー_SV8-078／138_C.jpg","SV8/78","cards/SV/SV8/ドーミラー_SV8-078／138_C.jpg","716139"
"cards/SV/SV8/ナッシー_SV8-002／106_U.jpg","SV8","SV8/2","same_content","ナッシー","cards/SV/SV8/ナッシー_SV8-002／138_U.jpg","SV8/2","cards/SV/SV8/ナッシー_SV8-002／138_U.jpg","960713"
"cards/SV/SV8/ナマケロ_SV8-082／106_C.jpg","SV8","SV8/82","same_content","ナマケロ","cards/SV/SV8/ナマケロ_SV8-082／138_C.jpg","SV8/82","cards/SV/SV8/ナマケロ_SV8-082／138_C.jpg","907881"
"cards/SV/SV8/ナモのみ_SV8-099／106_U.jpg","SV8","SV8/99","same_content","ナモのみ","cards/SV/SV8/ナモのみ_SV8-099／138_U.jpg","SV8/99","cards/SV/SV8/ナモのみ_SV8-099／138_U.jpg","572273"
"cards/SV/SV8/ニャオニクス_SV8-054／106_U.jpg","SV8","SV8/54","same_content","ニャオニクス","cards/SV/SV8/ニャオニクス_SV8-054／138_U.jpg","SV8/54","cards/SV/SV8/ニャオニクス_SV8-054／138_U.jpg","1051550"
"cards/SV/SV8/ニャスパー_SV8-053／106_C.jpg","SV8","SV8/53","same_content","ニャスパー","cards/SV/SV8/ニャスパー_SV8-053／138_C.jpg","SV8/53","cards/SV/SV8/ニャスパー_SV8-053／138_C.jpg","935778"
"cards/SV/SV8/ハバタクカミ_SV8-059／106_U.jpg","SV8","SV8/59","same_content","ハバタクカミ","cards/SV/SV8/ハバタクカミ_SV8-059／138_U.jpg","SV8/59","cards/SV/SV8/ハバタクカミ_SV8-059／138_U.jpg","1072176"
"cards/SV/SV8/バッフロン_SV8-087／106_C.jpg","SV8","SV8/87","same_content","バッフロン","cards/SV/SV8/バッフロン_SV8-087／138_C.jpg","SV8/87","cards/SV/SV8/バッフロン_SV8-087／138_C.jpg","992028"
"cards/SV/SV8/パオジアン_SV8-032／106_R.jpg","SV8","SV8/32","same_content","パオジアン","cards/SV/SV8/パオジアン_SV8-032／138_R.jpg","SV8/32","cards/SV/SV8/パオジアン_SV8-032／138_R.jpg","1227174"
"cards/SV/SV8/パルデア ケンタロス_SV8-011／106_U.jpg","SV8","SV8/11","same_content","パルデア ケンタロス","cards/SV/SV8/パルデア ケンタロス_SV8-011／138_U.jpg","SV8/11","cards/SV/SV8/パルデア ケンタロス_SV8-011／138_U.jpg","1069321"
"cards/SV/SV8/パルデア ケンタロス_SV8-024／106_U.jpg","SV8","SV8/24","same_content","パルデア ケンタロス","cards/SV/SV8/パルデア ケンタロス_SV8-011／138_U.jpg","SV8/11","cards/SV/SV8/パルデア ケンタロス_SV8-024／138_U.jpg","1069321"
"cards/SV/SV8/パルデア ケンタロス_SV8-063／106_U.jpg","SV8","SV8/63","same_content","パルデア ケンタロス","cards/SV/SV8/パルデア ケンタロス_SV8-011／138_U.jpg","SV8/11","cards/SV/SV8/パルデア ケンタロス_SV8-063／138_U.jpg","1069321"
"cards/SV/SV8/ヒンバス_SV8-025／106_C.jpg","SV8","SV8/25","same_content","ヒンバス","cards/SV/SV8/ヒンバス_SV8-025／138_C.jpg","SV8/25","cards/SV/SV8/ヒンバス_SV8-025／138_C.jpg","1336277"
"cards/SV/SV8/ビクティニ_SV8-012／106_U.jpg","SV8","SV8/12","same_content","ビクティニ","cards/SV/SV8/ビクティニ_SV8-012／138_U.jpg","SV8/12","cards/SV/SV8/ビクティニ_SV8-012／138_U.jpg","1223032"
"cards/SV/SV8/ビビヨン_SV8-006／106_U.jpg","SV8","SV8/6","same_content","ビビヨン","cards/SV/SV8/ビビヨン_SV8-006／138_U.jpg","SV8/6","cards/SV/SV8/ビビヨン_SV8-006／138_U.jpg","944504"
"cards/SV/SV8/ピカチュウex_SV8-033／106_RR.jpg","SV8","SV8/33","same_content","ピカチュウex","cards/SV/SV8/ピカチュウex_SV8-033／138_RR.jpg","SV8/33","cards/SV/SV8/ピカチュウex_SV8-033／138_RR.jpg","248485"
"cards/SV/SV8/ベラカス_SV8-009／106_R.jpg","SV8","SV8/9","same_content","ベラカス","cards/SV/SV8/ベラカス_SV8-009／138_R.jpg","SV8/9","cards/SV/SV8/ベラカス_SV8-009／138_R.jpg","1185834"
"cards/SV/SV8/ホゲータ_SV8-017／106_C.jpg","SV8","SV8/17","same_content","ホゲータ","cards/SV/SV8/ホゲータ_SV8-017／138_C.jpg","SV8/17","cards/SV/SV8/ホゲータ_SV8-017／138_C.jpg","1050263"
"cards/SV/SV8/マッギョ_SV8-040／106_C.jpg","SV8","SV8/40","same_content","マッギョ","cards/SV/SV8/マッギョ_SV8-040／138_C.jpg","SV8/40","cards/SV/SV8/マッギョ_SV8-040／138_C.jpg","935629"
"cards/SV/SV8/マルヤクデ_SV8-016／106_C.jpg","SV8","SV8/16","same_content","マルヤクデ","cards/SV/SV8/マルヤクデ_SV8-016／138_C.jpg","SV8/16","cards/SV/SV8/マルヤクデ_SV8-016／138_C.jpg","1102467"
"cards/SV/SV8/マンキー_SV8-060／106_C.jpg","SV8","SV8/60","same_content","マンキー","cards/SV/SV8/マンキー_SV8-060／138_C.jpg","SV8/60","cards/SV/SV8/マンキー_SV8-060／138_C.jpg","1217918"
"cards/SV/SV8/ミカンのまなざし_SV8-104／106_U.jpg","SV8","SV8/104","same_content","ミカンのまなざし","cards/SV/SV8/ミカンのまなざし_SV8-104／138_U.jpg","SV8/104","cards/SV/SV8/ミカンのまなざし_SV8-104／138_U.jpg","575637"
"cards/SV/SV8/ミライドン_SV8-044／106_U.jpg","SV8","SV8/44","same_content","ミライドン","cards/SV/SV8/ミライドン_SV8-044／138_U.jpg","SV8/44","cards/SV/SV8/ミライドン_SV8-044／138_U.jpg","1165820"
"cards/SV/SV8/ミラクルインカム_SV8-097／106.jpg","SV8","SV8/97","same_content","ミラクルインカム","cards/SV/SV8/ミラクルインカム_SV8-097／138.jpg","SV8/97","cards/SV/SV8/ミラクルインカム_SV8-097／138.jpg","1275171"
"cards/SV/SV8/ミロカロスex_SV8-026／106_RR.jpg","SV8","SV8/26","same_content","ミロカロスex","cards/SV/SV8/ミロカロスex_SV8-026／138_RR.jpg","SV8/26","cards/SV/SV8/ミロカロスex_SV8-026／138_RR.jpg","167956"
"cards/SV/SV8/ムゲンダイナ_SV8-080／106_R.jpg","SV8","SV8/80","same_content","ムゲンダイナ","cards/SV/SV8/ムゲンダイナ_SV8-080／138_R.jpg","SV8/80","cards/SV/SV8/ムゲンダイナ_SV8-080／138_R.jpg","1216951"
"cards/SV/SV8/メラルバ_SV8-013／106_C.jpg","SV8","SV8/13","same_content","メラルバ","cards/SV/SV8/メラルバ_SV8-013／138_C.jpg","SV8/13","cards/SV/SV8/メラルバ_SV8-013／138_C.jpg","1251114"
"cards/SV/SV8/モノズ_SV8-070／106_C.jpg","SV8","SV8/70","same_content","モノズ","cards/SV/SV8/モノズ_SV8-070／138_C.jpg","SV8/70","cards/SV/SV8/モノズ_SV8-070／138_C.jpg","1282155"
"cards/SV/SV8/モモワロウ_SV8-075／106_U.jpg","SV8","SV8/75","same_content","モモワロウ","cards/SV/SV8/モモワロウ_SV8-075／138_U.jpg","SV8/75","cards/SV/SV8/モモワロウ_SV8-075／138_U.jpg","1284380"
"cards/SV/SV8/ヤクデ_SV8-015／106_C.jpg","SV8","SV8/15","same_content","ヤクデ","cards/SV/SV8/ヤクデ_SV8-015／138_C.jpg","SV8/15","cards/SV/SV8/ヤクデ_SV8-015／138_C.jpg","1124340"
"cards/SV/SV8/ヤルキモノ_SV8-083／106_C.jpg","SV8","SV8/83","same_content","ヤルキモノ","cards/SV/SV8/ヤルキモノ_SV8-083／138_C.jpg","SV8/83","cards/SV/SV8/ヤルキモノ_SV8-083／138_C.jpg","818474"
"cards/SV/SV8/ヤレユータン_SV8-090／106_C.jpg","SV8","SV8/90","same_content","ヤレユータン","cards/SV/SV8/ヤレユータン_SV8-090／138_C.jpg","SV8/90","cards/SV/SV8/ヤレユータン_SV8-090／138_C.jpg","820734"
"cards/SV/SV8/ユクシー_SV8-048／106_C.jpg","SV8","SV8/48","same_content","ユクシー","cards/SV/SV8/ユクシー_SV8-048／138_C.jpg","SV8/48","cards/SV/SV8/ユクシー_SV8-048／138_C.jpg","850662"
"cards/SV/SV8/ラウドボーン_SV8-019／106_R.jpg","SV8","SV8/19","same_content","ラウドボーン","cards/SV/SV8/ラウドボーン_SV8-019／138_R.jpg","SV8/19","cards/SV/SV8/ラウドボーン_SV8-019／138_R.jpg","1204056"
"cards/SV/SV8/リリバのみ_SV8-100／106_U.jpg","SV8","SV8/100","same_content","リリバのみ","cards/SV/SV8/リリバのみ_SV8-100／138_U.jpg","SV8/100","cards/SV/SV8/リリバのみ_SV8-100／138_U.jpg","576994"
"cards/SV/SV8/レアコイル_SV8-035／106_U.jpg","SV8","SV8/35","same_content","レアコイル","cards/SV/SV8/レアコイル_SV8-035／138_U.jpg","SV8/35","cards/SV/SV8/レアコイル_SV8-035／138_U.jpg","1041032"
"cards/SV/SV8/ロトム_SV8-037／106_C.jpg","SV8","SV8/37","same_content","ロトム","cards/SV/SV8/ロトム_SV8-037／138_C.jpg","SV8/37","cards/SV/SV8/ロトム_SV8-037／138_C.jpg","961571"
"cards/SV/SV8/ワザマシン フローライト_SV8-101／106_U.jpg","SV8","SV8/101","same_content","ワザマシン フローライト","cards/SV/SV8/ワザマシン フローライト_SV8-101／138_U.jpg","SV8/101","cards/SV/SV8/ワザマシン フローライト_SV8-101／138_U.jpg","600884"
"cards/SV/SV8/ワッカネズミ_SV8-091／106_C.jpg","SV8","SV8/91","same_content","ワッカネズミ","cards/SV/SV8/ワッカネズミ_SV8-091／138_C.jpg","SV8/91","cards/SV/SV8/ワッカネズミ_SV8-091／138_C.jpg","648008"
"cards/SV/SV8/希望のアミュレット_SV8-098／106.jpg","SV8","SV8/98","same_content","希望のアミュレット","cards/SV/SV8/希望のアミュレット_SV8-098／138.jpg","SV8/98","cards/SV/SV8/希望のアミュレット_SV8-098／138.jpg","1328464"
"cards/SV/SV8/推理セット_SV8-094／106_U.jpg","SV8","SV8/94","same_content","推理セット","cards/SV/SV8/推理セット_SV8-094／138_U.jpg","SV8/94","cards/SV/SV8/推理セット_SV8-094／138_U.jpg","659774"
"cards/SV/SVAL/たんぱんこぞう_SVAL-FIR.jpg","SVAL","SVAL/FIR","same_content","","cards/SV/SVAL/たんぱんこぞう_SVAL-19／21.jpg","SVAL/19","","738338"
"cards/SV/SVAL/ふしぎなアメ_SVAL-17／21.jpg","SVAL","SVAL/17","same_content","ジニア","cards/SV/SVAL/ふしぎなアメ_SVAL-14／21.jpg","SVAL/14","cards/SV/SVAL/ジニア_SVAL-17／21.jpg","525311"
"cards/SV/SVAL/アチゲータ_SVAL-04／21.jpg","SVAL","SVAL/4","old_number","ラウドボーン","","","cards/SV/SVAL/ラウドボーン_SVAL-04／21.jpg","1155015"
"cards/SV/SVAL/アチゲータ_SVAL-05／21.jpg","SVAL","SVAL/5","old_number","メリープ","","","cards/SV/SVAL/メリープ_SVAL-05／21.jpg","1155015"
"cards/SV/SVAL/エネルギー転送_SVAL-14／21.jpg","SVAL","SVAL/14","same_content","ふしぎなアメ","cards/SV/SVAL/エネルギー転送_SVAL-11／21.jpg","SVAL/11","cards/SV/SVAL/ふしぎなアメ_SVAL-14／21.jpg","529918"
"cards/SV/SVAL/カラミンゴ_SVAL-13／21.jpg","SVAL","SVAL/13","same_content","ハイパーボール","cards/SV/SVAL/カラミンゴ_SVAL-10／21.jpg","SVAL/10","cards/SV/SVAL/ハイパーボール_SVAL-13／21.jpg","855994"
"cards/SV/SVAL/グルトン_SVAL-12／21.jpg","SVAL","SVAL/12","same_content","ネストボール","cards/SV/SVAL/グルトン_SVAL-09／21.jpg","SVAL/9","cards/SV/SVAL/ネストボール_SVAL-12／21.jpg","721881"
"cards/SV/SVAL/ジニア_SVAL-20／21.jpg","SVAL","SVAL/20","same_content","ネモ","cards/SV/SVAL/ジニア_SVAL-17／21.jpg","SVAL/17","cards/SV/SVAL/ネモ_SVAL-20／21.jpg","576765"
"cards/SV/SVAL/ジャッジマン_SVAL-21／21.jpg","SVAL","SVAL/21","same_content","博士の研究","cards/SV/SVAL/ジャッジマン_SVAL-18／21.jpg","SVAL/18","cards/SV/SVAL/博士の研究_SVAL-21／21.jpg","639949"
"cards/SV/SVAL/デンリュウex_SVAL-10／21.jpg","SVAL","SVAL/10","same_content","カラミンゴ","cards/SV/SVAL/デンリュウex_SVAL-07／21.jpg","SVAL/7","cards/SV/SVAL/カラミンゴ_SVAL-10／21.jpg","954883"
"cards/SV/SVAL/ネストボール_SVAL-15／21.jpg","SVAL","SVAL/15","same_content","ポケギア3.0","cards/SV/SVAL/ネストボール_SVAL-12／21.jpg","SVAL/12","cards/SV/SVAL/ポケギア3.0_SVAL-15／21.jpg","472400"
"cards/SV/SVAL/ネモ_SVAL-LIG.jpg","SVAL","SVAL/LIG","same_content","","cards/SV/SVAL/ネモ_SVAL-20／21.jpg","SVAL/20","","610560"
"cards/SV/SVAL/ハイパーボール_SVAL-16／21.jpg","SVAL","SVAL/16","same_content","ポケモンいれかえ","cards/SV/SVAL/ハイパーボール_SVAL-13／21.jpg","SVAL/13","cards/SV/SVAL/ポケモンいれかえ_SVAL-16／21.jpg","517551"
"cards/SV/SVAL/ホゲータ_SVAL-03／21.jpg","SVAL","SVAL/3","same_content","アチゲータ","cards/SV/SVAL/ホゲータ_SVAL-02／21.jpg","SVAL/2","cards/SV/SVAL/アチゲータ_SVAL-03／21.jpg","1073851"
"cards/SV/SVAL/ポケギア3.0_SVAL-18／21.jpg","SVAL","SVAL/18","same_content","ジャッジマン","cards/SV/SVAL/ポケギア3.0_SVAL-15／21.jpg","SVAL/15","cards/SV/SVAL/ジャッジマン_SVAL-18／21.jpg","572914"
"cards/SV/SVAL/ポケモンいれかえ_SVAL-19／21.jpg","SVAL","SVAL/19","same_content","たんぱんこぞう","cards/SV/SVAL/ポケモンいれかえ_SVAL-16／21.jpg","SVAL/16","cards/SV/SVAL/たんぱんこぞう_SVAL-19／21.jpg","549661"
"cards/SV/SVAL/メリープ_SVAL-08／21.jpg","SVAL","SVAL/8","same_content","ロトム","cards/SV/SVAL/メリープ_SVAL-05／21.jpg","SVAL/5","cards/SV/SVAL/ロトム_SVAL-08／21.jpg","1126292"
"cards/SV/SVAL/モココ_SVAL-09／21.jpg","SVAL","SVAL/9","same_content","グルトン","cards/SV/SVAL/モココ_SVAL-06／21.jpg","SVAL/6","cards/SV/SVAL/グルトン_SVAL-09／21.jpg","923574"
"cards/SV/SVAL/ラウドボーン_SVAL-06／21.jpg","SVAL","SVAL/6","old_number","モココ","","","cards/SV/SVAL/モココ_SVAL-06／21.jpg","1273205"
"cards/SV/SVAL/ラウドボーン_SVAL-07／21.jpg","SVAL","SVAL/7","old_number","デンリュウex","","","cards/SV/SVAL/デンリュウex_SVAL-07／21.jpg","1273205"
"cards/SV/SVAL/ロトム_SVAL-11／21.jpg","SVAL","SVAL/11","same_content","エネルギー転送","cards/SV/SVAL/ロトム_SVAL-08／21.jpg","SVAL/8","cards/SV/SVAL/エネルギー転送_SVAL-11／21.jpg","1014506"
"cards/SV/SVAM/きずぐすり_SVAM-17／23.jpg","SVAM","SVAM/17","same_content","ポケギア3.0","cards/SV/SVAM/きずぐすり_SVAM-14／23.jpg","SVAM/14","cards/SV/SVAM/ポケギア3.0_SVAM-17／23.jpg","460815"
"cards/SV/SVAM/たんぱんこぞう_SVAM-FIG.jpg","SVAM","SVAM/FIG","same_content","","cards/SV/SVAM/たんぱんこぞう_SVAM-21／23.jpg","SVAM/21","","738495"
"cards/SV/SVAM/イシヘンジン_SVAM-13／23.jpg","SVAM","SVAM/13","same_content","エネルギー転送","cards/SV/SVAM/イシヘンジン_SVAM-10／23.jpg","SVAM/10","cards/SV/SVAM/エネルギー転送_SVAM-13／23.jpg","1093737"
"cards/SV/SVAM/エネルギーつけかえ_SVAM-15／23.jpg","SVAM","SVAM/15","same_content","ネストボール","cards/SV/SVAM/エネルギーつけかえ_SVAM-12／23.jpg","SVAM/12","cards/SV/SVAM/ネストボール_SVAM-15／23.jpg","539181"
"cards/SV/SVAM/エネルギー転送_SVAM-16／23.jpg","SVAM","SVAM/16","same_content","ハイパーボール","cards/SV/SVAM/エネルギー転送_SVAM-13／23.jpg","SVAM/13","cards/SV/SVAM/ハイパーボール_SVAM-16／23.jpg","530109"
"cards/SV/SVAM/グルトン_SVAM-14／23.jpg","SVAM","SVAM/14","same_content","きずぐすり","cards/SV/SVAM/グルトン_SVAM-11／23.jpg","SVAM/11","cards/SV/SVAM/きずぐすり_SVAM-14／23.jpg","721944"
"cards/SV/SVAM/ジャッジマン_SVAM-23／23.jpg","SVAM","SVAM/23","same_content","博士の研究","cards/SV/SVAM/ジャッジマン_SVAM-20／23.jpg","SVAM/20","cards/SV/SVAM/博士の研究_SVAM-23／23.jpg","640143"
"cards/SV/SVAM/タマンチュラ_SVAM-10／23.jpg","SVAM","SVAM/10","same_content","イシヘンジン","cards/SV/SVAM/タマンチュラ_SVAM-07／23.jpg","SVAM/7","cards/SV/SVAM/イシヘンジン_SVAM-10／23.jpg","1047523"
"cards/SV/SVAM/ニャオハ_SVAM-05／23.jpg","SVAM","SVAM/5","same_content","ニャローテ","cards/SV/SVAM/ニャオハ_SVAM-04／23.jpg","SVAM/4","cards/SV/SVAM/ニャローテ_SVAM-05／23.jpg","923717"
"cards/SV/SVAM/ニャローテ_SVAM-06／23.jpg","SVAM","SVAM/6","old_number","マスカーニャ","","","cards/SV/SVAM/マスカーニャ_SVAM-06／23.jpg","981328"
"cards/SV/SVAM/ニャローテ_SVAM-07／23.jpg","SVAM","SVAM/7","old_number","タマンチュラ","","","cards/SV/SVAM/タマンチュラ_SVAM-07／23.jpg","981328"
"cards/SV/SVAM/ネストボール_SVAM-18／23.jpg","SVAM","SVAM/18","same_content","ポケモンいれかえ","cards/SV/SVAM/ネストボール_SVAM-15／23.jpg","SVAM/15","cards/SV/SVAM/ポケモンいれかえ_SVAM-18／23.jpg","472477"
"cards/SV/SVAM/ネモ_SVAM-GRA.jpg","SVAM","SVAM/GRA","same_content","","cards/SV/SVAM/ネモ_SVAM-22／23.jpg","SVAM/22","","614486"
"cards/SV/SVAM/ハイパーボール_SVAM-19／23.jpg","SVAM","SVAM/19","same_content","ポケモンキャッチャー","cards/SV/SVAM/ハイパーボール_SVAM-16／23.jpg","SVAM/16","cards/SV/SVAM/ポケモンキャッチャー_SVAM-19／23.jpg","517692"
"cards/SV/SVAM/ポケギア3.0_SVAM-20／23.jpg","SVAM","SVAM/20","same_content","ジャッジマン","cards/SV/SVAM/ポケギア3.0_SVAM-17／23.jpg","SVAM/17","cards/SV/SVAM/ジャッジマン_SVAM-20／23.jpg","573076"
"cards/SV/SVAM/ポケモンいれかえ_SVAM-21／23.jpg","SVAM","SVAM/21","same_content","たんぱんこぞう","cards/SV/SVAM/ポケモンいれかえ_SVAM-18／23.jpg","SVAM/18","cards/SV/SVAM/たんぱんこぞう_SVAM-21／23.jpg","549810"
"cards/SV/SVAM/ポケモンキャッチャー_SVAM-22／23.jpg","SVAM","SVAM/22","same_content","ネモ","cards/SV/SVAM/ポケモンキャッチャー_SVAM-19／23.jpg","SVAM/19","cards/SV/SVAM/ネモ_SVAM-22／23.jpg","555881"
"cards/SV/SVAM/マスカーニャ_SVAM-08／23.jpg","SVAM","SVAM/8","old_number","リオル","","","cards/SV/SVAM/リオル_SVAM-08／23.jpg","1056685"
"cards/SV/SVAM/マスカーニャ_SVAM-09／23.jpg","SVAM","SVAM/9","old_number","ルカリオex","","","cards/SV/SVAM/ルカリオex_SVAM-09／23.jpg","1056685"
"cards/SV/SVAM/リオル_SVAM-11／23.jpg","SVAM","SVAM/11","same_content","グルトン","cards/SV/SVAM/リオル_SVAM-08／23.jpg","SVAM/8","cards/SV/SVAM/グルトン_SVAM-11／23.jpg","1249250"
"cards/SV/SVAM/ルカリオex_SVAM-12／23.jpg","SVAM","SVAM/12","same_content","エネルギーつけかえ","cards/SV/SVAM/ルカリオex_SVAM-09／23.jpg","SVAM/9","cards/SV/SVAM/エネルギーつけかえ_SVAM-12／23.jpg","1077560"
"cards/SV/SVAW/げんきのハチマキ_SVAW-22／23.jpg","SVAW","SVAW/22","same_content","ネモ","cards/SV/SVAW/げんきのハチマキ_SVAW-19／23.jpg","SVAW/19","cards/SV/SVAW/ネモ_SVAW-22／23.jpg","573093"
"cards/SV/SVAW/たんぱんこぞう_SVAW-PSY.jpg","SVAW","SVAW/PSY","same_content","","cards/SV/SVAW/たんぱんこぞう_SVAW-21／23.jpg","SVAW/21","","738536"
"cards/SV/SVAW/ウェルカモ_SVAW-04／23.jpg","SVAW","SVAW/4","old_number","ウェーニバル","","","cards/SV/SVAW/ウェーニバル_SVAW-04／23.jpg","1252334"
"cards/SV/SVAW/ウェルカモ_SVAW-05／23.jpg","SVAW","SVAW/5","old_number","デデンネ","","","cards/SV/SVAW/デデンネ_SVAW-05／23.jpg","1252334"
"cards/SV/SVAW/ウェーニバル_SVAW-06／23.jpg","SVAW","SVAW/6","old_number","ミミッキュex","","","cards/SV/SVAW/ミミッキュex_SVAW-06／23.jpg","1206957"
"cards/SV/SVAW/ウェーニバル_SVAW-07／23.jpg","SVAW","SVAW/7","old_number","ヒラヒナ","","","cards/SV/SVAW/ヒラヒナ_SVAW-07／23.jpg","1206957"
"cards/SV/SVAW/エネルギー回収_SVAW-14／23.jpg","SVAW","SVAW/14","same_content","ネストボール","cards/SV/SVAW/エネルギー回収_SVAW-11／23.jpg","SVAW/11","cards/SV/SVAW/ネストボール_SVAW-14／23.jpg","536193"
"cards/SV/SVAW/エネルギー転送_SVAW-15／23.jpg","SVAW","SVAW/15","same_content","ハイパーボール","cards/SV/SVAW/エネルギー転送_SVAW-12／23.jpg","SVAW/12","cards/SV/SVAW/ハイパーボール_SVAW-15／23.jpg","530137"
"cards/SV/SVAW/クラッシュハンマー_SVAW-16／23.jpg","SVAW","SVAW/16","same_content","ポケギア3.0","cards/SV/SVAW/クラッシュハンマー_SVAW-13／23.jpg","SVAW/13","cards/SV/SVAW/ポケギア3.0_SVAW-16／23.jpg","703656"
"cards/SV/SVAW/クワッス_SVAW-03／23.jpg","SVAW","SVAW/3","same_content","ウェルカモ","cards/SV/SVAW/クワッス_SVAW-02／23.jpg","SVAW/2","cards/SV/SVAW/ウェルカモ_SVAW-03／23.jpg","1242077"
"cards/SV/SVAW/グルトン_SVAW-12／23.jpg","SVAW","SVAW/12","same_content","エネルギー転送","cards/SV/SVAW/グルトン_SVAW-09／23.jpg","SVAW/9","cards/SV/SVAW/エネルギー転送_SVAW-12／23.jpg","722012"
"cards/SV/SVAW/ザングース_SVAW-11／23.jpg","SVAW","SVAW/11","same_content","エネルギー回収","cards/SV/SVAW/ザングース_SVAW-08／23.jpg","SVAW/8","cards/SV/SVAW/エネルギー回収_SVAW-11／23.jpg","833911"
"cards/SV/SVAW/ジャッジマン_SVAW-23／23.jpg","SVAW","SVAW/23","same_content","博士の研究","cards/SV/SVAW/ジャッジマン_SVAW-20／23.jpg","SVAW/20","cards/SV/SVAW/博士の研究_SVAW-23／23.jpg","640156"
"cards/SV/SVAW/デデンネ_SVAW-08／23.jpg","SVAW","SVAW/8","same_content","ザングース","cards/SV/SVAW/デデンネ_SVAW-05／23.jpg","SVAW/5","cards/SV/SVAW/ザングース_SVAW-08／23.jpg","948001"
"cards/SV/SVAW/ネストボール_SVAW-17／23.jpg","SVAW","SVAW/17","same_content","ポケモンいれかえ","cards/SV/SVAW/ネストボール_SVAW-14／23.jpg","SVAW/14","cards/SV/SVAW/ポケモンいれかえ_SVAW-17／23.jpg","472511"
"cards/SV/SVAW/ネモ_SVAW-WAT.jpg","SVAW","SVAW/WAT","same_content","","cards/SV/SVAW/ネモ_SVAW-22／23.jpg","SVAW/22","","614521"
"cards/SV/SVAW/ハイパーボール_SVAW-18／23.jpg","SVAW","SVAW/18","same_content","ポケモンキャッチャー","cards/SV/SVAW/ハイパーボール_SVAW-15／23.jpg","SVAW/15","cards/SV/SVAW/ポケモンキャッチャー_SVAW-18／23.jpg","517686"
"cards/SV/SVAW/ヒラヒナ_SVAW-10／23.jpg","SVAW","SVAW/10","same_content","モトトカゲ","cards/SV/SVAW/ヒラヒナ_SVAW-07／23.jpg","SVAW/7","cards/SV/SVAW/モトトカゲ_SVAW-10／23.jpg","914470"
"cards/SV/SVAW/ポケギア3.0_SVAW-19／23.jpg","SVAW","SVAW/19","same_content","げんきのハチマキ","cards/SV/SVAW/ポケギア3.0_SVAW-16／23.jpg","SVAW/16","cards/SV/SVAW/げんきのハチマキ_SVAW-19／23.jpg","573155"
"cards/SV/SVAW/ポケモンいれかえ_SVAW-20／23.jpg","SVAW","SVAW/20","same_content","ジャッジマン","cards/SV/SVAW/ポケモンいれかえ_SVAW-17／23.jpg","SVAW/17","cards/SV/SVAW/ジャッジマン_SVAW-20／23.jpg","549794"
"cards/SV/SVAW/ポケモンキャッチャー_SVAW-21／23.jpg","SVAW","SVAW/21","same_content","たんぱんこぞう","cards/SV/SVAW/ポケモンキャッチャー_SVAW-18／23.jpg","SVAW/18","cards/SV/SVAW/たんぱんこぞう_SVAW-21／23.jpg","555939"
"cards/SV/SVAW/ミミッキュex_SVAW-09／23.jpg","SVAW","SVAW/9","same_content","グルトン","cards/SV/SVAW/ミミッキュex_SVAW-06／23.jpg","SVAW/6","cards/SV/SVAW/グルトン_SVAW-09／23.jpg","1096002"
"cards/SV/SVAW/モトトカゲ_SVAW-13／23.jpg","SVAW","SVAW/13","same_content","クラッシュハンマー","cards/SV/SVAW/モトトカゲ_SVAW-10／23.jpg","SVAW/10","cards/SV/SVAW/クラッシュハンマー_SVAW-13／23.jpg","944880"
"cards/SV/SVB/_SVB-DAR.jpg","SVB","SVB/DAR","same_content","","cards/SV/SV-P/サナギラス_SV-P-093／290.jpg","SV-P/93","","315671"
"cards/SV/SVB/_SVB-FIG.jpg","SVB","SVB/FIG","same_content","","cards/SV/SV-P/ブロロローム_SV-P-094／290.jpg","SV-P/94","","267474"
"cards/SV/SVB/_SVB-FIR.jpg","SVB","SVB/FIR","same_content","","cards/SV/SV-P/月明かりの丘_SV-P-095／290.jpg","SV-P/95","","226879"
"cards/SV/SVB/_SVB-GRA.jpg","SVB","SVB/GRA","same_content","","cards/SV/SV-P/グルーシャ_SV-P-096／290.jpg","SV-P/96","","122157"
"cards/SV/SVB/_SVB-LIG.jpg","SVB","SVB/LIG","same_content","","cards/SV/SV-P/モクロー_SV-P-071／290.jpg","SV-P/71","","1236348"
"cards/SV/SVB/_SVB-MET.jpg","SVB","SVB/MET","same_content","","cards/SV/SV-P/カルボウ_SV-P-072／290.jpg","SV-P/72","","1044082"
"cards/SV/SVB/_SVB-PSY.jpg","SVB","SVB/PSY","same_content","","cards/SV/SV-P/ケロマツ_SV-P-073／290.jpg","SV-P/73","","1106942"
"cards/SV/SVB/_SVB-WAT.jpg","SVB","SVB/WAT","same_content","","cards/SV/SV-P/ピカチュウ_SV-P-074／290.jpg","SV-P/74","","989591"
"cards/SV/SVC/たんぱんこぞう_SVC-LIG.jpg","SVC","SVC/LIG","same_content","","cards/SV/SVC/たんぱんこぞう_SVC-19／21.jpg","SVC/19","","228452"
"cards/SV/SVC/エネルギーつけかえ_SVC-14／21.jpg","SVC","SVC/14","same_content","ハイパーボール","cards/SV/SVC/エネルギーつけかえ_SVC-11／21.jpg","SVC/11","cards/SV/SVC/ハイパーボール_SVC-14／21.jpg","172339"
"cards/SV/SVC/エレキジェネレーター_SVC-15／21.jpg","SVC","SVC/15","same_content","ポケギア3.0","cards/SV/SVC/エレキジェネレーター_SVC-12／21.jpg","SVC/12","cards/SV/SVC/ポケギア3.0_SVC-15／21.jpg","187634"
"cards/SV/SVC/グルトン_SVC-13／21.jpg","SVC","SVC/13","same_content","ネストボール","cards/SV/SVC/グルトン_SVC-10／21.jpg","SVC/10","cards/SV/SVC/ネストボール_SVC-13／21.jpg","205855"
"cards/SV/SVC/ジャッジマン_SVC-21／21.jpg","SVC","SVC/21","same_content","博士の研究","cards/SV/SVC/ジャッジマン_SVC-18／21.jpg","SVC/18","cards/SV/SVC/博士の研究_SVC-21／21.jpg","205920"
"cards/SV/SVC/ネストボール_SVC-16／21.jpg","SVC","SVC/16","same_content","ポケモンいれかえ","cards/SV/SVC/ネストボール_SVC-13／21.jpg","SVC/13","cards/SV/SVC/ポケモンいれかえ_SVC-16／21.jpg","147845"
"cards/SV/SVC/ハイパーボール_SVC-17／21.jpg","SVC","SVC/17","same_content","ポケモンキャッチャー","cards/SV/SVC/ハイパーボール_SVC-14／21.jpg","SVC/14","cards/SV/SVC/ポケモンキャッチャー_SVC-17／21.jpg","162631"
"cards/SV/SVC/パモ_SVC-08／21.jpg","SVC","SVC/8","same_content","パモット","cards/SV/SVC/パモ_SVC-07／21.jpg","SVC/7","cards/SV/SVC/パモット_SVC-08／21.jpg","279809"
"cards/SV/SVC/パモット_SVC-09／21.jpg","SVC","SVC/9","old_number","パーモット","","","cards/SV/SVC/パーモット_SVC-09／21.jpg","306548"
"cards/SV/SVC/パモット_SVC-10／21.jpg","SVC","SVC/10","old_number","グルトン","","","cards/SV/SVC/グルトン_SVC-10／21.jpg","306548"
"cards/SV/SVC/パーモット_SVC-11／21.jpg","SVC","SVC/11","old_number","エネルギーつけかえ","","","cards/SV/SVC/エネルギーつけかえ_SVC-11／21.jpg","278001"
"cards/SV/SVC/パーモット_SVC-12／21.jpg","SVC","SVC/12","old_number","エレキジェネレーター","","","cards/SV/SVC/エレキジェネレーター_SVC-12／21.jpg","278001"
"cards/SV/SVC/ポケギア3.0_SVC-18／21.jpg","SVC","SVC/18","same_content","ジャッジマン","cards/SV/SVC/ポケギア3.0_SVC-15／21.jpg","SVC/15","cards/SV/SVC/ジャッジマン_SVC-18／21.jpg","183821"
"cards/SV/SVC/ポケモンいれかえ_SVC-19／21.jpg","SVC","SVC/19","same_content","たんぱんこぞう","cards/SV/SVC/ポケモンいれかえ_SVC-16／21.jpg","SVC/16","cards/SV/SVC/たんぱんこぞう_SVC-19／21.jpg","176866"
"cards/SV/SVC/ポケモンキャッチャー_SVC-20／21.jpg","SVC","SVC/20","same_content","ネモ","cards/SV/SVC/ポケモンキャッチャー_SVC-17／21.jpg","SVC/17","cards/SV/SVC/ネモ_SVC-20／21.jpg","177972"
"cards/SV/SVD/_SVD-FIG.jpg","SVD","SVD/FIG","same_content","","cards/SV/SV-P/ブロロローム_SV-P-094／290.jpg","SV-P/94","","267474"
"cards/SV/SVD/_SVD-FIR.jpg","SVD","SVD/FIR","same_content","","cards/SV/SV-P/月明かりの丘_SV-P-095／290.jpg","SV-P/95","","226879"
"cards/SV/SVD/_SVD-GRA.jpg","SVD","SVD/GRA","same_content","","cards/SV/SV-P/グルーシャ_SV-P-096／290.jpg","SV-P/96","","122157"
"cards/SV/SVD/_SVD-LIG.jpg","SVD","SVD/LIG","same_content","","cards/SV/SV-P/モクロー_SV-P-071／290.jpg","SV-P/71","","1236348"
"cards/SV/SVD/_SVD-MET.jpg","SVD","SVD/MET","same_content","","cards/SV/SV-P/カルボウ_SV-P-072／290.jpg","SV-P/72","","1044082"
"cards/SV/SVD/_SVD-PSY.jpg","SVD","SVD/PSY","same_content","","cards/SV/SV-P/ケロマツ_SV-P-073／290.jpg","SV-P/73","","1106942"
"cards/SV/SVD/_SVD-WAT.jpg","SVD","SVD/WAT","same_content","","cards/SV/SV-P/ピカチュウ_SV-P-074／290.jpg","SV-P/74","","989591"
"cards/SV/SVD/リバーサルエネルギー_SVD-DAR.jpg","SVD","SVD/DAR","unindexed_not_in_data","","","","","245236"
"cards/SV/SVD/基本草エネルギー_SVD-139／139.jpg","SVD","SVD/139","unindexed_in_data","基本草エネルギー","","","","66139"
"cards/SV/SVEL/すごいつりざお_SVEL-12／20.jpg","SVEL","SVEL/12","same_content","ハイパーボール","cards/SV/SVEL/すごいつりざお_SVEL-10／20.jpg","SVEL/10","cards/SV/SVEL/ハイパーボール_SVEL-12／20.jpg","178532"
"cards/SV/SVEL/ふしぎなアメ_SVEL-15／20.jpg","SVEL","SVEL/15","same_content","ポケモンいれかえ","cards/SV/SVEL/ふしぎなアメ_SVEL-13／20.jpg","SVEL/13","cards/SV/SVEL/ポケモンいれかえ_SVEL-15／20.jpg","166781"
"cards/SV/SVEL/アチゲータ_SVEL-07／20.jpg","SVEL","SVEL/7","old_number","ミュウ","","","cards/SV/SVEL/ミュウ_SVEL-07／20.jpg","343810"
"cards/SV/SVEL/アチゲータ_SVEL-08／20.jpg","SVEL","SVEL/8","old_number","ラウドボーンex","","","cards/SV/SVEL/ラウドボーンex_SVEL-08／20.jpg","343810"
"cards/SV/SVEL/スーパーエネルギー回収_SVEL-11／20.jpg","SVEL","SVEL/11","same_content","ネストボール","cards/SV/SVEL/スーパーエネルギー回収_SVEL-09／20.jpg","SVEL/9","cards/SV/SVEL/ネストボール_SVEL-11／20.jpg","223335"
"cards/SV/SVEL/ナンジャモ_SVEL-18／20.jpg","SVEL","SVEL/18","same_content","博士の研究","cards/SV/SVEL/ナンジャモ_SVEL-16／20.jpg","SVEL/16","cards/SV/SVEL/博士の研究_SVEL-18／20.jpg","208160"
"cards/SV/SVEL/ネストボール_SVEL-13／20.jpg","SVEL","SVEL/13","same_content","ふしぎなアメ","cards/SV/SVEL/ネストボール_SVEL-11／20.jpg","SVEL/11","cards/SV/SVEL/ふしぎなアメ_SVEL-13／20.jpg","147571"
"cards/SV/SVEL/ネモ_SVEL-19／20.jpg","SVEL","SVEL/19","same_content","ボスの指令","cards/SV/SVEL/ネモ_SVEL-17／20.jpg","SVEL/17","cards/SV/SVEL/ボスの指令_SVEL-19／20.jpg","193578"
"cards/SV/SVEL/ハイパーボール_SVEL-14／20.jpg","SVEL","SVEL/14","same_content","ポケギア3.0","cards/SV/SVEL/ハイパーボール_SVEL-12／20.jpg","SVEL/12","cards/SV/SVEL/ポケギア3.0_SVEL-14／20.jpg","162506"
"cards/SV/SVEL/ホゲータ_SVEL-06／20.jpg","SVEL","SVEL/6","same_content","アチゲータ","cards/SV/SVEL/ホゲータ_SVEL-05／20.jpg","SVEL/5","cards/SV/SVEL/アチゲータ_SVEL-06／20.jpg","334733"
"cards/SV/SVEL/ボスの指令_SVEL-FIR.jpg","SVEL","SVEL/FIR","same_content","","cards/SV/SVEL/ボスの指令_SVEL-19／20.jpg","SVEL/19","","182117"
"cards/SV/SVEL/ポケギア3.0_SVEL-16／20.jpg","SVEL","SVEL/16","same_content","ナンジャモ","cards/SV/SVEL/ポケギア3.0_SVEL-14／20.jpg","SVEL/14","cards/SV/SVEL/ナンジャモ_SVEL-16／20.jpg","183597"
"cards/SV/SVEL/ポケモンいれかえ_SVEL-17／20.jpg","SVEL","SVEL/17","same_content","ネモ","cards/SV/SVEL/ポケモンいれかえ_SVEL-15／20.jpg","SVEL/15","cards/SV/SVEL/ネモ_SVEL-17／20.jpg","176456"
"cards/SV/SVEL/ミュウ_SVEL-09／20.jpg","SVEL","SVEL/9","same_content","スーパーエネルギー回収","cards/SV/SVEL/ミュウ_SVEL-07／20.jpg","SVEL/7","cards/SV/SVEL/スーパーエネルギー回収_SVEL-09／20.jpg","307696"
"cards/SV/SVEL/ラウドボーンex_SVEL-10／20.jpg","SVEL","SVEL/10","same_content","すごいつりざお","cards/SV/SVEL/ラウドボーンex_SVEL-08／20.jpg","SVEL/8","cards/SV/SVEL/すごいつりざお_SVEL-10／20.jpg","505783"
"cards/SV/SVEL/博士の研究_SVEL-20／20.jpg","SVEL","SVEL/20","same_content","マグマの滝壺","cards/SV/SVEL/博士の研究_SVEL-18／20.jpg","SVEL/18","cards/SV/SVEL/マグマの滝壺_SVEL-20／20.jpg","189075"
"cards/SV/SVEM/すごいつりざお_SVEM-13／20.jpg","SVEM","SVEM/13","same_content","ハイパーボール","cards/SV/SVEM/すごいつりざお_SVEM-11／20.jpg","SVEM/11","cards/SV/SVEM/ハイパーボール_SVEM-13／20.jpg","178594"
"cards/SV/SVEM/エルフーン_SVEM-10／20.jpg","SVEM","SVEM/10","same_content","霧の水晶","cards/SV/SVEM/エルフーン_SVEM-08／20.jpg","SVEM/8","cards/SV/SVEM/霧の水晶_SVEM-10／20.jpg","252667"
"cards/SV/SVEM/デオキシス_SVEM-08／20.jpg","SVEM","SVEM/8","same_content","エルフーン","cards/SV/SVEM/デオキシス_SVEM-06／20.jpg","SVEM/6","cards/SV/SVEM/エルフーン_SVEM-08／20.jpg","288124"
"cards/SV/SVEM/デデンネ_SVEM-11／20.jpg","SVEM","SVEM/11","same_content","すごいつりざお","cards/SV/SVEM/デデンネ_SVEM-09／20.jpg","SVEM/9","cards/SV/SVEM/すごいつりざお_SVEM-11／20.jpg","275162"
"cards/SV/SVEM/ナンジャモ_SVEM-19／20.jpg","SVEM","SVEM/19","same_content","博士の研究","cards/SV/SVEM/ナンジャモ_SVEM-17／20.jpg","SVEM/17","cards/SV/SVEM/博士の研究_SVEM-19／20.jpg","208208"
"cards/SV/SVEM/ネイティ_SVEM-05／20.jpg","SVEM","SVEM/5","same_content","ネイティオ","cards/SV/SVEM/ネイティ_SVEM-04／20.jpg","SVEM/4","cards/SV/SVEM/ネイティオ_SVEM-05／20.jpg","261678"
"cards/SV/SVEM/ネイティオ_SVEM-06／20.jpg","SVEM","SVEM/6","old_number","デオキシス","","","cards/SV/SVEM/デオキシス_SVEM-06／20.jpg","315281"
"cards/SV/SVEM/ネイティオ_SVEM-07／20.jpg","SVEM","SVEM/7","old_number","モンメン","","","cards/SV/SVEM/モンメン_SVEM-07／20.jpg","315281"
"cards/SV/SVEM/ネストボール_SVEM-14／20.jpg","SVEM","SVEM/14","same_content","ポケギア3.0","cards/SV/SVEM/ネストボール_SVEM-12／20.jpg","SVEM/12","cards/SV/SVEM/ポケギア3.0_SVEM-14／20.jpg","147649"
"cards/SV/SVEM/ネモ_SVEM-20／20.jpg","SVEM","SVEM/20","same_content","ボスの指令","cards/SV/SVEM/ネモ_SVEM-18／20.jpg","SVEM/18","cards/SV/SVEM/ボスの指令_SVEM-20／20.jpg","198171"
"cards/SV/SVEM/ハイパーボール_SVEM-15／20.jpg","SVEM","SVEM/15","same_content","ポケモンいれかえ","cards/SV/SVEM/ハイパーボール_SVEM-13／20.jpg","SVEM/13","cards/SV/SVEM/ポケモンいれかえ_SVEM-15／20.jpg","162512"
"cards/SV/SVEM/ポケギア3.0_SVEM-16／20.jpg","SVEM","SVEM/16","same_content","勇気のおまもり","cards/SV/SVEM/ポケギア3.0_SVEM-14／20.jpg","SVEM/14","cards/SV/SVEM/勇気のおまもり_SVEM-16／20.jpg","183650"
"cards/SV/SVEM/ポケモンいれかえ_SVEM-17／20.jpg","SVEM","SVEM/17","same_content","ナンジャモ","cards/SV/SVEM/ポケモンいれかえ_SVEM-15／20.jpg","SVEM/15","cards/SV/SVEM/ナンジャモ_SVEM-17／20.jpg","176500"
"cards/SV/SVEM/モンメン_SVEM-09／20.jpg","SVEM","SVEM/9","same_content","デデンネ","cards/SV/SVEM/モンメン_SVEM-07／20.jpg","SVEM/7","cards/SV/SVEM/デデンネ_SVEM-09／20.jpg","258497"
"cards/SV/SVEM/勇気のおまもり_SVEM-18／20.jpg","SVEM","SVEM/18","same_content","ネモ","cards/SV/SVEM/勇気のおまもり_SVEM-16／20.jpg","SVEM/16","cards/SV/SVEM/ネモ_SVEM-18／20.jpg","177564"
"cards/SV/SVEM/博士の研究_SVEM-PSY.jpg","SVEM","SVEM/PSY","same_content","","cards/SV/SVEM/博士の研究_SVEM-19／20.jpg","SVEM/19","","178666"
"cards/SV/SVEM/霧の水晶_SVEM-12／20.jpg","SVEM","SVEM/12","same_content","ネストボール","cards/SV/SVEM/霧の水晶_SVEM-10／20.jpg","SVEM/10","cards/SV/SVEM/ネストボール_SVEM-12／20.jpg","171472"
"cards/SV/SVF/ダブルターボエネルギー_SVF-WAT.jpg","SVF","SVF/WAT","unindexed_not_in_data","","","","","161143"
"cards/SV/SVF/基本悪エネルギー_SVF-MET.jpg","SVF","SVF/MET","same_content","","cards/SV/SV-P/カルボウ_SV-P-072／290.jpg","SV-P/72","","1044082"
"cards/SV/SVF/基本水エネルギー_SVF-FIG.jpg","SVF","SVF/FIG","same_content","","cards/SV/SV-P/ブロロローム_SV-P-094／290.jpg","SV-P/94","","267474"
"cards/SV/SVF/基本炎エネルギー_SVF-DAR.jpg","SVF","SVF/DAR","same_content","","cards/SV/SV-P/サナギラス_SV-P-093／290.jpg","SV-P/93","","315671"
"cards/SV/SVF/基本草エネルギー_SVF-38／38.jpg","SVF","SVF/38","unindexed_in_data","基本草エネルギー","","","","66139"
"cards/SV/SVF/基本超エネルギー_SVF-GRA.jpg","SVF","SVF/GRA","same_content","","cards/SV/SV-P/グルーシャ_SV-P-096／290.jpg","SV-P/96","","122157"
"cards/SV/SVF/基本鋼エネルギー_SVF-PSY.jpg","SVF","SVF/PSY","same_content","","cards/SV/SV-P/ケロマツ_SV-P-073／290.jpg","SV-P/73","","1106942"
"cards/SV/SVF/基本闘エネルギー_SVF-LIG.jpg","SVF","SVF/LIG","same_content","","cards/SV/SV-P/モクロー_SV-P-071／290.jpg","SV-P/71","","1236348"
"cards/SV/SVF/基本雷エネルギー_SVF-FIR.jpg","SVF","SVF/FIR","same_content","","cards/SV/SV-P/月明かりの丘_SV-P-095／290.jpg","SV-P/95","","226879"
"cards/SV/SVHK/いれかえカート_SVHK-18／22.jpg","SVHK","SVHK/18","same_content","いれかえカート","cards/SV/SVHK/いれかえカート_SVHK-18／53.jpg","SVHK/18","cards/SV/SVHK/いれかえカート_SVHK-18／53.jpg","102114"
"cards/SV/SVHK/かがやくゲッコウガ_SVHK-06／22.jpg","SVHK","SVHK/6","same_content","かがやくゲッコウガ","cards/SV/SVHK/かがやくゲッコウガ_SVHK-06／53.jpg","SVHK/6","cards/SV/SVHK/かがやくゲッコウガ_SVHK-06／53.jpg","172243"
"cards/SV/SVHK/すごいつりざお_SVHK-FIG.jpg","SVHK","SVHK/FIG","same_content","","cards/SV/SVHK/すごいつりざお_SVHK-23／53.jpg","SVHK/23","","96144"
"cards/SV/SVHK/イダイナキバ_SVHK-10／22.jpg","SVHK","SVHK/10","same_content","イダイナキバ","cards/SV/SVHK/イダイナキバ_SVHK-10／53.jpg","SVHK/10","cards/SV/SVHK/イダイナキバ_SVHK-10／53.jpg","178052"
"cards/SV/SVHK/イワンコ_SVHK-08／22.jpg","SVHK","SVHK/8","same_content","イワンコ","cards/SV/SVHK/イワンコ_SVHK-08／53.jpg","SVHK/8","cards/SV/SVHK/イワンコ_SVHK-08／53.jpg","132028"
"cards/SV/SVHK/エネルギーつけかえ_SVHK-19／22.jpg","SVHK","SVHK/19","same_content","エネルギーつけかえ","cards/SV/SVHK/エネルギーつけかえ_SVHK-19／53.jpg","SVHK/19","cards/SV/SVHK/エネルギーつけかえ_SVHK-19／53.jpg","93391"
"cards/SV/SVHK/エレキジェネレーター_SVHK-20／22.jpg","SVHK","SVHK/20","same_content","エレキジェネレーター","cards/SV/SVHK/エレキジェネレーター_SVHK-20／53.jpg","SVHK/20","cards/SV/SVHK/エレキジェネレーター_SVHK-20／53.jpg","102470"
"cards/SV/SVHK/カウンターキャッチャー_SVHK-21／22.jpg","SVHK","SVHK/21","same_content","カウンターキャッチャー","cards/SV/SVHK/カウンターキャッチャー_SVHK-21／53.jpg","SVHK/21","cards/SV/SVHK/カウンターキャッチャー_SVHK-21／53.jpg","103044"
"cards/SV/SVHK/ガッツのつるはし_SVHK-22／22.jpg","SVHK","SVHK/22","same_content","ガッツのつるはし","cards/SV/SVHK/ガッツのつるはし_SVHK-22／53.jpg","SVHK/22","cards/SV/SVHK/ガッツのつるはし_SVHK-22／53.jpg","120914"
"cards/SV/SVHK/ギャロップ_SVHK-02／22.jpg","SVHK","SVHK/2","same_content","ギャロップ","cards/SV/SVHK/ギャロップ_SVHK-02／53.jpg","SVHK/2","cards/SV/SVHK/ギャロップ_SVHK-02／53.jpg","157816"
"cards/SV/SVHK/コライドンex_SVHK-12／22.jpg","SVHK","SVHK/12","same_content","コライドンex","cards/SV/SVHK/コライドンex_SVHK-12／53.jpg","SVHK/12","cards/SV/SVHK/コライドンex_SVHK-12／53.jpg","178093"
"cards/SV/SVHK/サケブシッポ_SVHK-07／22.jpg","SVHK","SVHK/7","same_content","サケブシッポ","cards/SV/SVHK/サケブシッポ_SVHK-07／53.jpg","SVHK/7","cards/SV/SVHK/サケブシッポ_SVHK-07／53.jpg","165795"
"cards/SV/SVHK/スナノケガワ_SVHK-11／22.jpg","SVHK","SVHK/11","same_content","スナノケガワ","cards/SV/SVHK/スナノケガワ_SVHK-11／53.jpg","SVHK/11","cards/SV/SVHK/スナノケガワ_SVHK-11／53.jpg","184170"
"cards/SV/SVHK/ダークパッチ_SVHK-FIR.jpg","SVHK","SVHK/FIR","same_content","","cards/SV/SVHK/ダークパッチ_SVHK-24／53.jpg","SVHK/24","","92635"
"cards/SV/SVHK/ネオラントV_SVHK-04／22.jpg","SVHK","SVHK/4","same_content","ネオラントV","cards/SV/SVHK/ネオラントV_SVHK-04／53.jpg","SVHK/4","cards/SV/SVHK/ネオラントV_SVHK-04／53.jpg","172577"
"cards/SV/SVHK/バクガメス_SVHK-03／22.jpg","SVHK","SVHK/3","same_content","バクガメス","cards/SV/SVHK/バクガメス_SVHK-03／53.jpg","SVHK/3","cards/SV/SVHK/バクガメス_SVHK-03／53.jpg","168688"
"cards/SV/SVHK/ビッパ_SVHK-16／22.jpg","SVHK","SVHK/16","same_content","ビッパ","cards/SV/SVHK/ビッパ_SVHK-16／53.jpg","SVHK/16","cards/SV/SVHK/ビッパ_SVHK-16／53.jpg","143708"
"cards/SV/SVHK/ビーダル_SVHK-17／22.jpg","SVHK","SVHK/17","same_content","ビーダル","cards/SV/SVHK/ビーダル_SVHK-17／53.jpg","SVHK/17","cards/SV/SVHK/ビーダル_SVHK-17／53.jpg","143377"
"cards/SV/SVHK/ピジョットex_SVHK-15／22.jpg","SVHK","SVHK/15","same_content","ピジョットex","cards/SV/SVHK/ピジョットex_SVHK-15／53.jpg","SVHK/15","cards/SV/SVHK/ピジョットex_SVHK-15／53.jpg","136456"
"cards/SV/SVHK/ピジョン_SVHK-14／22.jpg","SVHK","SVHK/14","same_content","ピジョン","cards/SV/SVHK/ピジョン_SVHK-14／53.jpg","SVHK/14","cards/SV/SVHK/ピジョン_SVHK-14／53.jpg","95761"
"cards/SV/SVHK/ポッポ_SVHK-13／22.jpg","SVHK","SVHK/13","same_content","ポッポ","cards/SV/SVHK/ポッポ_SVHK-13／53.jpg","SVHK/13","cards/SV/SVHK/ポッポ_SVHK-13／53.jpg","114716"
"cards/SV/SVHK/ポニータ_SVHK-01／22.jpg","SVHK","SVHK/1","same_content","ポニータ","cards/SV/SVHK/ポニータ_SVHK-01／53.jpg","SVHK/1","cards/SV/SVHK/ポニータ_SVHK-01／53.jpg","168463"
"cards/SV/SVHK/マナフィ_SVHK-05／22.jpg","SVHK","SVHK/5","same_content","マナフィ","cards/SV/SVHK/マナフィ_SVHK-05／53.jpg","SVHK/5","cards/SV/SVHK/マナフィ_SVHK-05／53.jpg","154848"
"cards/SV/SVHK/ルガルガン_SVHK-09／22.jpg","SVHK","SVHK/9","same_content","ルガルガン","cards/SV/SVHK/ルガルガン_SVHK-09／53.jpg","SVHK/9","cards/SV/SVHK/ルガルガン_SVHK-09／53.jpg","154447"
"cards/SV/SVHM/いれかえカート_SVHM-18／22.jpg","SVHM","SVHM/18","same_content","いれかえカート","cards/SV/SVHM/いれかえカート_SVHM-18／53.jpg","SVHM/18","cards/SV/SVHM/いれかえカート_SVHM-18／53.jpg","102099"
"cards/SV/SVHM/かがやくゲッコウガ_SVHM-03／22.jpg","SVHM","SVHM/3","same_content","かがやくゲッコウガ","cards/SV/SVHM/かがやくゲッコウガ_SVHM-03／53.jpg","SVHM/3","cards/SV/SVHM/かがやくゲッコウガ_SVHM-03／53.jpg","169025"
"cards/SV/SVHM/すごいつりざお_SVHM-LIG.jpg","SVHM","SVHM/LIG","same_content","","cards/SV/SVHM/すごいつりざお_SVHM-23／53.jpg","SVHM/23","","96193"
"cards/SV/SVHM/エネルギーつけかえ_SVHM-19／22.jpg","SVHM","SVHM/19","same_content","エネルギーつけかえ","cards/SV/SVHM/エネルギーつけかえ_SVHM-19／53.jpg","SVHM/19","cards/SV/SVHM/エネルギーつけかえ_SVHM-19／53.jpg","93419"
"cards/SV/SVHM/エレキジェネレーター_SVHM-20／22.jpg","SVHM","SVHM/20","same_content","エレキジェネレーター","cards/SV/SVHM/エレキジェネレーター_SVHM-20／53.jpg","SVHM/20","cards/SV/SVHM/エレキジェネレーター_SVHM-20／53.jpg","102558"
"cards/SV/SVHM/オーベム_SVHM-09／22.jpg","SVHM","SVHM/9","same_content","オーベム","cards/SV/SVHM/オーベム_SVHM-09／53.jpg","SVHM/9","cards/SV/SVHM/オーベム_SVHM-09／53.jpg","156856"
"cards/SV/SVHM/カウンターキャッチャー_SVHM-21／22.jpg","SVHM","SVHM/21","same_content","カウンターキャッチャー","cards/SV/SVHM/カウンターキャッチャー_SVHM-21／53.jpg","SVHM/21","cards/SV/SVHM/カウンターキャッチャー_SVHM-21／53.jpg","103071"
"cards/SV/SVHM/ガッツのつるはし_SVHM-22／22.jpg","SVHM","SVHM/22","same_content","ガッツのつるはし","cards/SV/SVHM/ガッツのつるはし_SVHM-22／53.jpg","SVHM/22","cards/SV/SVHM/ガッツのつるはし_SVHM-22／53.jpg","120917"
"cards/SV/SVHM/ダークパッチ_SVHM-PSY.jpg","SVHM","SVHM/PSY","same_content","","cards/SV/SVHM/ダークパッチ_SVHM-24／53.jpg","SVHM/24","","92631"
"cards/SV/SVHM/テツノカイナ_SVHM-06／22.jpg","SVHM","SVHM/6","same_content","テツノカイナ","cards/SV/SVHM/テツノカイナ_SVHM-06／53.jpg","SVHM/6","cards/SV/SVHM/テツノカイナ_SVHM-06／53.jpg","192496"
"cards/SV/SVHM/テツノコウベ_SVHM-17／22.jpg","SVHM","SVHM/17","same_content","テツノコウベ","cards/SV/SVHM/テツノコウベ_SVHM-17／53.jpg","SVHM/17","cards/SV/SVHM/テツノコウベ_SVHM-17／53.jpg","174168"
"cards/SV/SVHM/テツノブジン_SVHM-10／22.jpg","SVHM","SVHM/10","same_content","テツノブジン","cards/SV/SVHM/テツノブジン_SVHM-10／53.jpg","SVHM/10","cards/SV/SVHM/テツノブジン_SVHM-10／53.jpg","175862"
"cards/SV/SVHM/ネオラントV_SVHM-01／22.jpg","SVHM","SVHM/1","same_content","ネオラントV","cards/SV/SVHM/ネオラントV_SVHM-01／53.jpg","SVHM/1","cards/SV/SVHM/ネオラントV_SVHM-01／53.jpg","172568"
"cards/SV/SVHM/パルスワン_SVHM-05／22.jpg","SVHM","SVHM/5","same_content","パルスワン","cards/SV/SVHM/パルスワン_SVHM-05／53.jpg","SVHM/5","cards/SV/SVHM/パルスワン_SVHM-05／53.jpg","113134"
"cards/SV/SVHM/ビッパ_SVHM-15／22.jpg","SVHM","SVHM/15","same_content","ビッパ","cards/SV/SVHM/ビッパ_SVHM-15／53.jpg","SVHM/15","cards/SV/SVHM/ビッパ_SVHM-15／53.jpg","143716"
"cards/SV/SVHM/ビーダル_SVHM-16／22.jpg","SVHM","SVHM/16","same_content","ビーダル","cards/SV/SVHM/ビーダル_SVHM-16／53.jpg","SVHM/16","cards/SV/SVHM/ビーダル_SVHM-16／53.jpg","143362"
"cards/SV/SVHM/ピジョットex_SVHM-14／22.jpg","SVHM","SVHM/14","same_content","ピジョットex","cards/SV/SVHM/ピジョットex_SVHM-14／53.jpg","SVHM/14","cards/SV/SVHM/ピジョットex_SVHM-14／53.jpg","136488"
"cards/SV/SVHM/ピジョン_SVHM-13／22.jpg","SVHM","SVHM/13","same_content","ピジョン","cards/SV/SVHM/ピジョン_SVHM-13／53.jpg","SVHM/13","cards/SV/SVHM/ピジョン_SVHM-13／53.jpg","95790"
"cards/SV/SVHM/ポッポ_SVHM-12／22.jpg","SVHM","SVHM/12","same_content","ポッポ","cards/SV/SVHM/ポッポ_SVHM-12／53.jpg","SVHM/12","cards/SV/SVHM/ポッポ_SVHM-12／53.jpg","114772"
"cards/SV/SVHM/マナフィ_SVHM-02／22.jpg","SVHM","SVHM/2","same_content","マナフィ","cards/SV/SVHM/マナフィ_SVHM-02／53.jpg","SVHM/2","cards/SV/SVHM/マナフィ_SVHM-02／53.jpg","154836"
"cards/SV/SVHM/ミライドンex_SVHM-11／22.jpg","SVHM","SVHM/11","same_content","ミライドンex","cards/SV/SVHM/ミライドンex_SVHM-11／53.jpg","SVHM/11","cards/SV/SVHM/ミライドンex_SVHM-11／53.jpg","184859"
"cards/SV/SVHM/ラティアス_SVHM-07／22.jpg","SVHM","SVHM/7","same_content","ラティアス","cards/SV/SVHM/ラティアス_SVHM-07／53.jpg","SVHM/7","cards/SV/SVHM/ラティアス_SVHM-07／53.jpg","128551"
"cards/SV/SVHM/リグレー_SVHM-08／22.jpg","SVHM","SVHM/8","same_content","リグレー","cards/SV/SVHM/リグレー_SVHM-08／53.jpg","SVHM/8","cards/SV/SVHM/リグレー_SVHM-08／53.jpg","177003"
"cards/SV/SVHM/ワンパチ_SVHM-04／22.jpg","SVHM","SVHM/4","same_content","ワンパチ","cards/SV/SVHM/ワンパチ_SVHM-04／53.jpg","SVHM/4","cards/SV/SVHM/ワンパチ_SVHM-04／53.jpg","119008"