id	page	setArg	name	type
M1L-081	Mega Brave/Mega Symphonia (TCG)	Mega Brave (/063)	Premium Power Pro	Item
M1L-082	Mega Brave/Mega Symphonia (TCG)	Mega Brave (/063)	Fighting Gong	Item
M1L-083	Mega Brave/Mega Symphonia (TCG)	Mega Brave (/063)	Night Stretcher	Item
M1L-084	Mega Brave/Mega Symphonia (TCG)	Mega Brave (/063)	Air Balloon	Pokémon Tool
M1L-085	Mega Brave/Mega Symphonia (TCG)	Mega Brave (/063)	Lt. Surge's Bargain	Supporter
M1L-086	Mega Brave/Mega Symphonia (TCG)	Mega Brave (/063)	Lillie's Determination	Supporter
M1L-090	Mega Brave/Mega Symphonia (TCG)	Mega Brave (/063)	Lt. Surge's Bargain	Supporter
M1L-091	Mega Brave/Mega Symphonia (TCG)	Mega Brave (/063)	Lillie's Determination	Supporter
M1S-076	Mega Brave/Mega Symphonia (TCG)	Mega Symphonia (/063)	Mega Abomasnow ex	Water
M1S-081	Mega Brave/Mega Symphonia (TCG)	Mega Symphonia (/063)	Buddy-Buddy Poffin	Item
M1S-082	Mega Brave/Mega Symphonia (TCG)	Mega Symphonia (/063)	Rare Candy	Item
M1S-083	Mega Brave/Mega Symphonia (TCG)	Mega Symphonia (/063)	Mega Signal	Item
M1S-084	Mega Brave/Mega Symphonia (TCG)	Mega Symphonia (/063)	Acerola's Mischief	Supporter
M1S-085	Mega Brave/Mega Symphonia (TCG)	Mega Symphonia (/063)	Wally's Compassion	Supporter
M1S-086	Mega Brave/Mega Symphonia (TCG)	Mega Symphonia (/063)	Mystery Garden	Stadium
M1S-090	Mega Brave/Mega Symphonia (TCG)	Mega Symphonia (/063)	Acerola's Mischief	Supporter
M1S-091	Mega Brave/Mega Symphonia (TCG)	Mega Symphonia (/063)	Wally's Compassion	Supporter
M2-101	Inferno X (TCG)	Inferno X (/080)	Blowtorch	Item
M2-102	Inferno X (TCG)	Inferno X (/080)	Switch	Item
M2-103	Inferno X (TCG)	Inferno X (/080)	Sacred Charm	Pokémon Tool
M2-104	Inferno X (TCG)	Inferno X (/080)	Punk Helmet	Pokémon Tool
M2-105	Inferno X (TCG)	Inferno X (/080)	Grimsley's Move	Supporter
M2-106	Inferno X (TCG)	Inferno X (/080)	Dawn	Supporter
M2-107	Inferno X (TCG)	Inferno X (/080)	Firebreather	Supporter
M2-108	Inferno X (TCG)	Inferno X (/080)	Battle Cage	Stadium
M2-109	Inferno X (TCG)	Inferno X (/080)	Ignition Energy	Energy
M2-115	Inferno X (TCG)	Inferno X (/080)	Dawn	Supporter
M3-101	Nihil Zero (TCG)	Nihil Zero (/080)	Energy Recycler	Item
M3-102	Nihil Zero (TCG)	Nihil Zero (/080)	Sacred Ash	Item
M3-103	Nihil Zero (TCG)	Nihil Zero (/080)	Poké Pad	Item
M3-104	Nihil Zero (TCG)	Nihil Zero (/080)	Wondrous Patch	Item
M3-105	Nihil Zero (TCG)	Nihil Zero (/080)	Tarragon	Supporter
M3-106	Nihil Zero (TCG)	Nihil Zero (/080)	Naveen	Supporter
M3-107	Nihil Zero (TCG)	Nihil Zero (/080)	Rosa's Encouragement	Supporter
M3-108	Nihil Zero (TCG)	Nihil Zero (/080)	Jacinthe	Supporter
M3-109	Nihil Zero (TCG)	Nihil Zero (/080)	Forest of Vitality	Stadium
M3-110	Nihil Zero (TCG)	Nihil Zero (/080)	Lumiose City	Stadium
M3-115	Nihil Zero (TCG)	Nihil Zero (/080)	Rosa's Encouragement	Supporter
M3-116	Nihil Zero (TCG)	Nihil Zero (/080)	Jacinthe	Supporter
S10D-008	Astral Radiance (TCG)	Time Gazer (/067)	Hisuian Lilligant VSTAR	Grass
S10D-033	Astral Radiance (TCG)	Time Gazer (/067)	Machamp VMAX	Fighting
S10D-049	Astral Radiance (TCG)	Time Gazer (/067)	Origin Forme Dialga VSTAR	Metal
S10D-068	Astral Radiance (TCG)	Time Gazer (/067)	Hisuian Lilligant V	Grass
S10D-069	Astral Radiance (TCG)	Time Gazer (/067)	Hisuian Lilligant V	Grass
S10D-070	Astral Radiance (TCG)	Time Gazer (/067)	Luxray V	Lightning
S10D-071	Astral Radiance (TCG)	Time Gazer (/067)	Jirachi V	Psychic
S10D-072	Astral Radiance (TCG)	Time Gazer (/067)	Machamp V	Fighting
S10D-073	Astral Radiance (TCG)	Time Gazer (/067)	Machamp V	Fighting
S10D-074	Astral Radiance (TCG)	Time Gazer (/067)	Origin Forme Dialga V	Metal
S10D-075	Astral Radiance (TCG)	Time Gazer (/067)	Origin Forme Dialga V	Metal
S10D-076	Astral Radiance (TCG)	Time Gazer (/067)	Wyrdeer V	Colorless
S10D-077	Astral Radiance (TCG)	Time Gazer (/067)	Adaman	Supporter
S10D-078	Astral Radiance (TCG)	Time Gazer (/067)	Gardenia's Vigor	Supporter
S10D-079	Astral Radiance (TCG)	Time Gazer (/067)	Zisu	Supporter
S10D-080	Astral Radiance (TCG)	Time Gazer (/067)	Hisuian Lilligant VSTAR	Grass
S10D-081	Astral Radiance (TCG)	Time Gazer (/067)	Machamp VMAX	Fighting
S10D-082	Astral Radiance (TCG)	Time Gazer (/067)	Origin Forme Dialga VSTAR	Metal
S10D-083	Astral Radiance (TCG)	Time Gazer (/067)	Adaman	Supporter
S10D-084	Astral Radiance (TCG)	Time Gazer (/067)	Gardenia's Vigor	Supporter
S10D-085	Astral Radiance (TCG)	Time Gazer (/067)	Zisu	Supporter
S10D-086	Astral Radiance (TCG)	Time Gazer (/067)	Origin Forme Dialga VSTAR	Metal
S10D-087	Astral Radiance (TCG)	Time Gazer (/067)	Trekking Shoes	Item
S10D-088	Astral Radiance (TCG)	Time Gazer (/067)	Path to the Peak	Stadium
S10P-015	Astral Radiance (TCG)	Space Juggler (/067)	Heatran VMAX	Fire
S10P-023	Astral Radiance (TCG)	Space Juggler (/067)	Origin Forme Palkia VSTAR	Water
S10P-041	Astral Radiance (TCG)	Space Juggler (/067)	Kleavor VSTAR	Fighting
S10P-068	Astral Radiance (TCG)	Space Juggler (/067)	Beedrill V	Grass
S10P-069	Astral Radiance (TCG)	Space Juggler (/067)	Beedrill V	Grass
S10P-070	Astral Radiance (TCG)	Space Juggler (/067)	Origin Forme Palkia V	Water
S10P-071	Astral Radiance (TCG)	Space Juggler (/067)	Origin Forme Palkia V	Water
S10P-072	Astral Radiance (TCG)	Space Juggler (/067)	Heatran V	Fire
S10P-073	Astral Radiance (TCG)	Space Juggler (/067)	Kleavor V	Fighting
S10P-074	Astral Radiance (TCG)	Space Juggler (/067)	Hisuian Sneasler V	Darkness
S10P-075	Astral Radiance (TCG)	Space Juggler (/067)	Hisuian Sneasler V	Darkness
S10P-076	Astral Radiance (TCG)	Space Juggler (/067)	Oranguru V	Colorless
S10P-077	Astral Radiance (TCG)	Space Juggler (/067)	Irida	Supporter
S10P-078	Astral Radiance (TCG)	Space Juggler (/067)	Grant	Supporter
S10P-079	Astral Radiance (TCG)	Space Juggler (/067)	Choy	Supporter
S10P-080	Astral Radiance (TCG)	Space Juggler (/067)	Heatran VMAX	Fire
S10P-081	Astral Radiance (TCG)	Space Juggler (/067)	Origin Forme Palkia VSTAR	Water
S10P-082	Astral Radiance (TCG)	Space Juggler (/067)	Kleavor VSTAR	Fighting
S10P-083	Astral Radiance (TCG)	Space Juggler (/067)	Irida	Supporter
S10P-084	Astral Radiance (TCG)	Space Juggler (/067)	Grant	Supporter
S10P-085	Astral Radiance (TCG)	Space Juggler (/067)	Choy	Supporter
S10P-086	Astral Radiance (TCG)	Space Juggler (/067)	Origin Forme Palkia VSTAR	Water
S10P-087	Astral Radiance (TCG)	Space Juggler (/067)	Temple of Sinnoh	Stadium
S10P-088	Astral Radiance (TCG)	Space Juggler (/067)	Double Turbo Energy	Energy
S10a-017	Dark Phantasma (TCG)	Dark Phantasma (/071)	Magnezone VSTAR	Lightning
S10a-027	Dark Phantasma (TCG)	Dark Phantasma (/071)	Radiant Gardevoir	Psychic
S10a-046	Dark Phantasma (TCG)	Dark Phantasma (/071)	Radiant Hisuian Sneasler	Darkness
S10a-050	Dark Phantasma (TCG)	Dark Phantasma (/071)	Radiant Steelix	Metal
S10a-057	Dark Phantasma (TCG)	Dark Phantasma (/071)	Hisuian Goodra VSTAR	Dragon
S10a-062	Dark Phantasma (TCG)	Dark Phantasma (/071)	Hisuian Zoroark VSTAR	Colorless
S10a-072	Dark Phantasma (TCG)	Dark Phantasma (/071)	Parasect	Grass
S10a-073	Dark Phantasma (TCG)	Dark Phantasma (/071)	Pikachu	Lightning
S10a-074	Dark Phantasma (TCG)	Dark Phantasma (/071)	Gengar	Psychic
S10a-075	Dark Phantasma (TCG)	Dark Phantasma (/071)	Hisuian Arcanine	Fighting
S10a-076	Dark Phantasma (TCG)	Dark Phantasma (/071)	Spiritomb	Darkness
S10a-077	Dark Phantasma (TCG)	Dark Phantasma (/071)	Snorlax	Colorless
S10a-078	Dark Phantasma (TCG)	Dark Phantasma (/071)	Hisuian Electrode V	Grass
S10a-079	Dark Phantasma (TCG)	Dark Phantasma (/071)	Magnezone V	Lightning
S10a-080	Dark Phantasma (TCG)	Dark Phantasma (/071)	Enamorus V	Psychic
S10a-081	Dark Phantasma (TCG)	Dark Phantasma (/071)	Gallade V	Fighting
S10a-082	Dark Phantasma (TCG)	Dark Phantasma (/071)	Hisuian Goodra V	Dragon
S10a-083	Dark Phantasma (TCG)	Dark Phantasma (/071)	Hisuian Zoroark V	Colorless
S10a-084	Dark Phantasma (TCG)	Dark Phantasma (/071)	Volo	Supporter
S10a-085	Dark Phantasma (TCG)	Dark Phantasma (/071)	Iscan	Supporter
S10a-086	Dark Phantasma (TCG)	Dark Phantasma (/071)	Arezu	Supporter
S10a-087	Dark Phantasma (TCG)	Dark Phantasma (/071)	Miss Fortune Sisters	Supporter
S10a-088	Dark Phantasma (TCG)	Dark Phantasma (/071)	Enamorus V	Psychic
S10a-089	Dark Phantasma (TCG)	Dark Phantasma (/071)	Gallade V	Fighting
S10a-090	Dark Phantasma (TCG)	Dark Phantasma (/071)	Magnezone VSTAR	Lightning
S10a-091	Dark Phantasma (TCG)	Dark Phantasma (/071)	Hisuian Goodra VSTAR	Dragon
S10a-092	Dark Phantasma (TCG)	Dark Phantasma (/071)	Hisuian Zoroark VSTAR	Colorless
S10a-093	Dark Phantasma (TCG)	Dark Phantasma (/071)	Volo	Supporter
S10a-094	Dark Phantasma (TCG)	Dark Phantasma (/071)	Iscan	Supporter
S10a-095	Dark Phantasma (TCG)	Dark Phantasma (/071)	Arezu	Supporter
S10a-096	Dark Phantasma (TCG)	Dark Phantasma (/071)	Miss Fortune Sisters	Supporter
S10a-097	Dark Phantasma (TCG)	Dark Phantasma (/071)	Hisuian Zoroark VSTAR	Colorless
S10a-098	Dark Phantasma (TCG)	Dark Phantasma (/071)	Dark Patch	Item
S10a-099	Dark Phantasma (TCG)	Dark Phantasma (/071)	Box of Disaster	Item
S10b-004	Pokémon GO (TCG)	Pokémon GO (/071)	Radiant Venusaur	Grass
S10b-011	Pokémon GO (TCG)	Pokémon GO (/071)	Radiant Charizard	Fire
S10b-018	Pokémon GO (TCG)	Pokémon GO (/071)	Radiant Blastoise	Water
S10b-031	Pokémon GO (TCG)	Pokémon GO (/071)	Mewtwo VSTAR	Psychic
S10b-048	Pokémon GO (TCG)	Pokémon GO (/071)	Melmetal VMAX	Metal
S10b-050	Pokémon GO (TCG)	Pokémon GO (/071)	Dragonite VSTAR	Dragon
S10b-055	Pokémon GO (TCG)	Pokémon GO (/071)	Radiant Eevee	Colorless
S10b-072	Pokémon GO (TCG)	Pokémon GO (/071)	Alolan Exeggutor V	Grass
S10b-073	Pokémon GO (TCG)	Pokémon GO (/071)	Mewtwo V	Psychic
S10b-074	Pokémon GO (TCG)	Pokémon GO (/071)	Mewtwo V	Psychic
S10b-075	Pokémon GO (TCG)	Pokémon GO (/071)	Conkeldurr V	Fighting
S10b-076	Pokémon GO (TCG)	Pokémon GO (/071)	Conkeldurr V	Fighting
S10b-077	Pokémon GO (TCG)	Pokémon GO (/071)	Melmetal V	Metal
S10b-078	Pokémon GO (TCG)	Pokémon GO (/071)	Dragonite V	Dragon
S10b-079	Pokémon GO (TCG)	Pokémon GO (/071)	Slaking V	Colorless
S10b-080	Pokémon GO (TCG)	Pokémon GO (/071)	Candela	Supporter
S10b-081	Pokémon GO (TCG)	Pokémon GO (/071)	Spark	Supporter
S10b-082	Pokémon GO (TCG)	Pokémon GO (/071)	Professor's Research	Supporter
S10b-083	Pokémon GO (TCG)	Pokémon GO (/071)	Blanche	Supporter
S10b-084	Pokémon GO (TCG)	Pokémon GO (/071)	Mewtwo VSTAR	Psychic
S10b-085	Pokémon GO (TCG)	Pokémon GO (/071)	Melmetal VMAX	Metal
S10b-086	Pokémon GO (TCG)	Pokémon GO (/071)	Dragonite VSTAR	Dragon
S10b-087	Pokémon GO (TCG)	Pokémon GO (/071)	Candela	Supporter
S10b-088	Pokémon GO (TCG)	Pokémon GO (/071)	Spark	Supporter
S10b-089	Pokémon GO (TCG)	Pokémon GO (/071)	Professor's Research	Supporter
S10b-090	Pokémon GO (TCG)	Pokémon GO (/071)	Blanche	Supporter
S10b-091	Pokémon GO (TCG)	Pokémon GO (/071)	Mewtwo VSTAR	Psychic
S10b-092	Pokémon GO (TCG)	Pokémon GO (/071)	Egg Incubator	Item
S10b-093	Pokémon GO (TCG)	Pokémon GO (/071)	Lure Module	Item
S11-030	Lost Origin (TCG)	Lost Abyss (/100)	Kyurem VMAX	Water
S11-057	Lost Origin (TCG)	Lost Abyss (/100)	Aerodactyl VSTAR	Fighting
S11-067	Lost Origin (TCG)	Lost Abyss (/100)	Drapion VSTAR	Darkness
S11-081	Lost Origin (TCG)	Lost Abyss (/100)	Giratina VSTAR	Dragon
S11-101	Lost Origin (TCG)	Lost Abyss (/100)	Delphox V	Fire
S11-102	Lost Origin (TCG)	Lost Abyss (/100)	Kyurem V	Water
S11-103	Lost Origin (TCG)	Lost Abyss (/100)	Rotom V	Lightning
S11-104	Lost Origin (TCG)	Lost Abyss (/100)	Rotom V	Lightning
S11-105	Lost Origin (TCG)	Lost Abyss (/100)	Aerodactyl V	Fighting
S11-106	Lost Origin (TCG)	Lost Abyss (/100)	Aerodactyl V	Fighting
S11-107	Lost Origin (TCG)	Lost Abyss (/100)	Drapion V	Darkness
S11-108	Lost Origin (TCG)	Lost Abyss (/100)	Galarian Perrserker V	Metal
S11-109	Lost Origin (TCG)	Lost Abyss (/100)	Galarian Perrserker V	Metal
S11-110	Lost Origin (TCG)	Lost Abyss (/100)	Giratina V	Dragon
S11-111	Lost Origin (TCG)	Lost Abyss (/100)	Giratina V	Dragon
S11-112	Lost Origin (TCG)	Lost Abyss (/100)	Pidgeot V	Colorless
S11-113	Lost Origin (TCG)	Lost Abyss (/100)	Colress's Experiment	Supporter
S11-114	Lost Origin (TCG)	Lost Abyss (/100)	Lady	Supporter
S11-115	Lost Origin (TCG)	Lost Abyss (/100)	Thorton	Supporter
S11-116	Lost Origin (TCG)	Lost Abyss (/100)	Fantina	Supporter
S11-117	Lost Origin (TCG)	Lost Abyss (/100)	Kyurem VMAX	Water
S11-118	Lost Origin (TCG)	Lost Abyss (/100)	Aerodactyl VSTAR	Fighting
S11-119	Lost Origin (TCG)	Lost Abyss (/100)	Drapion VSTAR	Darkness
S11-120	Lost Origin (TCG)	Lost Abyss (/100)	Giratina VSTAR	Dragon
S11-121	Lost Origin (TCG)	Lost Abyss (/100)	Colress's Experiment	Supporter
S11-122	Lost Origin (TCG)	Lost Abyss (/100)	Lady	Supporter
S11-123	Lost Origin (TCG)	Lost Abyss (/100)	Thorton	Supporter
S11-124	Lost Origin (TCG)	Lost Abyss (/100)	Fantina	Supporter
S11-125	Lost Origin (TCG)	Lost Abyss (/100)	Giratina VSTAR	Dragon
S11-126	Lost Origin (TCG)	Lost Abyss (/100)	Lost Vacuum	Item
S11-127	Lost Origin (TCG)	Lost Abyss (/100)	Collapsed Stadium	Stadium
S11a-006	Incandescent Arcana (TCG)	Incandescent Arcana (/068)	Serperior VSTAR	Grass
S11a-009	Incandescent Arcana (TCG)	Incandescent Arcana (/068)	Radiant Tsareena	Grass
S11a-023	Incandescent Arcana (TCG)	Incandescent Arcana (/068)	Alolan Vulpix VSTAR	Water
S11a-031	Incandescent Arcana (TCG)	Incandescent Arcana (/068)	Radiant Alakazam	Psychic
S11a-040	Incandescent Arcana (TCG)	Incandescent Arcana (/068)	Mawile VSTAR	Psychic
S11a-045	Incandescent Arcana (TCG)	Incandescent Arcana (/068)	Radiant Jirachi	Metal
S11a-069	Incandescent Arcana (TCG)	Incandescent Arcana (/068)	Braixen	Fire
S11a-070	Incandescent Arcana (TCG)	Incandescent Arcana (/068)	Milotic	Water
S11a-071	Incandescent Arcana (TCG)	Incandescent Arcana (/068)	Jynx	Psychic
S11a-072	Incandescent Arcana (TCG)	Incandescent Arcana (/068)	Gardevoir	Psychic
S11a-073	Incandescent Arcana (TCG)	Incandescent Arcana (/068)	Smeargle	Colorless
S11a-074	Incandescent Arcana (TCG)	Incandescent Arcana (/068)	Altaria	Colorless
S11a-075	Incandescent Arcana (TCG)	Incandescent Arcana (/068)	Serperior V	Grass
S11a-076	Incandescent Arcana (TCG)	Incandescent Arcana (/068)	Reshiram V	Fire
S11a-077	Incandescent Arcana (TCG)	Incandescent Arcana (/068)	Alolan Vulpix V	Water
S11a-078	Incandescent Arcana (TCG)	Incandescent Arcana (/068)	Mawile V	Psychic
S11a-079	Incandescent Arcana (TCG)	Incandescent Arcana (/068)	Magearna V	Metal
S11a-080	Incandescent Arcana (TCG)	Incandescent Arcana (/068)	Ho-Oh V	Colorless
S11a-081	Incandescent Arcana (TCG)	Incandescent Arcana (/068)	Serena	Supporter
S11a-082	Incandescent Arcana (TCG)	Incandescent Arcana (/068)	Furisode Girl	Supporter
S11a-083	Incandescent Arcana (TCG)	Incandescent Arcana (/068)	Wallace	Supporter
S11a-084	Incandescent Arcana (TCG)	Incandescent Arcana (/068)	Serperior V	Grass
S11a-085	Incandescent Arcana (TCG)	Incandescent Arcana (/068)	Mawile V	Psychic
S11a-086	Incandescent Arcana (TCG)	Incandescent Arcana (/068)	Serperior VSTAR	Grass
S11a-087	Incandescent Arcana (TCG)	Incandescent Arcana (/068)	Alolan Vulpix VSTAR	Water
S11a-088	Incandescent Arcana (TCG)	Incandescent Arcana (/068)	Mawile VSTAR	Psychic
S11a-089	Incandescent Arcana (TCG)	Incandescent Arcana (/068)	Serena	Supporter
S11a-090	Incandescent Arcana (TCG)	Incandescent Arcana (/068)	Furisode Girl	Supporter
S11a-091	Incandescent Arcana (TCG)	Incandescent Arcana (/068)	Wallace	Supporter
S11a-092	Incandescent Arcana (TCG)	Incandescent Arcana (/068)	Serperior VSTAR	Grass
S11a-093	Incandescent Arcana (TCG)	Incandescent Arcana (/068)	Energy Switch	Item
S11a-094	Incandescent Arcana (TCG)	Incandescent Arcana (/068)	V Guard Energy	Energy
S12-034	Silver Tempest (TCG)	Paradigm Trigger (/098)	Regieleki VMAX	Lightning
S12-036	Silver Tempest (TCG)	Paradigm Trigger (/098)	Unown VSTAR	Psychic
S12-077	Silver Tempest (TCG)	Paradigm Trigger (/098)	Regidrago VSTAR	Dragon
S12-080	Silver Tempest (TCG)	Paradigm Trigger (/098)	Lugia VSTAR	Colorless
S12-099	Silver Tempest (TCG)	Paradigm Trigger (/098)	Chesnaught V	Grass
S12-100	Silver Tempest (TCG)	Paradigm Trigger (/098)	Omastar V	Water
S12-101	Silver Tempest (TCG)	Paradigm Trigger (/098)	Regieleki V	Lightning
S12-102	Silver Tempest (TCG)	Paradigm Trigger (/098)	Unown V	Psychic
S12-103	Silver Tempest (TCG)	Paradigm Trigger (/098)	Unown V	Psychic
S12-104	Silver Tempest (TCG)	Paradigm Trigger (/098)	Hisuian Arcanine V	Fighting
S12-105	Silver Tempest (TCG)	Paradigm Trigger (/098)	Skuntank V	Darkness
S12-106	Silver Tempest (TCG)	Paradigm Trigger (/098)	Skuntank V	Darkness
S12-107	Silver Tempest (TCG)	Paradigm Trigger (/098)	Regidrago V	Dragon
S12-108	Silver Tempest (TCG)	Paradigm Trigger (/098)	Regidrago V	Dragon
S12-109	Silver Tempest (TCG)	Paradigm Trigger (/098)	Lugia V	Colorless
S12-110	Silver Tempest (TCG)	Paradigm Trigger (/098)	Lugia V	Colorless
S12-111	Silver Tempest (TCG)	Paradigm Trigger (/098)	Worker	Supporter
S12-112	Silver Tempest (TCG)	Paradigm Trigger (/098)	Brandon	Supporter
S12-113	Silver Tempest (TCG)	Paradigm Trigger (/098)	Candice	Supporter
S12-114	Silver Tempest (TCG)	Paradigm Trigger (/098)	Lance	Supporter
S12-115	Silver Tempest (TCG)	Paradigm Trigger (/098)	Regieleki VMAX	Lightning
S12-116	Silver Tempest (TCG)	Paradigm Trigger (/098)	Unown VSTAR	Psychic
S12-117	Silver Tempest (TCG)	Paradigm Trigger (/098)	Regidrago VSTAR	Dragon
S12-118	Silver Tempest (TCG)	Paradigm Trigger (/098)	Lugia VSTAR	Colorless
S12-119	Silver Tempest (TCG)	Paradigm Trigger (/098)	Worker	Supporter
S12-120	Silver Tempest (TCG)	Paradigm Trigger (/098)	Brandon	Supporter
S12-121	Silver Tempest (TCG)	Paradigm Trigger (/098)	Candice	Supporter
S12-122	Silver Tempest (TCG)	Paradigm Trigger (/098)	Lance	Supporter
S12-123	Silver Tempest (TCG)	Paradigm Trigger (/098)	Lugia VSTAR	Colorless
S12-124	Silver Tempest (TCG)	Paradigm Trigger (/098)	Leafy Camo Poncho	Item
S12-125	Silver Tempest (TCG)	Paradigm Trigger (/098)	Gapejaw Bog	Stadium
S12a-012	Crown Zenith (TCG)	VSTAR Universe (/172)	Leafeon VSTAR	Grass
S12a-014	Crown Zenith (TCG)	VSTAR Universe (/172)	Charizard VSTAR	Fire
S12a-021	Crown Zenith (TCG)	VSTAR Universe (/172)	Simisear VSTAR	Fire
S12a-028	Crown Zenith (TCG)	VSTAR Universe (/172)	Origin Forme Palkia VSTAR	Water
S12a-041	Crown Zenith (TCG)	VSTAR Universe (/172)	Zeraora VMAX	Lightning
S12a-042	Crown Zenith (TCG)	VSTAR Universe (/172)	Zeraora VSTAR	Lightning
S12a-051	Crown Zenith (TCG)	VSTAR Universe (/172)	Mewtwo VSTAR	Psychic
S12a-054	Crown Zenith (TCG)	VSTAR Universe (/172)	Mew VMAX	Psychic
S12a-066	Crown Zenith (TCG)	VSTAR Universe (/172)	Hatterene VMAX	Psychic
S12a-072	Crown Zenith (TCG)	VSTAR Universe (/172)	Machamp VMAX	Fighting
S12a-087	Crown Zenith (TCG)	VSTAR Universe (/172)	Hisuian Samurott VSTAR	Darkness
S12a-101	Crown Zenith (TCG)	VSTAR Universe (/172)	Origin Forme Dialga VSTAR	Metal
S12a-108	Crown Zenith (TCG)	VSTAR Universe (/172)	Rayquaza VMAX	Dragon
S12a-111	Crown Zenith (TCG)	VSTAR Universe (/172)	Giratina VSTAR	Dragon
S12a-125	Crown Zenith (TCG)	VSTAR Universe (/172)	Regigigas VSTAR	Colorless
S12a-127	Crown Zenith (TCG)	VSTAR Universe (/172)	Arceus VSTAR	Colorless
S12a-129	Crown Zenith (TCG)	VSTAR Universe (/172)	Hisuian Zoroark VSTAR	Colorless
S12a-210	Crown Zenith (TCG)	VSTAR Universe (/172)	Leafeon VSTAR	Grass
S12a-211	Crown Zenith (TCG)	VSTAR Universe (/172)	Charizard V	Fire
S12a-212	Crown Zenith (TCG)	VSTAR Universe (/172)	Charizard VSTAR	Fire
S12a-213	Crown Zenith (TCG)	VSTAR Universe (/172)	Entei V	Fire
S12a-214	Crown Zenith (TCG)	VSTAR Universe (/172)	Simisear VSTAR	Fire
S12a-215	Crown Zenith (TCG)	VSTAR Universe (/172)	Suicune V	Water
S12a-216	Crown Zenith (TCG)	VSTAR Universe (/172)	Lumineon V	Water
S12a-217	Crown Zenith (TCG)	VSTAR Universe (/172)	Glaceon VSTAR	Water
S12a-218	Crown Zenith (TCG)	VSTAR Universe (/172)	Raikou V	Lightning
S12a-219	Crown Zenith (TCG)	VSTAR Universe (/172)	Zeraora VMAX	Lightning
S12a-220	Crown Zenith (TCG)	VSTAR Universe (/172)	Zeraora VSTAR	Lightning
S12a-221	Crown Zenith (TCG)	VSTAR Universe (/172)	Mewtwo VSTAR	Psychic
S12a-222	Crown Zenith (TCG)	VSTAR Universe (/172)	Deoxys VMAX	Psychic
S12a-223	Crown Zenith (TCG)	VSTAR Universe (/172)	Deoxys VSTAR	Psychic
S12a-224	Crown Zenith (TCG)	VSTAR Universe (/172)	Hatterene VMAX	Psychic
S12a-225	Crown Zenith (TCG)	VSTAR Universe (/172)	Zacian V	Psychic
S12a-226	Crown Zenith (TCG)	VSTAR Universe (/172)	Lucario VSTAR	Fighting
S12a-227	Crown Zenith (TCG)	VSTAR Universe (/172)	Drapion V	Darkness
S12a-228	Crown Zenith (TCG)	VSTAR Universe (/172)	Darkrai VSTAR	Darkness
S12a-229	Crown Zenith (TCG)	VSTAR Universe (/172)	Hisuian Samurott V	Darkness
S12a-230	Crown Zenith (TCG)	VSTAR Universe (/172)	Hisuian Samurott VSTAR	Darkness
S12a-231	Crown Zenith (TCG)	VSTAR Universe (/172)	Hoopa V	Darkness
S12a-232	Crown Zenith (TCG)	VSTAR Universe (/172)	Zamazenta V	Metal
S12a-233	Crown Zenith (TCG)	VSTAR Universe (/172)	Regigigas VSTAR	Colorless
S12a-234	Crown Zenith (TCG)	VSTAR Universe (/172)	Hisuian Zoroark VSTAR	Colorless
S12a-235	Crown Zenith (TCG)	VSTAR Universe (/172)	Colress's Experiment	Supporter
S12a-236	Crown Zenith (TCG)	VSTAR Universe (/172)	Irida	Supporter
S12a-237	Crown Zenith (TCG)	VSTAR Universe (/172)	Raihan	Supporter
S12a-238	Crown Zenith (TCG)	VSTAR Universe (/172)	Grant	Supporter
S12a-239	Crown Zenith (TCG)	VSTAR Universe (/172)	Cynthia's Ambition	Supporter
S12a-240	Crown Zenith (TCG)	VSTAR Universe (/172)	Adaman	Supporter
S12a-241	Crown Zenith (TCG)	VSTAR Universe (/172)	Cheren's Care	Supporter
S12a-242	Crown Zenith (TCG)	VSTAR Universe (/172)	Roxanne	Supporter
S12a-243	Crown Zenith (TCG)	VSTAR Universe (/172)	Gardenia's Vigor	Supporter
S12a-244	Crown Zenith (TCG)	VSTAR Universe (/172)	Melony	Supporter
S12a-245	Crown Zenith (TCG)	VSTAR Universe (/172)	Volo	Supporter
S12a-246	Crown Zenith (TCG)	VSTAR Universe (/172)	Elesa's Sparkle	Supporter
S12a-247	Crown Zenith (TCG)	VSTAR Universe (/172)	Friends in Sinnoh	Supporter
S12a-248	Crown Zenith (TCG)	VSTAR Universe (/172)	Professor's Research	Supporter
S12a-249	Crown Zenith (TCG)	VSTAR Universe (/172)	Friends in Hisui	Supporter
S12a-250	Crown Zenith (TCG)	VSTAR Universe (/172)	Boss's Orders	Supporter
S12a-259	Crown Zenith (TCG)	VSTAR Universe (/172)	Origin Forme Palkia VSTAR	Water
S12a-260	Crown Zenith (TCG)	VSTAR Universe (/172)	Origin Forme Dialga VSTAR	Metal
S12a-261	Crown Zenith (TCG)	VSTAR Universe (/172)	Giratina VSTAR	Dragon
S12a-262	Crown Zenith (TCG)	VSTAR Universe (/172)	Arceus VSTAR	Colorless
S4-009	Vivid Voltage (TCG)	Amazing Volt Tackle (/100)	Orbeetle VMAX	Grass
S4-024	Vivid Voltage (TCG)	Amazing Volt Tackle (/100)	Galarian Darmanitan VMAX	Water
S4-031	Vivid Voltage (TCG)	Amazing Volt Tackle (/100)	Pikachu VMAX	Lightning
S4-081	Vivid Voltage (TCG)	Amazing Volt Tackle (/100)	Aegislash VMAX	Metal
S4-101	Vivid Voltage (TCG)	Amazing Volt Tackle (/100)	Orbeetle V	Grass
S4-102	Vivid Voltage (TCG)	Amazing Volt Tackle (/100)	Talonflame V	Fire
S4-103	Vivid Voltage (TCG)	Amazing Volt Tackle (/100)	Galarian Darmanitan V	Water
S4-104	Vivid Voltage (TCG)	Amazing Volt Tackle (/100)	Pikachu V	Lightning
S4-105	Vivid Voltage (TCG)	Amazing Volt Tackle (/100)	Alakazam V	Psychic
S4-106	Vivid Voltage (TCG)	Amazing Volt Tackle (/100)	Galarian Sirfetch'd V	Fighting
S4-107	Vivid Voltage (TCG)	Amazing Volt Tackle (/100)	Drapion V	Darkness
S4-108	Vivid Voltage (TCG)	Amazing Volt Tackle (/100)	Aegislash V	Metal
S4-109	Vivid Voltage (TCG)	Amazing Volt Tackle (/100)	Bea	Supporter
S4-110	Vivid Voltage (TCG)	Amazing Volt Tackle (/100)	Leon	Supporter
S4-111	Vivid Voltage (TCG)	Amazing Volt Tackle (/100)	Nessa	Supporter
S4-112	Vivid Voltage (TCG)	Amazing Volt Tackle (/100)	Orbeetle VMAX	Grass
S4-113	Vivid Voltage (TCG)	Amazing Volt Tackle (/100)	Galarian Darmanitan VMAX	Water
S4-114	Vivid Voltage (TCG)	Amazing Volt Tackle (/100)	Pikachu VMAX	Lightning
S4-115	Vivid Voltage (TCG)	Amazing Volt Tackle (/100)	Aegislash VMAX	Metal
S4-116	Vivid Voltage (TCG)	Amazing Volt Tackle (/100)	Bea	Supporter
S4-117	Vivid Voltage (TCG)	Amazing Volt Tackle (/100)	Leon	Supporter
S4-118	Vivid Voltage (TCG)	Amazing Volt Tackle (/100)	Nessa	Supporter
S4-119	Vivid Voltage (TCG)	Amazing Volt Tackle (/100)	Galarian Obstagoon	Darkness
S4-120	Vivid Voltage (TCG)	Amazing Volt Tackle (/100)	Telescopic Sight	Item
S4-121	Vivid Voltage (TCG)	Amazing Volt Tackle (/100)	Memory Capsule	Item
S4a-010	Shining Fates (TCG)	Shiny Star V (/190)	Rillaboom VMAX	Grass
S4a-021	Shining Fates (TCG)	Shiny Star V (/190)	Reshiram	Fire
S4a-028	Shining Fates (TCG)	Shiny Star V (/190)	Centiskorch VMAX	Fire
S4a-032	Shining Fates (TCG)	Shiny Star V (/190)	Lapras VMAX	Water
S4a-036	Shining Fates (TCG)	Shiny Star V (/190)	Kyogre	Water
S4a-060	Shining Fates (TCG)	Shiny Star V (/190)	Toxtricity VMAX	Lightning
S4a-089	Shining Fates (TCG)	Shiny Star V (/190)	Dragapult VMAX	Psychic
S4a-109	Shining Fates (TCG)	Shiny Star V (/190)	Crobat VMAX	Darkness
S4a-117	Shining Fates (TCG)	Shiny Star V (/190)	Yveltal	Darkness
S4a-125	Shining Fates (TCG)	Shiny Star V (/190)	Eternatus VMAX	Darkness
S4a-141	Shining Fates (TCG)	Shiny Star V (/190)	Ditto VMAX	Colorless
S4a-191	Shining Fates (TCG)	Shiny Star V (/190)	Cara Liss	Supporter
S4a-192	Shining Fates (TCG)	Shiny Star V (/190)	Gym Trainer	Supporter
S4a-193	Shining Fates (TCG)	Shiny Star V (/190)	Bird Keeper	Supporter
S4a-194	Shining Fates (TCG)	Shiny Star V (/190)	Piers	Supporter
S4a-195	Shining Fates (TCG)	Shiny Star V (/190)	Skyla	Supporter
S4a-196	Shining Fates (TCG)	Shiny Star V (/190)	Ball Guy	Supporter
S4a-197	Shining Fates (TCG)	Shiny Star V (/190)	Poké Kid	Supporter
S4a-198	Shining Fates (TCG)	Shiny Star V (/190)	Marnie	Supporter
S4a-199	Shining Fates (TCG)	Shiny Star V (/190)	Rose	Supporter
S4a-200	Shining Fates (TCG)	Shiny Star V (/190)	Rowlet	Grass
S4a-201	Shining Fates (TCG)	Shiny Star V (/190)	Dartrix	Grass
S4a-202	Shining Fates (TCG)	Shiny Star V (/190)	Decidueye	Grass
S4a-203	Shining Fates (TCG)	Shiny Star V (/190)	Grookey	Grass
S4a-204	Shining Fates (TCG)	Shiny Star V (/190)	Thwackey	Grass
S4a-205	Shining Fates (TCG)	Shiny Star V (/190)	Rillaboom	Grass
S4a-206	Shining Fates (TCG)	Shiny Star V (/190)	Blipbug	Grass
S4a-207	Shining Fates (TCG)	Shiny Star V (/190)	Dottler	Grass
S4a-208	Shining Fates (TCG)	Shiny Star V (/190)	Orbeetle	Grass
S4a-209	Shining Fates (TCG)	Shiny Star V (/190)	Gossifleur	Grass
S4a-210	Shining Fates (TCG)	Shiny Star V (/190)	Eldegoss	Grass
S4a-211	Shining Fates (TCG)	Shiny Star V (/190)	Applin	Grass
S4a-212	Shining Fates (TCG)	Shiny Star V (/190)	Flapple	Grass
S4a-213	Shining Fates (TCG)	Shiny Star V (/190)	Appletun	Grass
S4a-214	Shining Fates (TCG)	Shiny Star V (/190)	Scorbunny	Fire
S4a-215	Shining Fates (TCG)	Shiny Star V (/190)	Raboot	Fire
S4a-216	Shining Fates (TCG)	Shiny Star V (/190)	Cinderace	Fire
S4a-217	Shining Fates (TCG)	Shiny Star V (/190)	Sizzlipede	Fire
S4a-218	Shining Fates (TCG)	Shiny Star V (/190)	Centiskorch	Fire
S4a-219	Shining Fates (TCG)	Shiny Star V (/190)	Galarian Mr. Mime	Water
S4a-220	Shining Fates (TCG)	Shiny Star V (/190)	Galarian Mr. Rime	Water
S4a-221	Shining Fates (TCG)	Shiny Star V (/190)	Suicune	Water
S4a-222	Shining Fates (TCG)	Shiny Star V (/190)	Galarian Darumaka	Water
S4a-223	Shining Fates (TCG)	Shiny Star V (/190)	Galarian Darmanitan	Water
S4a-224	Shining Fates (TCG)	Shiny Star V (/190)	Sobble	Water
S4a-225	Shining Fates (TCG)	Shiny Star V (/190)	Drizzile	Water
S4a-226	Shining Fates (TCG)	Shiny Star V (/190)	Inteleon	Water
S4a-227	Shining Fates (TCG)	Shiny Star V (/190)	Chewtle	Water
S4a-228	Shining Fates (TCG)	Shiny Star V (/190)	Drednaw	Water
S4a-229	Shining Fates (TCG)	Shiny Star V (/190)	Cramorant	Water
S4a-230	Shining Fates (TCG)	Shiny Star V (/190)	Arrokuda	Water
S4a-231	Shining Fates (TCG)	Shiny Star V (/190)	Barraskewda	Water
S4a-232	Shining Fates (TCG)	Shiny Star V (/190)	Snom	Water
S4a-233	Shining Fates (TCG)	Shiny Star V (/190)	Frosmoth	Water
S4a-234	Shining Fates (TCG)	Shiny Star V (/190)	Eiscue	Water
S4a-235	Shining Fates (TCG)	Shiny Star V (/190)	Dracovish	Water
S4a-236	Shining Fates (TCG)	Shiny Star V (/190)	Arctovish	Water
S4a-237	Shining Fates (TCG)	Shiny Star V (/190)	Rotom	Lightning
S4a-238	Shining Fates (TCG)	Shiny Star V (/190)	Yamper	Lightning
S4a-239	Shining Fates (TCG)	Shiny Star V (/190)	Boltund	Lightning
S4a-240	Shining Fates (TCG)	Shiny Star V (/190)	Toxel	Lightning
S4a-241	Shining Fates (TCG)	Shiny Star V (/190)	Toxtricity	Lightning
S4a-242	Shining Fates (TCG)	Shiny Star V (/190)	Pincurchin	Lightning
S4a-243	Shining Fates (TCG)	Shiny Star V (/190)	Morpeko	Lightning
S4a-244	Shining Fates (TCG)	Shiny Star V (/190)	Dracozolt	Lightning
S4a-245	Shining Fates (TCG)	Shiny Star V (/190)	Arctozolt	Lightning
S4a-246	Shining Fates (TCG)	Shiny Star V (/190)	Galarian Ponyta	Psychic
S4a-247	Shining Fates (TCG)	Shiny Star V (/190)	Galarian Rapidash	Psychic
S4a-248	Shining Fates (TCG)	Shiny Star V (/190)	Galarian Corsola	Psychic
S4a-249	Shining Fates (TCG)	Shiny Star V (/190)	Galarian Cursola	Psychic
S4a-250	Shining Fates (TCG)	Shiny Star V (/190)	Dedenne	Psychic
S4a-251	Shining Fates (TCG)	Shiny Star V (/190)	Sinistea	Psychic
S4a-252	Shining Fates (TCG)	Shiny Star V (/190)	Polteageist	Psychic
S4a-253	Shining Fates (TCG)	Shiny Star V (/190)	Hatenna	Psychic
S4a-254	Shining Fates (TCG)	Shiny Star V (/190)	Hattrem	Psychic
S4a-255	Shining Fates (TCG)	Shiny Star V (/190)	Hatterene	Psychic
S4a-256	Shining Fates (TCG)	Shiny Star V (/190)	Milcery	Psychic
S4a-257	Shining Fates (TCG)	Shiny Star V (/190)	Alcremie	Psychic
S4a-258	Shining Fates (TCG)	Shiny Star V (/190)	Indeedee	Psychic
S4a-259	Shining Fates (TCG)	Shiny Star V (/190)	Dreepy	Psychic
S4a-260	Shining Fates (TCG)	Shiny Star V (/190)	Drakloak	Psychic
S4a-261	Shining Fates (TCG)	Shiny Star V (/190)	Dragapult	Psychic
S4a-262	Shining Fates (TCG)	Shiny Star V (/190)	Galarian Farfetch'd	Fighting
S4a-263	Shining Fates (TCG)	Shiny Star V (/190)	Galarian Sirfetch'd	Fighting
S4a-264	Shining Fates (TCG)	Shiny Star V (/190)	Galarian Yamask	Fighting
S4a-265	Shining Fates (TCG)	Shiny Star V (/190)	Galarian Runerigus	Fighting
S4a-266	Shining Fates (TCG)	Shiny Star V (/190)	Rolycoly	Fighting
S4a-267	Shining Fates (TCG)	Shiny Star V (/190)	Carkol	Fighting
S4a-268	Shining Fates (TCG)	Shiny Star V (/190)	Coalossal	Fighting
S4a-269	Shining Fates (TCG)	Shiny Star V (/190)	Silicobra	Fighting
S4a-270	Shining Fates (TCG)	Shiny Star V (/190)	Sandaconda	Fighting
S4a-271	Shining Fates (TCG)	Shiny Star V (/190)	Clobbopus	Fighting
S4a-272	Shining Fates (TCG)	Shiny Star V (/190)	Grapploct	Fighting
S4a-273	Shining Fates (TCG)	Shiny Star V (/190)	Falinks	Fighting
S4a-274	Shining Fates (TCG)	Shiny Star V (/190)	Stonjourner	Fighting
S4a-275	Shining Fates (TCG)	Shiny Star V (/190)	Koffing	Darkness
S4a-276	Shining Fates (TCG)	Shiny Star V (/190)	Galarian Weezing	Darkness
S4a-277	Shining Fates (TCG)	Shiny Star V (/190)	Galarian Zigzagoon	Darkness
S4a-278	Shining Fates (TCG)	Shiny Star V (/190)	Galarian Linoone	Darkness
S4a-279	Shining Fates (TCG)	Shiny Star V (/190)	Galarian Obstagoon	Darkness
S4a-280	Shining Fates (TCG)	Shiny Star V (/190)	Nickit	Darkness
S4a-281	Shining Fates (TCG)	Shiny Star V (/190)	Thievul	Darkness
S4a-282	Shining Fates (TCG)	Shiny Star V (/190)	Impidimp	Darkness
S4a-283	Shining Fates (TCG)	Shiny Star V (/190)	Morgrem	Darkness
S4a-284	Shining Fates (TCG)	Shiny Star V (/190)	Grimmsnarl	Darkness
S4a-285	Shining Fates (TCG)	Shiny Star V (/190)	Galarian Meowth	Metal
S4a-286	Shining Fates (TCG)	Shiny Star V (/190)	Galarian Perrserker	Metal
S4a-287	Shining Fates (TCG)	Shiny Star V (/190)	Galarian Stunfisk	Metal
S4a-288	Shining Fates (TCG)	Shiny Star V (/190)	Corviknight	Metal
S4a-289	Shining Fates (TCG)	Shiny Star V (/190)	Cufant	Metal
S4a-290	Shining Fates (TCG)	Shiny Star V (/190)	Copperajah	Metal
S4a-291	Shining Fates (TCG)	Shiny Star V (/190)	Duraludon	Metal
S4a-292	Shining Fates (TCG)	Shiny Star V (/190)	Minccino	Colorless
S4a-293	Shining Fates (TCG)	Shiny Star V (/190)	Cinccino	Colorless
S4a-294	Shining Fates (TCG)	Shiny Star V (/190)	Ducklett	Colorless
S4a-295	Shining Fates (TCG)	Shiny Star V (/190)	Swanna	Colorless
S4a-296	Shining Fates (TCG)	Shiny Star V (/190)	Bunnelby	Colorless
S4a-297	Shining Fates (TCG)	Shiny Star V (/190)	Oranguru	Colorless
S4a-298	Shining Fates (TCG)	Shiny Star V (/190)	Skwovet	Colorless
S4a-299	Shining Fates (TCG)	Shiny Star V (/190)	Greedent	Colorless
S4a-300	Shining Fates (TCG)	Shiny Star V (/190)	Rookidee	Colorless
S4a-301	Shining Fates (TCG)	Shiny Star V (/190)	Corvisquire	Colorless
S4a-302	Shining Fates (TCG)	Shiny Star V (/190)	Wooloo	Colorless
S4a-303	Shining Fates (TCG)	Shiny Star V (/190)	Dubwool	Colorless
S4a-304	Shining Fates (TCG)	Shiny Star V (/190)	Rillaboom V	Grass
S4a-305	Shining Fates (TCG)	Shiny Star V (/190)	Rillaboom VMAX	Grass
S4a-306	Shining Fates (TCG)	Shiny Star V (/190)	Eldegoss V	Grass
S4a-307	Shining Fates (TCG)	Shiny Star V (/190)	Charizard V	Fire
S4a-308	Shining Fates (TCG)	Shiny Star V (/190)	Charizard VMAX	Fire
S4a-309	Shining Fates (TCG)	Shiny Star V (/190)	Centiskorch V	Fire
S4a-310	Shining Fates (TCG)	Shiny Star V (/190)	Centiskorch VMAX	Fire
S4a-311	Shining Fates (TCG)	Shiny Star V (/190)	Lapras V	Water
S4a-312	Shining Fates (TCG)	Shiny Star V (/190)	Lapras VMAX	Water
S4a-313	Shining Fates (TCG)	Shiny Star V (/190)	Boltund V	Lightning
S4a-314	Shining Fates (TCG)	Shiny Star V (/190)	Toxtricity V	Lightning
S4a-315	Shining Fates (TCG)	Shiny Star V (/190)	Toxtricity VMAX	Lightning
S4a-316	Shining Fates (TCG)	Shiny Star V (/190)	Indeedee V	Psychic
S4a-317	Shining Fates (TCG)	Shiny Star V (/190)	Dragapult V	Psychic
S4a-318	Shining Fates (TCG)	Shiny Star V (/190)	Dragapult VMAX	Psychic
S4a-319	Shining Fates (TCG)	Shiny Star V (/190)	Falinks V	Fighting
S4a-320	Shining Fates (TCG)	Shiny Star V (/190)	Crobat VMAX	Darkness
S4a-321	Shining Fates (TCG)	Shiny Star V (/190)	Grimmsnarl V	Darkness
S4a-322	Shining Fates (TCG)	Shiny Star V (/190)	Grimmsnarl VMAX	Darkness
S4a-323	Shining Fates (TCG)	Shiny Star V (/190)	Ditto V	Colorless
S4a-324	Shining Fates (TCG)	Shiny Star V (/190)	Ditto VMAX	Colorless
S4a-325	Shining Fates (TCG)	Shiny Star V (/190)	Dubwool V	Colorless
S4a-326	Shining Fates (TCG)	Shiny Star V (/190)	Cramorant V	Colorless
S4a-327	Shining Fates (TCG)	Shiny Star V (/190)	Eternatus V	Darkness
S4a-328	Shining Fates (TCG)	Shiny Star V (/190)	Eternatus VMAX	Darkness
S4a-329	Shining Fates (TCG)	Shiny Star V (/190)	Zacian V	Metal
S4a-330	Shining Fates (TCG)	Shiny Star V (/190)	Zamazenta V	Metal
S5I-008	Battle Styles (TCG)	Single Strike Master (/070)	Flapple VMAX	Grass
S5I-018	Battle Styles (TCG)	Single Strike Master (/070)	Tapu Koko VMAX	Lightning
S5I-037	Battle Styles (TCG)	Single Strike Master (/070)	Single Strike Urshifu VMAX	Fighting
S5I-071	Battle Styles (TCG)	Single Strike Master (/070)	Flapple V	Grass
S5I-072	Battle Styles (TCG)	Single Strike Master (/070)	Tapu Koko V	Lightning
S5I-073	Battle Styles (TCG)	Single Strike Master (/070)	Mimikyu V	Psychic
S5I-074	Battle Styles (TCG)	Single Strike Master (/070)	Single Strike Urshifu V	Fighting
S5I-075	Battle Styles (TCG)	Single Strike Master (/070)	Single Strike Urshifu V	Fighting
S5I-076	Battle Styles (TCG)	Single Strike Master (/070)	Tyranitar V	Darkness
S5I-077	Battle Styles (TCG)	Single Strike Master (/070)	Tyranitar V	Darkness
S5I-078	Battle Styles (TCG)	Single Strike Master (/070)	Stoutland V	Colorless
S5I-079	Battle Styles (TCG)	Single Strike Master (/070)	Bruno	Supporter
S5I-080	Battle Styles (TCG)	Single Strike Master (/070)	Phoebe	Supporter
S5I-081	Battle Styles (TCG)	Single Strike Master (/070)	Single Strike Style Mustard	Supporter
S5I-082	Battle Styles (TCG)	Single Strike Master (/070)	Flapple VMAX	Grass
S5I-083	Battle Styles (TCG)	Single Strike Master (/070)	Tapu Koko VMAX	Lightning
S5I-084	Battle Styles (TCG)	Single Strike Master (/070)	Single Strike Urshifu VMAX	Fighting
S5I-085	Battle Styles (TCG)	Single Strike Master (/070)	Single Strike Urshifu VMAX	Fighting
S5I-086	Battle Styles (TCG)	Single Strike Master (/070)	Bruno	Supporter
S5I-087	Battle Styles (TCG)	Single Strike Master (/070)	Phoebe	Supporter
S5I-088	Battle Styles (TCG)	Single Strike Master (/070)	Single Strike Style Mustard	Supporter
S5I-089	Battle Styles (TCG)	Single Strike Master (/070)	Houndoom	Darkness
S5I-090	Battle Styles (TCG)	Single Strike Master (/070)	Exp. Share	Item
S5I-091	Battle Styles (TCG)	Single Strike Master (/070)	Single Strike Energy	Energy
S5R-013	Battle Styles (TCG)	Rapid Strike Master (/070)	Victini VMAX	Fire
S5R-051	Battle Styles (TCG)	Rapid Strike Master (/070)	Rapid Strike Urshifu VMAX	Fighting
S5R-056	Battle Styles (TCG)	Rapid Strike Master (/070)	Corviknight VMAX	Metal
S5R-071	Battle Styles (TCG)	Rapid Strike Master (/070)	Kricketune V	Grass
S5R-072	Battle Styles (TCG)	Rapid Strike Master (/070)	Victini V	Fire
S5R-073	Battle Styles (TCG)	Rapid Strike Master (/070)	Empoleon V	Water
S5R-074	Battle Styles (TCG)	Rapid Strike Master (/070)	Empoleon V	Water
S5R-075	Battle Styles (TCG)	Rapid Strike Master (/070)	Necrozma V	Psychic
S5R-076	Battle Styles (TCG)	Rapid Strike Master (/070)	Rapid Strike Urshifu V	Fighting
S5R-077	Battle Styles (TCG)	Rapid Strike Master (/070)	Rapid Strike Urshifu V	Fighting
S5R-078	Battle Styles (TCG)	Rapid Strike Master (/070)	Corviknight V	Metal
S5R-079	Battle Styles (TCG)	Rapid Strike Master (/070)	Korrina's Focus	Supporter
S5R-080	Battle Styles (TCG)	Rapid Strike Master (/070)	Rapid Strike Style Mustard	Supporter
S5R-081	Battle Styles (TCG)	Rapid Strike Master (/070)	Cheryl	Supporter
S5R-082	Battle Styles (TCG)	Rapid Strike Master (/070)	Victini VMAX	Fire
S5R-083	Battle Styles (TCG)	Rapid Strike Master (/070)	Rapid Strike Urshifu VMAX	Fighting
S5R-084	Battle Styles (TCG)	Rapid Strike Master (/070)	Rapid Strike Urshifu VMAX	Fighting
S5R-085	Battle Styles (TCG)	Rapid Strike Master (/070)	Corviknight VMAX	Metal
S5R-086	Battle Styles (TCG)	Rapid Strike Master (/070)	Korrina's Focus	Supporter
S5R-087	Battle Styles (TCG)	Rapid Strike Master (/070)	Rapid Strike Style Mustard	Supporter
S5R-088	Battle Styles (TCG)	Rapid Strike Master (/070)	Cheryl	Supporter
S5R-089	Battle Styles (TCG)	Rapid Strike Master (/070)	Octillery	Water
S5R-090	Battle Styles (TCG)	Rapid Strike Master (/070)	Level Ball	Item
S5R-091	Battle Styles (TCG)	Rapid Strike Master (/070)	Rapid Strike Energy	Energy
S5a-008	Peerless Fighters (TCG)	Peerless Fighters (/070)	Blaziken VMAX	Fire
S5a-024	Peerless Fighters (TCG)	Peerless Fighters (/070)	Dracozolt VMAX	Lightning
S5a-047	Peerless Fighters (TCG)	Peerless Fighters (/070)	Galarian Slowking VMAX	Darkness
S5a-071	Peerless Fighters (TCG)	Peerless Fighters (/070)	Blaziken V	Fire
S5a-072	Peerless Fighters (TCG)	Peerless Fighters (/070)	Dracozolt V	Lightning
S5a-073	Peerless Fighters (TCG)	Peerless Fighters (/070)	Galarian Articuno V	Psychic
S5a-074	Peerless Fighters (TCG)	Peerless Fighters (/070)	Galarian Articuno V	Psychic
S5a-075	Peerless Fighters (TCG)	Peerless Fighters (/070)	Galarian Zapdos V	Fighting
S5a-076	Peerless Fighters (TCG)	Peerless Fighters (/070)	Galarian Zapdos V	Fighting
S5a-077	Peerless Fighters (TCG)	Peerless Fighters (/070)	Galarian Moltres V	Darkness
S5a-078	Peerless Fighters (TCG)	Peerless Fighters (/070)	Galarian Moltres V	Darkness
S5a-079	Peerless Fighters (TCG)	Peerless Fighters (/070)	Galarian Slowking V	Darkness
S5a-080	Peerless Fighters (TCG)	Peerless Fighters (/070)	Galarian Slowking V	Darkness
S5a-081	Peerless Fighters (TCG)	Peerless Fighters (/070)	Karen's Conviction	Supporter
S5a-082	Peerless Fighters (TCG)	Peerless Fighters (/070)	Klara	Supporter
S5a-083	Peerless Fighters (TCG)	Peerless Fighters (/070)	Avery	Supporter
S5a-084	Peerless Fighters (TCG)	Peerless Fighters (/070)	Brawly	Supporter
S5a-085	Peerless Fighters (TCG)	Peerless Fighters (/070)	Blaziken VMAX	Fire
S5a-086	Peerless Fighters (TCG)	Peerless Fighters (/070)	Blaziken VMAX	Fire
S5a-087	Peerless Fighters (TCG)	Peerless Fighters (/070)	Dracozolt VMAX	Lightning
S5a-088	Peerless Fighters (TCG)	Peerless Fighters (/070)	Galarian Slowking VMAX	Darkness
S5a-089	Peerless Fighters (TCG)	Peerless Fighters (/070)	Karen's Conviction	Supporter
S5a-090	Peerless Fighters (TCG)	Peerless Fighters (/070)	Klara	Supporter
S5a-091	Peerless Fighters (TCG)	Peerless Fighters (/070)	Avery	Supporter
S5a-092	Peerless Fighters (TCG)	Peerless Fighters (/070)	Brawly	Supporter
S5a-093	Peerless Fighters (TCG)	Peerless Fighters (/070)	Snorlax	Colorless
S5a-094	Peerless Fighters (TCG)	Peerless Fighters (/070)	Fan of Waves	Item
S5a-095	Peerless Fighters (TCG)	Peerless Fighters (/070)	Urn of Vitality	Item
S5a-096	Peerless Fighters (TCG)	Peerless Fighters (/070)	Fighting Energy	Energy
S6H-028	Chilling Reign (TCG)	Silver Lance (/070)	Ice Rider Calyrex VMAX	Water
S6H-044	Chilling Reign (TCG)	Silver Lance (/070)	Sandaconda VMAX	Fighting
S6H-058	Chilling Reign (TCG)	Silver Lance (/070)	Tornadus VMAX	Colorless
S6H-071	Chilling Reign (TCG)	Silver Lance (/070)	Volcanion V	Fire
S6H-072	Chilling Reign (TCG)	Silver Lance (/070)	Ice Rider Calyrex V	Water
S6H-073	Chilling Reign (TCG)	Silver Lance (/070)	Ice Rider Calyrex V	Water
S6H-074	Chilling Reign (TCG)	Silver Lance (/070)	Galarian Rapidash V	Psychic
S6H-075	Chilling Reign (TCG)	Silver Lance (/070)	Galarian Rapidash V	Psychic
S6H-076	Chilling Reign (TCG)	Silver Lance (/070)	Sandaconda V	Fighting
S6H-077	Chilling Reign (TCG)	Silver Lance (/070)	Liepard V	Darkness
S6H-078	Chilling Reign (TCG)	Silver Lance (/070)	Tornadus V	Colorless
S6H-079	Chilling Reign (TCG)	Silver Lance (/070)	Tornadus V	Colorless
S6H-080	Chilling Reign (TCG)	Silver Lance (/070)	Flannery	Supporter
S6H-081	Chilling Reign (TCG)	Silver Lance (/070)	Doctor	Supporter
S6H-082	Chilling Reign (TCG)	Silver Lance (/070)	Peony	Supporter
S6H-083	Chilling Reign (TCG)	Silver Lance (/070)	Melony	Supporter
S6H-084	Chilling Reign (TCG)	Silver Lance (/070)	Ice Rider Calyrex VMAX	Water
S6H-085	Chilling Reign (TCG)	Silver Lance (/070)	Ice Rider Calyrex VMAX	Water
S6H-086	Chilling Reign (TCG)	Silver Lance (/070)	Sandaconda VMAX	Fighting
S6H-087	Chilling Reign (TCG)	Silver Lance (/070)	Tornadus VMAX	Colorless
S6H-088	Chilling Reign (TCG)	Silver Lance (/070)	Flannery	Supporter
S6H-089	Chilling Reign (TCG)	Silver Lance (/070)	Doctor	Supporter
S6H-090	Chilling Reign (TCG)	Silver Lance (/070)	Peony	Supporter
S6H-091	Chilling Reign (TCG)	Silver Lance (/070)	Melony	Supporter
S6H-092	Chilling Reign (TCG)	Silver Lance (/070)	Bronzong	Metal
S6H-093	Chilling Reign (TCG)	Silver Lance (/070)	Welcoming Lantern	Item
S6H-094	Chilling Reign (TCG)	Silver Lance (/070)	Rugged Helmet	Item
S6H-095	Chilling Reign (TCG)	Silver Lance (/070)	Water Energy	Energy
S6K-004	Chilling Reign (TCG)	Jet-Black Spirit (/070)	Celebi VMAX	Grass
S6K-037	Chilling Reign (TCG)	Jet-Black Spirit (/070)	Shadow Rider Calyrex VMAX	Psychic
S6K-050	Chilling Reign (TCG)	Jet-Black Spirit (/070)	Metagross VMAX	Metal
S6K-071	Chilling Reign (TCG)	Jet-Black Spirit (/070)	Celebi V	Grass
S6K-072	Chilling Reign (TCG)	Jet-Black Spirit (/070)	Arctovish V	Water
S6K-073	Chilling Reign (TCG)	Jet-Black Spirit (/070)	Zeraora V	Lightning
S6K-074	Chilling Reign (TCG)	Jet-Black Spirit (/070)	Zeraora V	Lightning
S6K-075	Chilling Reign (TCG)	Jet-Black Spirit (/070)	Shadow Rider Calyrex V	Psychic
S6K-076	Chilling Reign (TCG)	Jet-Black Spirit (/070)	Shadow Rider Calyrex V	Psychic
S6K-077	Chilling Reign (TCG)	Jet-Black Spirit (/070)	Metagross V	Metal
S6K-078	Chilling Reign (TCG)	Jet-Black Spirit (/070)	Blissey V	Colorless
S6K-079	Chilling Reign (TCG)	Jet-Black Spirit (/070)	Blissey V	Colorless
S6K-080	Chilling Reign (TCG)	Jet-Black Spirit (/070)	Caitlin	Supporter
S6K-081	Chilling Reign (TCG)	Jet-Black Spirit (/070)	Agatha	Supporter
S6K-082	Chilling Reign (TCG)	Jet-Black Spirit (/070)	Peonia	Supporter
S6K-083	Chilling Reign (TCG)	Jet-Black Spirit (/070)	Siebold	Supporter
S6K-084	Chilling Reign (TCG)	Jet-Black Spirit (/070)	Celebi VMAX	Grass
S6K-085	Chilling Reign (TCG)	Jet-Black Spirit (/070)	Shadow Rider Calyrex VMAX	Psychic
S6K-086	Chilling Reign (TCG)	Jet-Black Spirit (/070)	Shadow Rider Calyrex VMAX	Psychic
S6K-087	Chilling Reign (TCG)	Jet-Black Spirit (/070)	Metagross VMAX	Metal
S6K-088	Chilling Reign (TCG)	Jet-Black Spirit (/070)	Caitlin	Supporter
S6K-089	Chilling Reign (TCG)	Jet-Black Spirit (/070)	Agatha	Supporter
S6K-090	Chilling Reign (TCG)	Jet-Black Spirit (/070)	Peonia	Supporter
S6K-091	Chilling Reign (TCG)	Jet-Black Spirit (/070)	Siebold	Supporter
S6K-092	Chilling Reign (TCG)	Jet-Black Spirit (/070)	Electrode	Lightning
S6K-093	Chilling Reign (TCG)	Jet-Black Spirit (/070)	Fog Crystal	Item
S6K-094	Chilling Reign (TCG)	Jet-Black Spirit (/070)	Echoing Horn	Item
S6K-095	Chilling Reign (TCG)	Jet-Black Spirit (/070)	Psychic Energy	Energy
S6a-003	Eevee Heroes (TCG)	Eevee Heroes (/069)	Leafeon VMAX	Grass
S6a-025	Eevee Heroes (TCG)	Eevee Heroes (/069)	Glaceon VMAX	Water
S6a-041	Eevee Heroes (TCG)	Eevee Heroes (/069)	Sylveon VMAX	Psychic
S6a-048	Eevee Heroes (TCG)	Eevee Heroes (/069)	Umbreon VMAX	Darkness
S6a-070	Eevee Heroes (TCG)	Eevee Heroes (/069)	Leafeon V	Grass
S6a-071	Eevee Heroes (TCG)	Eevee Heroes (/069)	Leafeon V	Grass
S6a-072	Eevee Heroes (TCG)	Eevee Heroes (/069)	Flareon V	Fire
S6a-073	Eevee Heroes (TCG)	Eevee Heroes (/069)	Flareon V	Fire
S6a-074	Eevee Heroes (TCG)	Eevee Heroes (/069)	Vaporeon V	Water
S6a-075	Eevee Heroes (TCG)	Eevee Heroes (/069)	Vaporeon V	Water
S6a-076	Eevee Heroes (TCG)	Eevee Heroes (/069)	Glaceon V	Water
S6a-077	Eevee Heroes (TCG)	Eevee Heroes (/069)	Glaceon V	Water
S6a-078	Eevee Heroes (TCG)	Eevee Heroes (/069)	Jolteon V	Lightning
S6a-079	Eevee Heroes (TCG)	Eevee Heroes (/069)	Jolteon V	Lightning
S6a-080	Eevee Heroes (TCG)	Eevee Heroes (/069)	Espeon V	Psychic
S6a-081	Eevee Heroes (TCG)	Eevee Heroes (/069)	Espeon V	Psychic
S6a-082	Eevee Heroes (TCG)	Eevee Heroes (/069)	Sylveon V	Psychic
S6a-083	Eevee Heroes (TCG)	Eevee Heroes (/069)	Sylveon V	Psychic
S6a-084	Eevee Heroes (TCG)	Eevee Heroes (/069)	Umbreon V	Darkness
S6a-085	Eevee Heroes (TCG)	Eevee Heroes (/069)	Umbreon V	Darkness
S6a-086	Eevee Heroes (TCG)	Eevee Heroes (/069)	Aroma Lady	Supporter
S6a-087	Eevee Heroes (TCG)	Eevee Heroes (/069)	Gordie	Supporter
S6a-088	Eevee Heroes (TCG)	Eevee Heroes (/069)	Leafeon VMAX	Grass
S6a-089	Eevee Heroes (TCG)	Eevee Heroes (/069)	Leafeon VMAX	Grass
S6a-090	Eevee Heroes (TCG)	Eevee Heroes (/069)	Glaceon VMAX	Water
S6a-091	Eevee Heroes (TCG)	Eevee Heroes (/069)	Glaceon VMAX	Water
S6a-092	Eevee Heroes (TCG)	Eevee Heroes (/069)	Sylveon VMAX	Psychic
S6a-093	Eevee Heroes (TCG)	Eevee Heroes (/069)	Sylveon VMAX	Psychic
S6a-094	Eevee Heroes (TCG)	Eevee Heroes (/069)	Umbreon VMAX	Darkness
S6a-095	Eevee Heroes (TCG)	Eevee Heroes (/069)	Umbreon VMAX	Darkness
S6a-096	Eevee Heroes (TCG)	Eevee Heroes (/069)	Aroma Lady	Supporter
S6a-097	Eevee Heroes (TCG)	Eevee Heroes (/069)	Gordie	Supporter
S6a-098	Eevee Heroes (TCG)	Eevee Heroes (/069)	Inteleon	Water
S6a-099	Eevee Heroes (TCG)	Eevee Heroes (/069)	Boost Shake	Item
S6a-100	Eevee Heroes (TCG)	Eevee Heroes (/069)	Turffield Stadium	Stadium
S6a-101	Eevee Heroes (TCG)	Eevee Heroes (/069)	Darkness Energy	Energy
S7D-025	Evolving Skies (TCG)	Skyscraping Perfection (/067)	Lycanroc VMAX	Fighting
S7D-031	Evolving Skies (TCG)	Skyscraping Perfection (/067)	Garbodor VMAX	Darkness
S7D-049	Evolving Skies (TCG)	Skyscraping Perfection (/067)	Duraludon VMAX	Dragon
S7D-068	Evolving Skies (TCG)	Skyscraping Perfection (/067)	Suicune V	Water
S7D-069	Evolving Skies (TCG)	Skyscraping Perfection (/067)	Golurk V	Psychic
S7D-070	Evolving Skies (TCG)	Skyscraping Perfection (/067)	Golurk V	Psychic
S7D-071	Evolving Skies (TCG)	Skyscraping Perfection (/067)	Lycanroc V	Fighting
S7D-072	Evolving Skies (TCG)	Skyscraping Perfection (/067)	Garbodor V	Darkness
S7D-073	Evolving Skies (TCG)	Skyscraping Perfection (/067)	Noivern V	Dragon
S7D-074	Evolving Skies (TCG)	Skyscraping Perfection (/067)	Noivern V	Dragon
S7D-075	Evolving Skies (TCG)	Skyscraping Perfection (/067)	Duraludon V	Dragon
S7D-076	Evolving Skies (TCG)	Skyscraping Perfection (/067)	Duraludon V	Dragon
S7D-077	Evolving Skies (TCG)	Skyscraping Perfection (/067)	Raihan	Supporter
S7D-078	Evolving Skies (TCG)	Skyscraping Perfection (/067)	Schoolgirl	Supporter
S7D-079	Evolving Skies (TCG)	Skyscraping Perfection (/067)	Copycat	Supporter
S7D-080	Evolving Skies (TCG)	Skyscraping Perfection (/067)	Lycanroc VMAX	Fighting
S7D-081	Evolving Skies (TCG)	Skyscraping Perfection (/067)	Garbodor VMAX	Darkness
S7D-082	Evolving Skies (TCG)	Skyscraping Perfection (/067)	Duraludon VMAX	Dragon
S7D-083	Evolving Skies (TCG)	Skyscraping Perfection (/067)	Duraludon VMAX	Dragon
S7D-084	Evolving Skies (TCG)	Skyscraping Perfection (/067)	Raihan	Supporter
S7D-085	Evolving Skies (TCG)	Skyscraping Perfection (/067)	Schoolgirl	Supporter
S7D-086	Evolving Skies (TCG)	Skyscraping Perfection (/067)	Copycat	Supporter
S7D-087	Evolving Skies (TCG)	Skyscraping Perfection (/067)	Cresselia	Psychic
S7D-088	Evolving Skies (TCG)	Skyscraping Perfection (/067)	Full Face Guard	Item
S7D-089	Evolving Skies (TCG)	Skyscraping Perfection (/067)	Crystal Cave	Stadium
S7D-090	Evolving Skies (TCG)	Skyscraping Perfection (/067)	Metal Energy	Energy
S7R-008	Evolving Skies (TCG)	Blue Sky Stream (/067)	Trevenant VMAX	Grass
S7R-021	Evolving Skies (TCG)	Blue Sky Stream (/067)	Gyarados VMAX	Water
S7R-047	Evolving Skies (TCG)	Blue Sky Stream (/067)	Rayquaza VMAX	Dragon
S7R-068	Evolving Skies (TCG)	Blue Sky Stream (/067)	Trevenant V	Grass
S7R-069	Evolving Skies (TCG)	Blue Sky Stream (/067)	Volcarona V	Fire
S7R-070	Evolving Skies (TCG)	Blue Sky Stream (/067)	Gyarados V	Water
S7R-071	Evolving Skies (TCG)	Blue Sky Stream (/067)	Medicham V	Fighting
S7R-072	Evolving Skies (TCG)	Blue Sky Stream (/067)	Medicham V	Fighting
S7R-073	Evolving Skies (TCG)	Blue Sky Stream (/067)	Dragonite V	Dragon
S7R-074	Evolving Skies (TCG)	Blue Sky Stream (/067)	Dragonite V	Dragon
S7R-075	Evolving Skies (TCG)	Blue Sky Stream (/067)	Rayquaza V	Dragon
S7R-076	Evolving Skies (TCG)	Blue Sky Stream (/067)	Rayquaza V	Dragon
S7R-077	Evolving Skies (TCG)	Blue Sky Stream (/067)	Shauna	Supporter
S7R-078	Evolving Skies (TCG)	Blue Sky Stream (/067)	Schoolboy	Supporter
S7R-079	Evolving Skies (TCG)	Blue Sky Stream (/067)	Zinnia's Resolve	Supporter
S7R-080	Evolving Skies (TCG)	Blue Sky Stream (/067)	Trevenant VMAX	Grass
S7R-081	Evolving Skies (TCG)	Blue Sky Stream (/067)	Gyarados VMAX	Water
S7R-082	Evolving Skies (TCG)	Blue Sky Stream (/067)	Rayquaza VMAX	Dragon
S7R-083	Evolving Skies (TCG)	Blue Sky Stream (/067)	Rayquaza VMAX	Dragon
S7R-084	Evolving Skies (TCG)	Blue Sky Stream (/067)	Shauna	Supporter
S7R-085	Evolving Skies (TCG)	Blue Sky Stream (/067)	Schoolboy	Supporter
S7R-086	Evolving Skies (TCG)	Blue Sky Stream (/067)	Zinnia's Resolve	Supporter
S7R-087	Evolving Skies (TCG)	Blue Sky Stream (/067)	Froslass	Water
S7R-088	Evolving Skies (TCG)	Blue Sky Stream (/067)	Toy Catcher	Item
S7R-089	Evolving Skies (TCG)	Blue Sky Stream (/067)	Stormy Mountains	Stadium
S7R-090	Evolving Skies (TCG)	Blue Sky Stream (/067)	Lightning Energy	Energy
S8-015	Fusion Strike (TCG)	Fusion Arts (/100)	Chandelure VMAX	Fire
S8-035	Fusion Strike (TCG)	Fusion Arts (/100)	Boltund VMAX	Lightning
S8-040	Fusion Strike (TCG)	Fusion Arts (/100)	Mew VMAX	Psychic
S8-086	Fusion Strike (TCG)	Fusion Arts (/100)	Greedent VMAX	Colorless
S8-101	Fusion Strike (TCG)	Fusion Arts (/100)	Tsareena V	Grass
S8-102	Fusion Strike (TCG)	Fusion Arts (/100)	Chandelure V	Fire
S8-103	Fusion Strike (TCG)	Fusion Arts (/100)	Crabominable V	Water
S8-104	Fusion Strike (TCG)	Fusion Arts (/100)	Boltund V	Lightning
S8-105	Fusion Strike (TCG)	Fusion Arts (/100)	Mew V	Psychic
S8-106	Fusion Strike (TCG)	Fusion Arts (/100)	Mew V	Psychic
S8-107	Fusion Strike (TCG)	Fusion Arts (/100)	Hoopa V	Darkness
S8-108	Fusion Strike (TCG)	Fusion Arts (/100)	Genesect V	Metal
S8-109	Fusion Strike (TCG)	Fusion Arts (/100)	Genesect V	Metal
S8-110	Fusion Strike (TCG)	Fusion Arts (/100)	Greedent V	Colorless
S8-111	Fusion Strike (TCG)	Fusion Arts (/100)	Greedent V	Colorless
S8-112	Fusion Strike (TCG)	Fusion Arts (/100)	Sidney	Supporter
S8-113	Fusion Strike (TCG)	Fusion Arts (/100)	Elesa's Sparkle	Supporter
S8-114	Fusion Strike (TCG)	Fusion Arts (/100)	Dancer	Supporter
S8-115	Fusion Strike (TCG)	Fusion Arts (/100)	Chili & Cilan & Cress	Supporter
S8-116	Fusion Strike (TCG)	Fusion Arts (/100)	Chandelure VMAX	Fire
S8-117	Fusion Strike (TCG)	Fusion Arts (/100)	Boltund VMAX	Lightning
S8-118	Fusion Strike (TCG)	Fusion Arts (/100)	Mew VMAX	Psychic
S8-119	Fusion Strike (TCG)	Fusion Arts (/100)	Mew VMAX	Psychic
S8-120	Fusion Strike (TCG)	Fusion Arts (/100)	Greedent VMAX	Colorless
S8-121	Fusion Strike (TCG)	Fusion Arts (/100)	Sidney	Supporter
S8-122	Fusion Strike (TCG)	Fusion Arts (/100)	Elesa's Sparkle	Supporter
S8-123	Fusion Strike (TCG)	Fusion Arts (/100)	Dancer	Supporter
S8-124	Fusion Strike (TCG)	Fusion Arts (/100)	Chili & Cilan & Cress	Supporter
S8-125	Fusion Strike (TCG)	Fusion Arts (/100)	Flaaffy	Lightning
S8-126	Fusion Strike (TCG)	Fusion Arts (/100)	Power Tablet	Item
S8-127	Fusion Strike (TCG)	Fusion Arts (/100)	Training Court	Stadium
S8-128	Fusion Strike (TCG)	Fusion Arts (/100)	Grass Energy	Energy
S8-129	Fusion Strike (TCG)	Fusion Arts (/100)	Fire Energy	Energy
S8a-022	Celebrations (TCG)	25th Anniversary Collection (/028)	Surfing Pikachu VMAX	Lightning
S8a-024	Celebrations (TCG)	25th Anniversary Collection (/028)	Flying Pikachu VMAX	Lightning
S8a-025	Celebrations (TCG)	25th Anniversary Collection (/028)	Pikachu V-UNION	Lightning
S8a-026	Celebrations (TCG)	25th Anniversary Collection (/028)	Pikachu V-UNION	Lightning
S8a-027	Celebrations (TCG)	25th Anniversary Collection (/028)	Pikachu V-UNION	Lightning
S8a-028	Celebrations (TCG)	25th Anniversary Collection (/028)	Pikachu V-UNION	Lightning
S8a-029	Celebrations (TCG)	25th Anniversary Collection (/028)	Professor's Research	Supporter
S8a-030	Celebrations (TCG)	25th Anniversary Collection (/028)	Mew	Psychic
S8b-011	VMAX Climax (TCG)	VMAX Climax (/184)	Orbeetle VMAX	Grass
S8b-020	VMAX Climax (TCG)	VMAX Climax (/184)	Blaziken VMAX	Fire
S8b-023	VMAX Climax (TCG)	VMAX Climax (/184)	Centiskorch VMAX	Fire
S8b-044	VMAX Climax (TCG)	VMAX Climax (/184)	Ice Rider Calyrex VMAX	Water
S8b-046	VMAX Climax (TCG)	VMAX Climax (/184)	Pikachu VMAX	Lightning
S8b-056	VMAX Climax (TCG)	VMAX Climax (/184)	Morpeko V-UNION	Lightning
S8b-057	VMAX Climax (TCG)	VMAX Climax (/184)	Morpeko V-UNION	Lightning
S8b-058	VMAX Climax (TCG)	VMAX Climax (/184)	Morpeko V-UNION	Lightning
S8b-059	VMAX Climax (TCG)	VMAX Climax (/184)	Morpeko V-UNION	Lightning
S8b-075	VMAX Climax (TCG)	VMAX Climax (/184)	Sylveon VMAX	Psychic
S8b-077	VMAX Climax (TCG)	VMAX Climax (/184)	Mimikyu VMAX	Psychic
S8b-083	VMAX Climax (TCG)	VMAX Climax (/184)	Shadow Rider Calyrex VMAX	Psychic
S8b-093	VMAX Climax (TCG)	VMAX Climax (/184)	Single Strike Urshifu VMAX	Fighting
S8b-095	VMAX Climax (TCG)	VMAX Climax (/184)	Rapid Strike Urshifu VMAX	Fighting
S8b-101	VMAX Climax (TCG)	VMAX Climax (/184)	Umbreon VMAX	Darkness
S8b-110	VMAX Climax (TCG)	VMAX Climax (/184)	Eternatus VMAX	Darkness
S8b-116	VMAX Climax (TCG)	VMAX Climax (/184)	Corviknight VMAX	Metal
S8b-120	VMAX Climax (TCG)	VMAX Climax (/184)	Rayquaza VMAX	Dragon
S8b-123	VMAX Climax (TCG)	VMAX Climax (/184)	Duraludon VMAX	Dragon
S8b-185	VMAX Climax (TCG)	VMAX Climax (/184)	Abomasnow	Grass
S8b-186	VMAX Climax (TCG)	VMAX Climax (/184)	Flapple	Grass
S8b-187	VMAX Climax (TCG)	VMAX Climax (/184)	Charizard	Fire
S8b-188	VMAX Climax (TCG)	VMAX Climax (/184)	Flareon	Fire
S8b-189	VMAX Climax (TCG)	VMAX Climax (/184)	Vaporeon	Water
S8b-190	VMAX Climax (TCG)	VMAX Climax (/184)	Kingdra	Water
S8b-191	VMAX Climax (TCG)	VMAX Climax (/184)	Octillery	Water
S8b-192	VMAX Climax (TCG)	VMAX Climax (/184)	Frosmoth	Water
S8b-193	VMAX Climax (TCG)	VMAX Climax (/184)	Jolteon	Lightning
S8b-194	VMAX Climax (TCG)	VMAX Climax (/184)	Flaaffy	Lightning
S8b-195	VMAX Climax (TCG)	VMAX Climax (/184)	Zekrom	Lightning
S8b-196	VMAX Climax (TCG)	VMAX Climax (/184)	Gardevoir	Psychic
S8b-197	VMAX Climax (TCG)	VMAX Climax (/184)	Banette	Psychic
S8b-198	VMAX Climax (TCG)	VMAX Climax (/184)	Dusknoir	Psychic
S8b-199	VMAX Climax (TCG)	VMAX Climax (/184)	Malamar	Psychic
S8b-200	VMAX Climax (TCG)	VMAX Climax (/184)	Dedenne	Psychic
S8b-201	VMAX Climax (TCG)	VMAX Climax (/184)	Alcremie	Psychic
S8b-202	VMAX Climax (TCG)	VMAX Climax (/184)	Rockruff	Fighting
S8b-203	VMAX Climax (TCG)	VMAX Climax (/184)	Passimian	Fighting
S8b-204	VMAX Climax (TCG)	VMAX Climax (/184)	Falinks	Fighting
S8b-205	VMAX Climax (TCG)	VMAX Climax (/184)	Ariados	Darkness
S8b-206	VMAX Climax (TCG)	VMAX Climax (/184)	Houndoom	Darkness
S8b-207	VMAX Climax (TCG)	VMAX Climax (/184)	Galarian Obstagoon	Darkness
S8b-208	VMAX Climax (TCG)	VMAX Climax (/184)	Bronzong	Metal
S8b-209	VMAX Climax (TCG)	VMAX Climax (/184)	Druddigon	Dragon
S8b-210	VMAX Climax (TCG)	VMAX Climax (/184)	Eevee	Colorless
S8b-211	VMAX Climax (TCG)	VMAX Climax (/184)	Castform	Colorless
S8b-212	VMAX Climax (TCG)	VMAX Climax (/184)	Oranguru	Colorless
S8b-213	VMAX Climax (TCG)	VMAX Climax (/184)	Kricketune V	Grass
S8b-214	VMAX Climax (TCG)	VMAX Climax (/184)	Orbeetle V	Grass
S8b-215	VMAX Climax (TCG)	VMAX Climax (/184)	Orbeetle VMAX	Grass
S8b-216	VMAX Climax (TCG)	VMAX Climax (/184)	Blaziken V	Fire
S8b-217	VMAX Climax (TCG)	VMAX Climax (/184)	Blaziken VMAX	Fire
S8b-218	VMAX Climax (TCG)	VMAX Climax (/184)	Centiskorch V	Fire
S8b-219	VMAX Climax (TCG)	VMAX Climax (/184)	Centiskorch VMAX	Fire
S8b-220	VMAX Climax (TCG)	VMAX Climax (/184)	Ice Rider Calyrex V	Water
S8b-221	VMAX Climax (TCG)	VMAX Climax (/184)	Ice Rider Calyrex VMAX	Water
S8b-222	VMAX Climax (TCG)	VMAX Climax (/184)	Pikachu V	Lightning
S8b-223	VMAX Climax (TCG)	VMAX Climax (/184)	Pikachu VMAX	Lightning
S8b-224	VMAX Climax (TCG)	VMAX Climax (/184)	Zeraora V	Lightning
S8b-225	VMAX Climax (TCG)	VMAX Climax (/184)	Boltund V	Lightning
S8b-226	VMAX Climax (TCG)	VMAX Climax (/184)	Morpeko V-UNION	Lightning
S8b-227	VMAX Climax (TCG)	VMAX Climax (/184)	Morpeko V-UNION	Lightning
S8b-228	VMAX Climax (TCG)	VMAX Climax (/184)	Morpeko V-UNION	Lightning
S8b-229	VMAX Climax (TCG)	VMAX Climax (/184)	Morpeko V-UNION	Lightning
S8b-230	VMAX Climax (TCG)	VMAX Climax (/184)	Galarian Articuno V	Psychic
S8b-231	VMAX Climax (TCG)	VMAX Climax (/184)	Sylveon V	Psychic
S8b-232	VMAX Climax (TCG)	VMAX Climax (/184)	Sylveon VMAX	Psychic
S8b-233	VMAX Climax (TCG)	VMAX Climax (/184)	Mimikyu V	Psychic
S8b-234	VMAX Climax (TCG)	VMAX Climax (/184)	Mimikyu VMAX	Psychic
S8b-235	VMAX Climax (TCG)	VMAX Climax (/184)	Shadow Rider Calyrex V	Psychic
S8b-236	VMAX Climax (TCG)	VMAX Climax (/184)	Shadow Rider Calyrex VMAX	Psychic
S8b-237	VMAX Climax (TCG)	VMAX Climax (/184)	Galarian Zapdos V	Fighting
S8b-238	VMAX Climax (TCG)	VMAX Climax (/184)	Single Strike Urshifu V	Fighting
S8b-239	VMAX Climax (TCG)	VMAX Climax (/184)	Single Strike Urshifu VMAX	Fighting
S8b-240	VMAX Climax (TCG)	VMAX Climax (/184)	Rapid Strike Urshifu V	Fighting
S8b-241	VMAX Climax (TCG)	VMAX Climax (/184)	Rapid Strike Urshifu VMAX	Fighting
S8b-242	VMAX Climax (TCG)	VMAX Climax (/184)	Galarian Moltres V	Darkness
S8b-243	VMAX Climax (TCG)	VMAX Climax (/184)	Crobat V	Darkness
S8b-244	VMAX Climax (TCG)	VMAX Climax (/184)	Umbreon V	Darkness
S8b-245	VMAX Climax (TCG)	VMAX Climax (/184)	Umbreon VMAX	Darkness
S8b-246	VMAX Climax (TCG)	VMAX Climax (/184)	Eternatus V	Darkness
S8b-247	VMAX Climax (TCG)	VMAX Climax (/184)	Eternatus VMAX	Darkness
S8b-248	VMAX Climax (TCG)	VMAX Climax (/184)	Corviknight V	Metal
S8b-249	VMAX Climax (TCG)	VMAX Climax (/184)	Corviknight VMAX	Metal
S8b-250	VMAX Climax (TCG)	VMAX Climax (/184)	Zacian V	Metal
S8b-251	VMAX Climax (TCG)	VMAX Climax (/184)	Zamazenta V	Metal
S8b-252	VMAX Climax (TCG)	VMAX Climax (/184)	Rayquaza VMAX	Dragon
S8b-253	VMAX Climax (TCG)	VMAX Climax (/184)	Duraludon VMAX	Dragon
S8b-254	VMAX Climax (TCG)	VMAX Climax (/184)	Blissey V	Colorless
S8b-255	VMAX Climax (TCG)	VMAX Climax (/184)	Acerola's Premonition	Supporter
S8b-256	VMAX Climax (TCG)	VMAX Climax (/184)	Allister	Supporter
S8b-257	VMAX Climax (TCG)	VMAX Climax (/184)	Kabu	Supporter
S8b-258	VMAX Climax (TCG)	VMAX Climax (/184)	Friends in Galar	Supporter
S8b-259	VMAX Climax (TCG)	VMAX Climax (/184)	Raihan	Supporter
S8b-260	VMAX Climax (TCG)	VMAX Climax (/184)	Cook	Supporter
S8b-261	VMAX Climax (TCG)	VMAX Climax (/184)	Bea	Supporter
S8b-262	VMAX Climax (TCG)	VMAX Climax (/184)	Judge	Supporter
S8b-263	VMAX Climax (TCG)	VMAX Climax (/184)	Sordward & Shielbert	Supporter
S8b-264	VMAX Climax (TCG)	VMAX Climax (/184)	Piers	Supporter
S8b-265	VMAX Climax (TCG)	VMAX Climax (/184)	Professor Burnet	Supporter
S8b-266	VMAX Climax (TCG)	VMAX Climax (/184)	Professor's Research	Supporter
S8b-267	VMAX Climax (TCG)	VMAX Climax (/184)	Adventurer’s Discovery	Supporter
S8b-268	VMAX Climax (TCG)	VMAX Climax (/184)	Boss's Orders	Supporter
S8b-269	VMAX Climax (TCG)	VMAX Climax (/184)	Opal	Supporter
S8b-270	VMAX Climax (TCG)	VMAX Climax (/184)	Gordie	Supporter
S8b-271	VMAX Climax (TCG)	VMAX Climax (/184)	Café Master	Supporter
S8b-272	VMAX Climax (TCG)	VMAX Climax (/184)	Single Strike Style Mustard	Supporter
S8b-273	VMAX Climax (TCG)	VMAX Climax (/184)	Rapid Strike Style Mustard	Supporter
S8b-274	VMAX Climax (TCG)	VMAX Climax (/184)	Melony	Supporter
S8b-275	VMAX Climax (TCG)	VMAX Climax (/184)	Milo	Supporter
S8b-276	VMAX Climax (TCG)	VMAX Climax (/184)	Gloria	Supporter
S8b-277	VMAX Climax (TCG)	VMAX Climax (/184)	Nessa	Supporter
S8b-278	VMAX Climax (TCG)	VMAX Climax (/184)	Ice Rider Calyrex VMAX	Water
S8b-279	VMAX Climax (TCG)	VMAX Climax (/184)	Pikachu VMAX	Lightning
S8b-280	VMAX Climax (TCG)	VMAX Climax (/184)	Mew VMAX	Psychic
S8b-281	VMAX Climax (TCG)	VMAX Climax (/184)	Shadow Rider Calyrex VMAX	Psychic
S8b-282	VMAX Climax (TCG)	VMAX Climax (/184)	Single Strike Urshifu VMAX	Fighting
S8b-283	VMAX Climax (TCG)	VMAX Climax (/184)	Rapid Strike Urshifu VMAX	Fighting
S8b-284	VMAX Climax (TCG)	VMAX Climax (/184)	Rayquaza VMAX	Dragon
S8b-285	VMAX Climax (TCG)	VMAX Climax (/184)	Duraludon VMAX	Dragon
S9-013	Brilliant Stars (TCG)	Star Birth (/100)	Shaymin VSTAR	Grass
S9-015	Brilliant Stars (TCG)	Star Birth (/100)	Charizard VSTAR	Fire
S9-050	Brilliant Stars (TCG)	Star Birth (/100)	Whimsicott VSTAR	Psychic
S9-084	Brilliant Stars (TCG)	Star Birth (/100)	Arceus VSTAR	Colorless
S9-101	Brilliant Stars (TCG)	Star Birth (/100)	Shaymin V	Grass
S9-102	Brilliant Stars (TCG)	Star Birth (/100)	Charizard V	Fire
S9-103	Brilliant Stars (TCG)	Star Birth (/100)	Charizard V	Fire
S9-104	Brilliant Stars (TCG)	Star Birth (/100)	Lumineon V	Water
S9-105	Brilliant Stars (TCG)	Star Birth (/100)	Lumineon V	Water
S9-106	Brilliant Stars (TCG)	Star Birth (/100)	Raichu V	Lightning
S9-107	Brilliant Stars (TCG)	Star Birth (/100)	Whimsicott V	Psychic
S9-108	Brilliant Stars (TCG)	Star Birth (/100)	Honchkrow V	Darkness
S9-109	Brilliant Stars (TCG)	Star Birth (/100)	Honchkrow V	Darkness
S9-110	Brilliant Stars (TCG)	Star Birth (/100)	Flygon V	Dragon
S9-111	Brilliant Stars (TCG)	Star Birth (/100)	Arceus V	Colorless
S9-112	Brilliant Stars (TCG)	Star Birth (/100)	Arceus V	Colorless
S9-113	Brilliant Stars (TCG)	Star Birth (/100)	Kindler	Supporter
S9-114	Brilliant Stars (TCG)	Star Birth (/100)	Cynthia's Ambition	Supporter
S9-115	Brilliant Stars (TCG)	Star Birth (/100)	Cheren's Care	Supporter
S9-116	Brilliant Stars (TCG)	Star Birth (/100)	Roseanne's Backup	Supporter
S9-117	Brilliant Stars (TCG)	Star Birth (/100)	Shaymin VSTAR	Grass
S9-118	Brilliant Stars (TCG)	Star Birth (/100)	Charizard VSTAR	Fire
S9-119	Brilliant Stars (TCG)	Star Birth (/100)	Whimsicott VSTAR	Psychic
S9-120	Brilliant Stars (TCG)	Star Birth (/100)	Arceus VSTAR	Colorless
S9-121	Brilliant Stars (TCG)	Star Birth (/100)	Kindler	Supporter
S9-122	Brilliant Stars (TCG)	Star Birth (/100)	Cynthia's Ambition	Supporter
S9-123	Brilliant Stars (TCG)	Star Birth (/100)	Cheren's Care	Supporter
S9-124	Brilliant Stars (TCG)	Star Birth (/100)	Roseanne's Backup	Supporter
S9-125	Brilliant Stars (TCG)	Star Birth (/100)	Arceus VSTAR	Colorless
S9-126	Brilliant Stars (TCG)	Star Birth (/100)	Ultra Ball	Item
S9-127	Brilliant Stars (TCG)	Star Birth (/100)	Magma Basin	Stadium
S9a-029	Battle Region (TCG)	Battle Region (/067)	Hisuian Typhlosion VSTAR	Psychic
S9a-045	Battle Region (TCG)	Battle Region (/067)	Hisuian Decidueye VSTAR	Fighting
S9a-053	Battle Region (TCG)	Battle Region (/067)	Hisuian Samurott VSTAR	Darkness
S9a-074	Battle Region (TCG)	Battle Region (/067)	Virizion V	Grass
S9a-075	Battle Region (TCG)	Battle Region (/067)	Starmie V	Water
S9a-076	Battle Region (TCG)	Battle Region (/067)	Hisuian Typhlosion V	Psychic
S9a-077	Battle Region (TCG)	Battle Region (/067)	Hisuian Decidueye V	Fighting
S9a-078	Battle Region (TCG)	Battle Region (/067)	Hisuian Samurott V	Darkness
S9a-079	Battle Region (TCG)	Battle Region (/067)	Garchomp V	Dragon
S9a-080	Battle Region (TCG)	Battle Region (/067)	Cyllene	Supporter
S9a-081	Battle Region (TCG)	Battle Region (/067)	Roxanne	Supporter
S9a-082	Battle Region (TCG)	Battle Region (/067)	Kamado	Supporter
S9a-083	Battle Region (TCG)	Battle Region (/067)	Starmie V	Water
S9a-084	Battle Region (TCG)	Battle Region (/067)	Garchomp V	Dragon
S9a-085	Battle Region (TCG)	Battle Region (/067)	Hisuian Typhlosion VSTAR	Psychic
S9a-086	Battle Region (TCG)	Battle Region (/067)	Hisuian Decidueye VSTAR	Fighting
S9a-087	Battle Region (TCG)	Battle Region (/067)	Hisuian Samurott VSTAR	Darkness
S9a-088	Battle Region (TCG)	Battle Region (/067)	Cyllene	Supporter
S9a-089	Battle Region (TCG)	Battle Region (/067)	Roxanne	Supporter
S9a-090	Battle Region (TCG)	Battle Region (/067)	Kamado	Supporter
S9a-091	Battle Region (TCG)	Battle Region (/067)	Hisuian Samurott VSTAR	Darkness
S9a-092	Battle Region (TCG)	Battle Region (/067)	Choice Belt	Item
S9a-093	Battle Region (TCG)	Battle Region (/067)	Jubilife Village	Stadium
SI-415	Start Deck 100 (TCG)	Start Deck 100 (/414)	Pikachu V	Lightning
SI-416	Start Deck 100 (TCG)	Start Deck 100 (/414)	Granbull V	Psychic
SI-417	Start Deck 100 (TCG)	Start Deck 100 (/414)	Zamazenta V	Metal
SI-418	Start Deck 100 (TCG)	Start Deck 100 (/414)	Barry	Supporter
SI-419	Start Deck 100 (TCG)	Start Deck 100 (/414)	Marnie's Pride	Supporter
SJ-029	Zacian & Zamazenta vs Eternatus Special Deck Set (TCG)	Special Deck Set (/028)	Zacian V	Metal
SJ-030	Zacian & Zamazenta vs Eternatus Special Deck Set (TCG)	Special Deck Set (/028)	Zamazenta V	Metal
SV10-099	Glory of the Rocket Gang (TCG)	Glory of the Rocket Gang (/098)	Team Rocket's Spidops	Grass
SV10-100	Glory of the Rocket Gang (TCG)	Glory of the Rocket Gang (/098)	Team Rocket's Houndoom	Fire
SV10-101	Glory of the Rocket Gang (TCG)	Glory of the Rocket Gang (/098)	Blaziken	Fire
SV10-102	Glory of the Rocket Gang (TCG)	Glory of the Rocket Gang (/098)	Clamperl	Water
SV10-103	Glory of the Rocket Gang (TCG)	Glory of the Rocket Gang (/098)	Team Rocket's Wobbuffet	Psychic
SV10-104	Glory of the Rocket Gang (TCG)	Glory of the Rocket Gang (/098)	Team Rocket's Orbeetle	Psychic
SV10-105	Glory of the Rocket Gang (TCG)	Glory of the Rocket Gang (/098)	Team Rocket's Weezing	Darkness
SV10-106	Glory of the Rocket Gang (TCG)	Glory of the Rocket Gang (/098)	Team Rocket's Murkrow	Darkness
SV10-107	Glory of the Rocket Gang (TCG)	Glory of the Rocket Gang (/098)	Zamazenta	Metal
SV10-108	Glory of the Rocket Gang (TCG)	Glory of the Rocket Gang (/098)	Team Rocket's Raticate	Colorless
SV10-109	Glory of the Rocket Gang (TCG)	Glory of the Rocket Gang (/098)	Team Rocket's Meowth	Colorless
SV10-110	Glory of the Rocket Gang (TCG)	Glory of the Rocket Gang (/098)	Kangaskhan	Colorless
SV10-111	Glory of the Rocket Gang (TCG)	Glory of the Rocket Gang (/098)	Arboliva ex	Grass
SV10-112	Glory of the Rocket Gang (TCG)	Glory of the Rocket Gang (/098)	Team Rocket's Moltres ex	Fire
SV10-113	Glory of the Rocket Gang (TCG)	Glory of the Rocket Gang (/098)	Cetitan ex	Water
SV10-114	Glory of the Rocket Gang (TCG)	Glory of the Rocket Gang (/098)	Team Rocket's Mewtwo ex	Psychic
SV10-115	Glory of the Rocket Gang (TCG)	Glory of the Rocket Gang (/098)	Regirock ex	Fighting
SV10-116	Glory of the Rocket Gang (TCG)	Glory of the Rocket Gang (/098)	Team Rocket's Nidoking ex	Darkness
SV10-117	Glory of the Rocket Gang (TCG)	Glory of the Rocket Gang (/098)	Team Rocket's Crobat ex	Darkness
SV10-118	Glory of the Rocket Gang (TCG)	Glory of the Rocket Gang (/098)	Team Rocket's Persian ex	Colorless
SV10-119	Glory of the Rocket Gang (TCG)	Glory of the Rocket Gang (/098)	Team Rocket's Ariana	Supporter
SV10-120	Glory of the Rocket Gang (TCG)	Glory of the Rocket Gang (/098)	Team Rocket's Archer	Supporter
SV10-121	Glory of the Rocket Gang (TCG)	Glory of the Rocket Gang (/098)	Team Rocket's Giovanni	Supporter
SV10-122	Glory of the Rocket Gang (TCG)	Glory of the Rocket Gang (/098)	Team Rocket's Petrel	Supporter
SV10-123	Glory of the Rocket Gang (TCG)	Glory of the Rocket Gang (/098)	Team Rocket's Proton	Supporter
SV10-124	Glory of the Rocket Gang (TCG)	Glory of the Rocket Gang (/098)	Team Rocket's Moltres ex	Fire
SV10-125	Glory of the Rocket Gang (TCG)	Glory of the Rocket Gang (/098)	Team Rocket's Mewtwo ex	Psychic
SV10-126	Glory of the Rocket Gang (TCG)	Glory of the Rocket Gang (/098)	Team Rocket's Nidoking ex	Darkness
SV10-127	Glory of the Rocket Gang (TCG)	Glory of the Rocket Gang (/098)	Team Rocket's Crobat ex	Darkness
SV10-128	Glory of the Rocket Gang (TCG)	Glory of the Rocket Gang (/098)	Team Rocket's Ariana	Supporter
SV10-129	Glory of the Rocket Gang (TCG)	Glory of the Rocket Gang (/098)	Team Rocket's Giovanni	Supporter
SV10-130	Glory of the Rocket Gang (TCG)	Glory of the Rocket Gang (/098)	Team Rocket's Mewtwo ex	Psychic
SV10-131	Glory of the Rocket Gang (TCG)	Glory of the Rocket Gang (/098)	Team Rocket's Crobat ex	Darkness
SV10-132	Glory of the Rocket Gang (TCG)	Glory of the Rocket Gang (/098)	Jamming Tower	Stadium
SV11B-165	Black Bolt/White Flare (TCG)	Black Bolt (/086)	N's Plan	Supporter
SV11B-166	Black Bolt/White Flare (TCG)	Black Bolt (/086)	Fennel	Supporter
SV11B-173	Black Bolt/White Flare (TCG)	Black Bolt (/086)	N's Plan	Supporter
SV11W-165	Black Bolt/White Flare (TCG)	White Flare (/086)	Harlequin	Supporter
SV11W-166	Black Bolt/White Flare (TCG)	White Flare (/086)	Hilda	Supporter
SV11W-173	Black Bolt/White Flare (TCG)	White Flare (/086)	Hilda	Supporter
SV1S-091	Scarlet & Violet (TCG)	Scarlet ex (/078)	Gyarados ex	Water
SV1S-092	Scarlet & Violet (TCG)	Scarlet ex (/078)	Gardevoir ex	Psychic
SV1S-093	Scarlet & Violet (TCG)	Scarlet ex (/078)	Great Tusk ex	Fighting
SV1S-094	Scarlet & Violet (TCG)	Scarlet ex (/078)	Koraidon ex	Fighting
SV1S-095	Scarlet & Violet (TCG)	Scarlet ex (/078)	Toxicroak ex	Darkness
SV1S-096	Scarlet & Violet (TCG)	Scarlet ex (/078)	Oinkologne ex	Colorless
SV1S-097	Scarlet & Violet (TCG)	Scarlet ex (/078)	Jacq	Supporter
SV1S-098	Scarlet & Violet (TCG)	Scarlet ex (/078)	Team Star Grunt	Supporter
SV1S-099	Scarlet & Violet (TCG)	Scarlet ex (/078)	Professor's Research	Supporter
SV1S-100	Scarlet & Violet (TCG)	Scarlet ex (/078)	Penny	Supporter
SV1S-101	Scarlet & Violet (TCG)	Scarlet ex (/078)	Gardevoir ex	Psychic
SV1S-102	Scarlet & Violet (TCG)	Scarlet ex (/078)	Great Tusk ex	Fighting
SV1S-103	Scarlet & Violet (TCG)	Scarlet ex (/078)	Koraidon ex	Fighting
SV1S-104	Scarlet & Violet (TCG)	Scarlet ex (/078)	Jacq	Supporter
SV1S-105	Scarlet & Violet (TCG)	Scarlet ex (/078)	Penny	Supporter
SV1S-106	Scarlet & Violet (TCG)	Scarlet ex (/078)	Koraidon ex	Fighting
SV1S-107	Scarlet & Violet (TCG)	Scarlet ex (/078)	Nest Ball	Item
SV1S-108	Scarlet & Violet (TCG)	Scarlet ex (/078)	Basic Fighting Energy	Energy
SV1V-091	Scarlet & Violet (TCG)	Violet ex (/078)	Spidops ex	Grass
SV1V-092	Scarlet & Violet (TCG)	Violet ex (/078)	Arcanine ex	Fire
SV1V-093	Scarlet & Violet (TCG)	Violet ex (/078)	Magnezone ex	Lightning
SV1V-094	Scarlet & Violet (TCG)	Violet ex (/078)	Miraidon ex	Lightning
SV1V-095	Scarlet & Violet (TCG)	Violet ex (/078)	Banette ex	Psychic
SV1V-096	Scarlet & Violet (TCG)	Violet ex (/078)	Iron Treads ex	Metal
SV1V-097	Scarlet & Violet (TCG)	Violet ex (/078)	Katy	Supporter
SV1V-098	Scarlet & Violet (TCG)	Violet ex (/078)	Professor's Research	Supporter
SV1V-099	Scarlet & Violet (TCG)	Violet ex (/078)	Arven	Supporter
SV1V-100	Scarlet & Violet (TCG)	Violet ex (/078)	Miriam	Supporter
SV1V-101	Scarlet & Violet (TCG)	Violet ex (/078)	Spidops ex	Grass
SV1V-102	Scarlet & Violet (TCG)	Violet ex (/078)	Miraidon ex	Lightning
SV1V-103	Scarlet & Violet (TCG)	Violet ex (/078)	Iron Treads ex	Metal
SV1V-104	Scarlet & Violet (TCG)	Violet ex (/078)	Arven	Supporter
SV1V-105	Scarlet & Violet (TCG)	Violet ex (/078)	Miriam	Supporter
SV1V-106	Scarlet & Violet (TCG)	Violet ex (/078)	Miraidon ex	Lightning
SV1V-107	Scarlet & Violet (TCG)	Violet ex (/078)	Rare Candy	Item
SV1V-108	Scarlet & Violet (TCG)	Violet ex (/078)	Basic Lightning Energy	Energy
SV1a-086	Triplet Beat (TCG)	Triplet Beat (/073)	Meowscarada ex	Grass
SV1a-087	Triplet Beat (TCG)	Triplet Beat (/073)	Skeledirge ex	Fire
SV1a-088	Triplet Beat (TCG)	Triplet Beat (/073)	Quaquaval ex	Water
SV1a-089	Triplet Beat (TCG)	Triplet Beat (/073)	Dedenne ex	Psychic
SV1a-090	Triplet Beat (TCG)	Triplet Beat (/073)	Lycanroc ex	Fighting
SV1a-091	Triplet Beat (TCG)	Triplet Beat (/073)	Paldean Clodsire ex	Darkness
SV1a-092	Triplet Beat (TCG)	Triplet Beat (/073)	Dendra	Supporter
SV1a-093	Triplet Beat (TCG)	Triplet Beat (/073)	Clavell	Supporter
SV1a-094	Triplet Beat (TCG)	Triplet Beat (/073)	Falkner	Supporter
SV1a-095	Triplet Beat (TCG)	Triplet Beat (/073)	Boss's Orders	Supporter
SV1a-096	Triplet Beat (TCG)	Triplet Beat (/073)	Meowscarada ex	Grass
SV1a-097	Triplet Beat (TCG)	Triplet Beat (/073)	Skeledirge ex	Fire
SV1a-098	Triplet Beat (TCG)	Triplet Beat (/073)	Quaquaval ex	Water
SV1a-099	Triplet Beat (TCG)	Triplet Beat (/073)	Dendra	Supporter
SV1a-100	Triplet Beat (TCG)	Triplet Beat (/073)	Boss's Orders	Supporter
SV1a-101	Triplet Beat (TCG)	Triplet Beat (/073)	Meowscarada ex	Grass
SV1a-102	Triplet Beat (TCG)	Triplet Beat (/073)	Skeledirge ex	Fire
SV1a-103	Triplet Beat (TCG)	Triplet Beat (/073)	Quaquaval ex	Water
SV2D-084	Paldea Evolved (TCG)	Clay Burst (/071)	Forretress ex	Grass
SV2D-085	Paldea Evolved (TCG)	Clay Burst (/071)	Chi-Yu ex	Fire
SV2D-086	Paldea Evolved (TCG)	Clay Burst (/071)	Bellibolt ex	Lightning
SV2D-087	Paldea Evolved (TCG)	Clay Burst (/071)	Tinkaton ex	Psychic
SV2D-088	Paldea Evolved (TCG)	Clay Burst (/071)	Ting-Lu ex	Fighting
SV2D-089	Paldea Evolved (TCG)	Clay Burst (/071)	Noivern ex	Dragon
SV2D-090	Paldea Evolved (TCG)	Clay Burst (/071)	Saguaro	Supporter
SV2D-091	Paldea Evolved (TCG)	Clay Burst (/071)	Iono	Supporter
SV2D-092	Paldea Evolved (TCG)	Clay Burst (/071)	Chi-Yu ex	Fire
SV2D-093	Paldea Evolved (TCG)	Clay Burst (/071)	Tinkaton ex	Psychic
SV2D-094	Paldea Evolved (TCG)	Clay Burst (/071)	Ting-Lu ex	Fighting
SV2D-095	Paldea Evolved (TCG)	Clay Burst (/071)	Saguaro	Supporter
SV2D-096	Paldea Evolved (TCG)	Clay Burst (/071)	Iono	Supporter
SV2D-097	Paldea Evolved (TCG)	Clay Burst (/071)	Ting-Lu ex	Fighting
SV2D-098	Paldea Evolved (TCG)	Clay Burst (/071)	Superior Energy Retrieval	Item
SV2D-099	Paldea Evolved (TCG)	Clay Burst (/071)	Basic Grass Energy	Energy
SV2P-084	Paldea Evolved (TCG)	Snow Hazard (/071)	Wo-Chien ex	Grass
SV2P-085	Paldea Evolved (TCG)	Snow Hazard (/071)	Chien-Pao ex	Water
SV2P-086	Paldea Evolved (TCG)	Snow Hazard (/071)	Slowking ex	Psychic
SV2P-087	Paldea Evolved (TCG)	Snow Hazard (/071)	Annihilape ex	Fighting
SV2P-088	Paldea Evolved (TCG)	Snow Hazard (/071)	Copperajah ex	Metal
SV2P-089	Paldea Evolved (TCG)	Snow Hazard (/071)	Squawkabilly ex	Colorless
SV2P-090	Paldea Evolved (TCG)	Snow Hazard (/071)	Grusha	Supporter
SV2P-091	Paldea Evolved (TCG)	Snow Hazard (/071)	Giacomo	Supporter
SV2P-092	Paldea Evolved (TCG)	Snow Hazard (/071)	Wo-Chien ex	Grass
SV2P-093	Paldea Evolved (TCG)	Snow Hazard (/071)	Chien-Pao ex	Water
SV2P-094	Paldea Evolved (TCG)	Snow Hazard (/071)	Squawkabilly ex	Colorless
SV2P-095	Paldea Evolved (TCG)	Snow Hazard (/071)	Grusha	Supporter
SV2P-096	Paldea Evolved (TCG)	Snow Hazard (/071)	Giacomo	Supporter
SV2P-097	Paldea Evolved (TCG)	Snow Hazard (/071)	Chien-Pao ex	Water
SV2P-098	Paldea Evolved (TCG)	Snow Hazard (/071)	Super Rod	Item
SV2P-099	Paldea Evolved (TCG)	Snow Hazard (/071)	Basic Water Energy	Energy
SV3-121	Obsidian Flames (TCG)	Ruler of the Black Flame (/108)	Eiscue ex	Fire
SV3-122	Obsidian Flames (TCG)	Ruler of the Black Flame (/108)	Tyranitar ex	Lightning
SV3-123	Obsidian Flames (TCG)	Ruler of the Black Flame (/108)	Vespiquen ex	Psychic
SV3-124	Obsidian Flames (TCG)	Ruler of the Black Flame (/108)	Glimmora ex	Fighting
SV3-125	Obsidian Flames (TCG)	Ruler of the Black Flame (/108)	Charizard ex	Darkness
SV3-126	Obsidian Flames (TCG)	Ruler of the Black Flame (/108)	Absol ex	Darkness
SV3-127	Obsidian Flames (TCG)	Ruler of the Black Flame (/108)	Revavroom ex	Metal
SV3-128	Obsidian Flames (TCG)	Ruler of the Black Flame (/108)	Pidgeot ex	Colorless
SV3-129	Obsidian Flames (TCG)	Ruler of the Black Flame (/108)	Geeta	Supporter
SV3-130	Obsidian Flames (TCG)	Ruler of the Black Flame (/108)	Ortega	Supporter
SV3-131	Obsidian Flames (TCG)	Ruler of the Black Flame (/108)	Poppy	Supporter
SV3-132	Obsidian Flames (TCG)	Ruler of the Black Flame (/108)	Ryme	Supporter
SV3-133	Obsidian Flames (TCG)	Ruler of the Black Flame (/108)	Eiscue ex	Fire
SV3-134	Obsidian Flames (TCG)	Ruler of the Black Flame (/108)	Charizard ex	Darkness
SV3-135	Obsidian Flames (TCG)	Ruler of the Black Flame (/108)	Revavroom ex	Metal
SV3-136	Obsidian Flames (TCG)	Ruler of the Black Flame (/108)	Pidgeot ex	Colorless
SV3-137	Obsidian Flames (TCG)	Ruler of the Black Flame (/108)	Geeta	Supporter
SV3-138	Obsidian Flames (TCG)	Ruler of the Black Flame (/108)	Poppy	Supporter
SV3-139	Obsidian Flames (TCG)	Ruler of the Black Flame (/108)	Charizard ex	Darkness
SV3-140	Obsidian Flames (TCG)	Ruler of the Black Flame (/108)	Artazon	Stadium
SV3-141	Obsidian Flames (TCG)	Ruler of the Black Flame (/108)	Basic Fire Energy	Energy
SV3a-075	Raging Surf (TCG)	Raging Surf (/062)	Froslass ex	Grass
SV3a-076	Raging Surf (TCG)	Raging Surf (/062)	Garchomp ex	Water
SV3a-077	Raging Surf (TCG)	Raging Surf (/062)	Tapu Koko ex	Lightning
SV3a-078	Raging Surf (TCG)	Raging Surf (/062)	Hoopa ex	Fighting
SV3a-079	Raging Surf (TCG)	Raging Surf (/062)	Gholdengo ex	Metal
SV3a-080	Raging Surf (TCG)	Raging Surf (/062)	Bombirdier ex	Colorless
SV3a-081	Raging Surf (TCG)	Raging Surf (/062)	Larry	Supporter
SV3a-082	Raging Surf (TCG)	Raging Surf (/062)	Shauntal	Supporter
SV3a-083	Raging Surf (TCG)	Raging Surf (/062)	Rika	Supporter
SV3a-084	Raging Surf (TCG)	Raging Surf (/062)	Parasol Lady	Supporter
SV3a-085	Raging Surf (TCG)	Raging Surf (/062)	Garchomp ex	Water
SV3a-086	Raging Surf (TCG)	Raging Surf (/062)	Tapu Koko ex	Lightning
SV3a-087	Raging Surf (TCG)	Raging Surf (/062)	Gholdengo ex	Metal
SV3a-088	Raging Surf (TCG)	Raging Surf (/062)	Rika	Supporter
SV3a-089	Raging Surf (TCG)	Raging Surf (/062)	Parasol Lady	Supporter
SV3a-090	Raging Surf (TCG)	Raging Surf (/062)	Garchomp ex	Water
SV3a-091	Raging Surf (TCG)	Raging Surf (/062)	Beach Court	Stadium
SV3a-092	Raging Surf (TCG)	Raging Surf (/062)	Reversal Energy	Energy
SV4K-079	Paradox Rift (TCG)	Ancient Roar (/066)	Armarouge ex	Fire
SV4K-080	Paradox Rift (TCG)	Ancient Roar (/066)	Tsareena ex	Water
SV4K-081	Paradox Rift (TCG)	Ancient Roar (/066)	Golisopod ex	Water
SV4K-082	Paradox Rift (TCG)	Ancient Roar (/066)	Cofagrigus ex	Psychic
SV4K-083	Paradox Rift (TCG)	Ancient Roar (/066)	Sandy Shocks ex	Fighting
SV4K-084	Paradox Rift (TCG)	Ancient Roar (/066)	Roaring Moon ex	Darkness
SV4K-085	Paradox Rift (TCG)	Ancient Roar (/066)	Professor Sada's Vitality	Supporter
SV4K-086	Paradox Rift (TCG)	Ancient Roar (/066)	Norman	Supporter
SV4K-087	Paradox Rift (TCG)	Ancient Roar (/066)	Mela	Supporter
SV4K-088	Paradox Rift (TCG)	Ancient Roar (/066)	Golisopod ex	Water
SV4K-089	Paradox Rift (TCG)	Ancient Roar (/066)	Sandy Shocks ex	Fighting
SV4K-090	Paradox Rift (TCG)	Ancient Roar (/066)	Roaring Moon ex	Darkness
SV4K-091	Paradox Rift (TCG)	Ancient Roar (/066)	Professor Sada's Vitality	Supporter
SV4K-092	Paradox Rift (TCG)	Ancient Roar (/066)	Mela	Supporter
SV4K-093	Paradox Rift (TCG)	Ancient Roar (/066)	Roaring Moon ex	Darkness
SV4K-094	Paradox Rift (TCG)	Ancient Roar (/066)	Luxurious Cape	Pokémon Tool
SV4K-095	Paradox Rift (TCG)	Ancient Roar (/066)	Basic Darkness Energy	Energy
SV4M-079	Paradox Rift (TCG)	Future Flash (/066)	Iron Hands ex	Lightning
SV4M-080	Paradox Rift (TCG)	Future Flash (/066)	Iron Valiant ex	Psychic
SV4M-081	Paradox Rift (TCG)	Future Flash (/066)	Toxtricity ex	Fighting
SV4M-082	Paradox Rift (TCG)	Future Flash (/066)	Aegislash ex	Metal
SV4M-083	Paradox Rift (TCG)	Future Flash (/066)	Altaria ex	Dragon
SV4M-084	Paradox Rift (TCG)	Future Flash (/066)	Maushold ex	Colorless
SV4M-085	Paradox Rift (TCG)	Future Flash (/066)	Roark	Supporter
SV4M-086	Paradox Rift (TCG)	Future Flash (/066)	Professor Turo's Scenario	Supporter
SV4M-087	Paradox Rift (TCG)	Future Flash (/066)	Tulip	Supporter
SV4M-088	Paradox Rift (TCG)	Future Flash (/066)	Iron Hands ex	Lightning
SV4M-089	Paradox Rift (TCG)	Future Flash (/066)	Iron Valiant ex	Psychic
SV4M-090	Paradox Rift (TCG)	Future Flash (/066)	Altaria ex	Dragon
SV4M-091	Paradox Rift (TCG)	Future Flash (/066)	Professor Turo's Scenario	Supporter
SV4M-092	Paradox Rift (TCG)	Future Flash (/066)	Tulip	Supporter
SV4M-093	Paradox Rift (TCG)	Future Flash (/066)	Iron Valiant ex	Psychic
SV4M-094	Paradox Rift (TCG)	Future Flash (/066)	Counter Catcher	Item
SV4M-095	Paradox Rift (TCG)	Future Flash (/066)	Basic Metal Energy	Energy
SV4a-345	Paldean Fates (TCG)	Shiny Treasure ex (/190)	Paldean Student	Supporter
SV4a-346	Paldean Fates (TCG)	Shiny Treasure ex (/190)	Paldean Student	Supporter
SV4a-355	Paldean Fates (TCG)	Shiny Treasure ex (/190)	Wo-Chien ex	Grass
SV4a-356	Paldean Fates (TCG)	Shiny Treasure ex (/190)	Chi-Yu ex	Fire
SV4a-357	Paldean Fates (TCG)	Shiny Treasure ex (/190)	Chien-Pao ex	Water
SV4a-358	Paldean Fates (TCG)	Shiny Treasure ex (/190)	Miraidon ex	Lightning
SV4a-359	Paldean Fates (TCG)	Shiny Treasure ex (/190)	Ting-Lu ex	Fighting
SV4a-360	Paldean Fates (TCG)	Shiny Treasure ex (/190)	Koraidon ex	Fighting
SV5K-062	Temporal Forces (TCG)	Wild Force (/071)	Awakening Drum	Item
SV5K-066	Temporal Forces (TCG)	Wild Force (/071)	Maximum Belt	Pokémon Tool
SV5K-071	Temporal Forces (TCG)	Wild Force (/071)	Neo Upper Energy	Energy
SV5K-072	Temporal Forces (TCG)	Wild Force (/071)	Grotle	Grass
SV5K-073	Temporal Forces (TCG)	Wild Force (/071)	Snom	Water
SV5K-084	Temporal Forces (TCG)	Wild Force (/071)	Torterra ex	Grass
SV5K-085	Temporal Forces (TCG)	Wild Force (/071)	Gouging Fire ex	Fire
SV5K-086	Temporal Forces (TCG)	Wild Force (/071)	Walking Wake ex	Water
SV5K-087	Temporal Forces (TCG)	Wild Force (/071)	Wugtrio ex	Lightning
SV5K-088	Temporal Forces (TCG)	Wild Force (/071)	Gengar ex	Darkness
SV5K-089	Temporal Forces (TCG)	Wild Force (/071)	Raging Bolt ex	Dragon
SV5K-090	Temporal Forces (TCG)	Wild Force (/071)	Explorer's Guidance	Supporter
SV5K-091	Temporal Forces (TCG)	Wild Force (/071)	Eri	Supporter
SV5K-092	Temporal Forces (TCG)	Wild Force (/071)	Morty's Conviction	Supporter
SV5K-093	Temporal Forces (TCG)	Wild Force (/071)	Gouging Fire ex	Fire
SV5K-094	Temporal Forces (TCG)	Wild Force (/071)	Walking Wake ex	Water
SV5K-095	Temporal Forces (TCG)	Wild Force (/071)	Raging Bolt ex	Dragon
SV5K-096	Temporal Forces (TCG)	Wild Force (/071)	Eri	Supporter
SV5K-097	Temporal Forces (TCG)	Wild Force (/071)	Morty's Conviction	Supporter
SV5K-098	Temporal Forces (TCG)	Wild Force (/071)	Gouging Fire ex	Fire
SV5K-099	Temporal Forces (TCG)	Wild Force (/071)	Walking Wake ex	Water
SV5K-100	Temporal Forces (TCG)	Wild Force (/071)	Raging Bolt ex	Dragon
SV5M-062	Temporal Forces (TCG)	Cyber Judge (/071)	Prime Catcher	Item
SV5M-063	Temporal Forces (TCG)	Cyber Judge (/071)	Reboot Pod	Item
SV5M-064	Temporal Forces (TCG)	Cyber Judge (/071)	Hero's Cape	Pokémon Tool
SV5M-072	Temporal Forces (TCG)	Cyber Judge (/071)	Shiftry	Grass
SV5M-073	Temporal Forces (TCG)	Cyber Judge (/071)	Deerling	Grass
SV5M-074	Temporal Forces (TCG)	Cyber Judge (/071)	Sawsbuck	Grass
SV5M-075	Temporal Forces (TCG)	Cyber Judge (/071)	Litten	Fire
SV5M-076	Temporal Forces (TCG)	Cyber Judge (/071)	Charjabug	Lightning
SV5M-077	Temporal Forces (TCG)	Cyber Judge (/071)	Iron Thorns	Lightning
SV5M-078	Temporal Forces (TCG)	Cyber Judge (/071)	Cutiefly	Psychic
SV5M-079	Temporal Forces (TCG)	Cyber Judge (/071)	Excadrill	Fighting
SV5M-080	Temporal Forces (TCG)	Cyber Judge (/071)	Metagross	Metal
SV5M-081	Temporal Forces (TCG)	Cyber Judge (/071)	Meltan	Metal
SV5M-082	Temporal Forces (TCG)	Cyber Judge (/071)	Lickitung	Colorless
SV5M-083	Temporal Forces (TCG)	Cyber Judge (/071)	Drampa	Colorless
SV5M-084	Temporal Forces (TCG)	Cyber Judge (/071)	Iron Leaves ex	Grass
SV5M-085	Temporal Forces (TCG)	Cyber Judge (/071)	Incineroar ex	Fire
SV5M-086	Temporal Forces (TCG)	Cyber Judge (/071)	Iron Crown ex	Psychic
SV5M-087	Temporal Forces (TCG)	Cyber Judge (/071)	Iron Boulder ex	Fighting
SV5M-088	Temporal Forces (TCG)	Cyber Judge (/071)	Farigiraf ex	Darkness
SV5M-089	Temporal Forces (TCG)	Cyber Judge (/071)	Scizor ex	Metal
SV5M-090	Temporal Forces (TCG)	Cyber Judge (/071)	Ciphermaniac's Codebreaking	Supporter
SV5M-091	Temporal Forces (TCG)	Cyber Judge (/071)	Salvatore	Supporter
SV5M-092	Temporal Forces (TCG)	Cyber Judge (/071)	Bianca's Devotion	Supporter
SV5M-093	Temporal Forces (TCG)	Cyber Judge (/071)	Iron Leaves ex	Grass
SV5M-094	Temporal Forces (TCG)	Cyber Judge (/071)	Iron Crown ex	Psychic
SV5M-095	Temporal Forces (TCG)	Cyber Judge (/071)	Iron Boulder ex	Fighting
SV5M-096	Temporal Forces (TCG)	Cyber Judge (/071)	Salvatore	Supporter
SV5M-097	Temporal Forces (TCG)	Cyber Judge (/071)	Bianca's Devotion	Supporter
SV5M-098	Temporal Forces (TCG)	Cyber Judge (/071)	Iron Leaves ex	Grass
SV5M-099	Temporal Forces (TCG)	Cyber Judge (/071)	Iron Crown ex	Psychic
SV5M-100	Temporal Forces (TCG)	Cyber Judge (/071)	Iron Boulder ex	Fighting
SV5a-053	Crimson Haze (TCG)	Crimson Haze (/066)	Unfair Stamp	Item
SV5a-055	Crimson Haze (TCG)	Crimson Haze (/066)	Hyper Aroma	Item
SV5a-059	Crimson Haze (TCG)	Crimson Haze (/066)	Survival Brace	Pokémon Tool
SV5a-079	Crimson Haze (TCG)	Crimson Haze (/066)	Sinistcha ex	Grass
SV5a-080	Crimson Haze (TCG)	Crimson Haze (/066)	Magcargo ex	Fire
SV5a-081	Crimson Haze (TCG)	Crimson Haze (/066)	Iron Thorns ex	Lightning
SV5a-082	Crimson Haze (TCG)	Crimson Haze (/066)	Scream Tail ex	Psychic
SV5a-083	Crimson Haze (TCG)	Crimson Haze (/066)	Greninja ex	Fighting
SV5a-084	Crimson Haze (TCG)	Crimson Haze (/066)	Bloodmoon Ursaluna ex	Colorless
SV5a-085	Crimson Haze (TCG)	Crimson Haze (/066)	Caretaker	Supporter
SV5a-086	Crimson Haze (TCG)	Crimson Haze (/066)	Lucian	Supporter
SV5a-087	Crimson Haze (TCG)	Crimson Haze (/066)	Perrin	Supporter
SV5a-088	Crimson Haze (TCG)	Crimson Haze (/066)	Lana's Aid	Supporter
SV5a-089	Crimson Haze (TCG)	Crimson Haze (/066)	Sinistcha ex	Grass
SV5a-090	Crimson Haze (TCG)	Crimson Haze (/066)	Greninja ex	Fighting
SV5a-091	Crimson Haze (TCG)	Crimson Haze (/066)	Bloodmoon Ursaluna ex	Colorless
SV5a-092	Crimson Haze (TCG)	Crimson Haze (/066)	Perrin	Supporter
SV5a-093	Crimson Haze (TCG)	Crimson Haze (/066)	Lana's Aid	Supporter
SV5a-094	Crimson Haze (TCG)	Crimson Haze (/066)	Bloodmoon Ursaluna ex	Colorless
SV5a-095	Crimson Haze (TCG)	Crimson Haze (/066)	Rescue Board	Pokémon Tool
SV5a-096	Crimson Haze (TCG)	Crimson Haze (/066)	Luminous Energy	Energy
SV6-092	Twilight Masquerade (TCG)	Transformation Mask (/101)	Secret Box	Item
SV6-093	Twilight Masquerade (TCG)	Transformation Mask (/101)	Scoop Up Cyclone	Item
SV6-101	Twilight Masquerade (TCG)	Transformation Mask (/101)	Legacy Energy	Energy
SV6-102	Twilight Masquerade (TCG)	Transformation Mask (/101)	Sunflora	Grass
SV6-103	Twilight Masquerade (TCG)	Transformation Mask (/101)	Dipplin	Grass
SV6-104	Twilight Masquerade (TCG)	Transformation Mask (/101)	Froslass	Water
SV6-105	Twilight Masquerade (TCG)	Transformation Mask (/101)	Wattrel	Lightning
SV6-106	Twilight Masquerade (TCG)	Transformation Mask (/101)	Chimecho	Psychic
SV6-107	Twilight Masquerade (TCG)	Transformation Mask (/101)	Munkidori	Psychic
SV6-108	Twilight Masquerade (TCG)	Transformation Mask (/101)	Fezandipiti	Psychic
SV6-109	Twilight Masquerade (TCG)	Transformation Mask (/101)	Timburr	Fighting
SV6-110	Twilight Masquerade (TCG)	Transformation Mask (/101)	Okidogi	Fighting
SV6-111	Twilight Masquerade (TCG)	Transformation Mask (/101)	Lairon	Metal
SV6-112	Twilight Masquerade (TCG)	Transformation Mask (/101)	Tatsugiri	Dragon
SV6-113	Twilight Masquerade (TCG)	Transformation Mask (/101)	Chansey	Colorless
SV6-114	Twilight Masquerade (TCG)	Transformation Mask (/101)	Teal Mask Ogerpon ex	Grass
SV6-115	Twilight Masquerade (TCG)	Transformation Mask (/101)	Hearthflame Mask Ogerpon ex	Fire
SV6-116	Twilight Masquerade (TCG)	Transformation Mask (/101)	Palafin ex	Water
SV6-117	Twilight Masquerade (TCG)	Transformation Mask (/101)	Wellspring Mask Ogerpon ex	Water
SV6-118	Twilight Masquerade (TCG)	Transformation Mask (/101)	Luxray ex	Lightning
SV6-119	Twilight Masquerade (TCG)	Transformation Mask (/101)	Cornerstone Mask Ogerpon ex	Fighting
SV6-120	Twilight Masquerade (TCG)	Transformation Mask (/101)	Dragapult ex	Dragon
SV6-121	Twilight Masquerade (TCG)	Transformation Mask (/101)	Blissey ex	Colorless
SV6-122	Twilight Masquerade (TCG)	Transformation Mask (/101)	Kieran	Supporter
SV6-123	Twilight Masquerade (TCG)	Transformation Mask (/101)	Carmine	Supporter
SV6-124	Twilight Masquerade (TCG)	Transformation Mask (/101)	Hassel	Supporter
SV6-125	Twilight Masquerade (TCG)	Transformation Mask (/101)	Teal Mask Ogerpon ex	Grass
SV6-126	Twilight Masquerade (TCG)	Transformation Mask (/101)	Hearthflame Mask Ogerpon ex	Fire
SV6-127	Twilight Masquerade (TCG)	Transformation Mask (/101)	Wellspring Mask Ogerpon ex	Water
SV6-128	Twilight Masquerade (TCG)	Transformation Mask (/101)	Cornerstone Mask Ogerpon ex	Fighting
SV6-129	Twilight Masquerade (TCG)	Transformation Mask (/101)	Kieran	Supporter
SV6-130	Twilight Masquerade (TCG)	Transformation Mask (/101)	Carmine	Supporter
SV6-131	Twilight Masquerade (TCG)	Transformation Mask (/101)	Teal Mask Ogerpon ex	Grass
SV6-132	Twilight Masquerade (TCG)	Transformation Mask (/101)	Enhanced Hammer	Item
SV6-133	Twilight Masquerade (TCG)	Transformation Mask (/101)	Buddy-Buddy Poffin	Item
SV6a-054	Shrouded Fable (TCG)	Night Wanderer (/064)	Dangerous Laser	Item
SV6a-055	Shrouded Fable (TCG)	Night Wanderer (/064)	Poké Vital A	Item
SV6a-063	Shrouded Fable (TCG)	Night Wanderer (/064)	Neutralization Zone	Stadium
SV6a-065	Shrouded Fable (TCG)	Night Wanderer (/064)	Tapu Bulu	Grass
SV6a-066	Shrouded Fable (TCG)	Night Wanderer (/064)	Houndoom	Fire
SV6a-067	Shrouded Fable (TCG)	Night Wanderer (/064)	Horsea	Water
SV6a-068	Shrouded Fable (TCG)	Night Wanderer (/064)	Duskull	Psychic
SV6a-069	Shrouded Fable (TCG)	Night Wanderer (/064)	Dusclops	Psychic
SV6a-070	Shrouded Fable (TCG)	Night Wanderer (/064)	Dusknoir	Psychic
SV6a-071	Shrouded Fable (TCG)	Night Wanderer (/064)	Cresselia	Psychic
SV6a-072	Shrouded Fable (TCG)	Night Wanderer (/064)	Zorua	Darkness
SV6a-073	Shrouded Fable (TCG)	Night Wanderer (/064)	Cufant	Metal
SV6a-074	Shrouded Fable (TCG)	Night Wanderer (/064)	Fraxure	Dragon
SV6a-075	Shrouded Fable (TCG)	Night Wanderer (/064)	Persian	Colorless
SV6a-076	Shrouded Fable (TCG)	Night Wanderer (/064)	Bewear	Colorless
SV6a-077	Shrouded Fable (TCG)	Night Wanderer (/064)	Kingdra ex	Water
SV6a-078	Shrouded Fable (TCG)	Night Wanderer (/064)	Revavroom ex	Lightning
SV6a-079	Shrouded Fable (TCG)	Night Wanderer (/064)	Okidogi ex	Darkness
SV6a-080	Shrouded Fable (TCG)	Night Wanderer (/064)	Munkidori ex	Darkness
SV6a-081	Shrouded Fable (TCG)	Night Wanderer (/064)	Fezandipiti ex	Darkness
SV6a-082	Shrouded Fable (TCG)	Night Wanderer (/064)	Pecharunt ex	Darkness
SV6a-083	Shrouded Fable (TCG)	Night Wanderer (/064)	Colress's Tenacity	Supporter
SV6a-084	Shrouded Fable (TCG)	Night Wanderer (/064)	Janine's Secret Art	Supporter
SV6a-085	Shrouded Fable (TCG)	Night Wanderer (/064)	Cassiopeia	Supporter
SV6a-086	Shrouded Fable (TCG)	Night Wanderer (/064)	Xerosic's Machinations	Supporter
SV6a-087	Shrouded Fable (TCG)	Night Wanderer (/064)	Okidogi ex	Darkness
SV6a-088	Shrouded Fable (TCG)	Night Wanderer (/064)	Munkidori ex	Darkness
SV6a-089	Shrouded Fable (TCG)	Night Wanderer (/064)	Fezandipiti ex	Darkness
SV6a-090	Shrouded Fable (TCG)	Night Wanderer (/064)	Pecharunt ex	Darkness
SV6a-091	Shrouded Fable (TCG)	Night Wanderer (/064)	Cassiopeia	Supporter
SV6a-092	Shrouded Fable (TCG)	Night Wanderer (/064)	Pecharunt ex	Darkness
SV6a-093	Shrouded Fable (TCG)	Night Wanderer (/064)	Earthen Vessel	Item
SV6a-094	Shrouded Fable (TCG)	Night Wanderer (/064)	Powerglass	Pokémon Tool
SV7-094	Stellar Crown (TCG)	Stellar Miracle (/102)	Sparkling Crystal	Pokémon Tool
SV7-096	Stellar Crown (TCG)	Stellar Miracle (/102)	Deluxe Bomb	Pokémon Tool
SV7-101	Stellar Crown (TCG)	Stellar Miracle (/102)	Grand Tree	Stadium
SV7-115	Stellar Crown (TCG)	Stellar Miracle (/102)	Hydrapple ex	Grass
SV7-116	Stellar Crown (TCG)	Stellar Miracle (/102)	Cinderace ex	Fire
SV7-117	Stellar Crown (TCG)	Stellar Miracle (/102)	Lapras ex	Water
SV7-118	Stellar Crown (TCG)	Stellar Miracle (/102)	Galvantula ex	Lightning
SV7-119	Stellar Crown (TCG)	Stellar Miracle (/102)	Dachsbun ex	Psychic
SV7-120	Stellar Crown (TCG)	Stellar Miracle (/102)	Medicham ex	Fighting
SV7-121	Stellar Crown (TCG)	Stellar Miracle (/102)	Orthworm ex	Metal
SV7-122	Stellar Crown (TCG)	Stellar Miracle (/102)	Terapagos ex	Colorless
SV7-123	Stellar Crown (TCG)	Stellar Miracle (/102)	Crispin	Supporter
SV7-124	Stellar Crown (TCG)	Stellar Miracle (/102)	Lacey	Supporter
SV7-125	Stellar Crown (TCG)	Stellar Miracle (/102)	Kofu	Supporter
SV7-126	Stellar Crown (TCG)	Stellar Miracle (/102)	Briar	Supporter
SV7-127	Stellar Crown (TCG)	Stellar Miracle (/102)	Hydrapple ex	Grass
SV7-128	Stellar Crown (TCG)	Stellar Miracle (/102)	Galvantula ex	Lightning
SV7-129	Stellar Crown (TCG)	Stellar Miracle (/102)	Dachsbun ex	Psychic
SV7-130	Stellar Crown (TCG)	Stellar Miracle (/102)	Terapagos ex	Colorless
SV7-131	Stellar Crown (TCG)	Stellar Miracle (/102)	Lacey	Supporter
SV7-132	Stellar Crown (TCG)	Stellar Miracle (/102)	Briar	Supporter
SV7-133	Stellar Crown (TCG)	Stellar Miracle (/102)	Terapagos ex	Colorless
SV7-134	Stellar Crown (TCG)	Stellar Miracle (/102)	Bravery Charm	Pokémon Tool
SV7-135	Stellar Crown (TCG)	Stellar Miracle (/102)	Area Zero Underdepths	Stadium
SV7a-052	Paradise Dragona (TCG)	Paradise Dragona (/064)	Energy Search Pro	Item
SV7a-056	Paradise Dragona (TCG)	Paradise Dragona (/064)	Megaton Blower	Item
SV7a-064	Paradise Dragona (TCG)	Paradise Dragona (/064)	Enriching Energy	Energy
SV7a-077	Paradise Dragona (TCG)	Paradise Dragona (/064)	Black Kyurem ex	Water
SV7a-078	Paradise Dragona (TCG)	Paradise Dragona (/064)	Latias ex	Psychic
SV7a-079	Paradise Dragona (TCG)	Paradise Dragona (/064)	Flygon ex	Fighting
SV7a-080	Paradise Dragona (TCG)	Paradise Dragona (/064)	Archaludon ex	Metal
SV7a-081	Paradise Dragona (TCG)	Paradise Dragona (/064)	Alolan Exeggutor ex	Dragon
SV7a-082	Paradise Dragona (TCG)	Paradise Dragona (/064)	Cyclizar ex	Colorless
SV7a-083	Paradise Dragona (TCG)	Paradise Dragona (/064)	Drayton	Supporter
SV7a-084	Paradise Dragona (TCG)	Paradise Dragona (/064)	Surfer	Supporter
SV7a-085	Paradise Dragona (TCG)	Paradise Dragona (/064)	Drasna	Supporter
SV7a-086	Paradise Dragona (TCG)	Paradise Dragona (/064)	Lisia's Appeal	Supporter
SV7a-087	Paradise Dragona (TCG)	Paradise Dragona (/064)	Latias ex	Psychic
SV7a-088	Paradise Dragona (TCG)	Paradise Dragona (/064)	Archaludon ex	Metal
SV7a-089	Paradise Dragona (TCG)	Paradise Dragona (/064)	Alolan Exeggutor ex	Dragon
SV7a-090	Paradise Dragona (TCG)	Paradise Dragona (/064)	Drayton	Supporter
SV7a-091	Paradise Dragona (TCG)	Paradise Dragona (/064)	Lisia's Appeal	Supporter
SV7a-092	Paradise Dragona (TCG)	Paradise Dragona (/064)	Alolan Exeggutor ex	Dragon
SV7a-093	Paradise Dragona (TCG)	Paradise Dragona (/064)	Counter Gain	Pokémon Tool
SV7a-094	Paradise Dragona (TCG)	Paradise Dragona (/064)	Jet Energy	Energy
SV8-095	Super Electric Breaker (TCG)	Super Electric Breaker (/106)	Scramble Switch	Item
SV8-097	Super Electric Breaker (TCG)	Super Electric Breaker (/106)	Miracle Headset	Item
SV8-098	Super Electric Breaker (TCG)	Super Electric Breaker (/106)	Amulet of Hope	Pokémon Tool
SV8-107	Super Electric Breaker (TCG)	Super Electric Breaker (/106)	Vivillon	Grass
SV8-108	Super Electric Breaker (TCG)	Super Electric Breaker (/106)	Larvesta	Fire
SV8-109	Super Electric Breaker (TCG)	Super Electric Breaker (/106)	Ceruledge	Fire
SV8-110	Super Electric Breaker (TCG)	Super Electric Breaker (/106)	Feebas	Water
SV8-111	Super Electric Breaker (TCG)	Super Electric Breaker (/106)	Spheal	Water
SV8-112	Super Electric Breaker (TCG)	Super Electric Breaker (/106)	Magneton	Lightning
SV8-113	Super Electric Breaker (TCG)	Super Electric Breaker (/106)	Stunfisk	Lightning
SV8-114	Super Electric Breaker (TCG)	Super Electric Breaker (/106)	Mesprit	Psychic
SV8-115	Super Electric Breaker (TCG)	Super Electric Breaker (/106)	Phanpy	Fighting
SV8-116	Super Electric Breaker (TCG)	Super Electric Breaker (/106)	Alolan Dugtrio	Metal
SV8-117	Super Electric Breaker (TCG)	Super Electric Breaker (/106)	Slakoth	Colorless
SV8-118	Super Electric Breaker (TCG)	Super Electric Breaker (/106)	Kecleon	Colorless
SV8-119	Super Electric Breaker (TCG)	Super Electric Breaker (/106)	Durant ex	Grass
SV8-120	Super Electric Breaker (TCG)	Super Electric Breaker (/106)	Scovillain ex	Fire
SV8-121	Super Electric Breaker (TCG)	Super Electric Breaker (/106)	Milotic ex	Water
SV8-122	Super Electric Breaker (TCG)	Super Electric Breaker (/106)	Pikachu ex	Lightning
SV8-123	Super Electric Breaker (TCG)	Super Electric Breaker (/106)	Palossand ex	Psychic
SV8-124	Super Electric Breaker (TCG)	Super Electric Breaker (/106)	Hydreigon ex	Darkness
SV8-125	Super Electric Breaker (TCG)	Super Electric Breaker (/106)	Tatsugiri ex	Dragon
SV8-126	Super Electric Breaker (TCG)	Super Electric Breaker (/106)	Slaking ex	Colorless
SV8-127	Super Electric Breaker (TCG)	Super Electric Breaker (/106)	Cyrano	Supporter
SV8-128	Super Electric Breaker (TCG)	Super Electric Breaker (/106)	Clemont's Quick Wit	Supporter
SV8-129	Super Electric Breaker (TCG)	Super Electric Breaker (/106)	Jasmine's Gaze	Supporter
SV8-130	Super Electric Breaker (TCG)	Super Electric Breaker (/106)	Durant ex	Grass
SV8-131	Super Electric Breaker (TCG)	Super Electric Breaker (/106)	Milotic ex	Water
SV8-132	Super Electric Breaker (TCG)	Super Electric Breaker (/106)	Pikachu ex	Lightning
SV8-133	Super Electric Breaker (TCG)	Super Electric Breaker (/106)	Hydreigon ex	Darkness
SV8-134	Super Electric Breaker (TCG)	Super Electric Breaker (/106)	Clemont's Quick Wit	Supporter
SV8-135	Super Electric Breaker (TCG)	Super Electric Breaker (/106)	Jasmine's Gaze	Supporter
SV8-136	Super Electric Breaker (TCG)	Super Electric Breaker (/106)	Pikachu ex	Lightning
SV8-137	Super Electric Breaker (TCG)	Super Electric Breaker (/106)	Night Stretcher	Item
SV8-138	Super Electric Breaker (TCG)	Super Electric Breaker (/106)	Gravity Mountain	Stadium
SV8a-152	Terastal Fest ex (TCG)	Terastal Fest ex (/187)	Sparkling Crystal	Pokémon Tool
SV8a-159	Terastal Fest ex (TCG)	Terastal Fest ex (/187)	Maximum Belt	Pokémon Tool
SV8a-184	Terastal Fest ex (TCG)	Terastal Fest ex (/187)	Neutralization Zone	Stadium
SV8a-187	Terastal Fest ex (TCG)	Terastal Fest ex (/187)	Legacy Energy	Energy
SV8a-195	Terastal Fest ex (TCG)	Terastal Fest ex (/187)	Friends in Paldea	Supporter
SV8a-201	Terastal Fest ex (TCG)	Terastal Fest ex (/187)	Teal Mask Ogerpon ex	Grass
SV8a-204	Terastal Fest ex (TCG)	Terastal Fest ex (/187)	Hearthflame Mask Ogerpon ex	Fire
SV8a-208	Terastal Fest ex (TCG)	Terastal Fest ex (/187)	Wellspring Mask Ogerpon ex	Water
SV8a-216	Terastal Fest ex (TCG)	Terastal Fest ex (/187)	Cornerstone Mask Ogerpon ex	Fighting
SV8a-225	Terastal Fest ex (TCG)	Terastal Fest ex (/187)	Bloodmoon Ursaluna ex	Colorless
SV8a-228	Terastal Fest ex (TCG)	Terastal Fest ex (/187)	Janine's Secret Art	Supporter
SV8a-234	Terastal Fest ex (TCG)	Terastal Fest ex (/187)	Teal Mask Ogerpon ex	Grass
SV9-113	Battle Partners (TCG)	Battle Partners (/100)	Volcanion ex	Fire
SV9-114	Battle Partners (TCG)	Battle Partners (/100)	Iono's Bellibolt ex	Lightning
SV9-115	Battle Partners (TCG)	Battle Partners (/100)	Lillie's Clefairy ex	Psychic
SV9-116	Battle Partners (TCG)	Battle Partners (/100)	Mamoswine ex	Fighting
SV9-117	Battle Partners (TCG)	Battle Partners (/100)	N's Zoroark ex	Darkness
SV9-118	Battle Partners (TCG)	Battle Partners (/100)	Hop's Zacian ex	Metal
SV9-119	Battle Partners (TCG)	Battle Partners (/100)	Salamence ex	Dragon
SV9-120	Battle Partners (TCG)	Battle Partners (/100)	Dudunsparce ex	Colorless
SV9-121	Battle Partners (TCG)	Battle Partners (/100)	Iris's Fighting Spirit	Supporter
SV9-122	Battle Partners (TCG)	Battle Partners (/100)	Ruffian	Supporter
SV9-123	Battle Partners (TCG)	Battle Partners (/100)	Brock's Scouting	Supporter
SV9-124	Battle Partners (TCG)	Battle Partners (/100)	Volcanion ex	Fire
SV9-125	Battle Partners (TCG)	Battle Partners (/100)	Iono's Bellibolt ex	Lightning
SV9-126	Battle Partners (TCG)	Battle Partners (/100)	Lillie's Clefairy ex	Psychic
SV9-127	Battle Partners (TCG)	Battle Partners (/100)	N's Zoroark ex	Darkness
SV9-128	Battle Partners (TCG)	Battle Partners (/100)	Hop's Zacian ex	Metal
SV9-129	Battle Partners (TCG)	Battle Partners (/100)	Salamence ex	Dragon
SV9-130	Battle Partners (TCG)	Battle Partners (/100)	Iono's Bellibolt ex	Lightning
SV9-131	Battle Partners (TCG)	Battle Partners (/100)	N's Zoroark ex	Darkness
SV9-132	Battle Partners (TCG)	Battle Partners (/100)	Spiky Energy	Energy
SV9a-076	Hot Wind Arena (TCG)	Hot Wind Arena (/063)	Yanmega ex	Grass
SV9a-077	Hot Wind Arena (TCG)	Hot Wind Arena (/063)	Ethan's Ho-Oh ex	Fire
SV9a-078	Hot Wind Arena (TCG)	Hot Wind Arena (/063)	Dondozo ex	Water
SV9a-079	Hot Wind Arena (TCG)	Hot Wind Arena (/063)	Electivire ex	Lightning
SV9a-080	Hot Wind Arena (TCG)	Hot Wind Arena (/063)	Cynthia's Garchomp ex	Fighting
SV9a-081	Hot Wind Arena (TCG)	Hot Wind Arena (/063)	Arven's Mabosstiff ex	Darkness
SV9a-082	Hot Wind Arena (TCG)	Hot Wind Arena (/063)	Emcee's Hype	Supporter
SV9a-083	Hot Wind Arena (TCG)	Hot Wind Arena (/063)	Judge	Supporter
SV9a-084	Hot Wind Arena (TCG)	Hot Wind Arena (/063)	Ethan's Adventure	Supporter
SV9a-085	Hot Wind Arena (TCG)	Hot Wind Arena (/063)	Yanmega ex	Grass
SV9a-086	Hot Wind Arena (TCG)	Hot Wind Arena (/063)	Ethan's Ho-Oh ex	Fire
SV9a-087	Hot Wind Arena (TCG)	Hot Wind Arena (/063)	Cynthia's Garchomp ex	Fighting
SV9a-088	Hot Wind Arena (TCG)	Hot Wind Arena (/063)	Arven's Mabosstiff ex	Darkness
SV9a-089	Hot Wind Arena (TCG)	Hot Wind Arena (/063)	Ethan's Adventure	Supporter
SV9a-090	Hot Wind Arena (TCG)	Hot Wind Arena (/063)	Ethan's Ho-Oh ex	Fire
SV9a-091	Hot Wind Arena (TCG)	Hot Wind Arena (/063)	Cynthia's Garchomp ex	Fighting
SV9a-092	Hot Wind Arena (TCG)	Hot Wind Arena (/063)	Levincia	Stadium
SVHK-023	Starter Deck & Build Sets (TCG)	Ancient Koraidon ex Starter Deck & Build Set (/053)	Super Rod	Item
SVHK-024	Starter Deck & Build Sets (TCG)	Ancient Koraidon ex Starter Deck & Build Set (/053)	Dark Patch	Item
SVHK-025	Starter Deck & Build Sets (TCG)	Ancient Koraidon ex Starter Deck & Build Set (/053)	Earthen Vessel	Item
SVHK-026	Starter Deck & Build Sets (TCG)	Ancient Koraidon ex Starter Deck & Build Set (/053)	Trekking Shoes	Item
SVHK-027	Starter Deck & Build Sets (TCG)	Ancient Koraidon ex Starter Deck & Build Set (/053)	Nest Ball	Item
SVHK-028	Starter Deck & Build Sets (TCG)	Ancient Koraidon ex Starter Deck & Build Set (/053)	Ultra Ball	Item
SVHK-029	Starter Deck & Build Sets (TCG)	Ancient Koraidon ex Starter Deck & Build Set (/053)	Hisuian Heavy Ball	Item
SVHK-030	Starter Deck & Build Sets (TCG)	Ancient Koraidon ex Starter Deck & Build Set (/053)	Rare Candy	Item
SVHK-031	Starter Deck & Build Sets (TCG)	Ancient Koraidon ex Starter Deck & Build Set (/053)	Switch	Item
SVHK-032	Starter Deck & Build Sets (TCG)	Ancient Koraidon ex Starter Deck & Build Set (/053)	Master Ball	Item
SVHK-033	Starter Deck & Build Sets (TCG)	Ancient Koraidon ex Starter Deck & Build Set (/053)	Lost Vacuum	Item
SVHK-034	Starter Deck & Build Sets (TCG)	Ancient Koraidon ex Starter Deck & Build Set (/053)	Rigid Band	Pokémon Tool
SVHK-035	Starter Deck & Build Sets (TCG)	Ancient Koraidon ex Starter Deck & Build Set (/053)	Ancient Booster Energy Capsule	Pokémon Tool
SVHK-036	Starter Deck & Build Sets (TCG)	Ancient Koraidon ex Starter Deck & Build Set (/053)	Forest Seal Stone	Item
SVHK-037	Starter Deck & Build Sets (TCG)	Ancient Koraidon ex Starter Deck & Build Set (/053)	Bravery Charm	Pokémon Tool
SVHK-038	Starter Deck & Build Sets (TCG)	Ancient Koraidon ex Starter Deck & Build Set (/053)	Professor Sada's Vitality	Supporter
SVHK-039	Starter Deck & Build Sets (TCG)	Ancient Koraidon ex Starter Deck & Build Set (/053)	Irida	Supporter
SVHK-040	Starter Deck & Build Sets (TCG)	Ancient Koraidon ex Starter Deck & Build Set (/053)	Cynthia's Ambition	Supporter
SVHK-041	Starter Deck & Build Sets (TCG)	Ancient Koraidon ex Starter Deck & Build Set (/053)	Gardenia's Vigor	Supporter
SVHK-042	Starter Deck & Build Sets (TCG)	Ancient Koraidon ex Starter Deck & Build Set (/053)	Iono	Supporter
SVHK-043	Starter Deck & Build Sets (TCG)	Ancient Koraidon ex Starter Deck & Build Set (/053)	Nemona	Supporter
SVHK-044	Starter Deck & Build Sets (TCG)	Ancient Koraidon ex Starter Deck & Build Set (/053)	Professor's Research	Supporter
SVHK-045	Starter Deck & Build Sets (TCG)	Ancient Koraidon ex Starter Deck & Build Set (/053)	Arven	Supporter
SVHK-046	Starter Deck & Build Sets (TCG)	Ancient Koraidon ex Starter Deck & Build Set (/053)	Boss's Orders	Supporter
SVHK-047	Starter Deck & Build Sets (TCG)	Ancient Koraidon ex Starter Deck & Build Set (/053)	Temple of Sinnoh	Stadium
SVHK-048	Starter Deck & Build Sets (TCG)	Ancient Koraidon ex Starter Deck & Build Set (/053)	Beach Court	Stadium
SVHK-049	Starter Deck & Build Sets (TCG)	Ancient Koraidon ex Starter Deck & Build Set (/053)	Artazon	Stadium
SVHK-050	Starter Deck & Build Sets (TCG)	Ancient Koraidon ex Starter Deck & Build Set (/053)	Magma Basin	Stadium
SVHK-051	Starter Deck & Build Sets (TCG)	Ancient Koraidon ex Starter Deck & Build Set (/053)	Double Turbo Energy	Energy
SVHK-052	Starter Deck & Build Sets (TCG)	Ancient Koraidon ex Starter Deck & Build Set (/053)	Reversal Energy	Energy
SVHK-053	Starter Deck & Build Sets (TCG)	Ancient Koraidon ex Starter Deck & Build Set (/053)	Luminous Energy	Energy
SVHM-023	Starter Deck & Build Sets (TCG)	Future Miraidon ex Starter Deck & Build Set (/053)	Super Rod	Item
SVHM-024	Starter Deck & Build Sets (TCG)	Future Miraidon ex Starter Deck & Build Set (/053)	Dark Patch	Item
SVHM-025	Starter Deck & Build Sets (TCG)	Future Miraidon ex Starter Deck & Build Set (/053)	Techno Radar	Item
SVHM-026	Starter Deck & Build Sets (TCG)	Future Miraidon ex Starter Deck & Build Set (/053)	Trekking Shoes	Item
SVHM-027	Starter Deck & Build Sets (TCG)	Future Miraidon ex Starter Deck & Build Set (/053)	Nest Ball	Item
SVHM-028	Starter Deck & Build Sets (TCG)	Future Miraidon ex Starter Deck & Build Set (/053)	Ultra Ball	Item
SVHM-029	Starter Deck & Build Sets (TCG)	Future Miraidon ex Starter Deck & Build Set (/053)	Hisuian Heavy Ball	Item
SVHM-030	Starter Deck & Build Sets (TCG)	Future Miraidon ex Starter Deck & Build Set (/053)	Rare Candy	Item
SVHM-031	Starter Deck & Build Sets (TCG)	Future Miraidon ex Starter Deck & Build Set (/053)	Switch	Item
SVHM-032	Starter Deck & Build Sets (TCG)	Future Miraidon ex Starter Deck & Build Set (/053)	Master Ball	Item
SVHM-033	Starter Deck & Build Sets (TCG)	Future Miraidon ex Starter Deck & Build Set (/053)	Lost Vacuum	Item
SVHM-034	Starter Deck & Build Sets (TCG)	Future Miraidon ex Starter Deck & Build Set (/053)	Rigid Band	Pokémon Tool
SVHM-035	Starter Deck & Build Sets (TCG)	Future Miraidon ex Starter Deck & Build Set (/053)	Future Booster Energy Capsule	Pokémon Tool
SVHM-036	Starter Deck & Build Sets (TCG)	Future Miraidon ex Starter Deck & Build Set (/053)	Forest Seal Stone	Item
SVHM-037	Starter Deck & Build Sets (TCG)	Future Miraidon ex Starter Deck & Build Set (/053)	Bravery Charm	Pokémon Tool
SVHM-038	Starter Deck & Build Sets (TCG)	Future Miraidon ex Starter Deck & Build Set (/053)	Irida	Supporter
SVHM-039	Starter Deck & Build Sets (TCG)	Future Miraidon ex Starter Deck & Build Set (/053)	Cynthia's Ambition	Supporter
SVHM-040	Starter Deck & Build Sets (TCG)	Future Miraidon ex Starter Deck & Build Set (/053)	Gardenia's Vigor	Supporter
SVHM-041	Starter Deck & Build Sets (TCG)	Future Miraidon ex Starter Deck & Build Set (/053)	Iono	Supporter
SVHM-042	Starter Deck & Build Sets (TCG)	Future Miraidon ex Starter Deck & Build Set (/053)	Nemona	Supporter
SVHM-043	Starter Deck & Build Sets (TCG)	Future Miraidon ex Starter Deck & Build Set (/053)	Professor's Research	Supporter
SVHM-044	Starter Deck & Build Sets (TCG)	Future Miraidon ex Starter Deck & Build Set (/053)	Professor Turo's Scenario	Supporter
SVHM-045	Starter Deck & Build Sets (TCG)	Future Miraidon ex Starter Deck & Build Set (/053)	Arven	Supporter
SVHM-046	Starter Deck & Build Sets (TCG)	Future Miraidon ex Starter Deck & Build Set (/053)	Boss's Orders	Supporter
SVHM-047	Starter Deck & Build Sets (TCG)	Future Miraidon ex Starter Deck & Build Set (/053)	Temple of Sinnoh	Stadium
SVHM-048	Starter Deck & Build Sets (TCG)	Future Miraidon ex Starter Deck & Build Set (/053)	Beach Court	Stadium
SVHM-049	Starter Deck & Build Sets (TCG)	Future Miraidon ex Starter Deck & Build Set (/053)	Artazon	Stadium
SVHM-050	Starter Deck & Build Sets (TCG)	Future Miraidon ex Starter Deck & Build Set (/053)	Magma Basin	Stadium
SVHM-051	Starter Deck & Build Sets (TCG)	Future Miraidon ex Starter Deck & Build Set (/053)	Double Turbo Energy	Energy
SVHM-052	Starter Deck & Build Sets (TCG)	Future Miraidon ex Starter Deck & Build Set (/053)	Reversal Energy	Energy
SVHM-053	Starter Deck & Build Sets (TCG)	Future Miraidon ex Starter Deck & Build Set (/053)	Luminous Energy	Energy
S1W-015	Sword & Shield (TCG)	Sword (/060)	Lapras VMAX	Water
S1W-035	Sword & Shield (TCG)	Sword (/060)	Stonjourner VMAX	Fighting
S1W-061	Sword & Shield (TCG)	Sword (/060)	Dhelmise V	Grass
S1W-062	Sword & Shield (TCG)	Sword (/060)	Lapras V	Water
S1W-063	Sword & Shield (TCG)	Sword (/060)	Wobbuffet V	Psychic
S1W-064	Sword & Shield (TCG)	Sword (/060)	Stonjourner V	Fighting
S1W-065	Sword & Shield (TCG)	Sword (/060)	Zacian V	Metal
S1W-066	Sword & Shield (TCG)	Sword (/060)	Cramorant V	Colorless
S1W-067	Sword & Shield (TCG)	Sword (/060)	Professor's Research	Supporter
S1W-068	Sword & Shield (TCG)	Sword (/060)	Bede	Supporter
S1W-069	Sword & Shield (TCG)	Sword (/060)	Lapras VMAX	Water
S1W-070	Sword & Shield (TCG)	Sword (/060)	Stonjourner VMAX	Fighting
S1W-071	Sword & Shield (TCG)	Sword (/060)	Professor's Research	Supporter
S1W-072	Sword & Shield (TCG)	Sword (/060)	Bede	Supporter
S1W-073	Sword & Shield (TCG)	Sword (/060)	Zacian V	Metal
S1W-074	Sword & Shield (TCG)	Sword (/060)	Ordinary Rod	Item
S1W-075	Sword & Shield (TCG)	Sword (/060)	Air Balloon	Item
S1H-020	Sword & Shield (TCG)	Shield (/060)	Morpeko VMAX	Lightning
S1H-046	Sword & Shield (TCG)	Shield (/060)	Snorlax VMAX	Colorless
S1H-061	Sword & Shield (TCG)	Shield (/060)	Torkoal V	Fire
S1H-062	Sword & Shield (TCG)	Shield (/060)	Morpeko V	Lightning
S1H-063	Sword & Shield (TCG)	Shield (/060)	Indeedee V	Psychic
S1H-064	Sword & Shield (TCG)	Shield (/060)	Sableye V	Darkness
S1H-065	Sword & Shield (TCG)	Shield (/060)	Zamazenta V	Metal
S1H-066	Sword & Shield (TCG)	Shield (/060)	Snorlax V	Colorless
S1H-067	Sword & Shield (TCG)	Shield (/060)	Team Yell Grunt	Supporter
S1H-068	Sword & Shield (TCG)	Shield (/060)	Marnie	Supporter
S1H-069	Sword & Shield (TCG)	Shield (/060)	Morpeko VMAX	Lightning
S1H-070	Sword & Shield (TCG)	Shield (/060)	Snorlax VMAX	Colorless
S1H-071	Sword & Shield (TCG)	Shield (/060)	Team Yell Grunt	Supporter
S1H-072	Sword & Shield (TCG)	Shield (/060)	Marnie	Supporter
S1H-073	Sword & Shield (TCG)	Shield (/060)	Zamazenta V	Metal
S1H-074	Sword & Shield (TCG)	Shield (/060)	Quick Ball	Item
S1H-075	Sword & Shield (TCG)	Shield (/060)	Metal Saucer	Item
S1a-009	VMAX Rising (TCG)	VMAX Rising (/070)	Rillaboom VMAX	Grass
S1a-017	VMAX Rising (TCG)	VMAX Rising (/070)	Cinderace VMAX	Fire
S1a-023	VMAX Rising (TCG)	VMAX Rising (/070)	Inteleon VMAX	Water
S1a-071	VMAX Rising (TCG)	VMAX Rising (/070)	Rillaboom V	Grass
S1a-072	VMAX Rising (TCG)	VMAX Rising (/070)	Cinderace V	Fire
S1a-073	VMAX Rising (TCG)	VMAX Rising (/070)	Inteleon V	Water
S1a-074	VMAX Rising (TCG)	VMAX Rising (/070)	Boltund V	Lightning
S1a-075	VMAX Rising (TCG)	VMAX Rising (/070)	Sandaconda V	Fighting
S1a-076	VMAX Rising (TCG)	VMAX Rising (/070)	Dubwool V	Colorless
S1a-077	VMAX Rising (TCG)	VMAX Rising (/070)	Sonia	Supporter
S1a-078	VMAX Rising (TCG)	VMAX Rising (/070)	Milo	Supporter
S1a-079	VMAX Rising (TCG)	VMAX Rising (/070)	Rillaboom VMAX	Grass
S1a-080	VMAX Rising (TCG)	VMAX Rising (/070)	Cinderace VMAX	Fire
S1a-081	VMAX Rising (TCG)	VMAX Rising (/070)	Inteleon VMAX	Water
S1a-082	VMAX Rising (TCG)	VMAX Rising (/070)	Sonia	Supporter
S1a-083	VMAX Rising (TCG)	VMAX Rising (/070)	Milo	Supporter
S1a-084	VMAX Rising (TCG)	VMAX Rising (/070)	Frosmoth	Water
S1a-085	VMAX Rising (TCG)	VMAX Rising (/070)	Big Charm	Item
S1a-086	VMAX Rising (TCG)	VMAX Rising (/070)	Twin Energy	Energy
S2-037	Rebel Clash (TCG)	Rebellion Crash (/096)	Toxtricity VMAX	Lightning
S2-050	Rebel Clash (TCG)	Rebellion Crash (/096)	Dragapult VMAX	Psychic
S2-071	Rebel Clash (TCG)	Rebellion Crash (/096)	Malamar VMAX	Darkness
S2-076	Rebel Clash (TCG)	Rebellion Crash (/096)	Copperajah VMAX	Metal
S2-097	Rebel Clash (TCG)	Rebellion Crash (/096)	Eldegoss V	Grass
S2-098	Rebel Clash (TCG)	Rebellion Crash (/096)	Ninetales V	Fire
S2-099	Rebel Clash (TCG)	Rebellion Crash (/096)	Milotic V	Water
S2-100	Rebel Clash (TCG)	Rebellion Crash (/096)	Toxtricity V	Lightning
S2-101	Rebel Clash (TCG)	Rebellion Crash (/096)	Dragapult V	Psychic
S2-102	Rebel Clash (TCG)	Rebellion Crash (/096)	Falinks V	Fighting
S2-103	Rebel Clash (TCG)	Rebellion Crash (/096)	Malamar V	Darkness
S2-104	Rebel Clash (TCG)	Rebellion Crash (/096)	Copperajah V	Metal
S2-105	Rebel Clash (TCG)	Rebellion Crash (/096)	Oleana	Supporter
S2-106	Rebel Clash (TCG)	Rebellion Crash (/096)	Boss's Orders	Supporter
S2-107	Rebel Clash (TCG)	Rebellion Crash (/096)	Toxtricity VMAX	Lightning
S2-108	Rebel Clash (TCG)	Rebellion Crash (/096)	Dragapult VMAX	Psychic
S2-109	Rebel Clash (TCG)	Rebellion Crash (/096)	Malamar VMAX	Darkness
S2-110	Rebel Clash (TCG)	Rebellion Crash (/096)	Copperajah VMAX	Metal
S2-111	Rebel Clash (TCG)	Rebellion Crash (/096)	Oleana	Supporter
S2-112	Rebel Clash (TCG)	Rebellion Crash (/096)	Boss's Orders	Supporter
S2-113	Rebel Clash (TCG)	Rebellion Crash (/096)	Galarian Perrserker	Metal
S2-114	Rebel Clash (TCG)	Rebellion Crash (/096)	Scoop Up Net	Item
S2-115	Rebel Clash (TCG)	Rebellion Crash (/096)	Tool Scrapper	Item
S2a-002	Explosive Walker (TCG)	Explosive Walker (/070)	Butterfree VMAX	Grass
S2a-017	Explosive Walker (TCG)	Explosive Walker (/070)	Centiskorch VMAX	Fire
S2a-031	Explosive Walker (TCG)	Explosive Walker (/070)	Gardevoir VMAX	Psychic
S2a-071	Explosive Walker (TCG)	Explosive Walker (/070)	Butterfree V	Grass
S2a-072	Explosive Walker (TCG)	Explosive Walker (/070)	Centiskorch V	Fire
S2a-073	Explosive Walker (TCG)	Explosive Walker (/070)	Vikavolt V	Lightning
S2a-074	Explosive Walker (TCG)	Explosive Walker (/070)	Gardevoir V	Psychic
S2a-075	Explosive Walker (TCG)	Explosive Walker (/070)	Grapploct V	Fighting
S2a-076	Explosive Walker (TCG)	Explosive Walker (/070)	Galarian Stunfisk V	Metal
S2a-077	Explosive Walker (TCG)	Explosive Walker (/070)	Kabu	Supporter
S2a-078	Explosive Walker (TCG)	Explosive Walker (/070)	Pokémon Breeder's Nurturing	Supporter
S2a-079	Explosive Walker (TCG)	Explosive Walker (/070)	Butterfree VMAX	Grass
S2a-080	Explosive Walker (TCG)	Explosive Walker (/070)	Centiskorch VMAX	Fire
S2a-081	Explosive Walker (TCG)	Explosive Walker (/070)	Gardevoir VMAX	Psychic
S2a-082	Explosive Walker (TCG)	Explosive Walker (/070)	Kabu	Supporter
S2a-083	Explosive Walker (TCG)	Explosive Walker (/070)	Pokémon Breeder's Nurturing	Supporter
S2a-084	Explosive Walker (TCG)	Explosive Walker (/070)	Rillaboom	Grass
S2a-085	Explosive Walker (TCG)	Explosive Walker (/070)	Suspicious Food Tin	Item
S2a-086	Explosive Walker (TCG)	Explosive Walker (/070)	Big Parasol	Item
S3-027	Darkness Ablaze (TCG)	Infinity Zone (/100)	Drednaw VMAX	Water
S3-065	Darkness Ablaze (TCG)	Infinity Zone (/100)	Eternatus VMAX	Darkness
S3-067	Darkness Ablaze (TCG)	Infinity Zone (/100)	Scizor VMAX	Metal
S3-081	Darkness Ablaze (TCG)	Infinity Zone (/100)	Salamence VMAX	Colorless
S3-101	Darkness Ablaze (TCG)	Infinity Zone (/100)	Houndoom V	Fire
S3-102	Darkness Ablaze (TCG)	Infinity Zone (/100)	Drednaw V	Water
S3-103	Darkness Ablaze (TCG)	Infinity Zone (/100)	Galarian Cursola V	Psychic
S3-104	Darkness Ablaze (TCG)	Infinity Zone (/100)	Rhyperior V	Fighting
S3-105	Darkness Ablaze (TCG)	Infinity Zone (/100)	Crobat V	Darkness
S3-106	Darkness Ablaze (TCG)	Infinity Zone (/100)	Eternatus V	Darkness
S3-107	Darkness Ablaze (TCG)	Infinity Zone (/100)	Scizor V	Metal
S3-108	Darkness Ablaze (TCG)	Infinity Zone (/100)	Salamence V	Colorless
S3-109	Darkness Ablaze (TCG)	Infinity Zone (/100)	Piers	Supporter
S3-110	Darkness Ablaze (TCG)	Infinity Zone (/100)	Rose	Supporter
S3-111	Darkness Ablaze (TCG)	Infinity Zone (/100)	Drednaw VMAX	Water
S3-112	Darkness Ablaze (TCG)	Infinity Zone (/100)	Eternatus VMAX	Darkness
S3-113	Darkness Ablaze (TCG)	Infinity Zone (/100)	Scizor VMAX	Metal
S3-114	Darkness Ablaze (TCG)	Infinity Zone (/100)	Salamence VMAX	Colorless
S3-115	Darkness Ablaze (TCG)	Infinity Zone (/100)	Piers	Supporter
S3-116	Darkness Ablaze (TCG)	Infinity Zone (/100)	Rose	Supporter
S3-117	Darkness Ablaze (TCG)	Infinity Zone (/100)	Coalossal	Fighting
S3-118	Darkness Ablaze (TCG)	Infinity Zone (/100)	Turbo Patch	Item
S3-119	Darkness Ablaze (TCG)	Infinity Zone (/100)	Capture Energy	Energy
S3a-009	Legendary Heartbeat (TCG)	Legendary Heartbeat (/076)	Celebi	Grass
S3a-015	Legendary Heartbeat (TCG)	Legendary Heartbeat (/076)	Raikou	Lightning
S3a-032	Legendary Heartbeat (TCG)	Legendary Heartbeat (/076)	Alcremie VMAX	Psychic
S3a-033	Legendary Heartbeat (TCG)	Legendary Heartbeat (/076)	Zacian	Psychic
S3a-043	Legendary Heartbeat (TCG)	Legendary Heartbeat (/076)	Coalossal VMAX	Fighting
S3a-044	Legendary Heartbeat (TCG)	Legendary Heartbeat (/076)	Zamazenta	Fighting
S3a-050	Legendary Heartbeat (TCG)	Legendary Heartbeat (/076)	Jirachi	Metal
S3a-056	Legendary Heartbeat (TCG)	Legendary Heartbeat (/076)	Rayquaza	Colorless
S3a-059	Legendary Heartbeat (TCG)	Legendary Heartbeat (/076)	Togekiss VMAX	Colorless
S3a-077	Legendary Heartbeat (TCG)	Legendary Heartbeat (/076)	Zarude V	Grass
S3a-078	Legendary Heartbeat (TCG)	Legendary Heartbeat (/076)	Ampharos V	Lightning
S3a-079	Legendary Heartbeat (TCG)	Legendary Heartbeat (/076)	Alcremie V	Psychic
S3a-080	Legendary Heartbeat (TCG)	Legendary Heartbeat (/076)	Coalossal V	Fighting
S3a-081	Legendary Heartbeat (TCG)	Legendary Heartbeat (/076)	Steelix V	Metal
S3a-082	Legendary Heartbeat (TCG)	Legendary Heartbeat (/076)	Togekiss V	Colorless
S3a-083	Legendary Heartbeat (TCG)	Legendary Heartbeat (/076)	Beauty	Supporter
S3a-084	Legendary Heartbeat (TCG)	Legendary Heartbeat (/076)	Allister	Supporter
S3a-085	Legendary Heartbeat (TCG)	Legendary Heartbeat (/076)	Opal	Supporter
S3a-086	Legendary Heartbeat (TCG)	Legendary Heartbeat (/076)	Alcremie VMAX	Psychic
S3a-087	Legendary Heartbeat (TCG)	Legendary Heartbeat (/076)	Coalossal VMAX	Fighting
S3a-088	Legendary Heartbeat (TCG)	Legendary Heartbeat (/076)	Togekiss VMAX	Colorless
S3a-089	Legendary Heartbeat (TCG)	Legendary Heartbeat (/076)	Beauty	Supporter
S3a-090	Legendary Heartbeat (TCG)	Legendary Heartbeat (/076)	Allister	Supporter
S3a-091	Legendary Heartbeat (TCG)	Legendary Heartbeat (/076)	Opal	Supporter
S3a-092	Legendary Heartbeat (TCG)	Legendary Heartbeat (/076)	Oranguru	Colorless
S3a-093	Legendary Heartbeat (TCG)	Legendary Heartbeat (/076)	Hero's Medal	Item
S3a-094	Legendary Heartbeat (TCG)	Legendary Heartbeat (/076)	Cape of Toughness	Item
SM1S-061	Sun & Moon (TCG)	Collection Sun (/060)	Lapras-GX	Water
SM1S-062	Sun & Moon (TCG)	Collection Sun (/060)	Espeon-GX	Psychic
SM1S-063	Sun & Moon (TCG)	Collection Sun (/060)	Solgaleo-GX	Metal
SM1S-064	Sun & Moon (TCG)	Collection Sun (/060)	Gumshoos-GX	Colorless
SM1S-065	Sun & Moon (TCG)	Collection Sun (/060)	Ilima	Supporter
SM1S-066	Sun & Moon (TCG)	Collection Sun (/060)	Professor Kukui	Supporter
SM1S-067	Sun & Moon (TCG)	Collection Sun (/060)	Lapras-GX	Water
SM1S-068	Sun & Moon (TCG)	Collection Sun (/060)	Espeon-GX	Psychic
SM1S-069	Sun & Moon (TCG)	Collection Sun (/060)	Solgaleo-GX	Metal
SM1S-070	Sun & Moon (TCG)	Collection Sun (/060)	Gumshoos-GX	Colorless
SM1S-071	Sun & Moon (TCG)	Collection Sun (/060)	Ultra Ball	Item
SM1S-072	Sun & Moon (TCG)	Collection Sun (/060)	Rotom Dex	Item
SM1S-073	Sun & Moon (TCG)	Collection Sun (/060)	Metal Energy	Energy
SM1M-061	Sun & Moon (TCG)	Collection Moon (/060)	Lurantis-GX	Grass
SM1M-062	Sun & Moon (TCG)	Collection Moon (/060)	Lunala-GX	Psychic
SM1M-063	Sun & Moon (TCG)	Collection Moon (/060)	Umbreon-GX	Darkness
SM1M-064	Sun & Moon (TCG)	Collection Moon (/060)	Tauros-GX	Colorless
SM1M-065	Sun & Moon (TCG)	Collection Moon (/060)	Team Skull Grunt	Supporter
SM1M-066	Sun & Moon (TCG)	Collection Moon (/060)	Lillie	Supporter
SM1M-067	Sun & Moon (TCG)	Collection Moon (/060)	Lurantis-GX	Grass
SM1M-068	Sun & Moon (TCG)	Collection Moon (/060)	Lunala-GX	Psychic
SM1M-069	Sun & Moon (TCG)	Collection Moon (/060)	Umbreon-GX	Darkness
SM1M-070	Sun & Moon (TCG)	Collection Moon (/060)	Tauros-GX	Colorless
SM1M-071	Sun & Moon (TCG)	Collection Moon (/060)	Nest Ball	Item
SM1M-072	Sun & Moon (TCG)	Collection Moon (/060)	Switch	Item
SM1M-073	Sun & Moon (TCG)	Collection Moon (/060)	Psychic Energy	Energy
SM1p-052	Enhanced Expansion Pack Sun & Moon (TCG)	Sun & Moon (/051)	Decidueye-GX	Grass
SM1p-053	Enhanced Expansion Pack Sun & Moon (TCG)	Sun & Moon (/051)	Incineroar-GX	Fire
SM1p-054	Enhanced Expansion Pack Sun & Moon (TCG)	Sun & Moon (/051)	Primarina-GX	Water
SM1p-055	Enhanced Expansion Pack Sun & Moon (TCG)	Sun & Moon (/051)	Vikavolt-GX	Lightning
SM1p-056	Enhanced Expansion Pack Sun & Moon (TCG)	Sun & Moon (/051)	Toxapex-GX	Psychic
SM1p-057	Enhanced Expansion Pack Sun & Moon (TCG)	Sun & Moon (/051)	Sylveon-GX	Fairy
SM1p-058	Enhanced Expansion Pack Sun & Moon (TCG)	Sun & Moon (/051)	Drampa-GX	Colorless
SM1p-059	Enhanced Expansion Pack Sun & Moon (TCG)	Sun & Moon (/051)	Decidueye-GX	Grass
SM1p-060	Enhanced Expansion Pack Sun & Moon (TCG)	Sun & Moon (/051)	Incineroar-GX	Fire
SM1p-061	Enhanced Expansion Pack Sun & Moon (TCG)	Sun & Moon (/051)	Primarina-GX	Water
SM1p-062	Enhanced Expansion Pack Sun & Moon (TCG)	Sun & Moon (/051)	Vikavolt-GX	Lightning
SM1p-063	Enhanced Expansion Pack Sun & Moon (TCG)	Sun & Moon (/051)	Toxapex-GX	Psychic
SM1p-064	Enhanced Expansion Pack Sun & Moon (TCG)	Sun & Moon (/051)	Sylveon-GX	Fairy
SM1p-065	Enhanced Expansion Pack Sun & Moon (TCG)	Sun & Moon (/051)	Drampa-GX	Colorless
SM1p-066	Enhanced Expansion Pack Sun & Moon (TCG)	Sun & Moon (/051)	Rare Candy	Item
SM1p-067	Enhanced Expansion Pack Sun & Moon (TCG)	Sun & Moon (/051)	Double Colorless Energy	Energy
SM1p-068	Enhanced Expansion Pack Sun & Moon (TCG)	Sun & Moon (/051)	Grass Energy	Energy
SM2K-051	Guardians Rising (TCG)	Islands Await You (/050)	Turtonator-GX	Fire
SM2K-052	Guardians Rising (TCG)	Islands Await You (/050)	Alolan Ninetales-GX	Water
SM2K-053	Guardians Rising (TCG)	Islands Await You (/050)	Tapu Koko-GX	Lightning
SM2K-054	Guardians Rising (TCG)	Islands Await You (/050)	Kommo-o-GX	Dragon
SM2K-055	Guardians Rising (TCG)	Islands Await You (/050)	Hala	Supporter
SM2K-056	Guardians Rising (TCG)	Islands Await You (/050)	Turtonator-GX	Fire
SM2K-057	Guardians Rising (TCG)	Islands Await You (/050)	Alolan Ninetales-GX	Water
SM2K-058	Guardians Rising (TCG)	Islands Await You (/050)	Tapu Koko-GX	Lightning
SM2K-059	Guardians Rising (TCG)	Islands Await You (/050)	Kommo-o-GX	Dragon
SM2K-060	Guardians Rising (TCG)	Islands Await You (/050)	Field Blower	Item
SM2K-061	Guardians Rising (TCG)	Islands Await You (/050)	Max Potion	Item
SM2K-062	Guardians Rising (TCG)	Islands Await You (/050)	Lightning Energy	Energy
SM2L-051	Guardians Rising (TCG)	Alolan Moonlight (/050)	Wishiwashi-GX	Water
SM2L-052	Guardians Rising (TCG)	Alolan Moonlight (/050)	Tapu Lele-GX	Psychic
SM2L-053	Guardians Rising (TCG)	Alolan Moonlight (/050)	Lycanroc-GX	Fighting
SM2L-054	Guardians Rising (TCG)	Alolan Moonlight (/050)	Metagross-GX	Metal
SM2L-055	Guardians Rising (TCG)	Alolan Moonlight (/050)	Mallow	Supporter
SM2L-056	Guardians Rising (TCG)	Alolan Moonlight (/050)	Wishiwashi-GX	Water
SM2L-057	Guardians Rising (TCG)	Alolan Moonlight (/050)	Tapu Lele-GX	Psychic
SM2L-058	Guardians Rising (TCG)	Alolan Moonlight (/050)	Lycanroc-GX	Fighting
SM2L-059	Guardians Rising (TCG)	Alolan Moonlight (/050)	Metagross-GX	Metal
SM2L-060	Guardians Rising (TCG)	Alolan Moonlight (/050)	Aqua Patch	Item
SM2L-061	Guardians Rising (TCG)	Alolan Moonlight (/050)	Enhanced Hammer	Item
SM2L-062	Guardians Rising (TCG)	Alolan Moonlight (/050)	Fighting Energy	Energy
SM2p-050	Facing a New Trial (TCG)	Facing a New Trial (/049)	Tapu Bulu-GX	Grass
SM2p-051	Facing a New Trial (TCG)	Facing a New Trial (/049)	Salazzle-GX	Fire
SM2p-052	Facing a New Trial (TCG)	Facing a New Trial (/049)	Tapu Fini-GX	Water
SM2p-053	Facing a New Trial (TCG)	Facing a New Trial (/049)	Machamp-GX	Fighting
SM2p-054	Facing a New Trial (TCG)	Facing a New Trial (/049)	Lycanroc-GX	Fighting
SM2p-055	Facing a New Trial (TCG)	Facing a New Trial (/049)	Darkrai-GX	Darkness
SM2p-056	Facing a New Trial (TCG)	Facing a New Trial (/049)	Acerola	Supporter
SM2p-057	Facing a New Trial (TCG)	Facing a New Trial (/049)	Sophocles	Supporter
SM2p-058	Facing a New Trial (TCG)	Facing a New Trial (/049)	Tapu Bulu-GX	Grass
SM2p-059	Facing a New Trial (TCG)	Facing a New Trial (/049)	Salazzle-GX	Fire
SM2p-060	Facing a New Trial (TCG)	Facing a New Trial (/049)	Tapu Fini-GX	Water
SM2p-061	Facing a New Trial (TCG)	Facing a New Trial (/049)	Machamp-GX	Fighting
SM2p-062	Facing a New Trial (TCG)	Facing a New Trial (/049)	Lycanroc-GX	Fighting
SM2p-063	Facing a New Trial (TCG)	Facing a New Trial (/049)	Darkrai-GX	Darkness
SM2p-064	Facing a New Trial (TCG)	Facing a New Trial (/049)	Choice Band	Item
SM2p-065	Facing a New Trial (TCG)	Facing a New Trial (/049)	Multi Switch	Item
SM2p-066	Facing a New Trial (TCG)	Facing a New Trial (/049)	Darkness Energy	Energy
SM3H-052	Burning Shadows (TCG)	To Have Seen the Battle Rainbow (/051)	Charizard-GX	Fire
SM3H-053	Burning Shadows (TCG)	To Have Seen the Battle Rainbow (/051)	Ho-Oh-GX	Fire
SM3H-054	Burning Shadows (TCG)	To Have Seen the Battle Rainbow (/051)	Alolan Muk-GX	Darkness
SM3H-055	Burning Shadows (TCG)	To Have Seen the Battle Rainbow (/051)	Noivern-GX	Dragon
SM3H-056	Burning Shadows (TCG)	To Have Seen the Battle Rainbow (/051)	Kiawe	Supporter
SM3H-057	Burning Shadows (TCG)	To Have Seen the Battle Rainbow (/051)	Plumeria	Supporter
SM3H-058	Burning Shadows (TCG)	To Have Seen the Battle Rainbow (/051)	Charizard-GX	Fire
SM3H-059	Burning Shadows (TCG)	To Have Seen the Battle Rainbow (/051)	Ho-Oh-GX	Fire
SM3H-060	Burning Shadows (TCG)	To Have Seen the Battle Rainbow (/051)	Alolan Muk-GX	Darkness
SM3H-061	Burning Shadows (TCG)	To Have Seen the Battle Rainbow (/051)	Noivern-GX	Dragon
SM3H-062	Burning Shadows (TCG)	To Have Seen the Battle Rainbow (/051)	Escape Rope	Item
SM3H-063	Burning Shadows (TCG)	To Have Seen the Battle Rainbow (/051)	Bodybuilding Dumbbells	Item
SM3H-064	Burning Shadows (TCG)	To Have Seen the Battle Rainbow (/051)	Fire Energy	Energy
SM3N-052	Burning Shadows (TCG)	Darkness that Consumes Light (/051)	Golisopod-GX	Grass
SM3N-053	Burning Shadows (TCG)	Darkness that Consumes Light (/051)	Necrozma-GX	Psychic
SM3N-054	Burning Shadows (TCG)	Darkness that Consumes Light (/051)	Marshadow-GX	Fighting
SM3N-055	Burning Shadows (TCG)	Darkness that Consumes Light (/051)	Gardevoir-GX	Fairy
SM3N-056	Burning Shadows (TCG)	Darkness that Consumes Light (/051)	Guzma	Supporter
SM3N-057	Burning Shadows (TCG)	Darkness that Consumes Light (/051)	Wicke	Supporter
SM3N-058	Burning Shadows (TCG)	Darkness that Consumes Light (/051)	Golisopod-GX	Grass
SM3N-059	Burning Shadows (TCG)	Darkness that Consumes Light (/051)	Necrozma-GX	Psychic
SM3N-060	Burning Shadows (TCG)	Darkness that Consumes Light (/051)	Marshadow-GX	Fighting
SM3N-061	Burning Shadows (TCG)	Darkness that Consumes Light (/051)	Gardevoir-GX	Fairy
SM3N-062	Burning Shadows (TCG)	Darkness that Consumes Light (/051)	Super Scoop Up	Item
SM3N-063	Burning Shadows (TCG)	Darkness that Consumes Light (/051)	Rescue Stretcher	Item
SM3N-064	Burning Shadows (TCG)	Darkness that Consumes Light (/051)	Fairy Energy	Energy
SM3p-004	Shining Legends (TCG)	Shining Legends (/072)	Shining Celebi	Grass
SM3p-010	Shining Legends (TCG)	Shining Legends (/072)	Shining Genesect	Grass
SM3p-028	Shining Legends (TCG)	Shining Legends (/072)	Shining Volcanion	Water
SM3p-041	Shining Legends (TCG)	Shining Legends (/072)	Shining Mew	Psychic
SM3p-043	Shining Legends (TCG)	Shining Legends (/072)	Shining Jirachi	Psychic
SM3p-057	Shining Legends (TCG)	Shining Legends (/072)	Shining Rayquaza	Dragon
SM3p-058	Shining Legends (TCG)	Shining Legends (/072)	Shining Lugia	Colorless
SM3p-059	Shining Legends (TCG)	Shining Legends (/072)	Shining Arceus	Colorless
SM3p-073	Shining Legends (TCG)	Shining Legends (/072)	Entei-GX	Fire
SM3p-074	Shining Legends (TCG)	Shining Legends (/072)	Raichu-GX	Lightning
SM3p-075	Shining Legends (TCG)	Shining Legends (/072)	Mewtwo-GX	Psychic
SM3p-076	Shining Legends (TCG)	Shining Legends (/072)	Zoroark-GX	Darkness
SM3p-077	Shining Legends (TCG)	Shining Legends (/072)	Pokémon Breeder	Supporter
SM3p-078	Shining Legends (TCG)	Shining Legends (/072)	Entei-GX	Fire
SM3p-079	Shining Legends (TCG)	Shining Legends (/072)	Raichu-GX	Lightning
SM3p-080	Shining Legends (TCG)	Shining Legends (/072)	Mewtwo-GX	Psychic
SM3p-081	Shining Legends (TCG)	Shining Legends (/072)	Zoroark-GX	Darkness
SM3p-082	Shining Legends (TCG)	Shining Legends (/072)	Mewtwo-GX	Psychic
SM4S-051	Crimson Invasion (TCG)	Awakened Heroes (/050)	Alolan Golem-GX	Lightning
SM4S-052	Crimson Invasion (TCG)	Awakened Heroes (/050)	Buzzwole-GX	Fighting
SM4S-053	Crimson Invasion (TCG)	Awakened Heroes (/050)	Kartana-GX	Metal
SM4S-054	Crimson Invasion (TCG)	Awakened Heroes (/050)	Silvally-GX	Colorless
SM4S-055	Crimson Invasion (TCG)	Awakened Heroes (/050)	Gladion	Supporter
SM4S-056	Crimson Invasion (TCG)	Awakened Heroes (/050)	Alolan Golem-GX	Lightning
SM4S-057	Crimson Invasion (TCG)	Awakened Heroes (/050)	Buzzwole-GX	Fighting
SM4S-058	Crimson Invasion (TCG)	Awakened Heroes (/050)	Kartana-GX	Metal
SM4S-059	Crimson Invasion (TCG)	Awakened Heroes (/050)	Silvally-GX	Colorless
SM4S-060	Crimson Invasion (TCG)	Awakened Heroes (/050)	Counter Catcher	Item
SM4S-061	Crimson Invasion (TCG)	Awakened Heroes (/050)	Warp Energy	Energy
SM4S-062	Crimson Invasion (TCG)	Awakened Heroes (/050)	Metal Energy	Energy
SM4A-051	Crimson Invasion (TCG)	Ultradimensional Beasts (/050)	Gyarados-GX	Water
SM4A-052	Crimson Invasion (TCG)	Ultradimensional Beasts (/050)	Nihilego-GX	Psychic
SM4A-053	Crimson Invasion (TCG)	Ultradimensional Beasts (/050)	Guzzlord-GX	Darkness
SM4A-054	Crimson Invasion (TCG)	Ultradimensional Beasts (/050)	Alolan Exeggutor-GX	Dragon
SM4A-055	Crimson Invasion (TCG)	Ultradimensional Beasts (/050)	Lusamine	Supporter
SM4A-056	Crimson Invasion (TCG)	Ultradimensional Beasts (/050)	Gyarados-GX	Water
SM4A-057	Crimson Invasion (TCG)	Ultradimensional Beasts (/050)	Nihilego-GX	Psychic
SM4A-058	Crimson Invasion (TCG)	Ultradimensional Beasts (/050)	Guzzlord-GX	Darkness
SM4A-059	Crimson Invasion (TCG)	Ultradimensional Beasts (/050)	Alolan Exeggutor-GX	Dragon
SM4A-060	Crimson Invasion (TCG)	Ultradimensional Beasts (/050)	Wishful Baton	Item
SM4A-061	Crimson Invasion (TCG)	Ultradimensional Beasts (/050)	Counter Energy	Energy
SM4A-062	Crimson Invasion (TCG)	Ultradimensional Beasts (/050)	Water Energy	Energy
SM4p-115	GX Battle Boost (TCG)	GX Battle Boost (/114)	Pheromosa-GX	Grass
SM4p-116	GX Battle Boost (TCG)	GX Battle Boost (/114)	Xurkitree-GX	Lightning
SM4p-117	GX Battle Boost (TCG)	GX Battle Boost (/114)	Celesteela-GX	Metal
SM4p-118	GX Battle Boost (TCG)	GX Battle Boost (/114)	Lana	Supporter
SM4p-119	GX Battle Boost (TCG)	GX Battle Boost (/114)	Lillie	Supporter
SM4p-120	GX Battle Boost (TCG)	GX Battle Boost (/114)	Lusamine	Supporter
SM4p-121	GX Battle Boost (TCG)	GX Battle Boost (/114)	Pheromosa-GX	Grass
SM4p-122	GX Battle Boost (TCG)	GX Battle Boost (/114)	Xurkitree-GX	Lightning
SM4p-123	GX Battle Boost (TCG)	GX Battle Boost (/114)	Celesteela-GX	Metal
SM4p-124	GX Battle Boost (TCG)	GX Battle Boost (/114)	Lunala-GX	Psychic
SM4p-125	GX Battle Boost (TCG)	GX Battle Boost (/114)	Solgaleo-GX	Metal
SM5S-031	Ultra Prism (TCG)	Ultra Sun (/066)	Darkrai ♢	Darkness
SM5S-043	Ultra Prism (TCG)	Ultra Sun (/066)	Solgaleo ♢	Metal
SM5S-059	Ultra Prism (TCG)	Ultra Sun (/066)	Cyrus ♢	Supporter
SM5S-067	Ultra Prism (TCG)	Ultra Sun (/066)	Leafeon-GX	Grass
SM5S-068	Ultra Prism (TCG)	Ultra Sun (/066)	Dusk Mane Necrozma-GX	Metal
SM5S-069	Ultra Prism (TCG)	Ultra Sun (/066)	Dialga-GX	Dragon
SM5S-070	Ultra Prism (TCG)	Ultra Sun (/066)	Gardenia	Supporter
SM5S-071	Ultra Prism (TCG)	Ultra Sun (/066)	Pokémon Fan Club	Supporter
SM5S-072	Ultra Prism (TCG)	Ultra Sun (/066)	Mars	Supporter
SM5S-073	Ultra Prism (TCG)	Ultra Sun (/066)	Leafeon-GX	Grass
SM5S-074	Ultra Prism (TCG)	Ultra Sun (/066)	Dusk Mane Necrozma-GX	Metal
SM5S-075	Ultra Prism (TCG)	Ultra Sun (/066)	Dialga-GX	Dragon
SM5S-076	Ultra Prism (TCG)	Ultra Sun (/066)	Peeking Red Card	Item
SM5S-077	Ultra Prism (TCG)	Ultra Sun (/066)	Missing Clover	Item
SM5S-078	Ultra Prism (TCG)	Ultra Sun (/066)	Unit Energy GRW	Energy
SM5M-030	Ultra Prism (TCG)	Ultra Moon (/066)	Giratina ♢	Psychic
SM5M-032	Ultra Prism (TCG)	Ultra Moon (/066)	Lunala ♢	Psychic
SM5M-065	Ultra Prism (TCG)	Ultra Moon (/066)	Super Boost Energy ♢	Energy
SM5M-067	Ultra Prism (TCG)	Ultra Moon (/066)	Glaceon-GX	Water
SM5M-068	Ultra Prism (TCG)	Ultra Moon (/066)	Dawn Wings Necrozma-GX	Psychic
SM5M-069	Ultra Prism (TCG)	Ultra Moon (/066)	Palkia-GX	Dragon
SM5M-070	Ultra Prism (TCG)	Ultra Moon (/066)	Cynthia	Supporter
SM5M-071	Ultra Prism (TCG)	Ultra Moon (/066)	Volkner	Supporter
SM5M-072	Ultra Prism (TCG)	Ultra Moon (/066)	Looker	Supporter
SM5M-073	Ultra Prism (TCG)	Ultra Moon (/066)	Glaceon-GX	Water
SM5M-074	Ultra Prism (TCG)	Ultra Moon (/066)	Dawn Wings Necrozma-GX	Psychic
SM5M-075	Ultra Prism (TCG)	Ultra Moon (/066)	Palkia-GX	Dragon
SM5M-076	Ultra Prism (TCG)	Ultra Moon (/066)	Crushing Hammer	Item
SM5M-077	Ultra Prism (TCG)	Ultra Moon (/066)	Escape Board	Item
SM5M-078	Ultra Prism (TCG)	Ultra Moon (/066)	Unit Energy LPM	Energy
SM5p-037	Ultra Force (TCG)	Ultra Force (/050)	Arceus ♢	Colorless
SM5p-048	Ultra Force (TCG)	Ultra Force (/050)	Beast Energy ♢	Energy
SM5p-051	Ultra Force (TCG)	Ultra Force (/050)	Palkia-GX	Water
SM5p-052	Ultra Force (TCG)	Ultra Force (/050)	Naganadel-GX	Psychic
SM5p-053	Ultra Force (TCG)	Ultra Force (/050)	Lucario-GX	Fighting
SM5p-054	Ultra Force (TCG)	Ultra Force (/050)	Dialga-GX	Metal
SM5p-055	Ultra Force (TCG)	Ultra Force (/050)	Ultra Recon Squad	Supporter
SM5p-056	Ultra Force (TCG)	Ultra Force (/050)	Crasher Wake	Supporter
SM5p-057	Ultra Force (TCG)	Ultra Force (/050)	Palkia-GX	Water
SM5p-058	Ultra Force (TCG)	Ultra Force (/050)	Naganadel-GX	Psychic
SM5p-059	Ultra Force (TCG)	Ultra Force (/050)	Lucario-GX	Fighting
SM5p-060	Ultra Force (TCG)	Ultra Force (/050)	Dialga-GX	Metal
SM5p-061	Ultra Force (TCG)	Ultra Force (/050)	Energy Recycler	Item
SM5p-062	Ultra Force (TCG)	Ultra Force (/050)	Beast Ring	Item
SM5p-063	Ultra Force (TCG)	Ultra Force (/050)	Metal Frying Pan	Item
SM6-027	Forbidden Light (TCG)	Forbidden Light (/094)	Volcanion ♢	Water
SM6-051	Forbidden Light (TCG)	Forbidden Light (/094)	Diancie ♢	Fighting
SM6-089	Forbidden Light (TCG)	Forbidden Light (/094)	Lysandre ♢	Supporter
SM6-095	Forbidden Light (TCG)	Forbidden Light (/094)	Greninja-GX	Water
SM6-096	Forbidden Light (TCG)	Forbidden Light (/094)	Zygarde-GX	Fighting
SM6-097	Forbidden Light (TCG)	Forbidden Light (/094)	Yveltal-GX	Darkness
SM6-098	Forbidden Light (TCG)	Forbidden Light (/094)	Xerneas-GX	Fairy
SM6-099	Forbidden Light (TCG)	Forbidden Light (/094)	Ultra Necrozma-GX	Dragon
SM6-100	Forbidden Light (TCG)	Forbidden Light (/094)	Lady	Supporter
SM6-101	Forbidden Light (TCG)	Forbidden Light (/094)	Diantha	Supporter
SM6-102	Forbidden Light (TCG)	Forbidden Light (/094)	Bonnie	Supporter
SM6-103	Forbidden Light (TCG)	Forbidden Light (/094)	Greninja-GX	Water
SM6-104	Forbidden Light (TCG)	Forbidden Light (/094)	Zygarde-GX	Fighting
SM6-105	Forbidden Light (TCG)	Forbidden Light (/094)	Yveltal-GX	Darkness
SM6-106	Forbidden Light (TCG)	Forbidden Light (/094)	Xerneas-GX	Fairy
SM6-107	Forbidden Light (TCG)	Forbidden Light (/094)	Ultra Necrozma-GX	Dragon
SM6-108	Forbidden Light (TCG)	Forbidden Light (/094)	Eneporter	Item
SM6-109	Forbidden Light (TCG)	Forbidden Light (/094)	Mysterious Treasure	Item
SM6-110	Forbidden Light (TCG)	Forbidden Light (/094)	Unit Energy FDY	Energy
SM6a-004	Dragon Majesty (TCG)	Dragon Storm (/053)	Victini ♢	Fire
SM6a-050	Dragon Majesty (TCG)	Dragon Storm (/053)	Lance ♢	Supporter
SM6a-054	Dragon Majesty (TCG)	Dragon Storm (/053)	Reshiram-GX	Fire
SM6a-055	Dragon Majesty (TCG)	Dragon Storm (/053)	Kingdra-GX	Water
SM6a-056	Dragon Majesty (TCG)	Dragon Storm (/053)	Dragonite-GX	Dragon
SM6a-057	Dragon Majesty (TCG)	Dragon Storm (/053)	White Kyurem-GX	Dragon
SM6a-058	Dragon Majesty (TCG)	Dragon Storm (/053)	Blaine's Last Stand	Supporter
SM6a-059	Dragon Majesty (TCG)	Dragon Storm (/053)	Zinnia	Supporter
SM6a-060	Dragon Majesty (TCG)	Dragon Storm (/053)	Reshiram-GX	Fire
SM6a-061	Dragon Majesty (TCG)	Dragon Storm (/053)	Kingdra-GX	Water
SM6a-062	Dragon Majesty (TCG)	Dragon Storm (/053)	Dragonite-GX	Dragon
SM6a-063	Dragon Majesty (TCG)	Dragon Storm (/053)	White Kyurem-GX	Dragon
SM6a-064	Dragon Majesty (TCG)	Dragon Storm (/053)	Switch Raft	Item
SM6a-065	Dragon Majesty (TCG)	Dragon Storm (/053)	Fiery Flint	Item
SM6a-066	Dragon Majesty (TCG)	Dragon Storm (/053)	Dragon Talon	Item
SM6b-067	Champion Road (TCG)	Champion Road (/066)	Articuno-GX	Water
SM6b-068	Champion Road (TCG)	Champion Road (/066)	Electrode-GX	Lightning
SM6b-069	Champion Road (TCG)	Champion Road (/066)	Mr. Mime-GX	Psychic
SM6b-070	Champion Road (TCG)	Champion Road (/066)	Banette-GX	Psychic
SM6b-071	Champion Road (TCG)	Champion Road (/066)	Scizor-GX	Metal
SM6b-072	Champion Road (TCG)	Champion Road (/066)	Salamence-GX	Dragon
SM6b-073	Champion Road (TCG)	Champion Road (/066)	Underground Expedition	Supporter
SM6b-074	Champion Road (TCG)	Champion Road (/066)	TV Reporter	Supporter
SM6b-075	Champion Road (TCG)	Champion Road (/066)	Apricorn Maker	Supporter
SM6b-076	Champion Road (TCG)	Champion Road (/066)	Bill's Maintenance	Supporter
SM6b-077	Champion Road (TCG)	Champion Road (/066)	Copycat	Supporter
SM6b-078	Champion Road (TCG)	Champion Road (/066)	Articuno-GX	Water
SM6b-079	Champion Road (TCG)	Champion Road (/066)	Electrode-GX	Lightning
SM6b-080	Champion Road (TCG)	Champion Road (/066)	Mr. Mime-GX	Psychic
SM6b-081	Champion Road (TCG)	Champion Road (/066)	Banette-GX	Psychic
SM6b-082	Champion Road (TCG)	Champion Road (/066)	Scizor-GX	Metal
SM6b-083	Champion Road (TCG)	Champion Road (/066)	Salamence-GX	Dragon
SM6b-084	Champion Road (TCG)	Champion Road (/066)	Life Herb	Item
SM6b-085	Champion Road (TCG)	Champion Road (/066)	PokéNav	Item
SM6b-086	Champion Road (TCG)	Champion Road (/066)	Rainbow Energy	Energy
SM7-057	Celestial Storm (TCG)	Sky-Splitting Charisma (/096)	Jirachi ♢	Metal
SM7-066	Celestial Storm (TCG)	Sky-Splitting Charisma (/096)	Latias ♢	Dragon
SM7-067	Celestial Storm (TCG)	Sky-Splitting Charisma (/096)	Latios ♢	Dragon
SM7-097	Celestial Storm (TCG)	Sky-Splitting Charisma (/096)	Shiftry-GX	Grass
SM7-098	Celestial Storm (TCG)	Sky-Splitting Charisma (/096)	Blaziken-GX	Fire
SM7-099	Celestial Storm (TCG)	Sky-Splitting Charisma (/096)	Stakataka-GX	Metal
SM7-100	Celestial Storm (TCG)	Sky-Splitting Charisma (/096)	Altaria-GX	Dragon
SM7-101	Celestial Storm (TCG)	Sky-Splitting Charisma (/096)	Rayquaza-GX	Dragon
SM7-102	Celestial Storm (TCG)	Sky-Splitting Charisma (/096)	Steven's Resolve	Supporter
SM7-103	Celestial Storm (TCG)	Sky-Splitting Charisma (/096)	Tate & Liza	Supporter
SM7-104	Celestial Storm (TCG)	Sky-Splitting Charisma (/096)	Lisia	Supporter
SM7-105	Celestial Storm (TCG)	Sky-Splitting Charisma (/096)	Shiftry-GX	Grass
SM7-106	Celestial Storm (TCG)	Sky-Splitting Charisma (/096)	Blaziken-GX	Fire
SM7-107	Celestial Storm (TCG)	Sky-Splitting Charisma (/096)	Stakataka-GX	Metal
SM7-108	Celestial Storm (TCG)	Sky-Splitting Charisma (/096)	Altaria-GX	Dragon
SM7-109	Celestial Storm (TCG)	Sky-Splitting Charisma (/096)	Rayquaza-GX	Dragon
SM7-110	Celestial Storm (TCG)	Sky-Splitting Charisma (/096)	Acro Bike	Item
SM7-111	Celestial Storm (TCG)	Sky-Splitting Charisma (/096)	Rainbow Brush	Item
SM7-112	Celestial Storm (TCG)	Sky-Splitting Charisma (/096)	Hustle Belt	Item
SM7a-043	Thunderclap Spark (TCG)	Thunderclap Spark (/060)	Ditto ♢	Colorless
SM7a-058	Thunderclap Spark (TCG)	Thunderclap Spark (/060)	Thunder Mountain ♢	Stadium
SM7a-061	Thunderclap Spark (TCG)	Thunderclap Spark (/060)	Virizion-GX	Grass
SM7a-062	Thunderclap Spark (TCG)	Thunderclap Spark (/060)	Magcargo-GX	Fire
SM7a-063	Thunderclap Spark (TCG)	Thunderclap Spark (/060)	Zeraora-GX	Lightning
SM7a-064	Thunderclap Spark (TCG)	Thunderclap Spark (/060)	Genesect-GX	Metal
SM7a-065	Thunderclap Spark (TCG)	Thunderclap Spark (/060)	Kahili	Supporter
SM7a-066	Thunderclap Spark (TCG)	Thunderclap Spark (/060)	Judge	Supporter
SM7a-067	Thunderclap Spark (TCG)	Thunderclap Spark (/060)	Virizion-GX	Grass
SM7a-068	Thunderclap Spark (TCG)	Thunderclap Spark (/060)	Magcargo-GX	Fire
SM7a-069	Thunderclap Spark (TCG)	Thunderclap Spark (/060)	Zeraora-GX	Lightning
SM7a-070	Thunderclap Spark (TCG)	Thunderclap Spark (/060)	Genesect-GX	Metal
SM7a-071	Thunderclap Spark (TCG)	Thunderclap Spark (/060)	Electropower	Item
SM7a-072	Thunderclap Spark (TCG)	Thunderclap Spark (/060)	Custom Catcher	Item
SM7a-073	Thunderclap Spark (TCG)	Thunderclap Spark (/060)	Counter Gain	Item
SM7b-033	Fairy Rise (TCG)	Fairy Rise (/050)	Xerneas ♢	Fairy
SM7b-050	Fairy Rise (TCG)	Fairy Rise (/050)	Life Forest ♢	Stadium
SM7b-051	Fairy Rise (TCG)	Fairy Rise (/050)	Sceptile-GX	Grass
SM7b-052	Fairy Rise (TCG)	Fairy Rise (/050)	Sigilyph-GX	Psychic
SM7b-053	Fairy Rise (TCG)	Fairy Rise (/050)	Alolan Ninetales-GX	Fairy
SM7b-054	Fairy Rise (TCG)	Fairy Rise (/050)	Mimikyu-GX	Fairy
SM7b-055	Fairy Rise (TCG)	Fairy Rise (/050)	Morty	Supporter
SM7b-056	Fairy Rise (TCG)	Fairy Rise (/050)	Mina	Supporter
SM7b-057	Fairy Rise (TCG)	Fairy Rise (/050)	Sceptile-GX	Grass
SM7b-058	Fairy Rise (TCG)	Fairy Rise (/050)	Sigilyph-GX	Psychic
SM7b-059	Fairy Rise (TCG)	Fairy Rise (/050)	Alolan Ninetales-GX	Fairy
SM7b-060	Fairy Rise (TCG)	Fairy Rise (/050)	Mimikyu-GX	Fairy
SM7b-061	Fairy Rise (TCG)	Fairy Rise (/050)	Net Ball	Item
SM7b-062	Fairy Rise (TCG)	Fairy Rise (/050)	Adventure Bag	Item
SM7b-063	Fairy Rise (TCG)	Fairy Rise (/050)	Spell Tag	Item
SM8-015	Lost Thunder (TCG)	Super-Burst Impact (/095)	Celebi ♢	Grass
SM8-092	Lost Thunder (TCG)	Super-Burst Impact (/095)	Lusamine ♢	Supporter
SM8-093	Lost Thunder (TCG)	Super-Burst Impact (/095)	Heat Factory ♢	Stadium
SM8-096	Lost Thunder (TCG)	Super-Burst Impact (/095)	Shuckle-GX	Grass
SM8-097	Lost Thunder (TCG)	Super-Burst Impact (/095)	Blacephalon-GX	Fire
SM8-098	Lost Thunder (TCG)	Super-Burst Impact (/095)	Suicune-GX	Water
SM8-099	Lost Thunder (TCG)	Super-Burst Impact (/095)	Tyranitar-GX	Darkness
SM8-100	Lost Thunder (TCG)	Super-Burst Impact (/095)	Lugia-GX	Colorless
SM8-101	Lost Thunder (TCG)	Super-Burst Impact (/095)	Whitney	Supporter
SM8-102	Lost Thunder (TCG)	Super-Burst Impact (/095)	Professor Elm's Lecture	Supporter
SM8-103	Lost Thunder (TCG)	Super-Burst Impact (/095)	Faba	Supporter
SM8-104	Lost Thunder (TCG)	Super-Burst Impact (/095)	Shuckle-GX	Grass
SM8-105	Lost Thunder (TCG)	Super-Burst Impact (/095)	Blacephalon-GX	Fire
SM8-106	Lost Thunder (TCG)	Super-Burst Impact (/095)	Suicune-GX	Water
SM8-107	Lost Thunder (TCG)	Super-Burst Impact (/095)	Tyranitar-GX	Darkness
SM8-108	Lost Thunder (TCG)	Super-Burst Impact (/095)	Lugia-GX	Colorless
SM8-109	Lost Thunder (TCG)	Super-Burst Impact (/095)	Wait and See Hammer	Item
SM8-110	Lost Thunder (TCG)	Super-Burst Impact (/095)	Lost Blender	Item
SM8-111	Lost Thunder (TCG)	Super-Burst Impact (/095)	Choice Helmet	Item
SM8a-014	Dark Order (TCG)	Dark Order (/052)	Tapu Koko ♢	Lightning
SM8a-052	Dark Order (TCG)	Dark Order (/052)	Black Market ♢	Stadium
SM8a-053	Dark Order (TCG)	Dark Order (/052)	Ampharos-GX	Lightning
SM8a-054	Dark Order (TCG)	Dark Order (/052)	Hoopa-GX	Darkness
SM8a-055	Dark Order (TCG)	Dark Order (/052)	Incineroar-GX	Darkness
SM8a-056	Dark Order (TCG)	Dark Order (/052)	Cobalion-GX	Metal
SM8a-057	Dark Order (TCG)	Dark Order (/052)	Nanu	Supporter
SM8a-058	Dark Order (TCG)	Dark Order (/052)	Jasmine	Supporter
SM8a-059	Dark Order (TCG)	Dark Order (/052)	Ampharos-GX	Lightning
SM8a-060	Dark Order (TCG)	Dark Order (/052)	Hoopa-GX	Darkness
SM8a-061	Dark Order (TCG)	Dark Order (/052)	Incineroar-GX	Darkness
SM8a-062	Dark Order (TCG)	Dark Order (/052)	Cobalion-GX	Metal
SM8a-063	Dark Order (TCG)	Dark Order (/052)	Electrocharger	Item
SM8a-064	Dark Order (TCG)	Dark Order (/052)	Dangerous Drill	Item
SM8a-065	Dark Order (TCG)	Dark Order (/052)	Metal Goggles	Item
SM8b-006	Hidden Fates (TCG)	GX Ultra Shiny (/150)	Shaymin ♢	Grass
SM8b-047	Hidden Fates (TCG)	GX Ultra Shiny (/150)	Lunala ♢	Psychic
SM8b-058	Hidden Fates (TCG)	GX Ultra Shiny (/150)	Diancie ♢	Fighting
SM8b-082	Hidden Fates (TCG)	GX Ultra Shiny (/150)	Solgaleo ♢	Metal
SM8b-145	Hidden Fates (TCG)	GX Ultra Shiny (/150)	Wondrous Labyrinth ♢	Stadium
SM8b-147	Hidden Fates (TCG)	GX Ultra Shiny (/150)	Beast Energy ♢	Energy
SM8b-151	Hidden Fates (TCG)	GX Ultra Shiny (/150)	Aether Foundation Employee	Supporter
SM8b-152	Hidden Fates (TCG)	GX Ultra Shiny (/150)	Guzma	Supporter
SM8b-153	Hidden Fates (TCG)	GX Ultra Shiny (/150)	Cynthia	Supporter
SM8b-154	Hidden Fates (TCG)	GX Ultra Shiny (/150)	Fisherman	Supporter
SM8b-155	Hidden Fates (TCG)	GX Ultra Shiny (/150)	Ingo & Emmet	Supporter
SM8b-156	Hidden Fates (TCG)	GX Ultra Shiny (/150)	Hiker	Supporter
SM8b-157	Hidden Fates (TCG)	GX Ultra Shiny (/150)	Morgan	Supporter
SM8b-158	Hidden Fates (TCG)	GX Ultra Shiny (/150)	Dana	Supporter
SM8b-159	Hidden Fates (TCG)	GX Ultra Shiny (/150)	Evelyn	Supporter
SM8b-160	Hidden Fates (TCG)	GX Ultra Shiny (/150)	Nita	Supporter
SM8b-161	Hidden Fates (TCG)	GX Ultra Shiny (/150)	Scyther	Grass
SM8b-162	Hidden Fates (TCG)	GX Ultra Shiny (/150)	Rowlet	Grass
SM8b-163	Hidden Fates (TCG)	GX Ultra Shiny (/150)	Dartrix	Grass
SM8b-164	Hidden Fates (TCG)	GX Ultra Shiny (/150)	Wimpod	Grass
SM8b-165	Hidden Fates (TCG)	GX Ultra Shiny (/150)	Pheromosa	Grass
SM8b-166	Hidden Fates (TCG)	GX Ultra Shiny (/150)	Charmander	Fire
SM8b-167	Hidden Fates (TCG)	GX Ultra Shiny (/150)	Charmeleon	Fire
SM8b-168	Hidden Fates (TCG)	GX Ultra Shiny (/150)	Alolan Vulpix	Water
SM8b-169	Hidden Fates (TCG)	GX Ultra Shiny (/150)	Wooper	Water
SM8b-170	Hidden Fates (TCG)	GX Ultra Shiny (/150)	Quagsire	Water
SM8b-171	Hidden Fates (TCG)	GX Ultra Shiny (/150)	Froakie	Water
SM8b-172	Hidden Fates (TCG)	GX Ultra Shiny (/150)	Frogadier	Water
SM8b-173	Hidden Fates (TCG)	GX Ultra Shiny (/150)	Voltorb	Lightning
SM8b-174	Hidden Fates (TCG)	GX Ultra Shiny (/150)	Xurkitree	Lightning
SM8b-175	Hidden Fates (TCG)	GX Ultra Shiny (/150)	Seviper	Psychic
SM8b-176	Hidden Fates (TCG)	GX Ultra Shiny (/150)	Shuppet	Psychic
SM8b-177	Hidden Fates (TCG)	GX Ultra Shiny (/150)	Inkay	Psychic
SM8b-178	Hidden Fates (TCG)	GX Ultra Shiny (/150)	Malamar	Psychic
SM8b-179	Hidden Fates (TCG)	GX Ultra Shiny (/150)	Poipole	Psychic
SM8b-180	Hidden Fates (TCG)	GX Ultra Shiny (/150)	Sudowoodo	Fighting
SM8b-181	Hidden Fates (TCG)	GX Ultra Shiny (/150)	Riolu	Fighting
SM8b-182	Hidden Fates (TCG)	GX Ultra Shiny (/150)	Lucario	Fighting
SM8b-183	Hidden Fates (TCG)	GX Ultra Shiny (/150)	Rockruff	Fighting
SM8b-184	Hidden Fates (TCG)	GX Ultra Shiny (/150)	Buzzwole	Fighting
SM8b-185	Hidden Fates (TCG)	GX Ultra Shiny (/150)	Zorua	Darkness
SM8b-186	Hidden Fates (TCG)	GX Ultra Shiny (/150)	Guzzlord	Darkness
SM8b-187	Hidden Fates (TCG)	GX Ultra Shiny (/150)	Magnemite	Metal
SM8b-188	Hidden Fates (TCG)	GX Ultra Shiny (/150)	Magneton	Metal
SM8b-189	Hidden Fates (TCG)	GX Ultra Shiny (/150)	Magnezone	Metal
SM8b-190	Hidden Fates (TCG)	GX Ultra Shiny (/150)	Beldum	Metal
SM8b-191	Hidden Fates (TCG)	GX Ultra Shiny (/150)	Metang	Metal
SM8b-192	Hidden Fates (TCG)	GX Ultra Shiny (/150)	Celesteela	Metal
SM8b-193	Hidden Fates (TCG)	GX Ultra Shiny (/150)	Kartana	Metal
SM8b-194	Hidden Fates (TCG)	GX Ultra Shiny (/150)	Ralts	Fairy
SM8b-195	Hidden Fates (TCG)	GX Ultra Shiny (/150)	Kirlia	Fairy
SM8b-196	Hidden Fates (TCG)	GX Ultra Shiny (/150)	Diancie	Fairy
SM8b-197	Hidden Fates (TCG)	GX Ultra Shiny (/150)	Altaria	Dragon
SM8b-198	Hidden Fates (TCG)	GX Ultra Shiny (/150)	Gible	Dragon
SM8b-199	Hidden Fates (TCG)	GX Ultra Shiny (/150)	Gabite	Dragon
SM8b-200	Hidden Fates (TCG)	GX Ultra Shiny (/150)	Garchomp	Dragon
SM8b-201	Hidden Fates (TCG)	GX Ultra Shiny (/150)	Eevee	Colorless
SM8b-202	Hidden Fates (TCG)	GX Ultra Shiny (/150)	Swablu	Colorless
SM8b-203	Hidden Fates (TCG)	GX Ultra Shiny (/150)	Noibat	Colorless
SM8b-204	Hidden Fates (TCG)	GX Ultra Shiny (/150)	Oranguru	Colorless
SM8b-205	Hidden Fates (TCG)	GX Ultra Shiny (/150)	Type: Null	Colorless
SM8b-206	Hidden Fates (TCG)	GX Ultra Shiny (/150)	Leafeon-GX	Grass
SM8b-207	Hidden Fates (TCG)	GX Ultra Shiny (/150)	Decidueye-GX	Grass
SM8b-208	Hidden Fates (TCG)	GX Ultra Shiny (/150)	Golisopod-GX	Grass
SM8b-209	Hidden Fates (TCG)	GX Ultra Shiny (/150)	Charizard-GX	Fire
SM8b-210	Hidden Fates (TCG)	GX Ultra Shiny (/150)	Ho-Oh-GX	Fire
SM8b-211	Hidden Fates (TCG)	GX Ultra Shiny (/150)	Reshiram-GX	Fire
SM8b-212	Hidden Fates (TCG)	GX Ultra Shiny (/150)	Turtonator-GX	Fire
SM8b-213	Hidden Fates (TCG)	GX Ultra Shiny (/150)	Alolan Ninetales-GX	Water
SM8b-214	Hidden Fates (TCG)	GX Ultra Shiny (/150)	Articuno-GX	Water
SM8b-215	Hidden Fates (TCG)	GX Ultra Shiny (/150)	Glaceon-GX	Water
SM8b-216	Hidden Fates (TCG)	GX Ultra Shiny (/150)	Greninja-GX	Water
SM8b-217	Hidden Fates (TCG)	GX Ultra Shiny (/150)	Electrode-GX	Lightning
SM8b-218	Hidden Fates (TCG)	GX Ultra Shiny (/150)	Xurkitree-GX	Lightning
SM8b-219	Hidden Fates (TCG)	GX Ultra Shiny (/150)	Mewtwo-GX	Psychic
SM8b-220	Hidden Fates (TCG)	GX Ultra Shiny (/150)	Espeon-GX	Psychic
SM8b-221	Hidden Fates (TCG)	GX Ultra Shiny (/150)	Banette-GX	Psychic
SM8b-222	Hidden Fates (TCG)	GX Ultra Shiny (/150)	Nihilego-GX	Psychic
SM8b-223	Hidden Fates (TCG)	GX Ultra Shiny (/150)	Naganadel-GX	Psychic
SM8b-224	Hidden Fates (TCG)	GX Ultra Shiny (/150)	Lucario-GX	Fighting
SM8b-225	Hidden Fates (TCG)	GX Ultra Shiny (/150)	Zygarde-GX	Fighting
SM8b-226	Hidden Fates (TCG)	GX Ultra Shiny (/150)	Lycanroc-GX	Fighting
SM8b-227	Hidden Fates (TCG)	GX Ultra Shiny (/150)	Lycanroc-GX	Fighting
SM8b-228	Hidden Fates (TCG)	GX Ultra Shiny (/150)	Buzzwole-GX	Fighting
SM8b-229	Hidden Fates (TCG)	GX Ultra Shiny (/150)	Umbreon-GX	Darkness
SM8b-230	Hidden Fates (TCG)	GX Ultra Shiny (/150)	Darkrai-GX	Darkness
SM8b-231	Hidden Fates (TCG)	GX Ultra Shiny (/150)	Zoroark-GX	Darkness
SM8b-232	Hidden Fates (TCG)	GX Ultra Shiny (/150)	Guzzlord-GX	Darkness
SM8b-233	Hidden Fates (TCG)	GX Ultra Shiny (/150)	Scizor-GX	Metal
SM8b-234	Hidden Fates (TCG)	GX Ultra Shiny (/150)	Metagross-GX	Metal
SM8b-235	Hidden Fates (TCG)	GX Ultra Shiny (/150)	Kartana-GX	Metal
SM8b-236	Hidden Fates (TCG)	GX Ultra Shiny (/150)	Stakataka-GX	Metal
SM8b-237	Hidden Fates (TCG)	GX Ultra Shiny (/150)	Gardevoir-GX	Fairy
SM8b-238	Hidden Fates (TCG)	GX Ultra Shiny (/150)	Sylveon-GX	Fairy
SM8b-239	Hidden Fates (TCG)	GX Ultra Shiny (/150)	Altaria-GX	Dragon
SM8b-240	Hidden Fates (TCG)	GX Ultra Shiny (/150)	Rayquaza-GX	Dragon
SM8b-241	Hidden Fates (TCG)	GX Ultra Shiny (/150)	Noivern-GX	Dragon
SM8b-242	Hidden Fates (TCG)	GX Ultra Shiny (/150)	Silvally-GX	Colorless
SM8b-243	Hidden Fates (TCG)	GX Ultra Shiny (/150)	Drampa-GX	Colorless
SM8b-244	Hidden Fates (TCG)	GX Ultra Shiny (/150)	Tapu Bulu-GX	Grass
SM8b-245	Hidden Fates (TCG)	GX Ultra Shiny (/150)	Tapu Fini-GX	Water
SM8b-246	Hidden Fates (TCG)	GX Ultra Shiny (/150)	Tapu Koko-GX	Lightning
SM8b-247	Hidden Fates (TCG)	GX Ultra Shiny (/150)	Tapu Lele-GX	Psychic
SM8b-248	Hidden Fates (TCG)	GX Ultra Shiny (/150)	Lunala-GX	Psychic
SM8b-249	Hidden Fates (TCG)	GX Ultra Shiny (/150)	Solgaleo-GX	Metal
SM8b-250	Hidden Fates (TCG)	GX Ultra Shiny (/150)	Ultra Necrozma-GX	Dragon
SM9-092	Team Up (TCG)	Tag Bolt (/095)	Aqua Patch	Item
SM9-093	Team Up (TCG)	Tag Bolt (/095)	Field Blower	Item
SM9-094	Team Up (TCG)	Tag Bolt (/095)	Choice Band	Item
SM9-095	Team Up (TCG)	Tag Bolt (/095)	Volkner	Supporter
SM9-096	Team Up (TCG)	Tag Bolt (/095)	Celebi & Venusaur-GX	Grass
SM9-097	Team Up (TCG)	Tag Bolt (/095)	Celebi & Venusaur-GX	Grass
SM9-098	Team Up (TCG)	Tag Bolt (/095)	Magikarp & Wailord-GX	Water
SM9-099	Team Up (TCG)	Tag Bolt (/095)	Magikarp & Wailord-GX	Water
SM9-100	Team Up (TCG)	Tag Bolt (/095)	Pikachu & Zekrom-GX	Lightning
SM9-101	Team Up (TCG)	Tag Bolt (/095)	Pikachu & Zekrom-GX	Lightning
SM9-102	Team Up (TCG)	Tag Bolt (/095)	Gengar & Mimikyu-GX	Psychic
SM9-103	Team Up (TCG)	Tag Bolt (/095)	Gengar & Mimikyu-GX	Psychic
SM9-104	Team Up (TCG)	Tag Bolt (/095)	Latias & Latios-GX	Dragon
SM9-105	Team Up (TCG)	Tag Bolt (/095)	Latias & Latios-GX	Dragon
SM9-106	Team Up (TCG)	Tag Bolt (/095)	Eevee & Snorlax-GX	Colorless
SM9-107	Team Up (TCG)	Tag Bolt (/095)	Erika's Hospitality	Supporter
SM9-108	Team Up (TCG)	Tag Bolt (/095)	Brock's Grit	Supporter
SM9-109	Team Up (TCG)	Tag Bolt (/095)	Sabrina's Suggestion	Supporter
SM9-110	Team Up (TCG)	Tag Bolt (/095)	Celebi & Venusaur-GX	Grass
SM9-111	Team Up (TCG)	Tag Bolt (/095)	Magikarp & Wailord-GX	Water
SM9-112	Team Up (TCG)	Tag Bolt (/095)	Pikachu & Zekrom-GX	Lightning
SM9-113	Team Up (TCG)	Tag Bolt (/095)	Gengar & Mimikyu-GX	Psychic
SM9-114	Team Up (TCG)	Tag Bolt (/095)	Latias & Latios-GX	Dragon
SM9-115	Team Up (TCG)	Tag Bolt (/095)	Eevee & Snorlax-GX	Colorless
SM9-116	Team Up (TCG)	Tag Bolt (/095)	Pokémon Communication	Item
SM9-117	Team Up (TCG)	Tag Bolt (/095)	Judge Whistle	Item
SM9-118	Team Up (TCG)	Tag Bolt (/095)	Brooklet Hill	Stadium
SM9a-052	Night Unison (TCG)	Night Unison (/055)	Electropower	Item
SM9a-053	Night Unison (TCG)	Night Unison (/055)	Enhanced Hammer	Item
SM9a-054	Night Unison (TCG)	Night Unison (/055)	Max Potion	Item
SM9a-055	Night Unison (TCG)	Night Unison (/055)	Guzma	Supporter
SM9a-056	Night Unison (TCG)	Night Unison (/055)	Venomoth-GX	Grass
SM9a-057	Night Unison (TCG)	Night Unison (/055)	Dedenne-GX	Lightning
SM9a-058	Night Unison (TCG)	Night Unison (/055)	Greninja & Zoroark-GX	Darkness
SM9a-059	Night Unison (TCG)	Night Unison (/055)	Greninja & Zoroark-GX	Darkness
SM9a-060	Night Unison (TCG)	Night Unison (/055)	Gardevoir & Sylveon-GX	Fairy
SM9a-061	Night Unison (TCG)	Night Unison (/055)	Gardevoir & Sylveon-GX	Fairy
SM9a-062	Night Unison (TCG)	Night Unison (/055)	Janine	Supporter
SM9a-063	Night Unison (TCG)	Night Unison (/055)	Koga's Trap	Supporter
SM9a-064	Night Unison (TCG)	Night Unison (/055)	Venomoth-GX	Grass
SM9a-065	Night Unison (TCG)	Night Unison (/055)	Dedenne-GX	Lightning
SM9a-066	Night Unison (TCG)	Night Unison (/055)	Greninja & Zoroark-GX	Darkness
SM9a-067	Night Unison (TCG)	Night Unison (/055)	Gardevoir & Sylveon-GX	Fairy
SM9a-068	Night Unison (TCG)	Night Unison (/055)	Electromagnetic Radar	Item
SM9a-069	Night Unison (TCG)	Night Unison (/055)	Pokégear 3.0	Item
SM9a-070	Night Unison (TCG)	Night Unison (/055)	Aether Paradise Conservation Area	Stadium
SM9b-051	Full Metal Wall (TCG)	Full Metal Wall (/054)	Ultra Ball	Item
SM9b-052	Full Metal Wall (TCG)	Full Metal Wall (/054)	Beast Ring	Item
SM9b-053	Full Metal Wall (TCG)	Full Metal Wall (/054)	Metal Frying Pan	Item
SM9b-054	Full Metal Wall (TCG)	Full Metal Wall (/054)	Acerola	Supporter
SM9b-055	Full Metal Wall (TCG)	Full Metal Wall (/054)	Pheromosa & Buzzwole-GX	Grass
SM9b-056	Full Metal Wall (TCG)	Full Metal Wall (/054)	Pheromosa & Buzzwole-GX	Grass
SM9b-057	Full Metal Wall (TCG)	Full Metal Wall (/054)	Blastoise-GX	Water
SM9b-058	Full Metal Wall (TCG)	Full Metal Wall (/054)	Lucario & Melmetal-GX	Metal
SM9b-059	Full Metal Wall (TCG)	Full Metal Wall (/054)	Lucario & Melmetal-GX	Metal
SM9b-060	Full Metal Wall (TCG)	Full Metal Wall (/054)	Celesteela-GX	Colorless
SM9b-061	Full Metal Wall (TCG)	Full Metal Wall (/054)	Green's Exploration	Supporter
SM9b-062	Full Metal Wall (TCG)	Full Metal Wall (/054)	Molayne	Supporter
SM9b-063	Full Metal Wall (TCG)	Full Metal Wall (/054)	Pheromosa & Buzzwole-GX	Grass
SM9b-064	Full Metal Wall (TCG)	Full Metal Wall (/054)	Blastoise-GX	Water
SM9b-065	Full Metal Wall (TCG)	Full Metal Wall (/054)	Lucario & Melmetal-GX	Metal
SM9b-066	Full Metal Wall (TCG)	Full Metal Wall (/054)	Celesteela-GX	Colorless
SM9b-067	Full Metal Wall (TCG)	Full Metal Wall (/054)	Beast Bringer	Item
SM9b-068	Full Metal Wall (TCG)	Full Metal Wall (/054)	Metal Core Barrier	Item
SM9b-069	Full Metal Wall (TCG)	Full Metal Wall (/054)	Mt. Coronet	Stadium
SM10-092	Unbroken Bonds (TCG)	Double Blaze (/095)	Fiery Flint	Item
SM10-093	Unbroken Bonds (TCG)	Double Blaze (/095)	Rescue Stretcher	Item
SM10-094	Unbroken Bonds (TCG)	Double Blaze (/095)	Kiawe	Supporter
SM10-095	Unbroken Bonds (TCG)	Double Blaze (/095)	Cynthia	Supporter
SM10-096	Unbroken Bonds (TCG)	Double Blaze (/095)	Reshiram & Charizard-GX	Fire
SM10-097	Unbroken Bonds (TCG)	Double Blaze (/095)	Reshiram & Charizard-GX	Fire
SM10-098	Unbroken Bonds (TCG)	Double Blaze (/095)	Muk & Alolan Muk-GX	Psychic
SM10-099	Unbroken Bonds (TCG)	Double Blaze (/095)	Muk & Alolan Muk-GX	Psychic
SM10-100	Unbroken Bonds (TCG)	Double Blaze (/095)	Marshadow & Machamp-GX	Fighting
SM10-101	Unbroken Bonds (TCG)	Double Blaze (/095)	Marshadow & Machamp-GX	Fighting
SM10-102	Unbroken Bonds (TCG)	Double Blaze (/095)	Honchkrow-GX	Darkness
SM10-103	Unbroken Bonds (TCG)	Double Blaze (/095)	Whimsicott-GX	Fairy
SM10-104	Unbroken Bonds (TCG)	Double Blaze (/095)	Persian-GX	Colorless
SM10-105	Unbroken Bonds (TCG)	Double Blaze (/095)	Giovanni's Exile	Supporter
SM10-106	Unbroken Bonds (TCG)	Double Blaze (/095)	Welder	Supporter
SM10-107	Unbroken Bonds (TCG)	Double Blaze (/095)	Red's Challenge	Supporter
SM10-108	Unbroken Bonds (TCG)	Double Blaze (/095)	Reshiram & Charizard-GX	Fire
SM10-109	Unbroken Bonds (TCG)	Double Blaze (/095)	Muk & Alolan Muk-GX	Psychic
SM10-110	Unbroken Bonds (TCG)	Double Blaze (/095)	Marshadow & Machamp-GX	Fighting
SM10-111	Unbroken Bonds (TCG)	Double Blaze (/095)	Honchkrow-GX	Darkness
SM10-112	Unbroken Bonds (TCG)	Double Blaze (/095)	Whimsicott-GX	Fairy
SM10-113	Unbroken Bonds (TCG)	Double Blaze (/095)	Persian-GX	Colorless
SM10-114	Unbroken Bonds (TCG)	Double Blaze (/095)	Fire Crystal	Item
SM10-115	Unbroken Bonds (TCG)	Double Blaze (/095)	Shrine of Punishment	Stadium
SM10-116	Unbroken Bonds (TCG)	Double Blaze (/095)	Triple Acceleration Energy	Energy
SM10a-051	GG End (TCG)	GG End (/054)	Escape Rope	Item
SM10a-052	GG End (TCG)	GG End (/054)	Nest Ball	Item
SM10a-053	GG End (TCG)	GG End (/054)	Rotom Dex	Item
SM10a-054	GG End (TCG)	GG End (/054)	Tate & Liza	Supporter
SM10a-055	GG End (TCG)	GG End (/054)	Heatran-GX	Fire
SM10a-056	GG End (TCG)	GG End (/054)	Raichu & Alolan Raichu-GX	Lightning
SM10a-057	GG End (TCG)	GG End (/054)	Raichu & Alolan Raichu-GX	Lightning
SM10a-058	GG End (TCG)	GG End (/054)	Mawile-GX	Metal
SM10a-059	GG End (TCG)	GG End (/054)	Garchomp & Giratina-GX	Dragon
SM10a-060	GG End (TCG)	GG End (/054)	Garchomp & Giratina-GX	Dragon
SM10a-061	GG End (TCG)	GG End (/054)	Grimsley	Supporter
SM10a-062	GG End (TCG)	GG End (/054)	Coach Trainer	Supporter
SM10a-063	GG End (TCG)	GG End (/054)	Heatran-GX	Fire
SM10a-064	GG End (TCG)	GG End (/054)	Raichu & Alolan Raichu-GX	Lightning
SM10a-065	GG End (TCG)	GG End (/054)	Mawile-GX	Metal
SM10a-066	GG End (TCG)	GG End (/054)	Garchomp & Giratina-GX	Dragon
SM10a-067	GG End (TCG)	GG End (/054)	Tag Switch	Item
SM10a-068	GG End (TCG)	GG End (/054)	Reset Stamp	Item
SM10a-069	GG End (TCG)	GG End (/054)	Karate Belt	Item
SM10b-051	Sky Legend (TCG)	Sky Legend (/054)	Net Ball	Item
SM10b-052	Sky Legend (TCG)	Sky Legend (/054)	Gladion	Supporter
SM10b-053	Sky Legend (TCG)	Sky Legend (/054)	Lillie	Supporter
SM10b-054	Sky Legend (TCG)	Sky Legend (/054)	Lusamine	Supporter
SM10b-055	Sky Legend (TCG)	Sky Legend (/054)	Rowlet & Alolan Exeggutor-GX	Grass
SM10b-056	Sky Legend (TCG)	Sky Legend (/054)	Rowlet & Alolan Exeggutor-GX	Grass
SM10b-057	Sky Legend (TCG)	Sky Legend (/054)	Keldeo-GX	Water
SM10b-058	Sky Legend (TCG)	Sky Legend (/054)	Naganadel-GX	Dragon
SM10b-059	Sky Legend (TCG)	Sky Legend (/054)	Moltres & Zapdos & Articuno-GX	Colorless
SM10b-060	Sky Legend (TCG)	Sky Legend (/054)	Moltres & Zapdos & Articuno-GX	Colorless
SM10b-061	Sky Legend (TCG)	Sky Legend (/054)	Poké Maniac	Supporter
SM10b-062	Sky Legend (TCG)	Sky Legend (/054)	Jessie & James	Supporter
SM10b-063	Sky Legend (TCG)	Sky Legend (/054)	Rowlet & Alolan Exeggutor-GX	Grass
SM10b-064	Sky Legend (TCG)	Sky Legend (/054)	Keldeo-GX	Water
SM10b-065	Sky Legend (TCG)	Sky Legend (/054)	Naganadel-GX	Dragon
SM10b-066	Sky Legend (TCG)	Sky Legend (/054)	Moltres & Zapdos & Articuno-GX	Colorless
SM10b-067	Sky Legend (TCG)	Sky Legend (/054)	U-Turn Board	Item
SM10b-068	Sky Legend (TCG)	Sky Legend (/054)	Viridian Forest	Stadium
SM10b-069	Sky Legend (TCG)	Sky Legend (/054)	Recycle Energy	Energy
SM11-091	Unified Minds (TCG)	Miracle Twin (/094)	Pal Pad	Item
SM11-092	Unified Minds (TCG)	Miracle Twin (/094)	Pokégear 3.0	Item
SM11-093	Unified Minds (TCG)	Miracle Twin (/094)	Mysterious Treasure	Item
SM11-094	Unified Minds (TCG)	Miracle Twin (/094)	Sightseer	Supporter
SM11-095	Unified Minds (TCG)	Miracle Twin (/094)	Slowpoke & Psyduck-GX	Water
SM11-096	Unified Minds (TCG)	Miracle Twin (/094)	Slowpoke & Psyduck-GX	Water
SM11-097	Unified Minds (TCG)	Miracle Twin (/094)	Mewtwo & Mew-GX	Psychic
SM11-098	Unified Minds (TCG)	Miracle Twin (/094)	Mewtwo & Mew-GX	Psychic
SM11-099	Unified Minds (TCG)	Miracle Twin (/094)	Latios-GX	Psychic
SM11-100	Unified Minds (TCG)	Miracle Twin (/094)	Aerodactyl-GX	Fighting
SM11-101	Unified Minds (TCG)	Miracle Twin (/094)	Mega Sableye & Tyranitar-GX	Darkness
SM11-102	Unified Minds (TCG)	Miracle Twin (/094)	Mega Sableye & Tyranitar-GX	Darkness
SM11-103	Unified Minds (TCG)	Miracle Twin (/094)	Dragonite-GX	Dragon
SM11-104	Unified Minds (TCG)	Miracle Twin (/094)	Misty's Favor	Supporter
SM11-105	Unified Minds (TCG)	Miracle Twin (/094)	Channeler	Supporter
SM11-106	Unified Minds (TCG)	Miracle Twin (/094)	Blue's Tactics	Supporter
SM11-107	Unified Minds (TCG)	Miracle Twin (/094)	Slowpoke & Psyduck-GX	Water
SM11-108	Unified Minds (TCG)	Miracle Twin (/094)	Mewtwo & Mew-GX	Psychic
SM11-109	Unified Minds (TCG)	Miracle Twin (/094)	Latios-GX	Psychic
SM11-110	Unified Minds (TCG)	Miracle Twin (/094)	Aerodactyl-GX	Fighting
SM11-111	Unified Minds (TCG)	Miracle Twin (/094)	Mega Sableye & Tyranitar-GX	Darkness
SM11-112	Unified Minds (TCG)	Miracle Twin (/094)	Dragonite-GX	Dragon
SM11-113	Unified Minds (TCG)	Miracle Twin (/094)	Cherish Ball	Item
SM11-114	Unified Minds (TCG)	Miracle Twin (/094)	Giant Bomb	Item
SM11-115	Unified Minds (TCG)	Miracle Twin (/094)	Weakness Guard Energy	Energy
SM11a-061	Remix Bout (TCG)	Remix Bout (/064)	Acro Bike	Item
SM11a-062	Remix Bout (TCG)	Remix Bout (/064)	Escape Board	Item
SM11a-063	Remix Bout (TCG)	Remix Bout (/064)	Lady	Supporter
SM11a-064	Remix Bout (TCG)	Remix Bout (/064)	Welder	Supporter
SM11a-065	Remix Bout (TCG)	Remix Bout (/064)	Venusaur & Snivy-GX	Grass
SM11a-066	Remix Bout (TCG)	Remix Bout (/064)	Venusaur & Snivy-GX	Grass
SM11a-067	Remix Bout (TCG)	Remix Bout (/064)	Charizard & Braixen-GX	Fire
SM11a-068	Remix Bout (TCG)	Remix Bout (/064)	Charizard & Braixen-GX	Fire
SM11a-069	Remix Bout (TCG)	Remix Bout (/064)	Blastoise & Piplup-GX	Water
SM11a-070	Remix Bout (TCG)	Remix Bout (/064)	Blastoise & Piplup-GX	Water
SM11a-071	Remix Bout (TCG)	Remix Bout (/064)	Alolan Persian-GX	Darkness
SM11a-072	Remix Bout (TCG)	Remix Bout (/064)	Professor Oak's Setup	Supporter
SM11a-073	Remix Bout (TCG)	Remix Bout (/064)	Roller Skater	Supporter
SM11a-074	Remix Bout (TCG)	Remix Bout (/064)	Venusaur & Snivy-GX	Grass
SM11a-075	Remix Bout (TCG)	Remix Bout (/064)	Charizard & Braixen-GX	Fire
SM11a-076	Remix Bout (TCG)	Remix Bout (/064)	Blastoise & Piplup-GX	Water
SM11a-077	Remix Bout (TCG)	Remix Bout (/064)	Alolan Persian-GX	Darkness
SM11a-078	Remix Bout (TCG)	Remix Bout (/064)	Great Catcher	Item
SM11a-079	Remix Bout (TCG)	Remix Bout (/064)	Martial Arts Dojo	Stadium
SM11a-080	Remix Bout (TCG)	Remix Bout (/064)	Draw Energy	Energy
SM11b-050	Dream League (TCG)	Dream League (/049)	Torkoal	Fire
SM11b-051	Dream League (TCG)	Dream League (/049)	Weavile	Water
SM11b-052	Dream League (TCG)	Dream League (/049)	Piplup	Water
SM11b-053	Dream League (TCG)	Dream League (/049)	Wishiwashi	Water
SM11b-054	Dream League (TCG)	Dream League (/049)	Pikachu	Lightning
SM11b-055	Dream League (TCG)	Dream League (/049)	Magnemite	Lightning
SM11b-056	Dream League (TCG)	Dream League (/049)	Koffing	Psychic
SM11b-057	Dream League (TCG)	Dream League (/049)	Gallade	Psychic
SM11b-058	Dream League (TCG)	Dream League (/049)	Mimikyu	Psychic
SM11b-059	Dream League (TCG)	Dream League (/049)	Excadrill	Fighting
SM11b-060	Dream League (TCG)	Dream League (/049)	Steelix	Metal
SM11b-061	Dream League (TCG)	Dream League (/049)	Stoutland	Colorless
SM11b-062	Dream League (TCG)	Dream League (/049)	Vileplume-GX	Grass
SM11b-063	Dream League (TCG)	Dream League (/049)	Solgaleo & Lunala-GX	Psychic
SM11b-064	Dream League (TCG)	Dream League (/049)	Reshiram & Zekrom-GX	Dragon
SM11b-065	Dream League (TCG)	Dream League (/049)	Silvally-GX	Colorless
SM11b-066	Dream League (TCG)	Dream League (/049)	N's Resolve	Supporter
SM11b-067	Dream League (TCG)	Dream League (/049)	Rosa	Supporter
SM11b-068	Dream League (TCG)	Dream League (/049)	Lillie's Full Force	Supporter
SM11b-069	Dream League (TCG)	Dream League (/049)	Vileplume-GX	Grass
SM11b-070	Dream League (TCG)	Dream League (/049)	Solgaleo & Lunala-GX	Psychic
SM11b-071	Dream League (TCG)	Dream League (/049)	Reshiram & Zekrom-GX	Dragon
SM11b-072	Dream League (TCG)	Dream League (/049)	Silvally-GX	Colorless
SM11b-073	Dream League (TCG)	Dream League (/049)	Lana's Fishing Rod	Item
SM11b-074	Dream League (TCG)	Dream League (/049)	Lillie's Poké Doll	Item
SM11b-075	Dream League (TCG)	Dream League (/049)	Power Plant	Stadium
SM12-092	Cosmic Eclipse (TCG)	Alter Genesis (/095)	Cherish Ball	Item
SM12-093	Cosmic Eclipse (TCG)	Alter Genesis (/095)	Adventure Bag	Item
SM12-094	Cosmic Eclipse (TCG)	Alter Genesis (/095)	Pokémon Communication	Item
SM12-095	Cosmic Eclipse (TCG)	Alter Genesis (/095)	Professor Elm's Lecture	Supporter
SM12-096	Cosmic Eclipse (TCG)	Alter Genesis (/095)	Volcarona-GX	Fire
SM12-097	Cosmic Eclipse (TCG)	Alter Genesis (/095)	Oricorio-GX	Psychic
SM12-098	Cosmic Eclipse (TCG)	Alter Genesis (/095)	Flygon-GX	Fighting
SM12-099	Cosmic Eclipse (TCG)	Alter Genesis (/095)	Arceus & Dialga & Palkia-GX	Dragon
SM12-100	Cosmic Eclipse (TCG)	Alter Genesis (/095)	Arceus & Dialga & Palkia-GX	Dragon
SM12-101	Cosmic Eclipse (TCG)	Alter Genesis (/095)	Naganadel & Guzzlord-GX	Dragon
SM12-102	Cosmic Eclipse (TCG)	Alter Genesis (/095)	Naganadel & Guzzlord-GX	Dragon
SM12-103	Cosmic Eclipse (TCG)	Alter Genesis (/095)	Mega Lopunny & Jigglypuff-GX	Colorless
SM12-104	Cosmic Eclipse (TCG)	Alter Genesis (/095)	Mega Lopunny & Jigglypuff-GX	Colorless
SM12-105	Cosmic Eclipse (TCG)	Alter Genesis (/095)	Guzma & Hala	Supporter
SM12-106	Cosmic Eclipse (TCG)	Alter Genesis (/095)	Cynthia & Caitlin	Supporter
SM12-107	Cosmic Eclipse (TCG)	Alter Genesis (/095)	Mallow & Lana	Supporter
SM12-108	Cosmic Eclipse (TCG)	Alter Genesis (/095)	Red & Blue	Supporter
SM12-109	Cosmic Eclipse (TCG)	Alter Genesis (/095)	Volcarona-GX	Fire
SM12-110	Cosmic Eclipse (TCG)	Alter Genesis (/095)	Oricorio-GX	Psychic
SM12-111	Cosmic Eclipse (TCG)	Alter Genesis (/095)	Flygon-GX	Fighting
SM12-112	Cosmic Eclipse (TCG)	Alter Genesis (/095)	Arceus & Dialga & Palkia-GX	Dragon
SM12-113	Cosmic Eclipse (TCG)	Alter Genesis (/095)	Naganadel & Guzzlord-GX	Dragon
SM12-114	Cosmic Eclipse (TCG)	Alter Genesis (/095)	Mega Lopunny & Jigglypuff-GX	Colorless
SM12-115	Cosmic Eclipse (TCG)	Alter Genesis (/095)	Tag Call	Item
SM12-116	Cosmic Eclipse (TCG)	Alter Genesis (/095)	Island Challenge Amulet	Item
SM12-117	Cosmic Eclipse (TCG)	Alter Genesis (/095)	Giant Hearth	Stadium
SM12a-011	Tag All Stars (TCG)	Tag All Stars (/173)	Shaymin ♢	Grass
SM12a-021	Tag All Stars (TCG)	Tag All Stars (/173)	Victini ♢	Fire
SM12a-037	Tag All Stars (TCG)	Tag All Stars (/173)	Volcanion ♢	Water
SM12a-049	Tag All Stars (TCG)	Tag All Stars (/173)	Tapu Koko ♢	Lightning
SM12a-058	Tag All Stars (TCG)	Tag All Stars (/173)	Giratina ♢	Psychic
SM12a-070	Tag All Stars (TCG)	Tag All Stars (/173)	Diancie ♢	Fighting
SM12a-077	Tag All Stars (TCG)	Tag All Stars (/173)	Darkrai ♢	Darkness
SM12a-091	Tag All Stars (TCG)	Tag All Stars (/173)	Jirachi ♢	Metal
SM12a-108	Tag All Stars (TCG)	Tag All Stars (/173)	Ditto ♢	Colorless
SM12a-144	Tag All Stars (TCG)	Tag All Stars (/173)	Cyrus ♢	Supporter
SM12a-163	Tag All Stars (TCG)	Tag All Stars (/173)	Thunder Mountain ♢	Stadium
SM12a-166	Tag All Stars (TCG)	Tag All Stars (/173)	Heat Factory ♢	Stadium
SM12a-167	Tag All Stars (TCG)	Tag All Stars (/173)	Black Market ♢	Stadium
SM12a-168	Tag All Stars (TCG)	Tag All Stars (/173)	Life Forest ♢	Stadium
SM12a-169	Tag All Stars (TCG)	Tag All Stars (/173)	Wondrous Labyrinth ♢	Stadium
SM12a-170	Tag All Stars (TCG)	Tag All Stars (/173)	Super Boost Energy ♢	Energy
SM12a-172	Tag All Stars (TCG)	Tag All Stars (/173)	Beast Energy ♢	Energy
SM12a-174	Tag All Stars (TCG)	Tag All Stars (/173)	Wishiwashi-GX	Water
SM12a-175	Tag All Stars (TCG)	Tag All Stars (/173)	Dedenne-GX	Lightning
SM12a-176	Tag All Stars (TCG)	Tag All Stars (/173)	Espeon & Deoxys-GX	Psychic
SM12a-177	Tag All Stars (TCG)	Tag All Stars (/173)	Espeon & Deoxys-GX	Psychic
SM12a-178	Tag All Stars (TCG)	Tag All Stars (/173)	Trevenant & Dusknoir-GX	Psychic
SM12a-179	Tag All Stars (TCG)	Tag All Stars (/173)	Trevenant & Dusknoir-GX	Psychic
SM12a-180	Tag All Stars (TCG)	Tag All Stars (/173)	Jirachi-GX	Psychic
SM12a-181	Tag All Stars (TCG)	Tag All Stars (/173)	Umbreon & Darkrai-GX	Darkness
SM12a-182	Tag All Stars (TCG)	Tag All Stars (/173)	Umbreon & Darkrai-GX	Darkness
SM12a-183	Tag All Stars (TCG)	Tag All Stars (/173)	Weavile-GX	Darkness
SM12a-184	Tag All Stars (TCG)	Tag All Stars (/173)	Melmetal-GX	Metal
SM12a-185	Tag All Stars (TCG)	Tag All Stars (/173)	Togepi & Cleffa & Igglybuff-GX	Fairy
SM12a-186	Tag All Stars (TCG)	Tag All Stars (/173)	Togepi & Cleffa & Igglybuff-GX	Fairy
SM12a-187	Tag All Stars (TCG)	Tag All Stars (/173)	Eevee-GX	Colorless
SM12a-188	Tag All Stars (TCG)	Tag All Stars (/173)	Eevee-GX	Colorless
SM12a-189	Tag All Stars (TCG)	Tag All Stars (/173)	Will	Supporter
SM12a-190	Tag All Stars (TCG)	Tag All Stars (/173)	Erika's Hospitality	Supporter
SM12a-191	Tag All Stars (TCG)	Tag All Stars (/173)	Misty & Lorelei	Supporter
SM12a-192	Tag All Stars (TCG)	Tag All Stars (/173)	Sightseer	Supporter
SM12a-193	Tag All Stars (TCG)	Tag All Stars (/173)	Blue's Tactics	Supporter
SM12a-194	Tag All Stars (TCG)	Tag All Stars (/173)	Bellelba & Brycen-Man	Supporter
SM12a-195	Tag All Stars (TCG)	Tag All Stars (/173)	Hapu	Supporter
SM12a-196	Tag All Stars (TCG)	Tag All Stars (/173)	Green's Exploration	Supporter
SM12a-197	Tag All Stars (TCG)	Tag All Stars (/173)	Roxie	Supporter
SM12a-198	Tag All Stars (TCG)	Tag All Stars (/173)	Mina	Supporter
SM12a-199	Tag All Stars (TCG)	Tag All Stars (/173)	Clay	Supporter
SM12a-200	Tag All Stars (TCG)	Tag All Stars (/173)	Welder	Supporter
SM12a-201	Tag All Stars (TCG)	Tag All Stars (/173)	Red's Challenge	Supporter
SM12a-202	Tag All Stars (TCG)	Tag All Stars (/173)	Grass Energy	Energy
SM12a-203	Tag All Stars (TCG)	Tag All Stars (/173)	Fire Energy	Energy
SM12a-204	Tag All Stars (TCG)	Tag All Stars (/173)	Water Energy	Energy
SM12a-205	Tag All Stars (TCG)	Tag All Stars (/173)	Lightning Energy	Energy
SM12a-206	Tag All Stars (TCG)	Tag All Stars (/173)	Psychic Energy	Energy
SM12a-207	Tag All Stars (TCG)	Tag All Stars (/173)	Fighting Energy	Energy
SM12a-208	Tag All Stars (TCG)	Tag All Stars (/173)	Darkness Energy	Energy
SM12a-209	Tag All Stars (TCG)	Tag All Stars (/173)	Metal Energy	Energy
SM12a-210	Tag All Stars (TCG)	Tag All Stars (/173)	Fairy Energy	Energy
SM12a-211	Tag All Stars (TCG)	Tag All Stars (/173)	Wishiwashi-GX	Water
SM12a-212	Tag All Stars (TCG)	Tag All Stars (/173)	Espeon & Deoxys-GX	Psychic
SM12a-213	Tag All Stars (TCG)	Tag All Stars (/173)	Trevenant & Dusknoir-GX	Psychic
SM12a-214	Tag All Stars (TCG)	Tag All Stars (/173)	Jirachi-GX	Psychic
SM12a-215	Tag All Stars (TCG)	Tag All Stars (/173)	Umbreon & Darkrai-GX	Darkness
SM12a-216	Tag All Stars (TCG)	Tag All Stars (/173)	Weavile-GX	Darkness
SM12a-217	Tag All Stars (TCG)	Tag All Stars (/173)	Melmetal-GX	Metal
SM12a-218	Tag All Stars (TCG)	Tag All Stars (/173)	Togepi & Cleffa & Igglybuff-GX	Fairy
SM12a-219	Tag All Stars (TCG)	Tag All Stars (/173)	Eevee-GX	Colorless
SM12a-220	Tag All Stars (TCG)	Tag All Stars (/173)	Reshiram & Charizard-GX	Fire
SM12a-221	Tag All Stars (TCG)	Tag All Stars (/173)	Pikachu & Zekrom-GX	Lightning
SM12a-222	Tag All Stars (TCG)	Tag All Stars (/173)	Mewtwo & Mew-GX	Psychic
SM12a-223	Tag All Stars (TCG)	Tag All Stars (/173)	Greninja & Zoroark-GX	Darkness
SM12a-224	Tag All Stars (TCG)	Tag All Stars (/173)	Lucario & Melmetal-GX	Metal
SM12a-225	Tag All Stars (TCG)	Tag All Stars (/173)	Garchomp & Giratina-GX	Dragon
SM12a-226	Tag All Stars (TCG)	Tag All Stars (/173)	Moltres & Zapdos & Articuno-GX	Colorless
MBD-022	MEGA Starter Set Mega Diancie ex (TCG)	MEGA Starter Set Mega Diancie ex (/021)	Meloetta	Psychic
MBG-022	MEGA Starter Set Mega Gengar ex (TCG)	MEGA Starter Set Mega Gengar ex (/021)	Haunter	Darkness
M5-082	Abyss Eye (TCG)	Abyss Eye (/081)	Fomantis	Grass
M5-083	Abyss Eye (TCG)	Abyss Eye (/081)	Armarouge	Fire
M5-084	Abyss Eye (TCG)	Abyss Eye (/081)	Goldeen	Water
M5-085	Abyss Eye (TCG)	Abyss Eye (/081)	Primarina	Water
M5-086	Abyss Eye (TCG)	Abyss Eye (/081)	Manectric	Lightning
M5-087	Abyss Eye (TCG)	Abyss Eye (/081)	Slowbro	Psychic
M5-088	Abyss Eye (TCG)	Abyss Eye (/081)	Dhelmise	Psychic
M5-089	Abyss Eye (TCG)	Abyss Eye (/081)	Thievul	Darkness
M5-090	Abyss Eye (TCG)	Abyss Eye (/081)	Zarude	Darkness
M5-091	Abyss Eye (TCG)	Abyss Eye (/081)	Bastiodon	Metal
M5-092	Abyss Eye (TCG)	Abyss Eye (/081)	Toucannon	Colorless
M5-093	Abyss Eye (TCG)	Abyss Eye (/081)	Silvally	Colorless
M5-094	Abyss Eye (TCG)	Abyss Eye (/081)	Lurantis ex	Grass
M5-095	Abyss Eye (TCG)	Abyss Eye (/081)	Wailord ex	Water
M5-096	Abyss Eye (TCG)	Abyss Eye (/081)	Mega Zeraora ex	Lightning
M5-097	Abyss Eye (TCG)	Abyss Eye (/081)	Mega Chandelure ex	Psychic
M5-098	Abyss Eye (TCG)	Abyss Eye (/081)	Rampardos ex	Fighting
M5-099	Abyss Eye (TCG)	Abyss Eye (/081)	Mega Darkrai ex	Darkness
M5-100	Abyss Eye (TCG)	Abyss Eye (/081)	Morpeko ex	Darkness
M5-101	Abyss Eye (TCG)	Abyss Eye (/081)	Mega Excadrill ex	Metal
M5-102	Abyss Eye (TCG)	Abyss Eye (/081)	Iron Defender	Item
M5-103	Abyss Eye (TCG)	Abyss Eye (/081)	Energy Switch	Item
M5-104	Abyss Eye (TCG)	Abyss Eye (/081)	Crushing Hammer	Item
M5-105	Abyss Eye (TCG)	Abyss Eye (/081)	Dark Bell	Item
M5-106	Abyss Eye (TCG)	Abyss Eye (/081)	Tremendous Bomb	Pokémon Tool
M5-107	Abyss Eye (TCG)	Abyss Eye (/081)	Brave Bangle	Pokémon Tool
M5-108	Abyss Eye (TCG)	Abyss Eye (/081)	Misty's Vitality	Supporter
M5-109	Abyss Eye (TCG)	Abyss Eye (/081)	Gladion's Final Battle	Supporter
M5-110	Abyss Eye (TCG)	Abyss Eye (/081)	Rust Syndicate Grunt	Supporter
M5-111	Abyss Eye (TCG)	Abyss Eye (/081)	Gwynn	Supporter
M5-112	Abyss Eye (TCG)	Abyss Eye (/081)	Mega Zeraora ex	Lightning
M5-113	Abyss Eye (TCG)	Abyss Eye (/081)	Mega Chandelure ex	Psychic
M5-114	Abyss Eye (TCG)	Abyss Eye (/081)	Mega Darkrai ex	Darkness
M5-115	Abyss Eye (TCG)	Abyss Eye (/081)	Morpeko ex	Darkness
M5-116	Abyss Eye (TCG)	Abyss Eye (/081)	Gladion's Final Battle	Supporter
M5-117	Abyss Eye (TCG)	Abyss Eye (/081)	Gwynn	Supporter
M5-118	Abyss Eye (TCG)	Abyss Eye (/081)	Mega Darkrai ex	Darkness
M4-084	Ninja Spinner (TCG)	Ninja Spinner (/083)	Chespin	Grass
M4-085	Ninja Spinner (TCG)	Ninja Spinner (/083)	Fennekin	Fire
M4-086	Ninja Spinner (TCG)	Ninja Spinner (/083)	Froakie	Water
M4-087	Ninja Spinner (TCG)	Ninja Spinner (/083)	Frogadier	Water
M4-088	Ninja Spinner (TCG)	Ninja Spinner (/083)	Ampharos	Lightning
M4-089	Ninja Spinner (TCG)	Ninja Spinner (/083)	Xerneas	Psychic
M4-090	Ninja Spinner (TCG)	Ninja Spinner (/083)	Claydol	Fighting
M4-091	Ninja Spinner (TCG)	Ninja Spinner (/083)	Crobat	Darkness
M4-092	Ninja Spinner (TCG)	Ninja Spinner (/083)	Metang	Metal
M4-093	Ninja Spinner (TCG)	Ninja Spinner (/083)	Sliggoo	Dragon
M4-094	Ninja Spinner (TCG)	Ninja Spinner (/083)	Tauros	Colorless
M4-095	Ninja Spinner (TCG)	Ninja Spinner (/083)	Watchog	Colorless
M4-096	Ninja Spinner (TCG)	Ninja Spinner (/083)	Beedrill ex	Grass
M4-097	Ninja Spinner (TCG)	Ninja Spinner (/083)	Mega Pyroar ex	Fire
M4-098	Ninja Spinner (TCG)	Ninja Spinner (/083)	Mega Greninja ex	Water
M4-099	Ninja Spinner (TCG)	Ninja Spinner (/083)	Mega Floette ex	Psychic
M4-100	Ninja Spinner (TCG)	Ninja Spinner (/083)	Gourgeist ex	Psychic
M4-101	Ninja Spinner (TCG)	Ninja Spinner (/083)	Cobalion ex	Metal
M4-102	Ninja Spinner (TCG)	Ninja Spinner (/083)	Mega Dragalge ex	Dragon
M4-103	Ninja Spinner (TCG)	Ninja Spinner (/083)	Cinccino ex	Colorless
M4-104	Ninja Spinner (TCG)	Ninja Spinner (/083)	Energy Retrieval	Item
M4-105	Ninja Spinner (TCG)	Ninja Spinner (/083)	Jumbo Ice Cream	Item
M4-106	Ninja Spinner (TCG)	Ninja Spinner (/083)	Special Red Card	Item
M4-107	Ninja Spinner (TCG)	Ninja Spinner (/083)	Tool Scrapper	Item
M4-108	Ninja Spinner (TCG)	Ninja Spinner (/083)	AZ's Tranquility	Supporter
M4-109	Ninja Spinner (TCG)	Ninja Spinner (/083)	Philippe	Supporter
M4-110	Ninja Spinner (TCG)	Ninja Spinner (/083)	Roxie's Performance	Supporter
M4-111	Ninja Spinner (TCG)	Ninja Spinner (/083)	Emma	Supporter
M4-112	Ninja Spinner (TCG)	Ninja Spinner (/083)	Surfing Beach	Stadium
M4-113	Ninja Spinner (TCG)	Ninja Spinner (/083)	Prism Tower	Stadium
M4-114	Ninja Spinner (TCG)	Ninja Spinner (/083)	Mega Greninja ex	Water
M4-115	Ninja Spinner (TCG)	Ninja Spinner (/083)	Mega Floette ex	Psychic
M4-116	Ninja Spinner (TCG)	Ninja Spinner (/083)	Mega Dragalge ex	Dragon
M4-117	Ninja Spinner (TCG)	Ninja Spinner (/083)	Cinccino ex	Colorless
M4-118	Ninja Spinner (TCG)	Ninja Spinner (/083)	AZ's Tranquility	Supporter
M4-119	Ninja Spinner (TCG)	Ninja Spinner (/083)	Roxie's Performance	Supporter
M4-120	Ninja Spinner (TCG)	Ninja Spinner (/083)	Mega Greninja ex	Water
MC-743	Start Deck 100 Battle Collection (TCG)	Start Deck 100 Battle Collection (/742)	Erika's Tangela	Grass
MC-744	Start Deck 100 Battle Collection (TCG)	Start Deck 100 Battle Collection (/742)	Salazzle	Fire
MC-745	Start Deck 100 Battle Collection (TCG)	Start Deck 100 Battle Collection (/742)	Scorbunny	Fire
MC-746	Start Deck 100 Battle Collection (TCG)	Start Deck 100 Battle Collection (/742)	Weavile	Water
MC-747	Start Deck 100 Battle Collection (TCG)	Start Deck 100 Battle Collection (/742)	Vikavolt	Lightning
MC-748	Start Deck 100 Battle Collection (TCG)	Start Deck 100 Battle Collection (/742)	Marill	Psychic
MC-749	Start Deck 100 Battle Collection (TCG)	Start Deck 100 Battle Collection (/742)	Banette	Psychic
MC-750	Start Deck 100 Battle Collection (TCG)	Start Deck 100 Battle Collection (/742)	Slurpuff	Psychic
MC-751	Start Deck 100 Battle Collection (TCG)	Start Deck 100 Battle Collection (/742)	Hitmontop	Fighting
MC-752	Start Deck 100 Battle Collection (TCG)	Start Deck 100 Battle Collection (/742)	Carbink	Fighting
MC-753	Start Deck 100 Battle Collection (TCG)	Start Deck 100 Battle Collection (/742)	Mightyena	Darkness
MC-754	Start Deck 100 Battle Collection (TCG)	Start Deck 100 Battle Collection (/742)	Mawile	Metal
MC-755	Start Deck 100 Battle Collection (TCG)	Start Deck 100 Battle Collection (/742)	Eevee	Colorless
MC-756	Start Deck 100 Battle Collection (TCG)	Start Deck 100 Battle Collection (/742)	Larry's Staraptor	Colorless
MC-757	Start Deck 100 Battle Collection (TCG)	Start Deck 100 Battle Collection (/742)	Sprigatito ex	Grass
MC-758	Start Deck 100 Battle Collection (TCG)	Start Deck 100 Battle Collection (/742)	Stunfisk ex	Fighting
MC-759	Start Deck 100 Battle Collection (TCG)	Start Deck 100 Battle Collection (/742)	Mega Audino ex	Colorless
MC-760	Start Deck 100 Battle Collection (TCG)	Start Deck 100 Battle Collection (/742)	Boss's Orders	Supporter
MC-761	Start Deck 100 Battle Collection (TCG)	Start Deck 100 Battle Collection (/742)	Mega Meganium ex	Grass
MC-762	Start Deck 100 Battle Collection (TCG)	Start Deck 100 Battle Collection (/742)	Mega Emboar ex	Fire
MC-763	Start Deck 100 Battle Collection (TCG)	Start Deck 100 Battle Collection (/742)	Mega Feraligatr ex	Water
MC-764	Start Deck 100 Battle Collection (TCG)	Start Deck 100 Battle Collection (/742)	Pikachu ex	Lightning
MC-765	Start Deck 100 Battle Collection (TCG)	Start Deck 100 Battle Collection (/742)	Lillie's Clefairy ex	Psychic
MC-766	Start Deck 100 Battle Collection (TCG)	Start Deck 100 Battle Collection (/742)	Mega Charizard Y ex	Fire
M2a-194	MEGA Dream ex (TCG)	MEGA Dream ex (/193)	Beautifly	Grass
M2a-195	MEGA Dream ex (TCG)	MEGA Dream ex (/193)	Dustox	Grass
M2a-196	MEGA Dream ex (TCG)	MEGA Dream ex (/193)	Budew	Grass
M2a-197	MEGA Dream ex (TCG)	MEGA Dream ex (/193)	Ethan's Magcargo	Fire
M2a-198	MEGA Dream ex (TCG)	MEGA Dream ex (/193)	Numel	Fire
M2a-199	MEGA Dream ex (TCG)	MEGA Dream ex (/193)	Psyduck	Water
M2a-200	MEGA Dream ex (TCG)	MEGA Dream ex (/193)	Snorunt	Water
M2a-201	MEGA Dream ex (TCG)	MEGA Dream ex (/193)	Heliolisk	Lightning
M2a-202	MEGA Dream ex (TCG)	MEGA Dream ex (/193)	Misdreavus	Psychic
M2a-203	MEGA Dream ex (TCG)	MEGA Dream ex (/193)	Togekiss	Psychic
M2a-204	MEGA Dream ex (TCG)	MEGA Dream ex (/193)	Hop's Trevenant	Psychic
M2a-205	MEGA Dream ex (TCG)	MEGA Dream ex (/193)	Team Rocket's Mimikyu	Psychic
M2a-206	MEGA Dream ex (TCG)	MEGA Dream ex (/193)	Team Rocket's Dugtrio	Fighting
M2a-207	MEGA Dream ex (TCG)	MEGA Dream ex (/193)	Medicham	Fighting
M2a-208	MEGA Dream ex (TCG)	MEGA Dream ex (/193)	Cynthia's Spiritomb	Darkness
M2a-209	MEGA Dream ex (TCG)	MEGA Dream ex (/193)	Galarian Obstagoon	Darkness
M2a-210	MEGA Dream ex (TCG)	MEGA Dream ex (/193)	N's Zekrom	Dragon
M2a-211	MEGA Dream ex (TCG)	MEGA Dream ex (/193)	Dreepy	Dragon
M2a-212	MEGA Dream ex (TCG)	MEGA Dream ex (/193)	Drakloak	Dragon
M2a-213	MEGA Dream ex (TCG)	MEGA Dream ex (/193)	Fan Rotom	Colorless
M2a-214	MEGA Dream ex (TCG)	MEGA Dream ex (/193)	N's PP Up	Item
M2a-215	MEGA Dream ex (TCG)	MEGA Dream ex (/193)	Glass Trumpet	Item
M2a-216	MEGA Dream ex (TCG)	MEGA Dream ex (/193)	Ultra Ball	Item
M2a-217	MEGA Dream ex (TCG)	MEGA Dream ex (/193)	Team Rocket's Transceiver	Item
M2a-218	MEGA Dream ex (TCG)	MEGA Dream ex (/193)	Counter Gain	Pokémon Tool
M2a-219	MEGA Dream ex (TCG)	MEGA Dream ex (/193)	Canari	Supporter
M2a-220	MEGA Dream ex (TCG)	MEGA Dream ex (/193)	Black Belt's Training	Supporter
M2a-221	MEGA Dream ex (TCG)	MEGA Dream ex (/193)	Anthea & Concordia	Supporter
M2a-222	MEGA Dream ex (TCG)	MEGA Dream ex (/193)	Jamming Tower	Stadium
M2a-223	MEGA Dream ex (TCG)	MEGA Dream ex (/193)	Mega Charizard X ex	Fire
M2a-224	MEGA Dream ex (TCG)	MEGA Dream ex (/193)	Mega Froslass ex	Water
M2a-225	MEGA Dream ex (TCG)	MEGA Dream ex (/193)	Mega Eelektross ex	Lightning
M2a-226	MEGA Dream ex (TCG)	MEGA Dream ex (/193)	Mega Gardevoir ex	Psychic
M2a-227	MEGA Dream ex (TCG)	MEGA Dream ex (/193)	Mega Diancie ex	Psychic
M2a-228	MEGA Dream ex (TCG)	MEGA Dream ex (/193)	Mega Lucario ex	Fighting
M2a-229	MEGA Dream ex (TCG)	MEGA Dream ex (/193)	Mega Hawlucha ex	Fighting
M2a-230	MEGA Dream ex (TCG)	MEGA Dream ex (/193)	Mega Gengar ex	Darkness
M2a-231	MEGA Dream ex (TCG)	MEGA Dream ex (/193)	Mega Scrafty ex	Darkness
M2a-232	MEGA Dream ex (TCG)	MEGA Dream ex (/193)	Mega Dragonite ex	Dragon
M2a-233	MEGA Dream ex (TCG)	MEGA Dream ex (/193)	Mega Froslass ex	Water
M2a-234	MEGA Dream ex (TCG)	MEGA Dream ex (/193)	Pikachu ex	Lightning
M2a-235	MEGA Dream ex (TCG)	MEGA Dream ex (/193)	Mega Eelektross ex	Lightning
M2a-236	MEGA Dream ex (TCG)	MEGA Dream ex (/193)	Iono's Bellibolt ex	Lightning
M2a-237	MEGA Dream ex (TCG)	MEGA Dream ex (/193)	Team Rocket's Mewtwo ex	Psychic
M2a-238	MEGA Dream ex (TCG)	MEGA Dream ex (/193)	Mega Diancie ex	Psychic
M2a-239	MEGA Dream ex (TCG)	MEGA Dream ex (/193)	Mega Hawlucha ex	Fighting
M2a-240	MEGA Dream ex (TCG)	MEGA Dream ex (/193)	Mega Gengar ex	Darkness
M2a-241	MEGA Dream ex (TCG)	MEGA Dream ex (/193)	Mega Scrafty ex	Darkness
M2a-242	MEGA Dream ex (TCG)	MEGA Dream ex (/193)	N's Zoroark ex	Darkness
M2a-243	MEGA Dream ex (TCG)	MEGA Dream ex (/193)	Marnie's Grimmsnarl ex	Darkness
M2a-244	MEGA Dream ex (TCG)	MEGA Dream ex (/193)	Fezandipiti ex	Darkness
M2a-245	MEGA Dream ex (TCG)	MEGA Dream ex (/193)	Steven's Metagross ex	Metal
M2a-246	MEGA Dream ex (TCG)	MEGA Dream ex (/193)	Mega Dragonite ex	Dragon
M2a-247	MEGA Dream ex (TCG)	MEGA Dream ex (/193)	Iris's Fighting Spirit	Supporter
M2a-248	MEGA Dream ex (TCG)	MEGA Dream ex (/193)	Canari	Supporter
M2a-249	MEGA Dream ex (TCG)	MEGA Dream ex (/193)	Surfer	Supporter
M2a-250	MEGA Dream ex (TCG)	MEGA Dream ex (/193)	Mega Dragonite ex	Dragon
SVG-050	Venusaur & Charizard & Blastoise Special Deck Set ex (TCG)	Venusaur & Charizard & Blastoise Special Deck Set ex (/049)	Bulbasaur	Grass
SVG-051	Venusaur & Charizard & Blastoise Special Deck Set ex (TCG)	Venusaur & Charizard & Blastoise Special Deck Set ex (/049)	Charmander	Fire
SVG-052	Venusaur & Charizard & Blastoise Special Deck Set ex (TCG)	Venusaur & Charizard & Blastoise Special Deck Set ex (/049)	Squirtle	Water
SVOD-019	Ex Starter Set Steven's Beldum & Metagross ex (TCG)	ex Starter Set Steven's Beldum & Metagross ex (/018)	Steven's Beldum	Metal
SVOM-020	Ex Starter Set Marnie's Morpeko & Grimmsnarl ex (TCG)	ex Starter Set Marnie's Morpeko & Grimmsnarl ex (/019)	Marnie's Morpeko	Darkness
SMP2-025	Detective Pikachu (TCG)	Great Detective Pikachu (/024)	Lt. Yoshida	Supporter
PCG3-085	EX Team Rocket Returns (TCG)	Rocket Gang Strikes Back (/084)	Here Comes Team Rocket!	Trainer
XY1-Bx-061	XY (TCG)	Collection X (/060)	Venusaur-EX	Grass
XY1-Bx-062	XY (TCG)	Collection X (/060)	Skarmory-EX	Metal
XY1-Bx-063	XY (TCG)	Collection X (/060)	Xerneas-EX	Fairy
XY1-By-061	XY (TCG)	Collection Y (/060)	Blastoise-EX	Water
XY1-By-062	XY (TCG)	Collection Y (/060)	Emolga-EX	Lightning
XY1-By-063	XY (TCG)	Collection Y (/060)	Yveltal-EX	Darkness
XY2-081	Flashfire (TCG)	Wild Blaze (/080)	Charizard-EX	Fire
XY2-082	Flashfire (TCG)	Wild Blaze (/080)	Magnezone-EX	Lightning
XY2-083	Flashfire (TCG)	Wild Blaze (/080)	Toxicroak-EX	Psychic
XY2-084	Flashfire (TCG)	Wild Blaze (/080)	Kangaskhan-EX	Colorless
XY2-085	Flashfire (TCG)	Wild Blaze (/080)	Lysandre	Supporter
XY2-086	Flashfire (TCG)	Wild Blaze (/080)	Pokémon Center Lady	Supporter
XY2-087	Flashfire (TCG)	Wild Blaze (/080)	Pokémon Fan Club	Supporter
XY3-097	Furious Fists (TCG)	Rising Fist (/096)	Heracross-EX	Grass
XY3-098	Furious Fists (TCG)	Rising Fist (/096)	Seismitoad-EX	Water
XY3-099	Furious Fists (TCG)	Rising Fist (/096)	Lucario-EX	Fighting
XY3-100	Furious Fists (TCG)	Rising Fist (/096)	Dragonite-EX	Dragon
XY3-101	Furious Fists (TCG)	Rising Fist (/096)	Fossil Researcher	Supporter
XY3-102	Furious Fists (TCG)	Rising Fist (/096)	Korrina	Supporter
XY3-103	Furious Fists (TCG)	Rising Fist (/096)	Battle Reporter	Supporter
XY4-089	Phantom Forces (TCG)	Phantom Gate (/088)	Manectric-EX	Lightning
XY4-090	Phantom Forces (TCG)	Phantom Gate (/088)	Gengar-EX	Psychic
XY4-091	Phantom Forces (TCG)	Phantom Gate (/088)	Malamar-EX	Darkness
XY4-092	Phantom Forces (TCG)	Phantom Gate (/088)	Florges-EX	Fairy
XY4-093	Phantom Forces (TCG)	Phantom Gate (/088)	AZ	Supporter
XY4-094	Phantom Forces (TCG)	Phantom Gate (/088)	Xerosic	Supporter
XY4-095	Phantom Forces (TCG)	Phantom Gate (/088)	Lysandre's Trump Card	Supporter
XY5-Bg-071	Primal Clash (TCG)	Gaia Volcano (/070)	Trevenant-EX	Grass
XY5-Bg-072	Primal Clash (TCG)	Gaia Volcano (/070)	Camerupt-EX	Fire
XY5-Bg-073	Primal Clash (TCG)	Gaia Volcano (/070)	Groudon-EX	Fighting
XY5-Bg-074	Primal Clash (TCG)	Gaia Volcano (/070)	Primal Groudon-EX	Fighting
XY5-Bg-075	Primal Clash (TCG)	Gaia Volcano (/070)	Aggron-EX	Metal
XY5-Bg-076	Primal Clash (TCG)	Gaia Volcano (/070)	M Aggron-EX	Metal
XY5-Bg-077	Primal Clash (TCG)	Gaia Volcano (/070)	Teammates	Supporter
XY5-Bg-078	Primal Clash (TCG)	Gaia Volcano (/070)	Maxie's Hidden Ball Trick	Supporter
XY5-Bt-071	Primal Clash (TCG)	Tidal Storm (/070)	Wailord-EX	Water
XY5-Bt-072	Primal Clash (TCG)	Tidal Storm (/070)	Kyogre-EX	Water
XY5-Bt-073	Primal Clash (TCG)	Tidal Storm (/070)	Primal Kyogre-EX	Water
XY5-Bt-074	Primal Clash (TCG)	Tidal Storm (/070)	Sharpedo-EX	Darkness
XY5-Bt-075	Primal Clash (TCG)	Tidal Storm (/070)	Gardevoir-EX	Fairy
XY5-Bt-076	Primal Clash (TCG)	Tidal Storm (/070)	M Gardevoir-EX	Fairy
XY5-Bt-077	Primal Clash (TCG)	Tidal Storm (/070)	Archie's Ace in the Hole	Supporter
XY5-Bt-078	Primal Clash (TCG)	Tidal Storm (/070)	Professor Birch's Observations	Supporter
XY6-B-079	Roaring Skies (TCG)	Emerald Break (/078)	Thundurus-EX	Lightning
XY6-B-080	Roaring Skies (TCG)	Emerald Break (/078)	Gallade-EX	Psychic
XY6-B-081	Roaring Skies (TCG)	Emerald Break (/078)	M Gallade-EX	Psychic
XY6-B-082	Roaring Skies (TCG)	Emerald Break (/078)	Latios-EX	Dragon
XY6-B-083	Roaring Skies (TCG)	Emerald Break (/078)	M Latios-EX	Dragon
XY6-B-084	Roaring Skies (TCG)	Emerald Break (/078)	Hydreigon-EX	Dragon
XY6-B-085	Roaring Skies (TCG)	Emerald Break (/078)	Rayquaza-EX	Colorless
XY6-B-086	Roaring Skies (TCG)	Emerald Break (/078)	M Rayquaza-EX	Colorless
XY6-B-087	Roaring Skies (TCG)	Emerald Break (/078)	Shaymin-EX	Colorless
XY6-B-088	Roaring Skies (TCG)	Emerald Break (/078)	Winona	Supporter
XY6-B-089	Roaring Skies (TCG)	Emerald Break (/078)	Wally	Supporter
XY7-B-082	Ancient Origins (TCG)	Bandit Ring (/081)	Sceptile-EX	Grass
XY7-B-083	Ancient Origins (TCG)	Bandit Ring (/081)	M Sceptile-EX	Grass
XY7-B-084	Ancient Origins (TCG)	Bandit Ring (/081)	Kyurem-EX	Water
XY7-B-085	Ancient Origins (TCG)	Bandit Ring (/081)	Ampharos-EX	Lightning
XY7-B-086	Ancient Origins (TCG)	Bandit Ring (/081)	M Ampharos-EX	Lightning
XY7-B-087	Ancient Origins (TCG)	Bandit Ring (/081)	Hoopa-EX	Psychic
XY7-B-088	Ancient Origins (TCG)	Bandit Ring (/081)	Machamp-EX	Fighting
XY7-B-089	Ancient Origins (TCG)	Bandit Ring (/081)	Tyranitar-EX	Darkness
XY7-B-090	Ancient Origins (TCG)	Bandit Ring (/081)	M Tyranitar-EX	Darkness
XY7-B-091	Ancient Origins (TCG)	Bandit Ring (/081)	Giratina-EX	Dragon
XY7-B-092	Ancient Origins (TCG)	Bandit Ring (/081)	Lugia-EX	Colorless
XY7-B-093	Ancient Origins (TCG)	Bandit Ring (/081)	Primal Kyogre-EX	Water
XY7-B-094	Ancient Origins (TCG)	Bandit Ring (/081)	Primal Groudon-EX	Fighting
XY7-B-095	Ancient Origins (TCG)	Bandit Ring (/081)	M Rayquaza-EX	Colorless
XY8-Bb-060	BREAKthrough (TCG)	Blue Shock (/059)	Glalie-EX	Water
XY8-Bb-061	BREAKthrough (TCG)	Blue Shock (/059)	M Glalie-EX	Water
XY8-Bb-062	BREAKthrough (TCG)	Blue Shock (/059)	Mewtwo-EX	Psychic
XY8-Bb-063	BREAKthrough (TCG)	Blue Shock (/059)	M Mewtwo-EX	Psychic
XY8-Bb-064	BREAKthrough (TCG)	Blue Shock (/059)	Brigette	Supporter
XY8-Br-060	BREAKthrough (TCG)	Red Flash (/059)	Houndoom-EX	Fire
XY8-Br-061	BREAKthrough (TCG)	Red Flash (/059)	M Houndoom-EX	Fire
XY8-Br-062	BREAKthrough (TCG)	Red Flash (/059)	Mewtwo-EX	Psychic
XY8-Br-063	BREAKthrough (TCG)	Red Flash (/059)	M Mewtwo-EX	Psychic
XY8-Br-064	BREAKthrough (TCG)	Red Flash (/059)	Giovanni's Scheme	Supporter
XY9-B-081	BREAKpoint (TCG)	Rage of the Broken Heavens (/080)	Gyarados-EX	Water
XY9-B-082	BREAKpoint (TCG)	Rage of the Broken Heavens (/080)	M Gyarados-EX	Water
XY9-B-083	BREAKpoint (TCG)	Rage of the Broken Heavens (/080)	Manaphy-EX	Water
XY9-B-084	BREAKpoint (TCG)	Rage of the Broken Heavens (/080)	Espeon-EX	Psychic
XY9-B-085	BREAKpoint (TCG)	Rage of the Broken Heavens (/080)	Darkrai-EX	Darkness
XY9-B-086	BREAKpoint (TCG)	Rage of the Broken Heavens (/080)	Scizor-EX	Metal
XY9-B-087	BREAKpoint (TCG)	Rage of the Broken Heavens (/080)	M Scizor-EX	Metal
XY9-B-088	BREAKpoint (TCG)	Rage of the Broken Heavens (/080)	Ho-Oh-EX	Colorless
XY10-B-079	Fates Collide (TCG)	Awakening Psychic King (/078)	Glaceon-EX	Water
XY10-B-080	Fates Collide (TCG)	Awakening Psychic King (/078)	Alakazam-EX	Psychic
XY10-B-081	Fates Collide (TCG)	Awakening Psychic King (/078)	M Alakazam-EX	Psychic
XY10-B-082	Fates Collide (TCG)	Awakening Psychic King (/078)	Umbreon-EX	Darkness
XY10-B-083	Fates Collide (TCG)	Awakening Psychic King (/078)	Genesect-EX	Metal
XY10-B-084	Fates Collide (TCG)	Awakening Psychic King (/078)	M Altaria-EX	Fairy
XY10-B-085	Fates Collide (TCG)	Awakening Psychic King (/078)	Kingdra-EX	Dragon
XY10-B-086	Fates Collide (TCG)	Awakening Psychic King (/078)	Altaria-EX	Colorless
XY10-B-087	Fates Collide (TCG)	Awakening Psychic King (/078)	Team Rocket's Handiwork	Supporter
XY11-Bb-055	Steam Siege (TCG)	Fever-Burst Fighter (/054)	Volcanion-EX	Fire
XY11-Bb-056	Steam Siege (TCG)	Fever-Burst Fighter (/054)	Steelix-EX	Metal
XY11-Bb-057	Steam Siege (TCG)	Fever-Burst Fighter (/054)	M Steelix-EX	Metal
XY11-Bb-058	Steam Siege (TCG)	Fever-Burst Fighter (/054)	Pokémon Ranger	Supporter
XY11-Br-055	Steam Siege (TCG)	Cruel Traitor (/054)	Magearna-EX	Metal
XY11-Br-056	Steam Siege (TCG)	Cruel Traitor (/054)	Gardevoir-EX	Fairy
XY11-Br-057	Steam Siege (TCG)	Cruel Traitor (/054)	M Gardevoir-EX	Fairy
XY11-Br-058	Steam Siege (TCG)	Cruel Traitor (/054)	Pokémon Ranger	Supporter
CP5-037	Mythical & Legendary Dream Shine Collection (TCG)	Mythical & Legendary Dream Shine Collection (/036)	Yveltal-EX	Darkness
CP5-038	Mythical & Legendary Dream Shine Collection (TCG)	Mythical & Legendary Dream Shine Collection (/036)	Xerneas-EX	Fairy
CP6-088	Evolutions (TCG)	Expansion Pack 20th Anniversary (/087)	Venusaur-EX	Grass
CP6-089	Evolutions (TCG)	Expansion Pack 20th Anniversary (/087)	M Venusaur-EX	Grass
CP6-090	Evolutions (TCG)	Expansion Pack 20th Anniversary (/087)	Charizard-EX	Fire
CP6-091	Evolutions (TCG)	Expansion Pack 20th Anniversary (/087)	M Charizard-EX	Fire
CP6-092	Evolutions (TCG)	Expansion Pack 20th Anniversary (/087)	Blastoise-EX	Water
CP6-093	Evolutions (TCG)	Expansion Pack 20th Anniversary (/087)	M Blastoise-EX	Water
CP6-094	Evolutions (TCG)	Expansion Pack 20th Anniversary (/087)	Pikachu-EX	Lightning
CP6-095	Evolutions (TCG)	Expansion Pack 20th Anniversary (/087)	Mewtwo-EX	Psychic
CP6-096	Evolutions (TCG)	Expansion Pack 20th Anniversary (/087)	Pidgeot-EX	Colorless
CP6-097	Evolutions (TCG)	Expansion Pack 20th Anniversary (/087)	M Pidgeot-EX	Colorless
CP6-098	Evolutions (TCG)	Expansion Pack 20th Anniversary (/087)	Dragonite-EX	Colorless
CP6-099	Evolutions (TCG)	Expansion Pack 20th Anniversary (/087)	Misty's Determination	Supporter
CP6-100	Evolutions (TCG)	Expansion Pack 20th Anniversary (/087)	Brock's Grit	Supporter
CP6-101	Evolutions (TCG)	Expansion Pack 20th Anniversary (/087)	Exeggutor	Grass
CP6-102	Evolutions (TCG)	Expansion Pack 20th Anniversary (/087)	Imakuni?'s Doduo	Colorless
CP6-103	Evolutions (TCG)	Expansion Pack 20th Anniversary (/087)	Here Comes Team Rocket!	Supporter
XY-BEST-172	The Best of XY (TCG)	THE BEST OF XY (/171)	M Camerupt-EX	Fire
XY-BEST-173	The Best of XY (TCG)	THE BEST OF XY (/171)	Jolteon-EX	Lightning
XY-BEST-174	The Best of XY (TCG)	THE BEST OF XY (/171)	M Manectric-EX	Lightning
XY-BEST-175	The Best of XY (TCG)	THE BEST OF XY (/171)	Regirock-EX	Fighting
XY-BEST-176	The Best of XY (TCG)	THE BEST OF XY (/171)	M Lucario-EX	Fighting
XY-BEST-177	The Best of XY (TCG)	THE BEST OF XY (/171)	Zygarde-EX	Fighting
XY-BEST-178	The Best of XY (TCG)	THE BEST OF XY (/171)	M Sharpedo-EX	Darkness
XY-BEST-179	The Best of XY (TCG)	THE BEST OF XY (/171)	Aegislash-EX	Metal
XY-BEST-180	The Best of XY (TCG)	THE BEST OF XY (/171)	N	Supporter
XY-BEST-181	The Best of XY (TCG)	THE BEST OF XY (/171)	Hex Maniac	Supporter
XY-BEST-182	The Best of XY (TCG)	THE BEST OF XY (/171)	Blacksmith	Supporter
XY-BEST-183	The Best of XY (TCG)	THE BEST OF XY (/171)	Karen	Supporter
XY-BEST-184	The Best of XY (TCG)	THE BEST OF XY (/171)	Delinquent	Supporter
XY-BEST-185	The Best of XY (TCG)	THE BEST OF XY (/171)	Shauna	Supporter
XY-BEST-186	The Best of XY (TCG)	THE BEST OF XY (/171)	Team Flare Grunt	Supporter
XY-BEST-187	The Best of XY (TCG)	THE BEST OF XY (/171)	Yveltal-EX	Darkness
XY-BEST-188	The Best of XY (TCG)	THE BEST OF XY (/171)	Shaymin-EX	Colorless
SV2a-196	151 (TCG)	Pokémon Card 151 (/165)	Erika's Invitation	Supporter
SV2a-198	151 (TCG)	Pokémon Card 151 (/165)	Daisy's Help	Supporter
SV2a-206	151 (TCG)	Pokémon Card 151 (/165)	Erika's Invitation	Supporter
SV2a-208	151 (TCG)	Pokémon Card 151 (/165)	Mew ex	Psychic
SV2a-209	151 (TCG)	Pokémon Card 151 (/165)	Switch	Item
SV2a-210	151 (TCG)	Pokémon Card 151 (/165)	Basic Psychic Energy	Energy
M6-001	Storm Emeralda (TCG)	Storm Emeralda (/076)	Heracross	Grass
M6-002	Storm Emeralda (TCG)	Storm Emeralda (/076)	Surskit	Grass
M6-003	Storm Emeralda (TCG)	Storm Emeralda (/076)	Masquerain	Grass
M6-004	Storm Emeralda (TCG)	Storm Emeralda (/076)	Cacnea	Grass
M6-005	Storm Emeralda (TCG)	Storm Emeralda (/076)	Cacturne	Grass
M6-006	Storm Emeralda (TCG)	Storm Emeralda (/076)	Combee	Grass
M6-007	Storm Emeralda (TCG)	Storm Emeralda (/076)	Vespiquen	Grass
M6-008	Storm Emeralda (TCG)	Storm Emeralda (/076)	Wimpod	Grass
M6-009	Storm Emeralda (TCG)	Storm Emeralda (/076)	Mega Golisopod ex	Grass
M6-010	Storm Emeralda (TCG)	Storm Emeralda (/076)	Growlithe	Fire
M6-011	Storm Emeralda (TCG)	Storm Emeralda (/076)	Arcanine	Fire
M6-012	Storm Emeralda (TCG)	Storm Emeralda (/076)	Magmar	Fire
M6-013	Storm Emeralda (TCG)	Storm Emeralda (/076)	Magmortar	Fire
M6-014	Storm Emeralda (TCG)	Storm Emeralda (/076)	Torkoal	Fire
M6-015	Storm Emeralda (TCG)	Storm Emeralda (/076)	Heat Rotom ex	Fire
M6-016	Storm Emeralda (TCG)	Storm Emeralda (/076)	Heatmor	Fire
M6-017	Storm Emeralda (TCG)	Storm Emeralda (/076)	Mantine	Water
M6-018	Storm Emeralda (TCG)	Storm Emeralda (/076)	Kyogre	Water
M6-019	Storm Emeralda (TCG)	Storm Emeralda (/076)	Frillish	Water
M6-020	Storm Emeralda (TCG)	Storm Emeralda (/076)	Jellicent	Water
M6-021	Storm Emeralda (TCG)	Storm Emeralda (/076)	Wishiwashi ex	Water
M6-022	Storm Emeralda (TCG)	Storm Emeralda (/076)	Electabuzz	Lightning
M6-023	Storm Emeralda (TCG)	Storm Emeralda (/076)	Electivire	Lightning
M6-024	Storm Emeralda (TCG)	Storm Emeralda (/076)	Raikou ex	Lightning
M6-025	Storm Emeralda (TCG)	Storm Emeralda (/076)	Thundurus	Lightning
M6-026	Storm Emeralda (TCG)	Storm Emeralda (/076)	Pincurchin	Lightning
M6-027	Storm Emeralda (TCG)	Storm Emeralda (/076)	Wattrel	Lightning
M6-028	Storm Emeralda (TCG)	Storm Emeralda (/076)	Kilowattrel	Lightning
M6-029	Storm Emeralda (TCG)	Storm Emeralda (/076)	Drowzee	Psychic
M6-030	Storm Emeralda (TCG)	Storm Emeralda (/076)	Hypno	Psychic
M6-031	Storm Emeralda (TCG)	Storm Emeralda (/076)	Giratina	Psychic
M6-032	Storm Emeralda (TCG)	Storm Emeralda (/076)	Golett	Psychic
M6-033	Storm Emeralda (TCG)	Storm Emeralda (/076)	Mega Golurk ex	Psychic
M6-034	Storm Emeralda (TCG)	Storm Emeralda (/076)	Enamorus	Psychic
M6-035	Storm Emeralda (TCG)	Storm Emeralda (/076)	Sandshrew	Fighting
M6-036	Storm Emeralda (TCG)	Storm Emeralda (/076)	Sandslash	Fighting
M6-037	Storm Emeralda (TCG)	Storm Emeralda (/076)	Onix	Fighting
M6-038	Storm Emeralda (TCG)	Storm Emeralda (/076)	Steelix	Fighting
M6-039	Storm Emeralda (TCG)	Storm Emeralda (/076)	Groudon	Fighting
M6-040	Storm Emeralda (TCG)	Storm Emeralda (/076)	Landorus	Fighting
M6-041	Storm Emeralda (TCG)	Storm Emeralda (/076)	Nidoran♀	Darkness
M6-042	Storm Emeralda (TCG)	Storm Emeralda (/076)	Nidorina	Darkness
M6-043	Storm Emeralda (TCG)	Storm Emeralda (/076)	Nidoqueen	Darkness
M6-044	Storm Emeralda (TCG)	Storm Emeralda (/076)	Spinarak	Darkness
M6-045	Storm Emeralda (TCG)	Storm Emeralda (/076)	Ariados	Darkness
M6-046	Storm Emeralda (TCG)	Storm Emeralda (/076)	Sableye	Darkness
M6-047	Storm Emeralda (TCG)	Storm Emeralda (/076)	Inkay	Darkness
M6-048	Storm Emeralda (TCG)	Storm Emeralda (/076)	Mega Malamar ex	Darkness
M6-049	Storm Emeralda (TCG)	Storm Emeralda (/076)	Druddigon	Dragon
M6-050	Storm Emeralda (TCG)	Storm Emeralda (/076)	Jangmo-o	Dragon
M6-051	Storm Emeralda (TCG)	Storm Emeralda (/076)	Hakamo-o	Dragon
M6-052	Storm Emeralda (TCG)	Storm Emeralda (/076)	Kommo-o	Dragon
M6-053	Storm Emeralda (TCG)	Storm Emeralda (/076)	Cyclizar	Dragon
M6-054	Storm Emeralda (TCG)	Storm Emeralda (/076)	Azurill	Colorless
M6-055	Storm Emeralda (TCG)	Storm Emeralda (/076)	Swablu	Colorless
M6-056	Storm Emeralda (TCG)	Storm Emeralda (/076)	Altaria	Colorless
M6-057	Storm Emeralda (TCG)	Storm Emeralda (/076)	Kecleon	Colorless
M6-058	Storm Emeralda (TCG)	Storm Emeralda (/076)	Mega Rayquaza ex	Colorless
M6-059	Storm Emeralda (TCG)	Storm Emeralda (/076)	Tornadus	Colorless
M6-060	Storm Emeralda (TCG)	Storm Emeralda (/076)	Fletchling	Colorless
M6-061	Storm Emeralda (TCG)	Storm Emeralda (/076)	Fletchinder	Colorless
M6-062	Storm Emeralda (TCG)	Storm Emeralda (/076)	Talonflame ex	Colorless
M6-063	Storm Emeralda (TCG)	Storm Emeralda (/076)	Tasty Rice Ball	Item
M6-064	Storm Emeralda (TCG)	Storm Emeralda (/076)	Adventure Lantern	Item
M6-065	Storm Emeralda (TCG)	Storm Emeralda (/076)	Custom Vest	Pokémon Tool
M6-066	Storm Emeralda (TCG)	Storm Emeralda (/076)	Mega Rayquaza Cap	Pokémon Tool
M6-067	Storm Emeralda (TCG)	Storm Emeralda (/076)	Emcee's Hype	Supporter
M6-068	Storm Emeralda (TCG)	Storm Emeralda (/076)	Aarune	Supporter
M6-069	Storm Emeralda (TCG)	Storm Emeralda (/076)	Zinnia's Trust	Supporter
M6-070	Storm Emeralda (TCG)	Storm Emeralda (/076)	Tate & Liza's Training	Supporter
M6-071	Storm Emeralda (TCG)	Storm Emeralda (/076)	Legendary Trench	Stadium
M6-072	Storm Emeralda (TCG)	Storm Emeralda (/076)	Legendary Trench	Stadium
M6-073	Storm Emeralda (TCG)	Storm Emeralda (/076)	Legendary Summit	Stadium
M6-074	Storm Emeralda (TCG)	Storm Emeralda (/076)	Legendary Summit	Stadium
M6-075	Storm Emeralda (TCG)	Storm Emeralda (/076)	Legendary Pyroduct	Stadium
M6-076	Storm Emeralda (TCG)	Storm Emeralda (/076)	Legendary Pyroduct	Stadium
M6-077	Storm Emeralda (TCG)	Storm Emeralda (/076)	Masquerain	Grass
M6-078	Storm Emeralda (TCG)	Storm Emeralda (/076)	Growlithe	Fire
M6-079	Storm Emeralda (TCG)	Storm Emeralda (/076)	Magmortar	Fire
M6-080	Storm Emeralda (TCG)	Storm Emeralda (/076)	Kyogre	Water
M6-081	Storm Emeralda (TCG)	Storm Emeralda (/076)	Electivire	Lightning
M6-082	Storm Emeralda (TCG)	Storm Emeralda (/076)	Pincurchin	Lightning
M6-083	Storm Emeralda (TCG)	Storm Emeralda (/076)	Enamorus	Psychic
M6-084	Storm Emeralda (TCG)	Storm Emeralda (/076)	Groudon	Fighting
M6-085	Storm Emeralda (TCG)	Storm Emeralda (/076)	Inkay	Darkness
M6-086	Storm Emeralda (TCG)	Storm Emeralda (/076)	Azurill	Colorless
M6-087	Storm Emeralda (TCG)	Storm Emeralda (/076)	Altaria	Colorless
M6-088	Storm Emeralda (TCG)	Storm Emeralda (/076)	Kecleon	Colorless
M6-089	Storm Emeralda (TCG)	Storm Emeralda (/076)	Mega Golisopod ex	Grass
M6-090	Storm Emeralda (TCG)	Storm Emeralda (/076)	Heat Rotom ex	Fire
M6-091	Storm Emeralda (TCG)	Storm Emeralda (/076)	Wishiwashi ex	Water
M6-092	Storm Emeralda (TCG)	Storm Emeralda (/076)	Raikou ex	Lightning
M6-093	Storm Emeralda (TCG)	Storm Emeralda (/076)	Mega Golurk ex	Psychic
M6-094	Storm Emeralda (TCG)	Storm Emeralda (/076)	Mega Malamar ex	Darkness
M6-095	Storm Emeralda (TCG)	Storm Emeralda (/076)	Mega Rayquaza ex	Colorless
M6-096	Storm Emeralda (TCG)	Storm Emeralda (/076)	Talonflame ex	Colorless
M6-097	Storm Emeralda (TCG)	Storm Emeralda (/076)	Adventure Lantern	Item
M6-098	Storm Emeralda (TCG)	Storm Emeralda (/076)	Pokémon Catcher	Item
M6-099	Storm Emeralda (TCG)	Storm Emeralda (/076)	Custom Vest	Pokémon Tool
M6-100	Storm Emeralda (TCG)	Storm Emeralda (/076)	Emcee's Hype	Supporter
M6-101	Storm Emeralda (TCG)	Storm Emeralda (/076)	Aarune	Supporter
M6-102	Storm Emeralda (TCG)	Storm Emeralda (/076)	Zinnia's Trust	Supporter
M6-103	Storm Emeralda (TCG)	Storm Emeralda (/076)	Tate & Liza's Training	Supporter
M6-107	Storm Emeralda (TCG)	Storm Emeralda (/076)	Mega Golisopod ex	Grass
M6-108	Storm Emeralda (TCG)	Storm Emeralda (/076)	Raikou ex	Lightning
M6-109	Storm Emeralda (TCG)	Storm Emeralda (/076)	Mega Golurk ex	Psychic
M6-110	Storm Emeralda (TCG)	Storm Emeralda (/076)	Mega Rayquaza ex	Colorless
M6-111	Storm Emeralda (TCG)	Storm Emeralda (/076)	Aarune	Supporter
M6-112	Storm Emeralda (TCG)	Storm Emeralda (/076)	Zinnia's Trust	Supporter
M6-113	Storm Emeralda (TCG)	Storm Emeralda (/076)	Mega Rayquaza ex	Colorless
M6a-001	30th Celebration (TCG)	30th Celebration (/103)	Exeggcute	Grass
M6a-002	30th Celebration (TCG)	30th Celebration (/103)	Alolan Exeggutor	Grass
M6a-003	30th Celebration (TCG)	30th Celebration (/103)	Volbeat	Grass
M6a-004	30th Celebration (TCG)	30th Celebration (/103)	Illumise	Grass
M6a-005	30th Celebration (TCG)	30th Celebration (/103)	Vivillon	Grass
M6a-006	30th Celebration (TCG)	30th Celebration (/103)	Moltres	Fire
M6a-007	30th Celebration (TCG)	30th Celebration (/103)	Ho-Oh	Fire
M6a-008	30th Celebration (TCG)	30th Celebration (/103)	Reshiram	Fire
M6a-009	30th Celebration (TCG)	30th Celebration (/103)	Fuecoco ex	Fire
M6a-010	30th Celebration (TCG)	30th Celebration (/103)	Slowpoke	Water
M6a-011	30th Celebration (TCG)	30th Celebration (/103)	Lapras	Water
M6a-012	30th Celebration (TCG)	30th Celebration (/103)	Articuno	Water
M6a-013	30th Celebration (TCG)	30th Celebration (/103)	Kyogre	Water
M6a-014	30th Celebration (TCG)	30th Celebration (/103)	Palkia	Water
M6a-015	30th Celebration (TCG)	30th Celebration (/103)	Greninja ex	Water
M6a-016	30th Celebration (TCG)	30th Celebration (/103)	Wishiwashi	Water
M6a-017	30th Celebration (TCG)	30th Celebration (/103)	Pikachu	Lightning
M6a-018	30th Celebration (TCG)	30th Celebration (/103)	Pikachu	Lightning
M6a-019	30th Celebration (TCG)	30th Celebration (/103)	Pikachu	Lightning
M6a-020	30th Celebration (TCG)	30th Celebration (/103)	Pikachu	Lightning
M6a-021	30th Celebration (TCG)	30th Celebration (/103)	Pikachu	Lightning
M6a-022	30th Celebration (TCG)	30th Celebration (/103)	Pikachu	Lightning
M6a-023	30th Celebration (TCG)	30th Celebration (/103)	Pikachu	Lightning
M6a-024	30th Celebration (TCG)	30th Celebration (/103)	Pikachu	Lightning
M6a-025	30th Celebration (TCG)	30th Celebration (/103)	Pikachu	Lightning
M6a-026	30th Celebration (TCG)	30th Celebration (/103)	Pikachu	Lightning
M6a-027	30th Celebration (TCG)	30th Celebration (/103)	Pikachu	Lightning
M6a-028	30th Celebration (TCG)	30th Celebration (/103)	Pikachu	Lightning
M6a-029	30th Celebration (TCG)	30th Celebration (/103)	Pikachu	Lightning
M6a-030	30th Celebration (TCG)	30th Celebration (/103)	Pikachu	Lightning
M6a-031	30th Celebration (TCG)	30th Celebration (/103)	Pikachu	Lightning
M6a-032	30th Celebration (TCG)	30th Celebration (/103)	Pikachu	Lightning
M6a-033	30th Celebration (TCG)	30th Celebration (/103)	Pikachu	Lightning
M6a-034	30th Celebration (TCG)	30th Celebration (/103)	Pikachu	Lightning
M6a-035	30th Celebration (TCG)	30th Celebration (/103)	Pikachu	Lightning
M6a-036	30th Celebration (TCG)	30th Celebration (/103)	Pikachu	Lightning
M6a-037	30th Celebration (TCG)	30th Celebration (/103)	Pikachu	Lightning
M6a-038	30th Celebration (TCG)	30th Celebration (/103)	Pikachu	Lightning
M6a-039	30th Celebration (TCG)	30th Celebration (/103)	Pikachu	Lightning
M6a-040	30th Celebration (TCG)	30th Celebration (/103)	Pikachu	Lightning
M6a-041	30th Celebration (TCG)	30th Celebration (/103)	Pikachu	Lightning
M6a-042	30th Celebration (TCG)	30th Celebration (/103)	Pikachu	Lightning
M6a-043	30th Celebration (TCG)	30th Celebration (/103)	Pikachu	Lightning
M6a-044	30th Celebration (TCG)	30th Celebration (/103)	Pikachu	Lightning
M6a-045	30th Celebration (TCG)	30th Celebration (/103)	Pikachu	Lightning
M6a-046	30th Celebration (TCG)	30th Celebration (/103)	Pikachu	Lightning
M6a-047	30th Celebration (TCG)	30th Celebration (/103)	Pikachu ex	Lightning
M6a-048	30th Celebration (TCG)	30th Celebration (/103)	Pikachu ex	Lightning
M6a-049	30th Celebration (TCG)	30th Celebration (/103)	Zapdos	Lightning
M6a-050	30th Celebration (TCG)	30th Celebration (/103)	Zekrom	Lightning
M6a-051	30th Celebration (TCG)	30th Celebration (/103)	Toxtricity	Lightning
M6a-052	30th Celebration (TCG)	30th Celebration (/103)	Morpeko	Lightning
M6a-053	30th Celebration (TCG)	30th Celebration (/103)	Miraidon	Lightning
M6a-054	30th Celebration (TCG)	30th Celebration (/103)	Mewtwo	Psychic
M6a-055	30th Celebration (TCG)	30th Celebration (/103)	Mewtwo ex	Psychic
M6a-056	30th Celebration (TCG)	30th Celebration (/103)	Mew	Psychic
M6a-057	30th Celebration (TCG)	30th Celebration (/103)	Mew ex	Psychic
M6a-058	30th Celebration (TCG)	30th Celebration (/103)	Espeon	Psychic
M6a-059	30th Celebration (TCG)	30th Celebration (/103)	Sylveon ex	Psychic
M6a-060	30th Celebration (TCG)	30th Celebration (/103)	Unown	Psychic
M6a-061	30th Celebration (TCG)	30th Celebration (/103)	Drifloon	Psychic
M6a-062	30th Celebration (TCG)	30th Celebration (/103)	Chandelure	Psychic
M6a-063	30th Celebration (TCG)	30th Celebration (/103)	Xerneas	Psychic
M6a-064	30th Celebration (TCG)	30th Celebration (/103)	Cosmog	Psychic
M6a-065	30th Celebration (TCG)	30th Celebration (/103)	Cosmoem	Psychic
M6a-066	30th Celebration (TCG)	30th Celebration (/103)	Lunala	Psychic
M6a-067	30th Celebration (TCG)	30th Celebration (/103)	Gimmighoul	Psychic
M6a-068	30th Celebration (TCG)	30th Celebration (/103)	Groudon	Fighting
M6a-069	30th Celebration (TCG)	30th Celebration (/103)	Lucario	Fighting
M6a-070	30th Celebration (TCG)	30th Celebration (/103)	Seismitoad	Fighting
M6a-071	30th Celebration (TCG)	30th Celebration (/103)	Lycanroc	Fighting
M6a-072	30th Celebration (TCG)	30th Celebration (/103)	Koraidon	Fighting
M6a-073	30th Celebration (TCG)	30th Celebration (/103)	Nidoran♀	Darkness
M6a-074	30th Celebration (TCG)	30th Celebration (/103)	Nidorina	Darkness
M6a-075	30th Celebration (TCG)	30th Celebration (/103)	Alolan Meowth	Darkness
M6a-076	30th Celebration (TCG)	30th Celebration (/103)	Gengar ex	Darkness
M6a-077	30th Celebration (TCG)	30th Celebration (/103)	Umbreon	Darkness
M6a-078	30th Celebration (TCG)	30th Celebration (/103)	Scraggy	Darkness
M6a-079	30th Celebration (TCG)	30th Celebration (/103)	Yveltal	Darkness
M6a-080	30th Celebration (TCG)	30th Celebration (/103)	Galarian Meowth	Metal
M6a-081	30th Celebration (TCG)	30th Celebration (/103)	Jirachi ex	Metal
M6a-082	30th Celebration (TCG)	30th Celebration (/103)	Dialga	Metal
M6a-083	30th Celebration (TCG)	30th Celebration (/103)	Ferrothorn	Metal
M6a-084	30th Celebration (TCG)	30th Celebration (/103)	Solgaleo	Metal
M6a-085	30th Celebration (TCG)	30th Celebration (/103)	Zacian	Metal
M6a-086	30th Celebration (TCG)	30th Celebration (/103)	Zamazenta	Metal
M6a-087	30th Celebration (TCG)	30th Celebration (/103)	Gholdengo	Metal
M6a-088	30th Celebration (TCG)	30th Celebration (/103)	Salamence ex	Dragon
M6a-089	30th Celebration (TCG)	30th Celebration (/103)	Jangmo-o	Dragon
M6a-090	30th Celebration (TCG)	30th Celebration (/103)	Hakamo-o	Dragon
M6a-091	30th Celebration (TCG)	30th Celebration (/103)	Kommo-o	Dragon
M6a-092	30th Celebration (TCG)	30th Celebration (/103)	Meowth	Colorless
M6a-093	30th Celebration (TCG)	30th Celebration (/103)	Ditto	Colorless
M6a-094	30th Celebration (TCG)	30th Celebration (/103)	Eevee	Colorless
M6a-095	30th Celebration (TCG)	30th Celebration (/103)	Snorlax	Colorless
M6a-096	30th Celebration (TCG)	30th Celebration (/103)	Igglybuff	Colorless
M6a-097	30th Celebration (TCG)	30th Celebration (/103)	Lugia	Colorless
M6a-098	30th Celebration (TCG)	30th Celebration (/103)	Hisuian Zorua	Colorless
M6a-099	30th Celebration (TCG)	30th Celebration (/103)	Hisuian Zoroark	Colorless
M6a-100	30th Celebration (TCG)	30th Celebration (/103)	Maushold	Colorless
M6a-101	30th Celebration (TCG)	30th Celebration (/103)	Ultra Ball	Item
M6a-102	30th Celebration (TCG)	30th Celebration (/103)	Poké Pad	Item
M6a-103	30th Celebration (TCG)	30th Celebration (/103)	Switch	Item
M6a-104	30th Celebration (TCG)	30th Celebration (/103)	Alolan Exeggutor	Grass
M6a-105	30th Celebration (TCG)	30th Celebration (/103)	Moltres	Fire
M6a-106	30th Celebration (TCG)	30th Celebration (/103)	Lapras	Water
M6a-107	30th Celebration (TCG)	30th Celebration (/103)	Articuno	Water
M6a-108	30th Celebration (TCG)	30th Celebration (/103)	Zapdos	Lightning
M6a-109	30th Celebration (TCG)	30th Celebration (/103)	Toxtricity	Lightning
M6a-110	30th Celebration (TCG)	30th Celebration (/103)	Morpeko	Lightning
M6a-111	30th Celebration (TCG)	30th Celebration (/103)	Drifloon	Psychic
M6a-112	30th Celebration (TCG)	30th Celebration (/103)	Chandelure	Psychic
M6a-113	30th Celebration (TCG)	30th Celebration (/103)	Lycanroc	Fighting
M6a-114	30th Celebration (TCG)	30th Celebration (/103)	Nidorina	Darkness
M6a-115	30th Celebration (TCG)	30th Celebration (/103)	Alolan Meowth	Darkness
M6a-116	30th Celebration (TCG)	30th Celebration (/103)	Scraggy	Darkness
M6a-117	30th Celebration (TCG)	30th Celebration (/103)	Galarian Meowth	Metal
M6a-118	30th Celebration (TCG)	30th Celebration (/103)	Gholdengo	Metal
M6a-119	30th Celebration (TCG)	30th Celebration (/103)	Kommo-o	Dragon
M6a-120	30th Celebration (TCG)	30th Celebration (/103)	Meowth	Colorless
M6a-121	30th Celebration (TCG)	30th Celebration (/103)	Ditto	Colorless
M6a-122	30th Celebration (TCG)	30th Celebration (/103)	Hisuian Zorua	Colorless
M6a-123	30th Celebration (TCG)	30th Celebration (/103)	Maushold	Colorless
M6a-124	30th Celebration (TCG)	30th Celebration (/103)	Fuecoco ex	Fire
M6a-125	30th Celebration (TCG)	30th Celebration (/103)	Greninja ex	Water
M6a-126	30th Celebration (TCG)	30th Celebration (/103)	Pikachu ex	Lightning
M6a-127	30th Celebration (TCG)	30th Celebration (/103)	Pikachu ex	Lightning
M6a-128	30th Celebration (TCG)	30th Celebration (/103)	Mewtwo ex	Psychic
M6a-129	30th Celebration (TCG)	30th Celebration (/103)	Mew ex	Psychic
M6a-130	30th Celebration (TCG)	30th Celebration (/103)	Sylveon ex	Psychic
M6a-131	30th Celebration (TCG)	30th Celebration (/103)	Gengar ex	Darkness
M6a-132	30th Celebration (TCG)	30th Celebration (/103)	Jirachi ex	Metal
M6a-133	30th Celebration (TCG)	30th Celebration (/103)	Salamence ex	Dragon
M6a-134	30th Celebration (TCG)	30th Celebration (/103)	Mewtwo ex	Psychic
M6a-135	30th Celebration (TCG)	30th Celebration (/103)	Mew ex	Psychic
M6a-158	30th Celebration (TCG)	30th Celebration (/103)	Solgaleo-GX	Metal
M6a-159	30th Celebration (TCG)	30th Celebration (/103)	Buzzwole-GX	Fighting
M6a-160	30th Celebration (TCG)	30th Celebration (/103)	Pikachu & Zekrom-GX	Lightning
M6a-161	30th Celebration (TCG)	30th Celebration (/103)	Zacian V	Metal
M6a-162	30th Celebration (TCG)	30th Celebration (/103)	Raikou	Lightning
M6a-163	30th Celebration (TCG)	30th Celebration (/103)	Mew VMAX	Psychic
M6a-164	30th Celebration (TCG)	30th Celebration (/103)	Arceus VSTAR	Colorless
M6a-165	30th Celebration (TCG)	30th Celebration (/103)	Magikarp	Water
MF-001	30th Celebration Premium Deck Set Espeon & Umbreon (TCG)	30th Celebration Premium Deck Set Espeon & Umbreon (/040)	Tropius	Grass
MF-002	30th Celebration Premium Deck Set Espeon & Umbreon (TCG)	30th Celebration Premium Deck Set Espeon & Umbreon (/040)	Cherubi	Grass
MF-003	30th Celebration Premium Deck Set Espeon & Umbreon (TCG)	30th Celebration Premium Deck Set Espeon & Umbreon (/040)	Cherrim	Grass
MF-004	30th Celebration Premium Deck Set Espeon & Umbreon (TCG)	30th Celebration Premium Deck Set Espeon & Umbreon (/040)	Vulpix	Fire
MF-005	30th Celebration Premium Deck Set Espeon & Umbreon (TCG)	30th Celebration Premium Deck Set Espeon & Umbreon (/040)	Ninetales	Fire
MF-006	30th Celebration Premium Deck Set Espeon & Umbreon (TCG)	30th Celebration Premium Deck Set Espeon & Umbreon (/040)	Victini	Fire
MF-007	30th Celebration Premium Deck Set Espeon & Umbreon (TCG)	30th Celebration Premium Deck Set Espeon & Umbreon (/040)	Zeraora	Lightning
MF-008	30th Celebration Premium Deck Set Espeon & Umbreon (TCG)	30th Celebration Premium Deck Set Espeon & Umbreon (/040)	Toxel	Lightning
MF-009	30th Celebration Premium Deck Set Espeon & Umbreon (TCG)	30th Celebration Premium Deck Set Espeon & Umbreon (/040)	Toxtricity	Lightning
MF-010	30th Celebration Premium Deck Set Espeon & Umbreon (TCG)	30th Celebration Premium Deck Set Espeon & Umbreon (/040)	Mewtwo	Psychic
MF-011	30th Celebration Premium Deck Set Espeon & Umbreon (TCG)	30th Celebration Premium Deck Set Espeon & Umbreon (/040)	Mew	Psychic
MF-012	30th Celebration Premium Deck Set Espeon & Umbreon (TCG)	30th Celebration Premium Deck Set Espeon & Umbreon (/040)	Marill	Psychic
MF-013	30th Celebration Premium Deck Set Espeon & Umbreon (TCG)	30th Celebration Premium Deck Set Espeon & Umbreon (/040)	Azumarill	Psychic
MF-014	30th Celebration Premium Deck Set Espeon & Umbreon (TCG)	30th Celebration Premium Deck Set Espeon & Umbreon (/040)	Espeon ex	Psychic
MF-015	30th Celebration Premium Deck Set Espeon & Umbreon (TCG)	30th Celebration Premium Deck Set Espeon & Umbreon (/040)	Cresselia	Psychic
MF-016	30th Celebration Premium Deck Set Espeon & Umbreon (TCG)	30th Celebration Premium Deck Set Espeon & Umbreon (/040)	Comfey	Psychic
MF-017	30th Celebration Premium Deck Set Espeon & Umbreon (TCG)	30th Celebration Premium Deck Set Espeon & Umbreon (/040)	Umbreon ex	Darkness
MF-018	30th Celebration Premium Deck Set Espeon & Umbreon (TCG)	30th Celebration Premium Deck Set Espeon & Umbreon (/040)	Murkrow	Darkness
MF-019	30th Celebration Premium Deck Set Espeon & Umbreon (TCG)	30th Celebration Premium Deck Set Espeon & Umbreon (/040)	Zorua	Darkness
MF-020	30th Celebration Premium Deck Set Espeon & Umbreon (TCG)	30th Celebration Premium Deck Set Espeon & Umbreon (/040)	Zoroark	Darkness
MF-021	30th Celebration Premium Deck Set Espeon & Umbreon (TCG)	30th Celebration Premium Deck Set Espeon & Umbreon (/040)	Deino	Darkness
MF-022	30th Celebration Premium Deck Set Espeon & Umbreon (TCG)	30th Celebration Premium Deck Set Espeon & Umbreon (/040)	Zweilous	Darkness
MF-023	30th Celebration Premium Deck Set Espeon & Umbreon (TCG)	30th Celebration Premium Deck Set Espeon & Umbreon (/040)	Hydreigon	Darkness
MF-024	30th Celebration Premium Deck Set Espeon & Umbreon (TCG)	30th Celebration Premium Deck Set Espeon & Umbreon (/040)	Kangaskhan	Colorless
MF-025	30th Celebration Premium Deck Set Espeon & Umbreon (TCG)	30th Celebration Premium Deck Set Espeon & Umbreon (/040)	Eevee	Colorless
MF-026	30th Celebration Premium Deck Set Espeon & Umbreon (TCG)	30th Celebration Premium Deck Set Espeon & Umbreon (/040)	Eevee	Colorless
MF-027	30th Celebration Premium Deck Set Espeon & Umbreon (TCG)	30th Celebration Premium Deck Set Espeon & Umbreon (/040)	Minior	Colorless
MF-028	30th Celebration Premium Deck Set Espeon & Umbreon (TCG)	30th Celebration Premium Deck Set Espeon & Umbreon (/040)	Potion	Item
MF-029	30th Celebration Premium Deck Set Espeon & Umbreon (TCG)	30th Celebration Premium Deck Set Espeon & Umbreon (/040)	Crushing Hammer	Item
MF-030	30th Celebration Premium Deck Set Espeon & Umbreon (TCG)	30th Celebration Premium Deck Set Espeon & Umbreon (/040)	Ultra Ball	Item
MF-031	30th Celebration Premium Deck Set Espeon & Umbreon (TCG)	30th Celebration Premium Deck Set Espeon & Umbreon (/040)	Poké Pad	Item
MF-032	30th Celebration Premium Deck Set Espeon & Umbreon (TCG)	30th Celebration Premium Deck Set Espeon & Umbreon (/040)	Switch	Item
MF-033	30th Celebration Premium Deck Set Espeon & Umbreon (TCG)	30th Celebration Premium Deck Set Espeon & Umbreon (/040)	Pokémon Catcher	Item
MF-034	30th Celebration Premium Deck Set Espeon & Umbreon (TCG)	30th Celebration Premium Deck Set Espeon & Umbreon (/040)	Iris's Fighting Spirit	Supporter
MF-035	30th Celebration Premium Deck Set Espeon & Umbreon (TCG)	30th Celebration Premium Deck Set Espeon & Umbreon (/040)	Waitress	Supporter
MF-036	30th Celebration Premium Deck Set Espeon & Umbreon (TCG)	30th Celebration Premium Deck Set Espeon & Umbreon (/040)	Urbain	Supporter
MF-037	30th Celebration Premium Deck Set Espeon & Umbreon (TCG)	30th Celebration Premium Deck Set Espeon & Umbreon (/040)	Judge	Supporter
MF-038	30th Celebration Premium Deck Set Espeon & Umbreon (TCG)	30th Celebration Premium Deck Set Espeon & Umbreon (/040)	Brock's Scouting	Supporter
MF-040	30th Celebration Premium Deck Set Espeon & Umbreon (TCG)	30th Celebration Premium Deck Set Espeon & Umbreon (/040)	Lillie's Determination	Supporter
MEE-001	Ex Starter Sets 2026 (TCG)	ex Starter Set 2026 (/019)	Jolteon	Lightning
MEE-002	Ex Starter Sets 2026 (TCG)	ex Starter Set 2026 (/019)	Rotom	Lightning
MEE-003	Ex Starter Sets 2026 (TCG)	ex Starter Set 2026 (/019)	Pawmi	Lightning
MEE-004	Ex Starter Sets 2026 (TCG)	ex Starter Set 2026 (/019)	Pawmo	Lightning
MEE-005	Ex Starter Sets 2026 (TCG)	ex Starter Set 2026 (/019)	Pawmot	Lightning
MEE-006	Ex Starter Sets 2026 (TCG)	ex Starter Set 2026 (/019)	Miraidon	Lightning
MEE-007	Ex Starter Sets 2026 (TCG)	ex Starter Set 2026 (/019)	Tauros	Colorless
MEE-008	Ex Starter Sets 2026 (TCG)	ex Starter Set 2026 (/019)	Eevee	Colorless
MEE-009	Ex Starter Sets 2026 (TCG)	ex Starter Set 2026 (/019)	Eevee ex	Colorless
MEE-010	Ex Starter Sets 2026 (TCG)	ex Starter Set 2026 (/019)	Delibird	Colorless
MEE-011	Ex Starter Sets 2026 (TCG)	ex Starter Set 2026 (/019)	Ultra Ball	Item
MEE-012	Ex Starter Sets 2026 (TCG)	ex Starter Set 2026 (/019)	Rare Candy	Item
MEE-013	Ex Starter Sets 2026 (TCG)	ex Starter Set 2026 (/019)	Poké Pad	Item
MEE-014	Ex Starter Sets 2026 (TCG)	ex Starter Set 2026 (/019)	Air Balloon	Pokémon Tool
MEE-015	Ex Starter Sets 2026 (TCG)	ex Starter Set 2026 (/019)	Urbain	Supporter
MEE-016	Ex Starter Sets 2026 (TCG)	ex Starter Set 2026 (/019)	Judge	Supporter
MEE-017	Ex Starter Sets 2026 (TCG)	ex Starter Set 2026 (/019)	Dawn	Supporter
MEE-019	Ex Starter Sets 2026 (TCG)	ex Starter Set 2026 (/019)	Lillie's Determination	Supporter
MEE-020	Ex Starter Sets 2026 (TCG)	ex Starter Set 2026 (/019)	Eevee	Colorless
MEZ-001	Ex Starter Sets 2026 (TCG)	ex Starter Set 2026 (/019)	Carvanha	Darkness
MEZ-002	Ex Starter Sets 2026 (TCG)	ex Starter Set 2026 (/019)	Sharpedo	Darkness
MEZ-003	Ex Starter Sets 2026 (TCG)	ex Starter Set 2026 (/019)	Darkrai	Darkness
MEZ-004	Ex Starter Sets 2026 (TCG)	ex Starter Set 2026 (/019)	Purrloin	Darkness
MEZ-005	Ex Starter Sets 2026 (TCG)	ex Starter Set 2026 (/019)	Liepard	Darkness
MEZ-006	Ex Starter Sets 2026 (TCG)	ex Starter Set 2026 (/019)	Zorua	Darkness
MEZ-007	Ex Starter Sets 2026 (TCG)	ex Starter Set 2026 (/019)	Zoroark ex	Darkness
MEZ-008	Ex Starter Sets 2026 (TCG)	ex Starter Set 2026 (/019)	Morpeko	Darkness
MEZ-009	Ex Starter Sets 2026 (TCG)	ex Starter Set 2026 (/019)	Zarude	Darkness
MEZ-010	Ex Starter Sets 2026 (TCG)	ex Starter Set 2026 (/019)	Delibird	Colorless
MEZ-011	Ex Starter Sets 2026 (TCG)	ex Starter Set 2026 (/019)	Crushing Hammer	Item
MEZ-012	Ex Starter Sets 2026 (TCG)	ex Starter Set 2026 (/019)	Ultra Ball	Item
MEZ-013	Ex Starter Sets 2026 (TCG)	ex Starter Set 2026 (/019)	Poké Pad	Item
MEZ-014	Ex Starter Sets 2026 (TCG)	ex Starter Set 2026 (/019)	Air Balloon	Pokémon Tool
MEZ-015	Ex Starter Sets 2026 (TCG)	ex Starter Set 2026 (/019)	Iris's Fighting Spirit	Supporter
MEZ-016	Ex Starter Sets 2026 (TCG)	ex Starter Set 2026 (/019)	Urbain	Supporter
MEZ-017	Ex Starter Sets 2026 (TCG)	ex Starter Set 2026 (/019)	Judge	Supporter
MEZ-019	Ex Starter Sets 2026 (TCG)	ex Starter Set 2026 (/019)	Lillie's Determination	Supporter
MEZ-020	Ex Starter Sets 2026 (TCG)	ex Starter Set 2026 (/019)	Zorua	Darkness
MEM-001	Ex Starter Sets 2026 (TCG)	ex Starter Set 2026 (/017)	Shaymin	Grass
MEM-002	Ex Starter Sets 2026 (TCG)	ex Starter Set 2026 (/017)	Virizion	Grass
MEM-003	Ex Starter Sets 2026 (TCG)	ex Starter Set 2026 (/017)	Sprigatito	Grass
MEM-004	Ex Starter Sets 2026 (TCG)	ex Starter Set 2026 (/017)	Floragato	Grass
MEM-005	Ex Starter Sets 2026 (TCG)	ex Starter Set 2026 (/017)	Meowscarada ex	Grass
MEM-006	Ex Starter Sets 2026 (TCG)	ex Starter Set 2026 (/017)	Smoliv	Grass
MEM-007	Ex Starter Sets 2026 (TCG)	ex Starter Set 2026 (/017)	Dolliv	Grass
MEM-008	Ex Starter Sets 2026 (TCG)	ex Starter Set 2026 (/017)	Arboliva	Grass
MEM-009	Ex Starter Sets 2026 (TCG)	ex Starter Set 2026 (/017)	Delibird	Colorless
MEM-010	Ex Starter Sets 2026 (TCG)	ex Starter Set 2026 (/017)	Ultra Ball	Item
MEM-011	Ex Starter Sets 2026 (TCG)	ex Starter Set 2026 (/017)	Rare Candy	Item
MEM-012	Ex Starter Sets 2026 (TCG)	ex Starter Set 2026 (/017)	Poké Pad	Item
MEM-013	Ex Starter Sets 2026 (TCG)	ex Starter Set 2026 (/017)	Air Balloon	Pokémon Tool
MEM-014	Ex Starter Sets 2026 (TCG)	ex Starter Set 2026 (/017)	Urbain	Supporter
MEM-015	Ex Starter Sets 2026 (TCG)	ex Starter Set 2026 (/017)	Dawn	Supporter
MEM-017	Ex Starter Sets 2026 (TCG)	ex Starter Set 2026 (/017)	Lillie's Determination	Supporter
MEM-018	Ex Starter Sets 2026 (TCG)	ex Starter Set 2026 (/017)	Sprigatito	Grass
