id	ja	rarity	bpPage	bpSet	bpName	bpType	illustrator	illSrc	en	tcgdexIds	status	note
M1L-081	パワープロテイン	SR	Mega Brave/Mega Symphonia (TCG)	Mega Brave (/063)	Premium Power Pro	Item	Toyste Beach	TCGdex日本語版	Premium Power Pro	me01-124 me01-174 me02.5-199	入れる	
M1L-082	ファイトゴング	SR	Mega Brave/Mega Symphonia (TCG)	Mega Brave (/063)	Fighting Gong	Item	Toyste Beach	TCGdex日本語版	Fighting Gong	me01-116 me01-168 me02.5-187	入れる	
M1L-083	夜のタンカ	SR	Mega Brave/Mega Symphonia (TCG)	Mega Brave (/063)	Night Stretcher	Item	Toyste Beach	TCGdex日本語版	Night Stretcher	sv06.5-061 me01-173 me02.5-196 sv08-251	入れる	
M1L-084	ふうせん	SR	Mega Brave/Mega Symphonia (TCG)	Mega Brave (/063)	Air Balloon	Pokémon Tool	Studio Bora Inc.	TCGdex日本語版	Air Balloon	sv10.5b-079 me01-166 me02.5-181	入れる	
M1L-085	マチスの取引	SR	Mega Brave/Mega Symphonia (TCG)	Mega Brave (/063)	Lt. Surge's Bargain	Supporter	Hideki Ishikawa	TCGdex日本語版	Lt. Surge's Bargain	me01-120 me01-170	入れる	
M1L-086	リーリエの決心	SR	Mega Brave/Mega Symphonia (TCG)	Mega Brave (/063)	Lillie's Determination	Supporter	Atsushi Furusawa	TCGdex日本語版	Lillie's Determination	me01-119 me01-169 me02.5-192	入れる	
M1L-090	マチスの取引	SAR	Mega Brave/Mega Symphonia (TCG)	Mega Brave (/063)	Lt. Surge's Bargain	Supporter	osare	TCGdex日本語版	Lt. Surge's Bargain	me01-185	入れる	
M1L-091	リーリエの決心	SAR	Mega Brave/Mega Symphonia (TCG)	Mega Brave (/063)	Lillie's Determination	Supporter	satoma	TCGdex日本語版	Lillie's Determination	me01-184	入れる	
M1S-076	メガユキノオーex	UR	Mega Brave/Mega Symphonia (TCG)	Mega Symphonia (/063)	Mega Abomasnow ex	Water	5ban Graphics	TCGdex日本語版	Mega Abomasnow ex	me01-036 me01-157	入れる	
M1S-081	なかよしポフィン	UR	Mega Brave/Mega Symphonia (TCG)	Mega Symphonia (/063)	Buddy-Buddy Poffin	Item	AYUMI ODASHIMA	TCGdex日本語版	Buddy-Buddy Poffin	sv08.5-101 sv05-144 me01-167 me02.5-184 sv06-223	入れる	
M1S-082	ふしぎなアメ	UR	Mega Brave/Mega Symphonia (TCG)	Mega Symphonia (/063)	Rare Candy	Item	Studio Bora Inc.	TCGdex日本語版	Rare Candy	sv04.5-089 me01-125 me01-175 sv01-191 sv01-256	入れる	
M1S-083	メガシグナル	UR	Mega Brave/Mega Symphonia (TCG)	Mega Symphonia (/063)	Mega Signal	Item	Inose yukie	TCGdex日本語版	Mega Signal	me01-121 me01-171 me02.5-193	入れる	
M1S-084	アセロラのいたずら	UR	Mega Brave/Mega Symphonia (TCG)	Mega Symphonia (/063)	Acerola's Mischief	Supporter	Yuu Nishida	TCGdex日本語版	Acerola's Mischief	me01-113 me01-165 me02.5-180	入れる	
M1S-085	ミツルの思いやり	UR	Mega Brave/Mega Symphonia (TCG)	Mega Symphonia (/063)	Wally's Compassion	Supporter	Iori Suzuki	TCGdex日本語版	Wally's Compassion	me01-132 me01-176	入れる	
M1S-086	ミステリーガーデン	UR	Mega Brave/Mega Symphonia (TCG)	Mega Symphonia (/063)	Mystery Garden	Stadium	AYUMI ODASHIMA	TCGdex日本語版	Mystery Garden	me01-122 me01-172 me02.5-194	入れる	
M1S-090	アセロラのいたずら	SAR	Mega Brave/Mega Symphonia (TCG)	Mega Symphonia (/063)	Acerola's Mischief	Supporter	sui	TCGdex日本語版	Acerola's Mischief	me01-183	入れる	
M1S-091	ミツルの思いやり	SAR	Mega Brave/Mega Symphonia (TCG)	Mega Symphonia (/063)	Wally's Compassion	Supporter	Jiro Sasumo	TCGdex日本語版	Wally's Compassion	me01-186	入れる	
M2-101	ヒートバーナー	SR	Inferno X (TCG)	Inferno X (/080)	Blowtorch	Item	Toyste Beach	TCGdex日本語版	Blowtorch	me02-086 me02-117	入れる	
M2-102	ポケモンいれかえ	SR	Inferno X (TCG)	Inferno X (/080)	Switch	Item	Studio Bora Inc.	TCGdex日本語版	Switch	mfb-34 me02-123 me01-130 swsh12.5-144 swsh1-183 sv01-194 sv03.5-206	入れる	
M2-103	せいなるおまもり	SR	Inferno X (TCG)	Inferno X (/080)	Sacred Charm	Pokémon Tool	Toyste Beach	TCGdex日本語版	Sacred Charm	me02-093 me02-122	入れる	
M2-104	パンクメット	SR	Inferno X (TCG)	Inferno X (/080)	Punk Helmet	Pokémon Tool	Studio Bora Inc.	TCGdex日本語版	Punk Helmet	me02-092 me02-121	入れる	
M2-105	ギーマの一手	SR	Inferno X (TCG)	Inferno X (/080)	Grimsley's Move	Supporter	GIDORA	TCGdex日本語版	Grimsley's Move	me02-090 me02-120	入れる	
M2-106	ヒカリ	SR	Inferno X (TCG)	Inferno X (/080)	Dawn	Supporter	Yuu Nishida	TCGdex日本語版	Dawn	me02-087 me02-118	入れる	
M2-107	ひふきやろう	SR	Inferno X (TCG)	Inferno X (/080)	Firebreather	Supporter	Naoki Saito	TCGdex日本語版	Firebreather	me02-089 me02-119	入れる	
M2-108	バトルコロシアム	SR	Inferno X (TCG)	Inferno X (/080)	Battle Cage	Stadium	MARINA Chikazawa	TCGdex日本語版	Battle Cage	me02-085 me02-116	入れる	
M2-109	イグニッションエネルギー	SR	Inferno X (TCG)	Inferno X (/080)	Ignition Energy	Energy					イラストレーターが分からない（TCGdex・公式とも無し）	
M2-115	ヒカリ	SAR	Inferno X (TCG)	Inferno X (/080)	Dawn	Supporter	Atsushi Furusawa	TCGdex日本語版	Dawn	me02-129	入れる	
M3-101	エネルギーリサイクル	SR	Nihil Zero (TCG)	Nihil Zero (/080)	Energy Recycler	Item	Toyste Beach	TCGdex日本語版	Energy Recycler	xy7-72 me03-108 sm2-123 swsh5-124 sm6-143 sv10-164	入れる	
M3-102	せいなるはい	SR	Nihil Zero (TCG)	Nihil Zero (/080)	Sacred Ash	Item	Toyste Beach	TCGdex日本語版	Sacred Ash	me03-115	入れる	
M3-103	ポケパッド	SR	Nihil Zero (TCG)	Nihil Zero (/080)	Poké Pad	Item	Studio Bora Inc.	TCGdex日本語版	Poké Pad	me03-081 me03-113 me02.5-198	入れる	
M3-104	ワンダーパッチ	SR	Nihil Zero (TCG)	Nihil Zero (/080)	Wondrous Patch	Item	Studio Bora Inc.	TCGdex日本語版	Wondrous Patch	me02-094 me03-117	入れる	
M3-105	タラゴン	SR	Nihil Zero (TCG)	Nihil Zero (/080)	Tarragon	Supporter	Akira Komayama	TCGdex日本語版	Tarragon	me03-085 me03-116	入れる	
M3-106	ピュール	SR	Nihil Zero (TCG)	Nihil Zero (/080)	Naveen	Supporter	DOM	TCGdex日本語版	Naveen	me03-079 me03-112	入れる	
M3-107	メイのはげまし	SR	Nihil Zero (TCG)	Nihil Zero (/080)	Rosa's Encouragement	Supporter	Atsushi Furusawa	TCGdex日本語版	Rosa's Encouragement	me03-084 me03-114	入れる	
M3-108	ユカリ	SR	Nihil Zero (TCG)	Nihil Zero (/080)	Jacinthe	Supporter	Susumu Maeya	TCGdex日本語版	Jacinthe	me03-075 me03-110	入れる	
M3-109	活力の森	SR	Nihil Zero (TCG)	Nihil Zero (/080)	Forest of Vitality	Stadium	AYUMI ODASHIMA	TCGdex日本語版	Forest of Vitality	me03-109 me01-117 me02.5-188	入れる	
M3-110	ミアレシティ	SR	Nihil Zero (TCG)	Nihil Zero (/080)	Lumiose City	Stadium	MARINA Chikazawa	TCGdex日本語版	Lumiose City	me03-077 me03-111	入れる	
M3-115	メイのはげまし	SAR	Nihil Zero (TCG)	Nihil Zero (/080)	Rosa's Encouragement	Supporter	Iori Suzuki	TCGdex日本語版	Rosa's Encouragement	me03-123	入れる	
M3-116	ユカリ	SAR	Nihil Zero (TCG)	Nihil Zero (/080)	Jacinthe	Supporter	Souichirou Gunjima	TCGdex日本語版	Jacinthe	me03-122	入れる	
PCG3-085	これがチームロケットが来ます！	R	EX Team Rocket Returns (TCG)	Rocket Gang Strikes Back (/084)	Here Comes Team Rocket!	Trainer					イラストレーターが分からない（TCGdex・公式とも無し）	
PMCG4-062	ロケット団参上!	UR					Ken Sugimori	TCGdex日本語版			Bulbapedia の一覧に無い	
S10D-008	ヒスイ ドレディアVSTAR	RRR	Astral Radiance (TCG)	Time Gazer (/067)	Hisuian Lilligant VSTAR	Grass	5ban Graphics	公式details.php(41369)	Hisuian Lilligant VSTAR	swsh10-018 swsh10-190	入れる	
S10D-033	カイリキーVMAX	RRR	Astral Radiance (TCG)	Time Gazer (/067)	Machamp VMAX	Fighting	N-DESIGN Inc.	公式details.php(41394)	Machamp VMAX	swsh10-073 swsh10-194	入れる	
S10D-049	オリジンディアルガVSTAR	RRR	Astral Radiance (TCG)	Time Gazer (/067)	Origin Forme Dialga VSTAR	Metal	5ban Graphics	公式details.php(41410)	Origin Forme Dialga VSTAR	swsh10-114 swsh10-198 swsh10-210	入れる	
S10D-068	ヒスイ ドレディアV	SR	Astral Radiance (TCG)	Time Gazer (/067)	Hisuian Lilligant V	Grass	5ban Graphics	公式details.php(41640)	Hisuian Lilligant V	swsh10-017 swsh10-162	入れる	
S10D-069	ヒスイ ドレディアV	SR	Astral Radiance (TCG)	Time Gazer (/067)	Hisuian Lilligant V	Grass	kodama	公式details.php(41641)	Hisuian Lilligant V	swsh10-163	入れる	
S10D-070	レントラーV	SR	Astral Radiance (TCG)	Time Gazer (/067)	Luxray V	Lightning	MUGENUP	公式details.php(41642)	Luxray V	swsh10-168	入れる	
S10D-071	ジラーチV	SR	Astral Radiance (TCG)	Time Gazer (/067)	Jirachi V	Psychic	N-DESIGN Inc.	公式details.php(41643)	Jirachi V	swsh10-170 swshp-SWSH299	入れる	
S10D-072	カイリキーV	SR	Astral Radiance (TCG)	Time Gazer (/067)	Machamp V	Fighting	Ryo Ueda	公式details.php(41644)	Machamp V	swsh10-171	入れる	
S10D-073	カイリキーV	SR	Astral Radiance (TCG)	Time Gazer (/067)	Machamp V	Fighting	Shinya Komatsu	公式details.php(41645)	Machamp V	swsh10-172	入れる	
S10D-074	オリジンディアルガV	SR	Astral Radiance (TCG)	Time Gazer (/067)	Origin Forme Dialga V	Metal	5ban Graphics	公式details.php(41646)	Origin Forme Dialga V	swsh10-113	入れる	
S10D-075	オリジンディアルガV	SR	Astral Radiance (TCG)	Time Gazer (/067)	Origin Forme Dialga V	Metal	Mitsuhiro Arita	公式details.php(41647)	Origin Forme Dialga V	swsh10-177	入れる	
S10D-076	アヤシシV	SR	Astral Radiance (TCG)	Time Gazer (/067)	Wyrdeer V	Colorless	aky CG Works	公式details.php(41648)	Wyrdeer V	swsh10-134 swsh10-180	入れる	
S10D-077	セキ	SR	Astral Radiance (TCG)	Time Gazer (/067)	Adaman	Supporter	Souichirou Gunjima	公式details.php(41649)	Adaman	swsh10-135 swsh10-181 swsh10-199	入れる	
S10D-078	ナタネの活気	SR	Astral Radiance (TCG)	Time Gazer (/067)	Gardenia's Vigor	Supporter	En Morikura	公式details.php(41650)	Gardenia's Vigor	swsh10-184 swsh10-202	入れる	
S10D-079	ペリーラ	SR	Astral Radiance (TCG)	Time Gazer (/067)	Zisu	Supporter	kirisAki	公式details.php(41663)	Zisu	swsh10-159 swsh10-189 swsh10-207	入れる	
S10D-080	ヒスイ ドレディアVSTAR	HR	Astral Radiance (TCG)	Time Gazer (/067)	Hisuian Lilligant VSTAR	Grass	5ban Graphics	公式details.php(44872)	Hisuian Lilligant VSTAR	swsh10-018 swsh10-190	入れる	
S10D-081	カイリキーVMAX	HR	Astral Radiance (TCG)	Time Gazer (/067)	Machamp VMAX	Fighting	N-DESIGN Inc.	公式details.php(44873)	Machamp VMAX	swsh10-073 swsh10-194	入れる	
S10D-082	オリジンディアルガVSTAR	HR	Astral Radiance (TCG)	Time Gazer (/067)	Origin Forme Dialga VSTAR	Metal	5ban Graphics	公式details.php(44874)	Origin Forme Dialga VSTAR	swsh10-114 swsh10-198 swsh10-210	入れる	
S10D-083	セキ	HR	Astral Radiance (TCG)	Time Gazer (/067)	Adaman	Supporter	Souichirou Gunjima	公式details.php(44875)	Adaman	swsh10-135 swsh10-181 swsh10-199	入れる	
S10D-084	ナタネの活気	HR	Astral Radiance (TCG)	Time Gazer (/067)	Gardenia's Vigor	Supporter	En Morikura	公式details.php(44876)	Gardenia's Vigor	swsh10-184 swsh10-202	入れる	
S10D-085	ペリーラ	HR	Astral Radiance (TCG)	Time Gazer (/067)	Zisu	Supporter	kirisAki	公式details.php(44877)	Zisu	swsh10-159 swsh10-189 swsh10-207	入れる	
S10D-086	オリジンディアルガVSTAR	UR	Astral Radiance (TCG)	Time Gazer (/067)	Origin Forme Dialga VSTAR	Metal	5ban Graphics	公式details.php(44878)	Origin Forme Dialga VSTAR	swsh10-114 swsh10-198 swsh10-210	入れる	
S10D-087	トレッキングシューズ	UR	Astral Radiance (TCG)	Time Gazer (/067)	Trekking Shoes	Item	Toyste Beach	公式details.php(44879)	Trekking Shoes	swsh10-156 swsh10-215	入れる	
S10D-088	頂への雪道	UR	Astral Radiance (TCG)	Time Gazer (/067)	Path to the Peak	Stadium	Oswaldo KATO	公式details.php(44880)	Path to the Peak	swsh6-148 swsh10-213	入れる	
S10P-015	ヒードランVMAX	RRR	Astral Radiance (TCG)	Space Juggler (/067)	Heatran VMAX	Fire	N-DESIGN Inc.	TCGdex日本語版	Heatran VMAX	swsh10-026 swsh10-191	入れる	
S10P-023	オリジンパルキアVSTAR	RRR	Astral Radiance (TCG)	Space Juggler (/067)	Origin Forme Palkia VSTAR	Water	aky CG Works	TCGdex日本語版	Origin Forme Palkia VSTAR	swsh10-040 swsh10-192 swsh10-208	入れる	
S10P-041	バサギリVSTAR	RRR	Astral Radiance (TCG)	Space Juggler (/067)	Kleavor VSTAR	Fighting	5ban Graphics	TCGdex日本語版	Kleavor VSTAR	swsh10-196	入れる	
S10P-068	スピアーV	SR	Astral Radiance (TCG)	Space Juggler (/067)	Beedrill V	Grass	Ayaka Yoshida	TCGdex日本語版	Beedrill V	swsh10-001 swsh10-160	入れる	
S10P-069	スピアーV	SR	Astral Radiance (TCG)	Space Juggler (/067)	Beedrill V	Grass	Narumi Sato	TCGdex日本語版	Beedrill V	swsh10-161	入れる	
S10P-070	オリジンパルキアV	SR	Astral Radiance (TCG)	Space Juggler (/067)	Origin Forme Palkia V	Water	aky CG Works	TCGdex日本語版	Origin Forme Palkia V	swsh10-039	入れる	
S10P-071	オリジンパルキアV	SR	Astral Radiance (TCG)	Space Juggler (/067)	Origin Forme Palkia V	Water	Oswaldo KATO	TCGdex日本語版	Origin Forme Palkia V	swsh10-167	入れる	
S10P-072	ヒードランV	SR	Astral Radiance (TCG)	Space Juggler (/067)	Heatran V	Fire	Studio Bora Inc.	TCGdex日本語版	Heatran V	swsh10-165	入れる	
S10P-073	バサギリV	SR	Astral Radiance (TCG)	Space Juggler (/067)	Kleavor V	Fighting	5ban Graphics	TCGdex日本語版	Kleavor V	swsh10-087	入れる	
S10P-074	ヒスイ オオニューラV	SR	Astral Radiance (TCG)	Space Juggler (/067)	Hisuian Sneasler V	Darkness	5ban Graphics	TCGdex日本語版	Hisuian Sneasler V	swsh10-094 swsh10-174	入れる	
S10P-075	ヒスイ オオニューラV	SR	Astral Radiance (TCG)	Space Juggler (/067)	Hisuian Sneasler V	Darkness	OKACHEKE	TCGdex日本語版	Hisuian Sneasler V	swsh10-175	入れる	
S10P-076	ヤレユータンV	SR	Astral Radiance (TCG)	Space Juggler (/067)	Oranguru V	Colorless	Toyste Beach	TCGdex日本語版	Oranguru V	swsh10-179	入れる	
S10P-077	カイ	SR	Astral Radiance (TCG)	Space Juggler (/067)	Irida	Supporter	kirisAki	TCGdex日本語版	Irida	swsh10-147 swsh10-186 swsh10-204	入れる	
S10P-078	ザクロ	SR	Astral Radiance (TCG)	Space Juggler (/067)	Grant	Supporter	Hideki Ishikawa	TCGdex日本語版	Grant	swsh10-144 swsh10-185 swsh10-203	入れる	
S10P-079	タイサイ	SR	Astral Radiance (TCG)	Space Juggler (/067)	Choy	Supporter	Hitoshi Ariga	TCGdex日本語版	Choy	swsh10-137 swsh10-182 swsh10-200	入れる	
S10P-080	ヒードランVMAX	HR	Astral Radiance (TCG)	Space Juggler (/067)	Heatran VMAX	Fire	N-DESIGN Inc.	TCGdex日本語版	Heatran VMAX	swsh10-026 swsh10-191	入れる	
S10P-081	オリジンパルキアVSTAR	HR	Astral Radiance (TCG)	Space Juggler (/067)	Origin Forme Palkia VSTAR	Water	aky CG Works	TCGdex日本語版	Origin Forme Palkia VSTAR	swsh10-040 swsh10-192 swsh10-208	入れる	
S10P-082	バサギリVSTAR	HR	Astral Radiance (TCG)	Space Juggler (/067)	Kleavor VSTAR	Fighting	5ban Graphics	TCGdex日本語版	Kleavor VSTAR	swsh10-196	入れる	
S10P-083	カイ	HR	Astral Radiance (TCG)	Space Juggler (/067)	Irida	Supporter	kirisAki	TCGdex日本語版	Irida	swsh10-147 swsh10-186 swsh10-204	入れる	
S10P-084	ザクロ	HR	Astral Radiance (TCG)	Space Juggler (/067)	Grant	Supporter	Hideki Ishikawa	TCGdex日本語版	Grant	swsh10-144 swsh10-185 swsh10-203	入れる	
S10P-085	タイサイ	HR	Astral Radiance (TCG)	Space Juggler (/067)	Choy	Supporter	Hitoshi Ariga	TCGdex日本語版	Choy	swsh10-137 swsh10-182 swsh10-200	入れる	
S10P-086	オリジンパルキアVSTAR	UR	Astral Radiance (TCG)	Space Juggler (/067)	Origin Forme Palkia VSTAR	Water	aky CG Works	TCGdex日本語版	Origin Forme Palkia VSTAR	swsh10-040 swsh10-192 swsh10-208	入れる	
S10P-087	シンオウ神殿	UR	Astral Radiance (TCG)	Space Juggler (/067)	Temple of Sinnoh	Stadium	Oswaldo KATO	TCGdex日本語版	Temple of Sinnoh	swsh10-155 swsh10-214	入れる	
S10P-088	ダブルターボエネルギー	UR	Astral Radiance (TCG)	Space Juggler (/067)	Double Turbo Energy	Energy					イラストレーターが分からない（TCGdex・公式とも無し）	
S10a-017	ジバコイルVSTAR	RRR	Dark Phantasma (TCG)	Dark Phantasma (/071)	Magnezone VSTAR	Lightning	PLANETA Mochizuki	TCGdex日本語版	Magnezone VSTAR	swsh11-057 swsh11-198	入れる	
S10a-027	かがやくサーナイト	K	Dark Phantasma (TCG)	Dark Phantasma (/071)	Radiant Gardevoir	Psychic	Ryuta Fuse	TCGdex日本語版	Radiant Gardevoir	swsh11-069	入れる	
S10a-046	かがやくヒスイ オオニューラ	K	Dark Phantasma (TCG)	Dark Phantasma (/071)	Radiant Hisuian Sneasler	Darkness	Akira Komayama	TCGdex日本語版	Radiant Hisuian Sneasler	swsh11-123	入れる	
S10a-050	かがやくハガネール	K	Dark Phantasma (TCG)	Dark Phantasma (/071)	Radiant Steelix	Metal	Sanosuke Sakuma	TCGdex日本語版	Radiant Steelix	swsh11-124	入れる	
S10a-057	ヒスイ ヌメルゴンVSTAR	RRR	Dark Phantasma (TCG)	Dark Phantasma (/071)	Hisuian Goodra VSTAR	Dragon	5ban Graphics	TCGdex日本語版	Hisuian Goodra VSTAR	swsh11-136 swsh11-202	入れる	
S10a-062	ヒスイ ゾロアークVSTAR	RRR	Dark Phantasma (TCG)	Dark Phantasma (/071)	Hisuian Zoroark VSTAR	Colorless	aky CG Works	TCGdex日本語版	Hisuian Zoroark VSTAR	swsh11-147 swsh11-203 swsh11-213	入れる	
S10a-072	パラセクト	CHR	Dark Phantasma (TCG)	Dark Phantasma (/071)	Parasect	Grass	Oswaldo KATO	TCGdex日本語版	Parasect	swsh11tg-TG01	入れる	
S10a-073	ピカチュウ	CHR	Dark Phantasma (TCG)	Dark Phantasma (/071)	Pikachu	Lightning	Atsushi Furusawa	TCGdex日本語版	Pikachu	svp-027 30th-031 svp-190 swsh11tg-TG05	入れる	
S10a-074	ゲンガー	CHR	Dark Phantasma (TCG)	Dark Phantasma (/071)	Gengar	Psychic	Akira Komayama	TCGdex日本語版	Gengar	swsh11tg-TG06	入れる	
S10a-075	ヒスイ ウインディ	CHR	Dark Phantasma (TCG)	Dark Phantasma (/071)	Hisuian Arcanine	Fighting	You Iribi	TCGdex日本語版	Hisuian Arcanine	swsh11tg-TG08	入れる	
S10a-076	ミカルゲ	CHR	Dark Phantasma (TCG)	Dark Phantasma (/071)	Spiritomb	Darkness	Hitoshi Ariga	TCGdex日本語版	Spiritomb	swsh11tg-TG09	入れる	
S10a-077	カビゴン	CHR	Dark Phantasma (TCG)	Dark Phantasma (/071)	Snorlax	Colorless	Kouki Saitou	TCGdex日本語版	Snorlax	pl2-81 xy8-118 swsh11tg-TG10	入れる	
S10a-078	ヒスイ マルマインV	SR	Dark Phantasma (TCG)	Dark Phantasma (/071)	Hisuian Electrode V	Grass	5ban Graphics	TCGdex日本語版	Hisuian Electrode V	swsh11-172	入れる	
S10a-079	ジバコイルV	SR	Dark Phantasma (TCG)	Dark Phantasma (/071)	Magnezone V	Lightning	N-DESIGN Inc.	TCGdex日本語版	Magnezone V	swsh11-056 swsh11-175	入れる	
S10a-080	ラブトロスV	SR	Dark Phantasma (TCG)	Dark Phantasma (/071)	Enamorus V	Psychic	5ban Graphics	TCGdex日本語版	Enamorus V	swsh11-082 swsh11-178	入れる	
S10a-081	エルレイドV	SR	Dark Phantasma (TCG)	Dark Phantasma (/071)	Gallade V	Fighting	takuyoa	TCGdex日本語版	Gallade V	swsh11-181	入れる	
S10a-082	ヒスイ ヌメルゴンV	SR	Dark Phantasma (TCG)	Dark Phantasma (/071)	Hisuian Goodra V	Dragon	5ban Graphics	TCGdex日本語版	Hisuian Goodra V	swsh11-135 swsh11-187	入れる	
S10a-083	ヒスイ ゾロアークV	SR	Dark Phantasma (TCG)	Dark Phantasma (/071)	Hisuian Zoroark V	Colorless	aky CG Works	TCGdex日本語版	Hisuian Zoroark V	swsh11-146	入れる	
S10a-084	ウォロ	SR	Dark Phantasma (TCG)	Dark Phantasma (/071)	Volo	Supporter	kirisAki	TCGdex日本語版	Volo	swsh11-169 swsh11-196 swsh11-211	入れる	
S10a-085	ススキ	SR	Dark Phantasma (TCG)	Dark Phantasma (/071)	Iscan	Supporter	Hitoshi Ariga	TCGdex日本語版	Iscan	swsh11-192 swsh11-207	入れる	
S10a-086	ヒナツ	SR	Dark Phantasma (TCG)	Dark Phantasma (/071)	Arezu	Supporter	You Iribi	TCGdex日本語版	Arezu	swsh11-189 swsh11-204	入れる	
S10a-087	野盗三姉妹	SR	Dark Phantasma (TCG)	Dark Phantasma (/071)	Miss Fortune Sisters	Supporter	Souichirou Gunjima	TCGdex日本語版	Miss Fortune Sisters	swsh11-164 swsh11-194 swsh11-209	入れる	イラストレーターの表記ゆれ: Souichirou Gunjima / Souchirou Gunjima
S10a-088	ラブトロスV	CSR	Dark Phantasma (TCG)	Dark Phantasma (/071)	Enamorus V	Psychic	AKIRA EGAWA	TCGdex日本語版	Enamorus V	swsh11tg-TG18	入れる	
S10a-089	エルレイドV	CSR	Dark Phantasma (TCG)	Dark Phantasma (/071)	Gallade V	Fighting	Souichirou Gunjima	TCGdex日本語版	Gallade V	swsh11tg-TG19	入れる	
S10a-090	ジバコイルVSTAR	HR	Dark Phantasma (TCG)	Dark Phantasma (/071)	Magnezone VSTAR	Lightning	PLANETA Mochizuki	TCGdex日本語版	Magnezone VSTAR	swsh11-057 swsh11-198	入れる	
S10a-091	ヒスイ ヌメルゴンVSTAR	HR	Dark Phantasma (TCG)	Dark Phantasma (/071)	Hisuian Goodra VSTAR	Dragon	5ban Graphics	TCGdex日本語版	Hisuian Goodra VSTAR	swsh11-136 swsh11-202	入れる	
S10a-092	ヒスイ ゾロアークVSTAR	HR	Dark Phantasma (TCG)	Dark Phantasma (/071)	Hisuian Zoroark VSTAR	Colorless	aky CG Works	TCGdex日本語版	Hisuian Zoroark VSTAR	swsh11-147 swsh11-203 swsh11-213	入れる	
S10a-093	ウォロ	HR	Dark Phantasma (TCG)	Dark Phantasma (/071)	Volo	Supporter	kirisAki	TCGdex日本語版	Volo	swsh11-169 swsh11-196 swsh11-211	入れる	
S10a-094	ススキ	HR	Dark Phantasma (TCG)	Dark Phantasma (/071)	Iscan	Supporter	Hitoshi Ariga	TCGdex日本語版	Iscan	swsh11-192 swsh11-207	入れる	
S10a-095	ヒナツ	HR	Dark Phantasma (TCG)	Dark Phantasma (/071)	Arezu	Supporter	You Iribi	TCGdex日本語版	Arezu	swsh11-189 swsh11-204	入れる	
S10a-096	野盗三姉妹	HR	Dark Phantasma (TCG)	Dark Phantasma (/071)	Miss Fortune Sisters	Supporter	Souichirou Gunjima	TCGdex日本語版	Miss Fortune Sisters	swsh11-164 swsh11-194 swsh11-209	入れる	イラストレーターの表記ゆれ: Souichirou Gunjima / Souchirou Gunjima
S10a-097	ヒスイ ゾロアークVSTAR	UR	Dark Phantasma (TCG)	Dark Phantasma (/071)	Hisuian Zoroark VSTAR	Colorless	aky CG Works	TCGdex日本語版	Hisuian Zoroark VSTAR	swsh11-147 swsh11-203 swsh11-213	入れる	
S10a-098	ダークパッチ	UR	Dark Phantasma (TCG)	Dark Phantasma (/071)	Dark Patch	Item	Ryo Ueda	TCGdex日本語版	Dark Patch	swsh10-139 swsh11-216	入れる	
S10a-099	災いの箱	UR	Dark Phantasma (TCG)	Dark Phantasma (/071)	Box of Disaster	Item	Toyste Beach	TCGdex日本語版	Box of Disaster	swsh11-154 swsh11-214	入れる	
S10b-004	かがやくフシギバナ	K	Pokémon GO (TCG)	Pokémon GO (/071)	Radiant Venusaur	Grass	Misa Tsutsui	公式details.php(41685)	Radiant Venusaur	swsh10.5-004	入れる	
S10b-011	かがやくリザードン	K	Pokémon GO (TCG)	Pokémon GO (/071)	Radiant Charizard	Fire	Shigenori Negishi	公式details.php(41692)	Radiant Charizard	swsh10.5-011	入れる	
S10b-018	かがやくカメックス	K	Pokémon GO (TCG)	Pokémon GO (/071)	Radiant Blastoise	Water	Masakazu Fukuda	公式details.php(41699)	Radiant Blastoise	swsh10.5-018	入れる	
S10b-031	ミュウツーVSTAR	RRR	Pokémon GO (TCG)	Pokémon GO (/071)	Mewtwo VSTAR	Psychic	PLANETA Mochizuki	公式details.php(41712)	Mewtwo VSTAR	swsh10.5-031 swsh10.5-079 swsh10.5-086	入れる	
S10b-048	メルメタルVMAX	RRR	Pokémon GO (TCG)	Pokémon GO (/071)	Melmetal VMAX	Metal	PLANETA Tsuji	公式details.php(41729)	Melmetal VMAX	swsh10.5-048 swsh10.5-080	入れる	
S10b-050	カイリューVSTAR	RRR	Pokémon GO (TCG)	Pokémon GO (/071)	Dragonite VSTAR	Dragon	PLANETA Tsuji	公式details.php(41731)	Dragonite VSTAR	swsh10.5-050 swsh10.5-081	入れる	
S10b-055	かがやくイーブイ	K	Pokémon GO (TCG)	Pokémon GO (/071)	Radiant Eevee	Colorless	Souichirou Gunjima	公式details.php(41736)			TCGdex 英語版の同じ名前のカードとイラストレーターが違う（英語版: ）	
S10b-072	アローラ ナッシーV	SR	Pokémon GO (TCG)	Pokémon GO (/071)	Alolan Exeggutor V	Grass	MUGENUP	公式details.php(41793)	Alolan Exeggutor V	swsh10.5-005 swsh10.5-071	入れる	
S10b-073	ミュウツーV	SR	Pokémon GO (TCG)	Pokémon GO (/071)	Mewtwo V	Psychic	PLANETA Mochizuki	公式details.php(41794)			TCGdex 英語版の同じ名前のカードとイラストレーターが違う（英語版: Nurikabe / N-DESIGN Inc. / ）	
S10b-074	ミュウツーV	SR	Pokémon GO (TCG)	Pokémon GO (/071)	Mewtwo V	Psychic	N-DESIGN Inc.	公式details.php(41795)	Mewtwo V	swsh10.5-072	入れる	
S10b-075	ローブシンV	SR	Pokémon GO (TCG)	Pokémon GO (/071)	Conkeldurr V	Fighting	Ayaka Yoshida	公式details.php(41796)	Conkeldurr V	swsh10.5-040 swsh10.5-073	入れる	
S10b-076	ローブシンV	SR	Pokémon GO (TCG)	Pokémon GO (/071)	Conkeldurr V	Fighting	N-DESIGN Inc.	公式details.php(41797)	Conkeldurr V	swsh10.5-074	入れる	
S10b-077	メルメタルV	SR	Pokémon GO (TCG)	Pokémon GO (/071)	Melmetal V	Metal	sadaji	公式details.php(41798)	Melmetal V	swsh10.5-047 swsh10.5-075	入れる	
S10b-078	カイリューV	SR	Pokémon GO (TCG)	Pokémon GO (/071)	Dragonite V	Dragon	5ban Graphics	公式details.php(41799)	Dragonite V	swsh10.5-076	入れる	
S10b-079	ケッキングV	SR	Pokémon GO (TCG)	Pokémon GO (/071)	Slaking V	Colorless	Saki Hayashiro	公式details.php(41800)	Slaking V	swsh10.5-058 swsh10.5-077	入れる	
S10b-080	キャンデラ	SR	Pokémon GO (TCG)	Pokémon GO (/071)	Candela	Supporter	Ryuta Fuse	公式details.php(41801)	Candela	swsh10.5-065 swsh10.5-083	入れる	
S10b-081	スパーク	SR	Pokémon GO (TCG)	Pokémon GO (/071)	Spark	Supporter	Naoki Saito	公式details.php(41802)	Spark	swsh10.5-070 swsh10.5-085	入れる	
S10b-082	博士の研究	SR	Pokémon GO (TCG)	Pokémon GO (/071)	Professor's Research	Supporter	Yusuke Kozaki	公式details.php(41803)	Professor's Research	swsh10.5-078 swsh10.5-084 swshp-SWSH178	入れる	
S10b-083	ブランシェ	SR	Pokémon GO (TCG)	Pokémon GO (/071)	Blanche	Supporter	Anesaki Dynamic	公式details.php(41804)	Blanche	swsh10.5-064 swsh10.5-082	入れる	
S10b-084	ミュウツーVSTAR	HR	Pokémon GO (TCG)	Pokémon GO (/071)	Mewtwo VSTAR	Psychic	PLANETA Mochizuki	公式details.php(44911)	Mewtwo VSTAR	swsh10.5-031 swsh10.5-079 swsh10.5-086	入れる	
S10b-085	メルメタルVMAX	HR	Pokémon GO (TCG)	Pokémon GO (/071)	Melmetal VMAX	Metal	PLANETA Tsuji	公式details.php(44912)	Melmetal VMAX	swsh10.5-048 swsh10.5-080	入れる	
S10b-086	カイリューVSTAR	HR	Pokémon GO (TCG)	Pokémon GO (/071)	Dragonite VSTAR	Dragon	PLANETA Tsuji	公式details.php(44913)	Dragonite VSTAR	swsh10.5-050 swsh10.5-081	入れる	
S10b-087	キャンデラ	HR	Pokémon GO (TCG)	Pokémon GO (/071)	Candela	Supporter	Ryuta Fuse	公式details.php(44914)	Candela	swsh10.5-065 swsh10.5-083	入れる	
S10b-088	スパーク	HR	Pokémon GO (TCG)	Pokémon GO (/071)	Spark	Supporter	Naoki Saito	公式details.php(44915)	Spark	swsh10.5-070 swsh10.5-085	入れる	
S10b-089	博士の研究	HR	Pokémon GO (TCG)	Pokémon GO (/071)	Professor's Research	Supporter	Yusuke Kozaki	公式details.php(44916)	Professor's Research	swsh10.5-078 swsh10.5-084 swshp-SWSH178	入れる	
S10b-090	ブランシェ	HR	Pokémon GO (TCG)	Pokémon GO (/071)	Blanche	Supporter	Anesaki Dynamic	公式details.php(44917)	Blanche	swsh10.5-064 swsh10.5-082	入れる	
S10b-091	ミュウツーVSTAR	UR	Pokémon GO (TCG)	Pokémon GO (/071)	Mewtwo VSTAR	Psychic	PLANETA Mochizuki	公式details.php(44918)	Mewtwo VSTAR	swsh10.5-031 swsh10.5-079 swsh10.5-086	入れる	
S10b-092	ふかそうち	UR	Pokémon GO (TCG)	Pokémon GO (/071)	Egg Incubator	Item	sadaji	公式details.php(44919)	Egg Incubator	swsh10.5-066 swsh10.5-087	入れる	
S10b-093	ルアーモジュール	UR	Pokémon GO (TCG)	Pokémon GO (/071)	Lure Module	Item	ORBITALLINK Inc.	公式details.php(44920)	Lure Module	swsh10.5-067 swsh10.5-088	入れる	
S11-030	キュレムVMAX	RRR	Lost Origin (TCG)	Lost Abyss (/100)	Kyurem VMAX	Water	N-DESIGN Inc.	TCGdex日本語版	Kyurem VMAX	swsh11-049 swsh11-197	入れる	
S11-057	プテラVSTAR	RRR	Lost Origin (TCG)	Lost Abyss (/100)	Aerodactyl VSTAR	Fighting	5ban Graphics	TCGdex日本語版	Aerodactyl VSTAR	swsh11-093 swsh11-199	入れる	
S11-067	ドラピオンVSTAR	RRR	Lost Origin (TCG)	Lost Abyss (/100)	Drapion VSTAR	Darkness	PLANETA Mochizuki	TCGdex日本語版	Drapion VSTAR	swsh11-119 swsh11-200	入れる	
S11-081	ギラティナVSTAR	RRR	Lost Origin (TCG)	Lost Abyss (/100)	Giratina VSTAR	Dragon	5ban Graphics	TCGdex日本語版	Giratina VSTAR	swsh11-131 swsh11-201 swsh11-212	入れる	
S11-101	マフォクシーV	SR	Lost Origin (TCG)	Lost Abyss (/100)	Delphox V	Fire	PLANETA Yamashita	TCGdex日本語版	Delphox V	swsh11-173	入れる	
S11-102	キュレムV	SR	Lost Origin (TCG)	Lost Abyss (/100)	Kyurem V	Water	takuyoa	TCGdex日本語版	Kyurem V	swsh11-048 swsh11-174	入れる	
S11-103	ロトムV	SR	Lost Origin (TCG)	Lost Abyss (/100)	Rotom V	Lightning	PLANETA Mochizuki	TCGdex日本語版	Rotom V	swsh11-176	入れる	
S11-104	ロトムV	SR	Lost Origin (TCG)	Lost Abyss (/100)	Rotom V	Lightning	Yuu Nishida	TCGdex日本語版	Rotom V	swsh11-177	入れる	
S11-105	プテラV	SR	Lost Origin (TCG)	Lost Abyss (/100)	Aerodactyl V	Fighting	N-DESIGN Inc.	TCGdex日本語版	Aerodactyl V	swsh11-092 swsh11-179	入れる	
S11-106	プテラV	SR	Lost Origin (TCG)	Lost Abyss (/100)	Aerodactyl V	Fighting	Nurikabe	TCGdex日本語版	Aerodactyl V	swsh11-180	入れる	
S11-107	ドラピオンV	SR	Lost Origin (TCG)	Lost Abyss (/100)	Drapion V	Darkness	N-DESIGN Inc.	TCGdex日本語版	Drapion V	swsh11-118 swsh11-182	入れる	
S11-108	ガラル ニャイキングV	SR	Lost Origin (TCG)	Lost Abyss (/100)	Galarian Perrserker V	Metal	PLANETA Yamashita	TCGdex日本語版	Galarian Perrserker V	swsh11-129 swsh11-183	入れる	
S11-109	ガラル ニャイキングV	SR	Lost Origin (TCG)	Lost Abyss (/100)	Galarian Perrserker V	Metal	GOSSAN	TCGdex日本語版	Galarian Perrserker V	swsh11-184	入れる	
S11-110	ギラティナV	SR	Lost Origin (TCG)	Lost Abyss (/100)	Giratina V	Dragon	N-DESIGN Inc.	TCGdex日本語版	Giratina V	swsh11-185	入れる	
S11-111	ギラティナV	SR	Lost Origin (TCG)	Lost Abyss (/100)	Giratina V	Dragon	Shinji Kanda	TCGdex日本語版	Giratina V	swsh11-186	入れる	
S11-112	ピジョットV	SR	Lost Origin (TCG)	Lost Abyss (/100)	Pidgeot V	Colorless	Saki Hayashiro	TCGdex日本語版	Pidgeot V	swsh11-137 swsh11-188	入れる	
S11-113	アクロマの実験	SR	Lost Origin (TCG)	Lost Abyss (/100)	Colress's Experiment	Supporter	Naoki Saito	TCGdex日本語版	Colress's Experiment	swsh11-155 swsh11-190 swsh11-205	入れる	
S11-114	おじょうさま	SR	Lost Origin (TCG)	Lost Abyss (/100)	Lady	Supporter	saino misaki	TCGdex日本語版	Lady	swsh11-159 swsh11-193 swsh11-208	入れる	
S11-115	ネジキ	SR	Lost Origin (TCG)	Lost Abyss (/100)	Thorton	Supporter	Hideki Ishikawa	TCGdex日本語版	Thorton	swsh11-167 swsh11-195 swsh11-210	入れる	
S11-116	メリッサ	SR	Lost Origin (TCG)	Lost Abyss (/100)	Fantina	Supporter	Ryuta Fuse	TCGdex日本語版	Fantina	swsh11-157 swsh11-191 swsh11-206	入れる	
S11-117	キュレムVMAX	HR	Lost Origin (TCG)	Lost Abyss (/100)	Kyurem VMAX	Water	N-DESIGN Inc.	TCGdex日本語版	Kyurem VMAX	swsh11-049 swsh11-197	入れる	
S11-118	プテラVSTAR	HR	Lost Origin (TCG)	Lost Abyss (/100)	Aerodactyl VSTAR	Fighting	5ban Graphics	TCGdex日本語版	Aerodactyl VSTAR	swsh11-093 swsh11-199	入れる	
S11-119	ドラピオンVSTAR	HR	Lost Origin (TCG)	Lost Abyss (/100)	Drapion VSTAR	Darkness	PLANETA Mochizuki	TCGdex日本語版	Drapion VSTAR	swsh11-119 swsh11-200	入れる	
S11-120	ギラティナVSTAR	HR	Lost Origin (TCG)	Lost Abyss (/100)	Giratina VSTAR	Dragon	5ban Graphics	TCGdex日本語版	Giratina VSTAR	swsh11-131 swsh11-201 swsh11-212	入れる	
S11-121	アクロマの実験	HR	Lost Origin (TCG)	Lost Abyss (/100)	Colress's Experiment	Supporter	Naoki Saito	TCGdex日本語版	Colress's Experiment	swsh11-155 swsh11-190 swsh11-205	入れる	
S11-122	おじょうさま	HR	Lost Origin (TCG)	Lost Abyss (/100)	Lady	Supporter	saino misaki	TCGdex日本語版	Lady	swsh11-159 swsh11-193 swsh11-208	入れる	
S11-123	ネジキ	HR	Lost Origin (TCG)	Lost Abyss (/100)	Thorton	Supporter	Hideki Ishikawa	TCGdex日本語版	Thorton	swsh11-167 swsh11-195 swsh11-210	入れる	
S11-124	メリッサ	HR	Lost Origin (TCG)	Lost Abyss (/100)	Fantina	Supporter	Ryuta Fuse	TCGdex日本語版	Fantina	swsh11-157 swsh11-191 swsh11-206	入れる	
S11-125	ギラティナVSTAR	UR	Lost Origin (TCG)	Lost Abyss (/100)	Giratina VSTAR	Dragon	5ban Graphics	TCGdex日本語版	Giratina VSTAR	swsh11-131 swsh11-201 swsh11-212	入れる	
S11-126	ロストスイーパー	UR	Lost Origin (TCG)	Lost Abyss (/100)	Lost Vacuum	Item	Toyste Beach	TCGdex日本語版	Lost Vacuum	swsh11-162 swsh11-217	入れる	
S11-127	崩れたスタジアム	UR	Lost Origin (TCG)	Lost Abyss (/100)	Collapsed Stadium	Stadium	Oswaldo KATO	TCGdex日本語版	Collapsed Stadium	swsh9-137 swsh11-215	入れる	
S11a-006	ジャローダVSTAR	RRR	Incandescent Arcana (TCG)	Incandescent Arcana (/068)	Serperior VSTAR	Grass	PLANETA Mochizuki	TCGdex日本語版	Serperior VSTAR	swsh12-008 swsh12-196 swsh12-210	入れる	
S11a-009	かがやくアマージョ	K	Incandescent Arcana (TCG)	Incandescent Arcana (/068)	Radiant Tsareena	Grass	Kagemaru Himeno	TCGdex日本語版	Radiant Tsareena	swsh12-016	入れる	
S11a-023	アローラ ロコンVSTAR	RRR	Incandescent Arcana (TCG)	Incandescent Arcana (/068)	Alolan Vulpix VSTAR	Water	PLANETA Hiiragi	TCGdex日本語版	Alolan Vulpix VSTAR	swsh12-034 swsh12-197	入れる	
S11a-031	かがやくフーディン	K	Incandescent Arcana (TCG)	Incandescent Arcana (/068)	Radiant Alakazam	Psychic	Akira Komayama	TCGdex日本語版	Radiant Alakazam	swsh12-059	入れる	
S11a-040	クチートVSTAR	RRR	Incandescent Arcana (TCG)	Incandescent Arcana (/068)	Mawile VSTAR	Psychic	PLANETA Mochizuki	TCGdex日本語版	Mawile VSTAR	swsh12-071 swsh12-200	入れる	
S11a-045	かがやくジラーチ	K	Incandescent Arcana (TCG)	Incandescent Arcana (/068)	Radiant Jirachi	Metal	Ryuta Fuse	TCGdex日本語版	Radiant Jirachi	swsh12-120	入れる	
S11a-069	テールナー	CHR	Incandescent Arcana (TCG)	Incandescent Arcana (/068)	Braixen	Fire	Naoki Saito	TCGdex日本語版	Braixen	swsh12tg-TG01	入れる	
S11a-070	ミロカロス	CHR	Incandescent Arcana (TCG)	Incandescent Arcana (/068)	Milotic	Water	chibi	TCGdex日本語版	Milotic	swsh12tg-TG02	入れる	
S11a-071	ルージュラ	CHR	Incandescent Arcana (TCG)	Incandescent Arcana (/068)	Jynx	Psychic	HYOGONOSUKE	TCGdex日本語版	Jynx	sm9-68 swsh12tg-TG04	入れる	
S11a-072	サーナイト	CHR	Incandescent Arcana (TCG)	Incandescent Arcana (/068)	Gardevoir	Psychic	AKIRA EGAWA	TCGdex日本語版	Gardevoir	swsh12tg-TG05	入れる	
S11a-073	ドーブル	CHR	Incandescent Arcana (TCG)	Incandescent Arcana (/068)	Smeargle	Colorless	KIYOTAKA OSHIYAMA	TCGdex日本語版	Smeargle	swsh12tg-TG10	入れる	
S11a-074	チルタリス	CHR	Incandescent Arcana (TCG)	Incandescent Arcana (/068)	Altaria	Colorless	Yuu Nishida	TCGdex日本語版	Altaria	swsh12tg-TG11	入れる	
S11a-075	ジャローダV	SR	Incandescent Arcana (TCG)	Incandescent Arcana (/068)	Serperior V	Grass	Ayaka Yoshida	TCGdex日本語版	Serperior V	swsh12-007 swsh12-170	入れる	
S11a-076	レシラムV	SR	Incandescent Arcana (TCG)	Incandescent Arcana (/068)	Reshiram V	Fire	N-DESIGN Inc.	TCGdex日本語版	Reshiram V	swsh12-024 swsh12-172	入れる	
S11a-077	アローラ ロコンV	SR	Incandescent Arcana (TCG)	Incandescent Arcana (/068)	Alolan Vulpix V	Water	5ban Graphics	TCGdex日本語版	Alolan Vulpix V	swsh12-173	入れる	
S11a-078	クチートV	SR	Incandescent Arcana (TCG)	Incandescent Arcana (/068)	Mawile V	Psychic	takuyoa	TCGdex日本語版	Mawile V	swsh12-070 swsh12-178	入れる	
S11a-079	マギアナV	SR	Incandescent Arcana (TCG)	Incandescent Arcana (/068)	Magearna V	Metal	N-DESIGN Inc.	TCGdex日本語版	Magearna V	swsh12-128 swsh12-182	入れる	
S11a-080	ホウオウV	SR	Incandescent Arcana (TCG)	Incandescent Arcana (/068)	Ho-Oh V	Colorless	N-DESIGN Inc.	TCGdex日本語版	Ho-Oh V	swsh12-187	入れる	
S11a-081	セレナ	SR	Incandescent Arcana (TCG)	Incandescent Arcana (/068)	Serena	Supporter	Megumi Mizutani	TCGdex日本語版	Serena	swsh12-193 swsh12-207	入れる	
S11a-082	ふりそで	SR	Incandescent Arcana (TCG)	Incandescent Arcana (/068)	Furisode Girl	Supporter	saino misaki	TCGdex日本語版	Furisode Girl	swsh12-190 swsh12-205	入れる	
S11a-083	ミクリ	SR	Incandescent Arcana (TCG)	Incandescent Arcana (/068)	Wallace	Supporter	Ryuta Fuse	TCGdex日本語版	Wallace	swsh12-194 swsh12-208	入れる	
S11a-084	ジャローダV	CSR	Incandescent Arcana (TCG)	Incandescent Arcana (/068)	Serperior V	Grass	Teeziro	TCGdex日本語版	Serperior V	swsh12tg-TG13	入れる	
S11a-085	クチートV	CSR	Incandescent Arcana (TCG)	Incandescent Arcana (/068)	Mawile V	Psychic	saino misaki	TCGdex日本語版	Mawile V	swsh12tg-TG17	入れる	
S11a-086	ジャローダVSTAR	HR	Incandescent Arcana (TCG)	Incandescent Arcana (/068)	Serperior VSTAR	Grass	PLANETA Mochizuki	TCGdex日本語版	Serperior VSTAR	swsh12-008 swsh12-196 swsh12-210	入れる	
S11a-087	アローラ ロコンVSTAR	HR	Incandescent Arcana (TCG)	Incandescent Arcana (/068)	Alolan Vulpix VSTAR	Water	PLANETA Hiiragi	TCGdex日本語版	Alolan Vulpix VSTAR	swsh12-034 swsh12-197	入れる	
S11a-088	クチートVSTAR	HR	Incandescent Arcana (TCG)	Incandescent Arcana (/068)	Mawile VSTAR	Psychic	PLANETA Mochizuki	TCGdex日本語版	Mawile VSTAR	swsh12-071 swsh12-200	入れる	
S11a-089	セレナ	HR	Incandescent Arcana (TCG)	Incandescent Arcana (/068)	Serena	Supporter	Megumi Mizutani	TCGdex日本語版	Serena	swsh12-193 swsh12-207	入れる	
S11a-090	ふりそで	HR	Incandescent Arcana (TCG)	Incandescent Arcana (/068)	Furisode Girl	Supporter	saino misaki	TCGdex日本語版	Furisode Girl	swsh12-190 swsh12-205	入れる	
S11a-091	ミクリ	HR	Incandescent Arcana (TCG)	Incandescent Arcana (/068)	Wallace	Supporter	Ryuta Fuse	TCGdex日本語版	Wallace	swsh12-194 swsh12-208	入れる	
S11a-092	ジャローダVSTAR	UR	Incandescent Arcana (TCG)	Incandescent Arcana (/068)	Serperior VSTAR	Grass	PLANETA Mochizuki	TCGdex日本語版	Serperior VSTAR	swsh12-008 swsh12-196 swsh12-210	入れる	
S11a-093	エネルギーつけかえ	UR	Incandescent Arcana (TCG)	Incandescent Arcana (/068)	Energy Switch	Item	Toyste Beach	TCGdex日本語版	Energy Switch	swsh12.5-129 swsh1-162 swsh12-212	入れる	
S11a-094	Vガードエネルギー	UR	Incandescent Arcana (TCG)	Incandescent Arcana (/068)	V Guard Energy	Energy					イラストレーターが分からない（TCGdex・公式とも無し）	
S12-034	レジエレキVMAX	RRR	Silver Tempest (TCG)	Paradigm Trigger (/098)	Regieleki VMAX	Lightning	N-DESIGN Inc.	TCGdex日本語版	Regieleki VMAX	swsh12-058 swsh12-198	入れる	
S12-036	アンノーンVSTAR	RRR	Silver Tempest (TCG)	Paradigm Trigger (/098)	Unown VSTAR	Psychic	PLANETA Mochizuki	TCGdex日本語版	Unown VSTAR	swsh12-066 swsh12-199	入れる	
S12-077	レジドラゴVSTAR	RRR	Silver Tempest (TCG)	Paradigm Trigger (/098)	Regidrago VSTAR	Dragon	PLANETA Yamashita	TCGdex日本語版	Regidrago VSTAR	swsh12-136 swsh12-201	入れる	
S12-080	ルギアVSTAR	RRR	Silver Tempest (TCG)	Paradigm Trigger (/098)	Lugia VSTAR	Colorless	PLANETA Mochizuki	TCGdex日本語版	Lugia VSTAR	swsh12-139 swsh12-202 swsh12-211	入れる	
S12-099	ブリガロンV	SR	Silver Tempest (TCG)	Paradigm Trigger (/098)	Chesnaught V	Grass	N-DESIGN Inc.	TCGdex日本語版	Chesnaught V	swsh12-015 swsh12-171	入れる	
S12-100	オムスターV	SR	Silver Tempest (TCG)	Paradigm Trigger (/098)	Omastar V	Water	Saki Hayashiro	TCGdex日本語版	Omastar V	swsh12-035 swsh12-174	入れる	
S12-101	レジエレキV	SR	Silver Tempest (TCG)	Paradigm Trigger (/098)	Regieleki V	Lightning	Eske Yoshinob	TCGdex日本語版	Regieleki V	swsh12-057 swsh12-175	入れる	
S12-102	アンノーンV	SR	Silver Tempest (TCG)	Paradigm Trigger (/098)	Unown V	Psychic	N-DESIGN Inc.	TCGdex日本語版	Unown V	swsh12-065 swsh12-176	入れる	
S12-103	アンノーンV	SR	Silver Tempest (TCG)	Paradigm Trigger (/098)	Unown V	Psychic	Toshinao Aoki	TCGdex日本語版	Unown V	swsh12-177	入れる	
S12-104	ヒスイ ウインディV	SR	Silver Tempest (TCG)	Paradigm Trigger (/098)	Hisuian Arcanine V	Fighting	5ban Graphics	TCGdex日本語版	Hisuian Arcanine V	swsh12-090 swsh12-179	入れる	
S12-105	スカタンクV	SR	Silver Tempest (TCG)	Paradigm Trigger (/098)	Skuntank V	Darkness	5ban Graphics	TCGdex日本語版	Skuntank V	swsh12-180	入れる	
S12-106	スカタンクV	SR	Silver Tempest (TCG)	Paradigm Trigger (/098)	Skuntank V	Darkness	Jiro Sasumo	TCGdex日本語版	Skuntank V	swsh12-181	入れる	
S12-107	レジドラゴV	SR	Silver Tempest (TCG)	Paradigm Trigger (/098)	Regidrago V	Dragon	N-DESIGN Inc.	TCGdex日本語版	Regidrago V	swsh12-135 swsh12-183	入れる	
S12-108	レジドラゴV	SR	Silver Tempest (TCG)	Paradigm Trigger (/098)	Regidrago V	Dragon	Hataya	TCGdex日本語版	Regidrago V	swsh12-184	入れる	
S12-109	ルギアV	SR	Silver Tempest (TCG)	Paradigm Trigger (/098)	Lugia V	Colorless	5ban Graphics	TCGdex日本語版	Lugia V	swsh12-185	入れる	
S12-110	ルギアV	SR	Silver Tempest (TCG)	Paradigm Trigger (/098)	Lugia V	Colorless	kawayoo	TCGdex日本語版	Lugia V	swsh12-186	入れる	
S12-111	さぎょういん	SR	Silver Tempest (TCG)	Paradigm Trigger (/098)	Worker	Supporter	Yuu Nishida	TCGdex日本語版	Worker	swsh12-195 swsh12-209	入れる	
S12-112	ジンダイ	SR	Silver Tempest (TCG)	Paradigm Trigger (/098)	Brandon	Supporter	Hideki Ishikawa	TCGdex日本語版	Brandon	swsh12-188 swsh12-203	入れる	
S12-113	スズナ	SR	Silver Tempest (TCG)	Paradigm Trigger (/098)	Candice	Supporter	Naoki Saito	TCGdex日本語版	Candice	swsh12-189 swsh12-204	入れる	
S12-114	ワタル	SR	Silver Tempest (TCG)	Paradigm Trigger (/098)	Lance	Supporter	Ryuta Fuse	TCGdex日本語版	Lance	swsh12-192 swsh12-206	入れる	
S12-115	レジエレキVMAX	HR	Silver Tempest (TCG)	Paradigm Trigger (/098)	Regieleki VMAX	Lightning	N-DESIGN Inc.	TCGdex日本語版	Regieleki VMAX	swsh12-058 swsh12-198	入れる	
S12-116	アンノーンVSTAR	HR	Silver Tempest (TCG)	Paradigm Trigger (/098)	Unown VSTAR	Psychic	PLANETA Mochizuki	TCGdex日本語版	Unown VSTAR	swsh12-066 swsh12-199	入れる	
S12-117	レジドラゴVSTAR	HR	Silver Tempest (TCG)	Paradigm Trigger (/098)	Regidrago VSTAR	Dragon	PLANETA Yamashita	TCGdex日本語版	Regidrago VSTAR	swsh12-136 swsh12-201	入れる	
S12-118	ルギアVSTAR	HR	Silver Tempest (TCG)	Paradigm Trigger (/098)	Lugia VSTAR	Colorless	PLANETA Mochizuki	TCGdex日本語版	Lugia VSTAR	swsh12-139 swsh12-202 swsh12-211	入れる	
S12-119	さぎょういん	HR	Silver Tempest (TCG)	Paradigm Trigger (/098)	Worker	Supporter	Yuu Nishida	TCGdex日本語版	Worker	swsh12-195 swsh12-209	入れる	
S12-120	ジンダイ	HR	Silver Tempest (TCG)	Paradigm Trigger (/098)	Brandon	Supporter	Hideki Ishikawa	TCGdex日本語版	Brandon	swsh12-188 swsh12-203	入れる	
S12-121	スズナ	HR	Silver Tempest (TCG)	Paradigm Trigger (/098)	Candice	Supporter	Naoki Saito	TCGdex日本語版	Candice	swsh12-189 swsh12-204	入れる	
S12-122	ワタル	HR	Silver Tempest (TCG)	Paradigm Trigger (/098)	Lance	Supporter	Ryuta Fuse	TCGdex日本語版	Lance	swsh12-192 swsh12-206	入れる	
S12-123	ルギアVSTAR	UR	Silver Tempest (TCG)	Paradigm Trigger (/098)	Lugia VSTAR	Colorless	PLANETA Mochizuki	TCGdex日本語版	Lugia VSTAR	swsh12-139 swsh12-202 swsh12-211	入れる	
S12-124	葉隠れポンチョ	UR	Silver Tempest (TCG)	Paradigm Trigger (/098)	Leafy Camo Poncho	Item	Studio Bora Inc.	TCGdex日本語版	Leafy Camo Poncho	swsh12-160 swsh12-214	入れる	
S12-125	大口の沼	UR	Silver Tempest (TCG)	Paradigm Trigger (/098)	Gapejaw Bog	Stadium	Oswaldo KATO	TCGdex日本語版	Gapejaw Bog	swsh10-142 swsh12-213	入れる	
S12a-012	リーフィアVSTAR	RRR	Crown Zenith (TCG)	VSTAR Universe (/172)	Leafeon VSTAR	Grass	PLANETA Hiiragi	TCGdex日本語版	Leafeon VSTAR	swsh12.5-014	入れる	
S12a-014	リザードンVSTAR	RRR	Crown Zenith (TCG)	VSTAR Universe (/172)	Charizard VSTAR	Fire	5ban Graphics	TCGdex日本語版	Charizard VSTAR	swsh9-018 swsh12.5-019 swsh9-174	入れる	
S12a-021	バオッキーVSTAR	RRR	Crown Zenith (TCG)	VSTAR Universe (/172)	Simisear VSTAR	Fire	5ban Graphics	TCGdex日本語版	Simisear VSTAR	swsh12.5-023	入れる	
S12a-028	オリジンパルキアVSTAR	RRR	Crown Zenith (TCG)	VSTAR Universe (/172)	Origin Forme Palkia VSTAR	Water	aky CG Works	TCGdex日本語版	Origin Forme Palkia VSTAR	swsh10-040 swsh10-192 swsh10-208	入れる	
S12a-041	ゼラオラVMAX	RRR	Crown Zenith (TCG)	VSTAR Universe (/172)	Zeraora VMAX	Lightning	Nisota Niso	TCGdex日本語版	Zeraora VMAX	swsh12.5-054	入れる	
S12a-042	ゼラオラVSTAR	RRR	Crown Zenith (TCG)	VSTAR Universe (/172)	Zeraora VSTAR	Lightning	aky CG Works	TCGdex日本語版	Zeraora VSTAR	swsh12.5-055	入れる	
S12a-051	ミュウツーVSTAR	RRR	Crown Zenith (TCG)	VSTAR Universe (/172)	Mewtwo VSTAR	Psychic	PLANETA Mochizuki	TCGdex日本語版	Mewtwo VSTAR	swsh10.5-031 swsh10.5-079 swsh10.5-086	入れる	
S12a-054	ミュウVMAX	RRR	Crown Zenith (TCG)	VSTAR Universe (/172)	Mew VMAX	Psychic	5ban Graphics	TCGdex日本語版	Mew VMAX	30th-c-026 swsh8-114 swsh8-268 swsh11tg-TG30	入れる	
S12a-066	ブリムオンVMAX	RRR	Crown Zenith (TCG)	VSTAR Universe (/172)	Hatterene VMAX	Psychic	5ban Graphics	TCGdex日本語版	Hatterene VMAX	swsh12.5-066	入れる	
S12a-072	カイリキーVMAX	RRR	Crown Zenith (TCG)	VSTAR Universe (/172)	Machamp VMAX	Fighting	N-DESIGN Inc.	TCGdex日本語版	Machamp VMAX	swsh10-073 swsh10-194	入れる	
S12a-087	ヒスイ ダイケンキVSTAR	RRR	Crown Zenith (TCG)	VSTAR Universe (/172)	Hisuian Samurott VSTAR	Darkness	5ban Graphics	TCGdex日本語版	Hisuian Samurott VSTAR	swsh10-102 swsh10-197 swsh10-209	入れる	
S12a-101	オリジンディアルガVSTAR	RRR	Crown Zenith (TCG)	VSTAR Universe (/172)	Origin Forme Dialga VSTAR	Metal	5ban Graphics	TCGdex日本語版	Origin Forme Dialga VSTAR	swsh10-114 swsh10-198 swsh10-210	入れる	
S12a-108	レックウザVMAX	RRR	Crown Zenith (TCG)	VSTAR Universe (/172)	Rayquaza VMAX	Dragon	PLANETA Mochizuki	TCGdex日本語版	Rayquaza VMAX	swsh12.5-101 swsh7-111 swsh7-217 swsh12tg-TG29	入れる	
S12a-111	ギラティナVSTAR	RRR	Crown Zenith (TCG)	VSTAR Universe (/172)	Giratina VSTAR	Dragon	5ban Graphics	TCGdex日本語版	Giratina VSTAR	swsh11-131 swsh11-201 swsh11-212	入れる	
S12a-125	レジギガスVSTAR	RRR	Crown Zenith (TCG)	VSTAR Universe (/172)	Regigigas VSTAR	Colorless	PLANETA Mochizuki	TCGdex日本語版	Regigigas VSTAR	swsh12.5-114	入れる	
S12a-127	アルセウスVSTAR	RRR	Crown Zenith (TCG)	VSTAR Universe (/172)	Arceus VSTAR	Colorless	5ban Graphics	TCGdex日本語版	Arceus VSTAR	30th-c-027 swsh9-123 swsh9-176 swsh9-184 swshp-SWSH307	入れる	
S12a-129	ヒスイ ゾロアークVSTAR	RRR	Crown Zenith (TCG)	VSTAR Universe (/172)	Hisuian Zoroark VSTAR	Colorless	aky CG Works	TCGdex日本語版	Hisuian Zoroark VSTAR	swsh11-147 swsh11-203 swsh11-213	入れる	
S12a-210	リーフィアVSTAR	SAR	Crown Zenith (TCG)	VSTAR Universe (/172)	Leafeon VSTAR	Grass	Jiro Sasumo	TCGdex日本語版	Leafeon VSTAR	swsh12.5gg-GG35	入れる	
S12a-211	リザードンV	SAR	Crown Zenith (TCG)	VSTAR Universe (/172)	Charizard V	Fire	Oswaldo KATO	TCGdex日本語版			TCGdex 英語版の同じ名前のカードとイラストレーターが違う（英語版: N-DESIGN Inc. / aky CG Works / 5ban Graphics / Ryota Murayama / ）	
S12a-212	リザードンVSTAR	SAR	Crown Zenith (TCG)	VSTAR Universe (/172)	Charizard VSTAR	Fire	KIYOTAKA OSHIYAMA	TCGdex日本語版			TCGdex 英語版の同じ名前のカードとイラストレーターが違う（英語版: 5ban Graphics / ）	
S12a-213	エンテイV	SAR	Crown Zenith (TCG)	VSTAR Universe (/172)	Entei V	Fire	Shigenori Negishi	TCGdex日本語版	Entei V	swsh12.5gg-GG36	入れる	
S12a-214	バオッキーVSTAR	SAR	Crown Zenith (TCG)	VSTAR Universe (/172)	Simisear VSTAR	Fire	nagano	TCGdex日本語版	Simisear VSTAR	swsh12.5gg-GG37	入れる	
S12a-215	スイクンV	SAR	Crown Zenith (TCG)	VSTAR Universe (/172)	Suicune V	Water	Atsushi Furusawa	TCGdex日本語版	Suicune V	swsh12.5gg-GG38	入れる	
S12a-216	ネオラントV	SAR	Crown Zenith (TCG)	VSTAR Universe (/172)	Lumineon V	Water	Jerky	TCGdex日本語版	Lumineon V	swsh12.5gg-GG39	入れる	
S12a-217	グレイシアVSTAR	SAR	Crown Zenith (TCG)	VSTAR Universe (/172)	Glaceon VSTAR	Water	Gemi	TCGdex日本語版	Glaceon VSTAR	swsh12.5gg-GG40	入れる	
S12a-218	ライコウV	SAR	Crown Zenith (TCG)	VSTAR Universe (/172)	Raikou V	Lightning	nagimiso	TCGdex日本語版	Raikou V	swsh12.5gg-GG41	入れる	
S12a-219	ゼラオラVMAX	SAR	Crown Zenith (TCG)	VSTAR Universe (/172)	Zeraora VMAX	Lightning	aoki	TCGdex日本語版	Zeraora VMAX	swsh12.5gg-GG42	入れる	
S12a-220	ゼラオラVSTAR	SAR	Crown Zenith (TCG)	VSTAR Universe (/172)	Zeraora VSTAR	Lightning	Ligton	TCGdex日本語版	Zeraora VSTAR	swsh12.5gg-GG43	入れる	
S12a-221	ミュウツーVSTAR	SAR	Crown Zenith (TCG)	VSTAR Universe (/172)	Mewtwo VSTAR	Psychic	GOSSAN	TCGdex日本語版	Mewtwo VSTAR	swsh12.5gg-GG44	入れる	
S12a-222	デオキシスVMAX	SAR	Crown Zenith (TCG)	VSTAR Universe (/172)	Deoxys VMAX	Psychic	Akira Komayama	TCGdex日本語版	Deoxys VMAX	swsh12.5gg-GG45	入れる	
S12a-223	デオキシスVSTAR	SAR	Crown Zenith (TCG)	VSTAR Universe (/172)	Deoxys VSTAR	Psychic	DOM	TCGdex日本語版	Deoxys VSTAR	swsh12.5gg-GG46	入れる	
S12a-224	ブリムオンVMAX	SAR	Crown Zenith (TCG)	VSTAR Universe (/172)	Hatterene VMAX	Psychic	sui	TCGdex日本語版	Hatterene VMAX	swsh12.5gg-GG47	入れる	
S12a-225	ザシアンV	SAR	Crown Zenith (TCG)	VSTAR Universe (/172)	Zacian V	Psychic	Hataya	TCGdex日本語版	Zacian V	swsh12.5gg-GG48	入れる	
S12a-226	ルカリオVSTAR	SAR	Crown Zenith (TCG)	VSTAR Universe (/172)	Lucario VSTAR	Fighting	hncl	TCGdex日本語版			TCGdex 英語版の同じ名前のカードとイラストレーターが違う（英語版: ）	
S12a-227	ドラピオンV	SAR	Crown Zenith (TCG)	VSTAR Universe (/172)	Drapion V	Darkness	Yuka Morii	TCGdex日本語版	Drapion V	swsh12.5gg-GG49	入れる	
S12a-228	ダークライVSTAR	SAR	Crown Zenith (TCG)	VSTAR Universe (/172)	Darkrai VSTAR	Darkness	Pani Kobayashi	TCGdex日本語版	Darkrai VSTAR	swsh12.5gg-GG50	入れる	
S12a-229	ヒスイ ダイケンキV	SAR	Crown Zenith (TCG)	VSTAR Universe (/172)	Hisuian Samurott V	Darkness	kodama	TCGdex日本語版	Hisuian Samurott V	swsh12.5gg-GG51	入れる	
S12a-230	ヒスイ ダイケンキVSTAR	SAR	Crown Zenith (TCG)	VSTAR Universe (/172)	Hisuian Samurott VSTAR	Darkness	Shibuzoh.	TCGdex日本語版	Hisuian Samurott VSTAR	swsh12.5gg-GG52	入れる	
S12a-231	フーパV	SAR	Crown Zenith (TCG)	VSTAR Universe (/172)	Hoopa V	Darkness	OKACHEKE	TCGdex日本語版	Hoopa V	swsh12.5gg-GG53	入れる	
S12a-232	ザマゼンタV	SAR	Crown Zenith (TCG)	VSTAR Universe (/172)	Zamazenta V	Metal	Haru Akasaka	TCGdex日本語版	Zamazenta V	swsh12.5gg-GG54	入れる	
S12a-233	レジギガスVSTAR	SAR	Crown Zenith (TCG)	VSTAR Universe (/172)	Regigigas VSTAR	Colorless	Aya Kusube	TCGdex日本語版	Regigigas VSTAR	swsh12.5gg-GG55	入れる	
S12a-234	ヒスイ ゾロアークVSTAR	SAR	Crown Zenith (TCG)	VSTAR Universe (/172)	Hisuian Zoroark VSTAR	Colorless	SIE NANAHARA	TCGdex日本語版	Hisuian Zoroark VSTAR	swsh12.5gg-GG56	入れる	
S12a-235	アクロマの実験	SAR	Crown Zenith (TCG)	VSTAR Universe (/172)	Colress's Experiment	Supporter	kantaro	TCGdex日本語版	Colress's Experiment	swsh12.5gg-GG59	入れる	
S12a-236	カイ	SAR	Crown Zenith (TCG)	VSTAR Universe (/172)	Irida	Supporter	Naoki Saito	TCGdex日本語版	Irida	swsh12.5gg-GG63	入れる	
S12a-237	キバナ	SAR	Crown Zenith (TCG)	VSTAR Universe (/172)	Raihan	Supporter	GIDORA	TCGdex日本語版	Raihan	swsh12.5gg-GG65	入れる	
S12a-238	ザクロ	SAR	Crown Zenith (TCG)	VSTAR Universe (/172)	Grant	Supporter	Oswaldo KATO	TCGdex日本語版	Grant	swsh12.5gg-GG62	入れる	
S12a-239	シロナの覇気	SAR	Crown Zenith (TCG)	VSTAR Universe (/172)	Cynthia's Ambition	Supporter	Atsuya Uki	TCGdex日本語版	Cynthia's Ambition	swsh12.5gg-GG60	入れる	
S12a-240	セキ	SAR	Crown Zenith (TCG)	VSTAR Universe (/172)	Adaman	Supporter	Naoki Saito	TCGdex日本語版	Adaman	swsh12.5gg-GG57	入れる	
S12a-241	チェレンの気くばり	SAR	Crown Zenith (TCG)	VSTAR Universe (/172)	Cheren's Care	Supporter	chibi	TCGdex日本語版	Cheren's Care	swsh12.5gg-GG58	入れる	
S12a-242	ツツジ	SAR	Crown Zenith (TCG)	VSTAR Universe (/172)	Roxanne	Supporter	Toshinao Aoki	TCGdex日本語版	Roxanne	swsh12.5gg-GG66	入れる	
S12a-243	ナタネの活気	SAR	Crown Zenith (TCG)	VSTAR Universe (/172)	Gardenia's Vigor	Supporter	Yoriyuki Ikegami	TCGdex日本語版	Gardenia's Vigor	swsh12.5gg-GG61	入れる	
S12a-244	メロン	SAR	Crown Zenith (TCG)	VSTAR Universe (/172)	Melony	Supporter	saino misaki	TCGdex日本語版	Melony	swsh12.5gg-GG64	入れる	
S12a-245	ウォロ	SR	Crown Zenith (TCG)	VSTAR Universe (/172)	Volo	Supporter	Souichirou Gunjima	TCGdex日本語版	Volo	swsh12.5-151	入れる	
S12a-246	カミツレのきらめき	SR	Crown Zenith (TCG)	VSTAR Universe (/172)	Elesa's Sparkle	Supporter	Megumi Mizutani	TCGdex日本語版	Elesa's Sparkle	swsh12.5-147	入れる	
S12a-247	シンオウの仲間たち	SR	Crown Zenith (TCG)	VSTAR Universe (/172)	Friends in Sinnoh	Supporter	Hideki Ishikawa	TCGdex日本語版	Friends in Sinnoh	swsh12.5-149	入れる	
S12a-248	博士の研究（ナナカマド博士）	SR	Crown Zenith (TCG)	VSTAR Universe (/172)	Professor's Research	Supporter	Sanosuke Sakuma	TCGdex日本語版	Professor's Research	swsh9-147 swsh12.5-150	入れる	
S12a-249	ヒスイの仲間たち	SR	Crown Zenith (TCG)	VSTAR Universe (/172)	Friends in Hisui	Supporter	Kinu Nishimura	TCGdex日本語版	Friends in Hisui	swsh12.5-148	入れる	
S12a-250	ボスの指令（アカギ）	SR	Crown Zenith (TCG)	VSTAR Universe (/172)	Boss's Orders	Supporter	Mitsuhiro Arita	TCGdex日本語版	Boss's Orders	swshp-SWSH251	入れる	
S12a-259	オリジンパルキアVSTAR	UR	Crown Zenith (TCG)	VSTAR Universe (/172)	Origin Forme Palkia VSTAR	Water	AKIRA EGAWA	TCGdex日本語版	Origin Forme Palkia VSTAR	swsh12.5gg-GG67	入れる	
S12a-260	オリジンディアルガVSTAR	UR	Crown Zenith (TCG)	VSTAR Universe (/172)	Origin Forme Dialga VSTAR	Metal	AKIRA EGAWA	TCGdex日本語版	Origin Forme Dialga VSTAR	swsh12.5gg-GG68	入れる	
S12a-261	ギラティナVSTAR	UR	Crown Zenith (TCG)	VSTAR Universe (/172)	Giratina VSTAR	Dragon	AKIRA EGAWA	TCGdex日本語版	Giratina VSTAR	swsh12.5gg-GG69	入れる	
S12a-262	アルセウスVSTAR	UR	Crown Zenith (TCG)	VSTAR Universe (/172)	Arceus VSTAR	Colorless	AKIRA EGAWA	TCGdex日本語版	Arceus VSTAR	swsh12.5gg-GG70	入れる	
S4-009	イオルブVMAX	RRR	Vivid Voltage (TCG)	Amazing Volt Tackle (/100)	Orbeetle VMAX	Grass	5ban Graphics	公式details.php(38507)	Orbeetle VMAX	swsh4-21 swsh4-186	入れる	
S4-024	ガラル ヒヒダルマVMAX	RRR	Vivid Voltage (TCG)	Amazing Volt Tackle (/100)	Galarian Darmanitan VMAX	Water	5ban Graphics	公式details.php(38522)	Galarian Darmanitan VMAX	swsh4-37 swsh4-187	入れる	
S4-031	ピカチュウVMAX	RRR	Vivid Voltage (TCG)	Amazing Volt Tackle (/100)	Pikachu VMAX	Lightning	aky CG Works	公式details.php(38529)	Pikachu VMAX	swsh4-44 swsh4-188 swsh11tg-TG29	入れる	
S4-081	ギルガルドVMAX	RRR	Vivid Voltage (TCG)	Amazing Volt Tackle (/100)	Aegislash VMAX	Metal	aky CG Works	公式details.php(38579)	Aegislash VMAX	swsh4-127 swsh4-190	入れる	
S4-101	イオルブV	SR	Vivid Voltage (TCG)	Amazing Volt Tackle (/100)	Orbeetle V	Grass	5ban Graphics	公式details.php(38912)	Orbeetle V	swsh4-20 swsh4-166 swshp-SWSH078	入れる	
S4-102	ファイアローV	SR	Vivid Voltage (TCG)	Amazing Volt Tackle (/100)	Talonflame V	Fire	Eske Yoshinob	公式details.php(38913)	Talonflame V	swsh4-168	入れる	
S4-103	ガラル ヒヒダルマV	SR	Vivid Voltage (TCG)	Amazing Volt Tackle (/100)	Galarian Darmanitan V	Water	5ban Graphics	公式details.php(38914)	Galarian Darmanitan V	swsh4-36 swsh4-169	入れる	
S4-104	ピカチュウV	SR	Vivid Voltage (TCG)	Amazing Volt Tackle (/100)	Pikachu V	Lightning	Saki Hayashiro	公式details.php(38915)	Pikachu V	swsh4-43 swsh4-170	入れる	
S4-105	フーディンV	SR	Vivid Voltage (TCG)	Amazing Volt Tackle (/100)	Alakazam V	Psychic	Ayaka Yoshida	公式details.php(38916)	Alakazam V	swsh4-172 swshp-SWSH083	入れる	
S4-106	ガラル ネギガナイトV	SR	Vivid Voltage (TCG)	Amazing Volt Tackle (/100)	Galarian Sirfetch'd V	Fighting	PLANETA Tsuji	公式details.php(38917)	Galarian Sirfetch'd V	swsh4-174 swshp-SWSH043	入れる	
S4-107	ドラピオンV	SR	Vivid Voltage (TCG)	Amazing Volt Tackle (/100)	Drapion V	Darkness	Eske Yoshinob	公式details.php(38918)	Drapion V	swsh4-106 swsh4-175	入れる	
S4-108	ギルガルドV	SR	Vivid Voltage (TCG)	Amazing Volt Tackle (/100)	Aegislash V	Metal	aky CG Works	公式details.php(38919)	Aegislash V	swsh4-126 swsh4-177	入れる	
S4-109	サイトウ	SR	Vivid Voltage (TCG)	Amazing Volt Tackle (/100)	Bea	Supporter	Hideki Ishikawa	公式details.php(38920)	Bea	swsh4-180 swsh4-193	入れる	
S4-110	ダンデ	SR	Vivid Voltage (TCG)	Amazing Volt Tackle (/100)	Leon	Supporter	Hideki Ishikawa	公式details.php(38921)	Leon	swsh4-182 swsh4-195	入れる	
S4-111	ルリナ	SR	Vivid Voltage (TCG)	Amazing Volt Tackle (/100)	Nessa	Supporter	Ryuta Fuse	公式details.php(38922)	Nessa	swsh4-183 swsh4-196	入れる	
S4-112	イオルブVMAX	HR	Vivid Voltage (TCG)	Amazing Volt Tackle (/100)	Orbeetle VMAX	Grass					イラストレーターが分からない（TCGdex・公式とも無し）	
S4-113	ガラルヒヒダルマVMAX	HR	Vivid Voltage (TCG)	Amazing Volt Tackle (/100)	Galarian Darmanitan VMAX	Water					イラストレーターが分からない（TCGdex・公式とも無し）	
S4-114	ピカチュウVMAX	HR	Vivid Voltage (TCG)	Amazing Volt Tackle (/100)	Pikachu VMAX	Lightning					イラストレーターが分からない（TCGdex・公式とも無し）	
S4-115	ギルガルドVMAX	HR	Vivid Voltage (TCG)	Amazing Volt Tackle (/100)	Aegislash VMAX	Metal					イラストレーターが分からない（TCGdex・公式とも無し）	
S4-116	サイトウ	HR	Vivid Voltage (TCG)	Amazing Volt Tackle (/100)	Bea	Supporter					イラストレーターが分からない（TCGdex・公式とも無し）	
S4-117	ダンデ	HR	Vivid Voltage (TCG)	Amazing Volt Tackle (/100)	Leon	Supporter					イラストレーターが分からない（TCGdex・公式とも無し）	
S4-118	ルリナ	HR	Vivid Voltage (TCG)	Amazing Volt Tackle (/100)	Nessa	Supporter					イラストレーターが分からない（TCGdex・公式とも無し）	
S4-119	ガラルタチフサグマ	UR	Vivid Voltage (TCG)	Amazing Volt Tackle (/100)	Galarian Obstagoon	Darkness					イラストレーターが分からない（TCGdex・公式とも無し）	
S4-120	望遠スコープ	UR	Vivid Voltage (TCG)	Amazing Volt Tackle (/100)	Telescopic Sight	Item					イラストレーターが分からない（TCGdex・公式とも無し）	
S4-121	メモリーカプセル	UR	Vivid Voltage (TCG)	Amazing Volt Tackle (/100)	Memory Capsule	Item					イラストレーターが分からない（TCGdex・公式とも無し）	
S4a-010	ゴリランダーVMAX	RRR	Shining Fates (TCG)	Shiny Star V (/190)	Rillaboom VMAX	Grass	5ban Graphics	公式details.php(38655)	Rillaboom VMAX	swsh2-18 swsh8-23 swsh2-193 swsh4.5sv-SV106	入れる	
S4a-021	レシラム	A	Shining Fates (TCG)	Shiny Star V (/190)	Reshiram	Fire	PLANETA Tsuji	公式details.php(38666)	Reshiram	swsh4.5-17	入れる	
S4a-028	マルヤクデVMAX	RRR	Shining Fates (TCG)	Shiny Star V (/190)	Centiskorch VMAX	Fire	5ban Graphics	公式details.php(38673)	Centiskorch VMAX	swsh3-34 swsh3-191 swsh4.5sv-SV109	入れる	
S4a-032	ラプラスVMAX	RRR	Shining Fates (TCG)	Shiny Star V (/190)	Lapras VMAX	Water	5ban Graphics	公式details.php(38677)	Lapras VMAX	swsh1-50 swsh1-203 swsh4.5sv-SV111	入れる	
S4a-036	カイオーガ	A	Shining Fates (TCG)	Shiny Star V (/190)	Kyogre	Water	Anesaki Dynamic	公式details.php(38681)	Kyogre	swsh4.5-21 smp-SM129	入れる	
S4a-060	ストリンダーVMAX	RRR	Shining Fates (TCG)	Shiny Star V (/190)	Toxtricity VMAX	Lightning	5ban Graphics	公式details.php(38705)	Toxtricity VMAX	swsh2-71 swsh2-196 swsh4.5sv-SV113	入れる	
S4a-089	ドラパルトVMAX	RRR	Shining Fates (TCG)	Shiny Star V (/190)	Dragapult VMAX	Psychic	aky CG Works	公式details.php(38734)	Dragapult VMAX	swsh2-93 swsh2-197 swshp-SWSH097	入れる	
S4a-109	クロバットVMAX	RRR	Shining Fates (TCG)	Shiny Star V (/190)	Crobat VMAX	Darkness	PLANETA Tsuji	公式details.php(38754)	Crobat VMAX	swsh4.5-45 swshp-SWSH099	入れる	
S4a-117	イベルタル	A	Shining Fates (TCG)	Shiny Star V (/190)	Yveltal	Darkness	Hasuno	公式details.php(38762)	Yveltal	swsh4.5-46	入れる	
S4a-125	ムゲンダイナVMAX	RRR	Shining Fates (TCG)	Shiny Star V (/190)	Eternatus VMAX	Darkness	5ban Graphics	公式details.php(38770)	Eternatus VMAX	swsh3-117 swsh3-192 swsh4.5sv-SV122 swshp-SWSH045	入れる	
S4a-141	メタモンVMAX	RRR	Shining Fates (TCG)	Shiny Star V (/190)	Ditto VMAX	Colorless	PLANETA Tsuji	公式details.php(38786)	Ditto VMAX	swsh4.5-51 swsh4.5sv-SV119	入れる	
S4a-191	ウカッツ	SR	Shining Fates (TCG)	Shiny Star V (/190)	Cara Liss	Supporter	Hitoshi Ariga	公式details.php(38923)	Cara Liss	swsh4.5-67 swsh4-149	入れる	
S4a-192	ジムトレーナー	SR	Shining Fates (TCG)	Shiny Star V (/190)	Gym Trainer	Supporter	nagimiso	公式details.php(38924)	Gym Trainer	swsh4.5-68	入れる	
S4a-193	とりつかい	SR	Shining Fates (TCG)	Shiny Star V (/190)	Bird Keeper	Supporter	Hideki Ishikawa	公式details.php(38925)	Bird Keeper	swsh4.5-66 swsh3-159	入れる	
S4a-194	ネズ	SR	Shining Fates (TCG)	Shiny Star V (/190)	Piers	Supporter	Megumi Mizutani	公式details.php(38926)	Piers	swsh4.5-69	入れる	
S4a-195	フウロ	SR	Shining Fates (TCG)	Shiny Star V (/190)	Skyla	Supporter	kirisAki	公式details.php(38927)	Skyla	swsh4.5-72	入れる	
S4a-196	ボールガイ	SR	Shining Fates (TCG)	Shiny Star V (/190)	Ball Guy	Supporter	Hitoshi Ariga	公式details.php(38928)	Ball Guy	swsh4.5-57 swsh4.5-65	入れる	
S4a-197	ポケモンごっこ	SR	Shining Fates (TCG)	Shiny Star V (/190)	Poké Kid	Supporter	Sanosuke Sakuma	公式details.php(38929)	Poké Kid	swsh4.5-70	入れる	
S4a-198	マリィ	SR	Shining Fates (TCG)	Shiny Star V (/190)	Marnie	Supporter	Naoki Saito	公式details.php(38930)	Marnie	swshp-SWSH121	入れる	
S4a-199	ローズ	SR	Shining Fates (TCG)	Shiny Star V (/190)	Rose	Supporter	Megumi Mizutani	公式details.php(38931)	Rose	swsh4.5-71	入れる	
S4a-200	モクロー	S	Shining Fates (TCG)	Shiny Star V (/190)	Rowlet	Grass	Akira Komayama	公式details.php(38932)	Rowlet	swsh4.5sv-SV001	入れる	
S4a-201	フクスロー	S	Shining Fates (TCG)	Shiny Star V (/190)	Dartrix	Grass	Masakazu Fukuda	公式details.php(38933)	Dartrix	swsh4.5sv-SV002	入れる	
S4a-202	ジュナイパー	S	Shining Fates (TCG)	Shiny Star V (/190)	Decidueye	Grass	nagimiso	公式details.php(38934)	Decidueye	swsh4.5sv-SV003	入れる	
S4a-203	サルノリ	S	Shining Fates (TCG)	Shiny Star V (/190)	Grookey	Grass	Sanosuke Sakuma	公式details.php(38935)	Grookey	swsh4.5sv-SV004	入れる	
S4a-204	バチンキー	S	Shining Fates (TCG)	Shiny Star V (/190)	Thwackey	Grass	tetsuya koizumi	公式details.php(38936)	Thwackey	swsh4.5sv-SV005	入れる	
S4a-205	ゴリランダー	S	Shining Fates (TCG)	Shiny Star V (/190)	Rillaboom	Grass	Ryuta Fuse	公式details.php(38937)	Rillaboom	swsh4.5sv-SV006	入れる	
S4a-206	サッチムシ	S	Shining Fates (TCG)	Shiny Star V (/190)	Blipbug	Grass	Kyoko Umemoto	公式details.php(38938)	Blipbug	swsh4.5sv-SV007	入れる	
S4a-207	レドームシ	S	Shining Fates (TCG)	Shiny Star V (/190)	Dottler	Grass	tetsuya koizumi	公式details.php(38939)	Dottler	swsh4.5sv-SV008	入れる	
S4a-208	イオルブ	S	Shining Fates (TCG)	Shiny Star V (/190)	Orbeetle	Grass	SATOSHI NAKAI	公式details.php(38940)	Orbeetle	swsh4.5sv-SV009	入れる	
S4a-209	ヒメンカ	S	Shining Fates (TCG)	Shiny Star V (/190)	Gossifleur	Grass	Kyoko Umemoto	公式details.php(38941)	Gossifleur	swsh4.5sv-SV010	入れる	
S4a-210	ワタシラガ	S	Shining Fates (TCG)	Shiny Star V (/190)	Eldegoss	Grass	Mizue	公式details.php(38942)	Eldegoss	swsh4.5sv-SV011	入れる	
S4a-211	カジッチュ	S	Shining Fates (TCG)	Shiny Star V (/190)	Applin	Grass	otumami	公式details.php(38943)	Applin	swsh4.5sv-SV012	入れる	
S4a-212	アップリュー	S	Shining Fates (TCG)	Shiny Star V (/190)	Flapple	Grass	Shigenori Negishi	公式details.php(38944)	Flapple	swsh4.5sv-SV013	入れる	
S4a-213	タルップル	S	Shining Fates (TCG)	Shiny Star V (/190)	Appletun	Grass	Kouki Saitou	公式details.php(38945)	Appletun	swsh4.5sv-SV014	入れる	
S4a-214	ヒバニー	S	Shining Fates (TCG)	Shiny Star V (/190)	Scorbunny	Fire	MAHOU	公式details.php(38946)	Scorbunny	swsh4.5sv-SV015	入れる	
S4a-215	ラビフット	S	Shining Fates (TCG)	Shiny Star V (/190)	Raboot	Fire	Lee HyunJung	公式details.php(38947)	Raboot	swsh4.5sv-SV016	入れる	
S4a-216	エースバーン	S	Shining Fates (TCG)	Shiny Star V (/190)	Cinderace	Fire	Hitoshi Ariga	公式details.php(38948)	Cinderace	swsh4.5sv-SV017	入れる	
S4a-217	ヤクデ	S	Shining Fates (TCG)	Shiny Star V (/190)	Sizzlipede	Fire	Shigenori Negishi	公式details.php(38949)	Sizzlipede	swsh4.5sv-SV018	入れる	
S4a-218	マルヤクデ	S	Shining Fates (TCG)	Shiny Star V (/190)	Centiskorch	Fire	SATOSHI NAKAI	公式details.php(38950)	Centiskorch	swsh4.5sv-SV019	入れる	
S4a-219	ガラル バリヤード	S	Shining Fates (TCG)	Shiny Star V (/190)	Galarian Mr. Mime	Water	Masakazu Fukuda	公式details.php(38951)	Galarian Mr. Mime	swsh4.5sv-SV020	入れる	
S4a-220	ガラル バリコオル	S	Shining Fates (TCG)	Shiny Star V (/190)	Galarian Mr. Rime	Water	Hideki Ishikawa	公式details.php(38952)	Galarian Mr. Rime	swsh4.5sv-SV021	入れる	
S4a-221	スイクン	S	Shining Fates (TCG)	Shiny Star V (/190)	Suicune	Water	Kagemaru Himeno	公式details.php(38953)	Suicune	swsh4.5sv-SV022	入れる	
S4a-222	ガラル ダルマッカ	S	Shining Fates (TCG)	Shiny Star V (/190)	Galarian Darumaka	Water	SATOSHI NAKAI	公式details.php(38954)	Galarian Darumaka	swsh4.5sv-SV023	入れる	
S4a-223	ガラル ヒヒダルマ	S	Shining Fates (TCG)	Shiny Star V (/190)	Galarian Darmanitan	Water	nagimiso	公式details.php(38955)	Galarian Darmanitan	swsh4.5sv-SV024	入れる	
S4a-224	メッソン	S	Shining Fates (TCG)	Shiny Star V (/190)	Sobble	Water	Saya Tsuruta	公式details.php(38956)	Sobble	swsh4.5sv-SV025	入れる	
S4a-225	ジメレオン	S	Shining Fates (TCG)	Shiny Star V (/190)	Drizzile	Water	Ryuta Fuse	公式details.php(38957)	Drizzile	swsh4.5sv-SV026	入れる	
S4a-226	インテレオン	S	Shining Fates (TCG)	Shiny Star V (/190)	Inteleon	Water	nagimiso	公式details.php(38958)	Inteleon	swsh4.5sv-SV027	入れる	
S4a-227	カムカメ	S	Shining Fates (TCG)	Shiny Star V (/190)	Chewtle	Water	otumami	公式details.php(38959)	Chewtle	swsh4.5sv-SV028	入れる	
S4a-228	カジリガメ	S	Shining Fates (TCG)	Shiny Star V (/190)	Drednaw	Water	Shin Nagasawa	公式details.php(38960)	Drednaw	swsh4.5sv-SV029	入れる	
S4a-229	ウッウ	S	Shining Fates (TCG)	Shiny Star V (/190)	Cramorant	Water	Akira Komayama	公式details.php(38961)	Cramorant	swsh4.5sv-SV030	入れる	
S4a-230	サシカマス	S	Shining Fates (TCG)	Shiny Star V (/190)	Arrokuda	Water	Shigenori Negishi	公式details.php(38962)	Arrokuda	swsh4.5sv-SV031	入れる	
S4a-231	カマスジョー	S	Shining Fates (TCG)	Shiny Star V (/190)	Barraskewda	Water	Misa Tsutsui	公式details.php(38963)	Barraskewda	swsh4.5sv-SV032	入れる	
S4a-232	ユキハミ	S	Shining Fates (TCG)	Shiny Star V (/190)	Snom	Water	Yumi	公式details.php(38964)	Snom	swsh4.5sv-SV033	入れる	
S4a-233	モスノウ	S	Shining Fates (TCG)	Shiny Star V (/190)	Frosmoth	Water	Akira Komayama	公式details.php(38965)	Frosmoth	swsh4.5sv-SV034	入れる	
S4a-234	コオリッポ	S	Shining Fates (TCG)	Shiny Star V (/190)	Eiscue	Water	Shigenori Negishi	公式details.php(38966)	Eiscue	swsh4.5sv-SV035	入れる	
S4a-235	ウオノラゴン	S	Shining Fates (TCG)	Shiny Star V (/190)	Dracovish	Water	SATOSHI NAKAI	公式details.php(38967)	Dracovish	swsh4.5sv-SV036	入れる	
S4a-236	ウオチルドン	S	Shining Fates (TCG)	Shiny Star V (/190)	Arctovish	Water	Masakazu Fukuda	公式details.php(38968)	Arctovish	swsh4.5sv-SV037	入れる	
S4a-237	ロトム	S	Shining Fates (TCG)	Shiny Star V (/190)	Rotom	Lightning	kirisAki	公式details.php(38969)	Rotom	swsh4.5sv-SV038	入れる	
S4a-238	ワンパチ	S	Shining Fates (TCG)	Shiny Star V (/190)	Yamper	Lightning	sowsow	公式details.php(38970)	Yamper	swsh4.5sv-SV039	入れる	
S4a-239	パルスワン	S	Shining Fates (TCG)	Shiny Star V (/190)	Boltund	Lightning	Kagemaru Himeno	公式details.php(38971)	Boltund	swsh4.5sv-SV040	入れる	
S4a-240	エレズン	S	Shining Fates (TCG)	Shiny Star V (/190)	Toxel	Lightning	Kouki Saitou	公式details.php(38972)	Toxel	swsh4.5sv-SV041	入れる	
S4a-241	ストリンダー	S	Shining Fates (TCG)	Shiny Star V (/190)	Toxtricity	Lightning	Hideki Ishikawa	公式details.php(38973)	Toxtricity	swsh4.5sv-SV042	入れる	
S4a-242	バチンウニ	S	Shining Fates (TCG)	Shiny Star V (/190)	Pincurchin	Lightning	Motofumi Fujiwara	公式details.php(38974)	Pincurchin	swsh4.5sv-SV043	入れる	
S4a-243	モルペコ	S	Shining Fates (TCG)	Shiny Star V (/190)	Morpeko	Lightning	Akira Komayama	公式details.php(38975)	Morpeko	swsh4.5sv-SV044	入れる	
S4a-244	パッチラゴン	S	Shining Fates (TCG)	Shiny Star V (/190)	Dracozolt	Lightning	Shin Nagasawa	公式details.php(38976)	Dracozolt	swsh4.5sv-SV045	入れる	
S4a-245	パッチルドン	S	Shining Fates (TCG)	Shiny Star V (/190)	Arctozolt	Lightning	nagimiso	公式details.php(38977)	Arctozolt	swsh4.5sv-SV046	入れる	
S4a-246	ガラル ポニータ	S	Shining Fates (TCG)	Shiny Star V (/190)	Galarian Ponyta	Psychic	Sanosuke Sakuma	公式details.php(38978)	Galarian Ponyta	swsh4.5sv-SV047	入れる	
S4a-247	ガラル ギャロップ	S	Shining Fates (TCG)	Shiny Star V (/190)	Galarian Rapidash	Psychic	Kagemaru Himeno	公式details.php(38979)	Galarian Rapidash	swsh4.5sv-SV048	入れる	
S4a-248	ガラル サニーゴ	S	Shining Fates (TCG)	Shiny Star V (/190)	Galarian Corsola	Psychic	Mizue	公式details.php(38980)	Galarian Corsola	swsh4.5sv-SV049	入れる	
S4a-249	ガラル サニゴーン	S	Shining Fates (TCG)	Shiny Star V (/190)	Galarian Cursola	Psychic	Shin Nagasawa	公式details.php(38981)	Galarian Cursola	swsh4.5sv-SV050	入れる	
S4a-250	デデンネ	S	Shining Fates (TCG)	Shiny Star V (/190)	Dedenne	Psychic	Mizue	公式details.php(38982)	Dedenne	swsh4.5sv-SV051	入れる	
S4a-251	ヤバチャ	S	Shining Fates (TCG)	Shiny Star V (/190)	Sinistea	Psychic	MAHOU	公式details.php(38983)	Sinistea	swsh4.5sv-SV052	入れる	
S4a-252	ポットデス	S	Shining Fates (TCG)	Shiny Star V (/190)	Polteageist	Psychic	Sanosuke Sakuma	公式details.php(38984)	Polteageist	swsh4.5sv-SV053	入れる	
S4a-253	ミブリム	S	Shining Fates (TCG)	Shiny Star V (/190)	Hatenna	Psychic	otumami	公式details.php(38985)	Hatenna	swsh4.5sv-SV054	入れる	
S4a-254	テブリム	S	Shining Fates (TCG)	Shiny Star V (/190)	Hattrem	Psychic	Lee HyunJung	公式details.php(38986)	Hattrem	swsh4.5sv-SV055	入れる	
S4a-255	ブリムオン	S	Shining Fates (TCG)	Shiny Star V (/190)	Hatterene	Psychic	Akira Komayama	公式details.php(38987)	Hatterene	swsh4.5sv-SV056	入れる	
S4a-256	マホミル	S	Shining Fates (TCG)	Shiny Star V (/190)	Milcery	Psychic	Motofumi Fujiwara	公式details.php(38988)	Milcery	swsh4.5sv-SV057	入れる	
S4a-257	マホイップ	S	Shining Fates (TCG)	Shiny Star V (/190)	Alcremie	Psychic	MAHOU	公式details.php(38989)	Alcremie	swsh4.5sv-SV058	入れる	
S4a-258	イエッサン	S	Shining Fates (TCG)	Shiny Star V (/190)	Indeedee	Psychic	Saya Tsuruta	公式details.php(38990)	Indeedee	swsh5-120 swsh4.5sv-SV059	入れる	
S4a-259	ドラメシヤ	S	Shining Fates (TCG)	Shiny Star V (/190)	Dreepy	Psychic	Masakazu Fukuda	公式details.php(38991)	Dreepy	swsh4.5sv-SV060	入れる	
S4a-260	ドロンチ	S	Shining Fates (TCG)	Shiny Star V (/190)	Drakloak	Psychic	tetsuya koizumi	公式details.php(38992)	Drakloak	swsh4.5sv-SV061	入れる	
S4a-261	ドラパルト	S	Shining Fates (TCG)	Shiny Star V (/190)	Dragapult	Psychic	Naoki Saito	公式details.php(38993)	Dragapult	swsh4.5sv-SV062	入れる	
S4a-262	ガラル カモネギ	S	Shining Fates (TCG)	Shiny Star V (/190)	Galarian Farfetch'd	Fighting	Kagemaru Himeno	公式details.php(38994)	Galarian Farfetch'd	swsh4.5sv-SV063	入れる	
S4a-263	ガラル ネギガナイト	S	Shining Fates (TCG)	Shiny Star V (/190)	Galarian Sirfetch'd	Fighting	Kouki Saitou	公式details.php(38995)	Galarian Sirfetch'd	swsh4.5sv-SV064	入れる	
S4a-264	ガラル デスマス	S	Shining Fates (TCG)	Shiny Star V (/190)	Galarian Yamask	Fighting	sowsow	公式details.php(38996)	Galarian Yamask	swsh4.5sv-SV065	入れる	
S4a-265	ガラル デスバーン	S	Shining Fates (TCG)	Shiny Star V (/190)	Galarian Runerigus	Fighting	Shin Nagasawa	公式details.php(38997)	Galarian Runerigus	swsh4.5sv-SV066	入れる	
S4a-266	タンドン	S	Shining Fates (TCG)	Shiny Star V (/190)	Rolycoly	Fighting	Shigenori Negishi	公式details.php(38998)	Rolycoly	swsh4.5sv-SV067	入れる	
S4a-267	トロッゴン	S	Shining Fates (TCG)	Shiny Star V (/190)	Carkol	Fighting	tetsuya koizumi	公式details.php(38999)	Carkol	swsh4.5sv-SV068	入れる	
S4a-268	セキタンザン	S	Shining Fates (TCG)	Shiny Star V (/190)	Coalossal	Fighting	nagimiso	公式details.php(39000)	Coalossal	swsh4.5sv-SV069	入れる	
S4a-269	スナヘビ	S	Shining Fates (TCG)	Shiny Star V (/190)	Silicobra	Fighting	Akira Komayama	公式details.php(39001)	Silicobra	swsh4.5sv-SV070	入れる	
S4a-270	サダイジャ	S	Shining Fates (TCG)	Shiny Star V (/190)	Sandaconda	Fighting	Shin Nagasawa	公式details.php(39002)	Sandaconda	swsh4.5sv-SV071	入れる	
S4a-271	タタッコ	S	Shining Fates (TCG)	Shiny Star V (/190)	Clobbopus	Fighting	Kyoko Umemoto	公式details.php(39003)	Clobbopus	swsh4.5sv-SV072	入れる	
S4a-272	オトスパス	S	Shining Fates (TCG)	Shiny Star V (/190)	Grapploct	Fighting	Masakazu Fukuda	公式details.php(39004)	Grapploct	swsh4.5sv-SV073	入れる	
S4a-273	タイレーツ	S	Shining Fates (TCG)	Shiny Star V (/190)	Falinks	Fighting	Kouki Saitou	公式details.php(39005)	Falinks	swsh4.5sv-SV074	入れる	
S4a-274	イシヘンジン	S	Shining Fates (TCG)	Shiny Star V (/190)	Stonjourner	Fighting	Hitoshi Ariga	公式details.php(39006)	Stonjourner	me01-081 swsh4.5sv-SV075	入れる	
S4a-275	ドガース	S	Shining Fates (TCG)	Shiny Star V (/190)	Koffing	Darkness	Yumi	公式details.php(39007)	Koffing	swsh4.5sv-SV076	入れる	
S4a-276	ガラル マタドガス	S	Shining Fates (TCG)	Shiny Star V (/190)	Galarian Weezing	Darkness	Kouki Saitou	公式details.php(39008)	Galarian Weezing	swsh4.5sv-SV077	入れる	
S4a-277	ガラル ジグザグマ	S	Shining Fates (TCG)	Shiny Star V (/190)	Galarian Zigzagoon	Darkness	Misa Tsutsui	公式details.php(39009)	Galarian Zigzagoon	swsh4.5sv-SV078	入れる	
S4a-278	ガラル マッスグマ	S	Shining Fates (TCG)	Shiny Star V (/190)	Galarian Linoone	Darkness	Shin Nagasawa	公式details.php(39010)	Galarian Linoone	swsh4.5sv-SV079	入れる	
S4a-279	ガラル タチフサグマ	S	Shining Fates (TCG)	Shiny Star V (/190)	Galarian Obstagoon	Darkness	Ryuta Fuse	公式details.php(39011)	Galarian Obstagoon	swsh4.5sv-SV080	入れる	
S4a-280	クスネ	S	Shining Fates (TCG)	Shiny Star V (/190)	Nickit	Darkness	Saya Tsuruta	公式details.php(39012)	Nickit	swsh4.5sv-SV081	入れる	
S4a-281	フォクスライ	S	Shining Fates (TCG)	Shiny Star V (/190)	Thievul	Darkness	Kagemaru Himeno	公式details.php(39013)	Thievul	swsh4.5sv-SV082	入れる	
S4a-282	ベロバー	S	Shining Fates (TCG)	Shiny Star V (/190)	Impidimp	Darkness	Misa Tsutsui	公式details.php(39014)	Impidimp	swsh4.5sv-SV083	入れる	
S4a-283	ギモー	S	Shining Fates (TCG)	Shiny Star V (/190)	Morgrem	Darkness	SATOSHI NAKAI	公式details.php(39015)	Morgrem	swsh4.5sv-SV084	入れる	
S4a-284	オーロンゲ	S	Shining Fates (TCG)	Shiny Star V (/190)	Grimmsnarl	Darkness	Kouki Saitou	公式details.php(39016)	Grimmsnarl	swsh4.5sv-SV085	入れる	
S4a-285	ガラル ニャース	S	Shining Fates (TCG)	Shiny Star V (/190)	Galarian Meowth	Metal	Shigenori Negishi	公式details.php(39017)	Galarian Meowth	swsh4.5sv-SV086	入れる	
S4a-286	ガラル ニャイキング	S	Shining Fates (TCG)	Shiny Star V (/190)	Galarian Perrserker	Metal	Ryuta Fuse	公式details.php(39018)	Galarian Perrserker	swsh4.5sv-SV087	入れる	
S4a-287	ガラルマッギョ	S	Shining Fates (TCG)	Shiny Star V (/190)	Galarian Stunfisk	Metal	tetsuya koizumi	公式details.php(39019)	Galarian Stunfisk	swsh4.5sv-SV088	入れる	
S4a-288	アーマーガア	S	Shining Fates (TCG)	Shiny Star V (/190)	Corviknight	Metal	kirisAki	公式details.php(39020)	Corviknight	swsh4.5sv-SV089	入れる	
S4a-289	ゾウドウ	S	Shining Fates (TCG)	Shiny Star V (/190)	Cufant	Metal	sowsow	公式details.php(39021)	Cufant	swsh4.5sv-SV090	入れる	
S4a-290	ダイオウドウ	S	Shining Fates (TCG)	Shiny Star V (/190)	Copperajah	Metal	Shin Nagasawa	公式details.php(39022)	Copperajah	swsh4.5sv-SV091	入れる	
S4a-291	ジュラルドン	S	Shining Fates (TCG)	Shiny Star V (/190)	Duraludon	Metal	Souichirou Gunjima	公式details.php(39023)	Duraludon	swsh4.5sv-SV092	入れる	
S4a-292	チラーミィ	S	Shining Fates (TCG)	Shiny Star V (/190)	Minccino	Colorless	MAHOU	公式details.php(39024)	Minccino	swsh4.5sv-SV093	入れる	
S4a-293	チラチーノ	S	Shining Fates (TCG)	Shiny Star V (/190)	Cinccino	Colorless	kirisAki	公式details.php(39025)	Cinccino	swsh4.5sv-SV094	入れる	
S4a-294	コアルヒー	S	Shining Fates (TCG)	Shiny Star V (/190)	Ducklett	Colorless	Kyoko Umemoto	公式details.php(39026)	Ducklett	swsh4.5sv-SV095	入れる	
S4a-295	スワンナ	S	Shining Fates (TCG)	Shiny Star V (/190)	Swanna	Colorless	Kagemaru Himeno	公式details.php(39027)	Swanna	swsh4.5sv-SV096	入れる	
S4a-296	ホルビー	S	Shining Fates (TCG)	Shiny Star V (/190)	Bunnelby	Colorless	Misa Tsutsui	公式details.php(39028)	Bunnelby	swsh8-214 swsh4.5sv-SV097	入れる	
S4a-297	ヤレユータン	S	Shining Fates (TCG)	Shiny Star V (/190)	Oranguru	Colorless	nagimiso	公式details.php(39029)	Oranguru	swsh4.5sv-SV098	入れる	
S4a-298	ホシガリス	S	Shining Fates (TCG)	Shiny Star V (/190)	Skwovet	Colorless	Naoki Saito	公式details.php(39030)	Skwovet	swsh4.5sv-SV099	入れる	
S4a-299	ヨクバリス	S	Shining Fates (TCG)	Shiny Star V (/190)	Greedent	Colorless	Hideki Ishikawa	公式details.php(39031)	Greedent	swsh4.5sv-SV100	入れる	
S4a-300	ココガラ	S	Shining Fates (TCG)	Shiny Star V (/190)	Rookidee	Colorless	Lee HyunJung	公式details.php(39032)	Rookidee	swsh4.5sv-SV101	入れる	
S4a-301	アオガラス	S	Shining Fates (TCG)	Shiny Star V (/190)	Corvisquire	Colorless	Masakazu Fukuda	公式details.php(39033)	Corvisquire	swsh4.5sv-SV102	入れる	
S4a-302	ウールー	S	Shining Fates (TCG)	Shiny Star V (/190)	Wooloo	Colorless	Kyoko Umemoto	公式details.php(39034)	Wooloo	swsh4.5sv-SV103	入れる	
S4a-303	バイウールー	S	Shining Fates (TCG)	Shiny Star V (/190)	Dubwool	Colorless	Kouki Saitou	公式details.php(39035)	Dubwool	swsh4.5sv-SV104	入れる	
S4a-304	ゴリランダーV	SSR	Shining Fates (TCG)	Shiny Star V (/190)	Rillaboom V	Grass	5ban Graphics	公式details.php(39036)	Rillaboom V	swsh2-17 swsh8-22 swsh2-175 swsh4.5sv-SV105 swshp-SWSH014	入れる	
S4a-305	ゴリランダーVMAX	SSR	Shining Fates (TCG)	Shiny Star V (/190)	Rillaboom VMAX	Grass	5ban Graphics	公式details.php(39037)	Rillaboom VMAX	swsh2-18 swsh8-23 swsh2-193 swsh4.5sv-SV106	入れる	
S4a-306	ワタシラガV	SSR	Shining Fates (TCG)	Shiny Star V (/190)	Eldegoss V	Grass	5ban Graphics	公式details.php(39038)	Eldegoss V	swsh3.5-5 swsh2-19 swsh2-176 swshp-SWSH084	入れる	
S4a-307	リザードンV	SSR	Shining Fates (TCG)	Shiny Star V (/190)	Charizard V	Fire	5ban Graphics	公式details.php(39039)	Charizard V	swsh3.5-79 swshp-SWSH050	入れる	
S4a-308	リザードンVMAX	SSR	Shining Fates (TCG)	Shiny Star V (/190)	Charizard VMAX	Fire	aky CG Works	公式details.php(39040)	Charizard VMAX	swsh3-20 swsh3.5-74 swsh4.5sv-SV107	入れる	
S4a-309	マルヤクデV	SSR	Shining Fates (TCG)	Shiny Star V (/190)	Centiskorch V	Fire	5ban Graphics	公式details.php(39041)	Centiskorch V	swsh3-33 swsh3-179 swsh4.5sv-SV108	入れる	
S4a-310	マルヤクデVMAX	SSR	Shining Fates (TCG)	Shiny Star V (/190)	Centiskorch VMAX	Fire	5ban Graphics	公式details.php(39042)	Centiskorch VMAX	swsh3-34 swsh3-191 swsh4.5sv-SV109	入れる	
S4a-311	ラプラスV	SSR	Shining Fates (TCG)	Shiny Star V (/190)	Lapras V	Water	5ban Graphics	公式details.php(39043)	Lapras V	swsh1-189 swsh4.5sv-SV110	入れる	
S4a-312	ラプラスVMAX	SSR	Shining Fates (TCG)	Shiny Star V (/190)	Lapras VMAX	Water	5ban Graphics	公式details.php(39044)	Lapras VMAX	swsh1-50 swsh1-203 swsh4.5sv-SV111	入れる	
S4a-313	パルスワンV	SSR	Shining Fates (TCG)	Shiny Star V (/190)	Boltund V	Lightning	aky CG Works	公式details.php(39045)	Boltund V	swsh2-67 swsh2-181 swshp-SWSH085	入れる	
S4a-314	ストリンダーV	SSR	Shining Fates (TCG)	Shiny Star V (/190)	Toxtricity V	Lightning	5ban Graphics	公式details.php(39046)	Toxtricity V	swsh2-70 swsh2-182 swsh4.5sv-SV112 swshp-SWSH017	入れる	
S4a-315	ストリンダーVMAX	SSR	Shining Fates (TCG)	Shiny Star V (/190)	Toxtricity VMAX	Lightning	5ban Graphics	公式details.php(39047)	Toxtricity VMAX	swsh2-71 swsh2-196 swsh4.5sv-SV113	入れる	
S4a-316	イエッサンV	SSR	Shining Fates (TCG)	Shiny Star V (/190)	Indeedee V	Psychic	5ban Graphics	公式details.php(39048)	Indeedee V	swsh4.5-39 swsh1-91 swsh1-192 swsh4.5sv-SV114	入れる	
S4a-317	ドラパルトV	SSR	Shining Fates (TCG)	Shiny Star V (/190)	Dragapult V	Psychic	aky CG Works	公式details.php(39049)	Dragapult V	swsh2-92 swsh2-183 swshp-SWSH096	入れる	
S4a-318	ドラパルトVMAX	SSR	Shining Fates (TCG)	Shiny Star V (/190)	Dragapult VMAX	Psychic	aky CG Works	公式details.php(39050)	Dragapult VMAX	swsh2-93 swsh2-197 swshp-SWSH097	入れる	
S4a-319	タイレーツV	SSR	Shining Fates (TCG)	Shiny Star V (/190)	Falinks V	Fighting	aky CG Works	公式details.php(39051)	Falinks V	swsh2-110 swsh2-185 swsh4.5sv-SV115	入れる	
S4a-320	クロバットVMAX	SSR	Shining Fates (TCG)	Shiny Star V (/190)	Crobat VMAX	Darkness	5ban Graphics	公式details.php(39052)			TCGdex 英語版の同じ名前のカードとイラストレーターが違う（英語版: PLANETA Tsuji）	
S4a-321	オーロンゲV	SSR	Shining Fates (TCG)	Shiny Star V (/190)	Grimmsnarl V	Darkness	PLANETA Mochizuki	公式details.php(39053)	Grimmsnarl V	swsh4.5sv-SV116	入れる	
S4a-322	オーロンゲVMAX	SSR	Shining Fates (TCG)	Shiny Star V (/190)	Grimmsnarl VMAX	Darkness	5ban Graphics	公式details.php(39054)	Grimmsnarl VMAX	swsh3-115 swsh4.5sv-SV117	入れる	
S4a-323	メタモンV	SSR	Shining Fates (TCG)	Shiny Star V (/190)	Ditto V	Colorless	Saki Hayashiro	公式details.php(39055)	Ditto V	swsh4.5-50 swsh4.5sv-SV118	入れる	
S4a-324	メタモンVMAX	SSR	Shining Fates (TCG)	Shiny Star V (/190)	Ditto VMAX	Colorless	5ban Graphics	公式details.php(39056)			TCGdex 英語版の同じ名前のカードとイラストレーターが違う（英語版: PLANETA Tsuji）	
S4a-325	バイウールーV	SSR	Shining Fates (TCG)	Shiny Star V (/190)	Dubwool V	Colorless	5ban Graphics	公式details.php(39057)	Dubwool V	swsh2-153 swsh2-188 swsh4.5sv-SV120 swshp-SWSH049	入れる	
S4a-326	ウッウV	SSR	Shining Fates (TCG)	Shiny Star V (/190)	Cramorant V	Colorless	aky CG Works	公式details.php(39058)	Cramorant V	swsh4.5-54 swsh1-155 swsh1-198 swshp-SWSH086	入れる	
S4a-327	ムゲンダイナV	UR	Shining Fates (TCG)	Shiny Star V (/190)	Eternatus V	Darkness					イラストレーターが分からない（TCGdex・公式とも無し）	
S4a-328	ムゲンダイナVMAX	UR	Shining Fates (TCG)	Shiny Star V (/190)	Eternatus VMAX	Darkness					イラストレーターが分からない（TCGdex・公式とも無し）	
S4a-329	ザシアンV	UR	Shining Fates (TCG)	Shiny Star V (/190)	Zacian V	Metal					イラストレーターが分からない（TCGdex・公式とも無し）	
S4a-330	ザマゼンタV	UR	Shining Fates (TCG)	Shiny Star V (/190)	Zamazenta V	Metal					イラストレーターが分からない（TCGdex・公式とも無し）	
S5I-008	アップリューVMAX	RRR	Battle Styles (TCG)	Single Strike Master (/070)	Flapple VMAX	Grass	PLANETA Tsuji	TCGdex日本語版	Flapple VMAX	swsh5-19 swsh5-164	入れる	
S5I-018	カプ・コケコVMAX	RRR	Battle Styles (TCG)	Single Strike Master (/070)	Tapu Koko VMAX	Lightning	PLANETA Tsuji	TCGdex日本語版	Tapu Koko VMAX	swsh5-51 swsh5-166	入れる	
S5I-037	いちげきウーラオスVMAX	RRR	Battle Styles (TCG)	Single Strike Master (/070)	Single Strike Urshifu VMAX	Fighting	PLANETA Tsuji	TCGdex日本語版	Single Strike Urshifu VMAX	swsh5-86 swsh5-167 swsh9tg-TG29	入れる	
S5I-071	アップリューV	SR	Battle Styles (TCG)	Single Strike Master (/070)	Flapple V	Grass	PLANETA Mochizuki	TCGdex日本語版	Flapple V	swsh5-18 swsh5-143	入れる	
S5I-072	カプ・コケコV	SR	Battle Styles (TCG)	Single Strike Master (/070)	Tapu Koko V	Lightning	Eske Yoshinob	TCGdex日本語版	Tapu Koko V	swsh5-147	入れる	
S5I-073	ミミッキュV	SR	Battle Styles (TCG)	Single Strike Master (/070)	Mimikyu V	Psychic	Eske Yoshinob	TCGdex日本語版	Mimikyu V	swsh5-62 swsh9-068 swsh5-148	入れる	
S5I-074	いちげきウーラオスV	SR	Battle Styles (TCG)	Single Strike Master (/070)	Single Strike Urshifu V	Fighting	PLANETA Mochizuki	TCGdex日本語版	Single Strike Urshifu V	swsh5-85 swsh5-150	入れる	
S5I-075	いちげきウーラオスV	SR	Battle Styles (TCG)	Single Strike Master (/070)	Single Strike Urshifu V	Fighting	kawayoo	TCGdex日本語版	Single Strike Urshifu V	swsh5-151	入れる	
S5I-076	バンギラスV	SR	Battle Styles (TCG)	Single Strike Master (/070)	Tyranitar V	Darkness	Ayaka Yoshida	TCGdex日本語版	Tyranitar V	swsh5-97 swsh5-154	入れる	
S5I-077	バンギラスV	SR	Battle Styles (TCG)	Single Strike Master (/070)	Tyranitar V	Darkness	HYOGONOSUKE	TCGdex日本語版	Tyranitar V	swsh5-155	入れる	
S5I-078	ムーランドV	SR	Battle Styles (TCG)	Single Strike Master (/070)	Stoutland V	Colorless	Eske Yoshinob	TCGdex日本語版	Stoutland V	swsh5-117 swsh5-157	入れる	
S5I-079	シバ	SR	Battle Styles (TCG)	Single Strike Master (/070)	Bruno	Supporter	Ryuta Fuse	TCGdex日本語版	Bruno	swsh5-158 swsh5-172	入れる	
S5I-080	フヨウ	SR	Battle Styles (TCG)	Single Strike Master (/070)	Phoebe	Supporter	Kagemaru Himeno	TCGdex日本語版	Phoebe	swsh5-161 swsh5-175	入れる	
S5I-081	マスタード いちげきのかた	SR	Battle Styles (TCG)	Single Strike Master (/070)	Single Strike Style Mustard	Supporter	Mitsuhiro Arita	TCGdex日本語版	Single Strike Style Mustard	swsh5-134 swsh5-163 swsh5-177	入れる	
S5I-082	アップリューVMAX	HR	Battle Styles (TCG)	Single Strike Master (/070)	Flapple VMAX	Grass	PLANETA Tsuji	TCGdex日本語版	Flapple VMAX	swsh5-19 swsh5-164	入れる	
S5I-083	カプ・コケコVMAX	HR	Battle Styles (TCG)	Single Strike Master (/070)	Tapu Koko VMAX	Lightning	PLANETA Tsuji	TCGdex日本語版	Tapu Koko VMAX	swsh5-51 swsh5-166	入れる	
S5I-084	いちげきウーラオスVMAX	HR	Battle Styles (TCG)	Single Strike Master (/070)	Single Strike Urshifu VMAX	Fighting	PLANETA Tsuji	TCGdex日本語版	Single Strike Urshifu VMAX	swsh5-86 swsh5-167 swsh9tg-TG29	入れる	
S5I-085	いちげきウーラオスVMAX	HR	Battle Styles (TCG)	Single Strike Master (/070)	Single Strike Urshifu VMAX	Fighting	Kinu Nishimura	TCGdex日本語版	Single Strike Urshifu VMAX	swsh5-168	入れる	
S5I-086	シバ	HR	Battle Styles (TCG)	Single Strike Master (/070)	Bruno	Supporter	Ryuta Fuse	TCGdex日本語版	Bruno	swsh5-158 swsh5-172	入れる	
S5I-087	フヨウ	HR	Battle Styles (TCG)	Single Strike Master (/070)	Phoebe	Supporter	Kagemaru Himeno	TCGdex日本語版	Phoebe	swsh5-161 swsh5-175	入れる	
S5I-088	マスタード いちげきのかた	HR	Battle Styles (TCG)	Single Strike Master (/070)	Single Strike Style Mustard	Supporter	Mitsuhiro Arita	TCGdex日本語版	Single Strike Style Mustard	swsh5-134 swsh5-163 swsh5-177	入れる	
S5I-089	ヘルガー	UR	Battle Styles (TCG)	Single Strike Master (/070)	Houndoom	Darkness	PLANETA Mochizuki	TCGdex日本語版	Houndoom	swsh5-179	入れる	
S5I-090	学習装置	UR	Battle Styles (TCG)	Single Strike Master (/070)	Exp. Share	Item	Toyste Beach	TCGdex日本語版	Exp. Share	sm1-118 swsh5-126 xy5-128 sv01-174 swsh5-180	入れる	
S5I-091	いちげきエネルギー	UR	Battle Styles (TCG)	Single Strike Master (/070)	Single Strike Energy	Energy					イラストレーターが分からない（TCGdex・公式とも無し）	
S5R-013	ビクティニVMAX	RRR	Battle Styles (TCG)	Rapid Strike Master (/070)	Victini VMAX	Fire	PLANETA Mochizuki	公式details.php(39143)	Victini VMAX	swsh5-22 swsh5-165	入れる	
S5R-051	れんげきウーラオスVMAX	RRR	Battle Styles (TCG)	Rapid Strike Master (/070)	Rapid Strike Urshifu VMAX	Fighting	PLANETA Tsuji	公式details.php(39181)	Rapid Strike Urshifu VMAX	swsh5-88 swsh5-169 swsh9tg-TG30	入れる	
S5R-056	アーマーガアVMAX	RRR	Battle Styles (TCG)	Rapid Strike Master (/070)	Corviknight VMAX	Metal	PLANETA Mochizuki	公式details.php(39186)	Corviknight VMAX	swsh5-110 swsh5-171	入れる	
S5R-071	コロトックV	SR	Battle Styles (TCG)	Rapid Strike Master (/070)	Kricketune V	Grass	Satoshi Shirai	公式details.php(39247)	Kricketune V	swsh5-6 swsh5-142	入れる	
S5R-072	ビクティニV	SR	Battle Styles (TCG)	Rapid Strike Master (/070)	Victini V	Fire	Saki Hayashiro	公式details.php(39248)	Victini V	swsh5-144	入れる	
S5R-073	エンペルトV	SR	Battle Styles (TCG)	Rapid Strike Master (/070)	Empoleon V	Water	Ayaka Yoshida	公式details.php(39249)	Empoleon V	swsh5-40 swsh5-145	入れる	
S5R-074	エンペルトV	SR	Battle Styles (TCG)	Rapid Strike Master (/070)	Empoleon V	Water	chibi	公式details.php(39250)	Empoleon V	swsh5-146	入れる	
S5R-075	ネクロズマV	SR	Battle Styles (TCG)	Rapid Strike Master (/070)	Necrozma V	Psychic	PLANETA Tsuji	公式details.php(39251)	Necrozma V	swsh5-63 swsh5-149	入れる	
S5R-076	れんげきウーラオスV	SR	Battle Styles (TCG)	Rapid Strike Master (/070)	Rapid Strike Urshifu V	Fighting	PLANETA Mochizuki	公式details.php(39252)	Rapid Strike Urshifu V	swsh5-87 swsh5-152	入れる	
S5R-077	れんげきウーラオスV	SR	Battle Styles (TCG)	Rapid Strike Master (/070)	Rapid Strike Urshifu V	Fighting	Ryota Murayama	公式details.php(39253)	Rapid Strike Urshifu V	swsh5-153	入れる	
S5R-078	アーマーガアV	SR	Battle Styles (TCG)	Rapid Strike Master (/070)	Corviknight V	Metal	PLANETA Mochizuki	公式details.php(39254)	Corviknight V	swsh5-109 swsh5-156	入れる	
S5R-079	コルニの気合い	SR	Battle Styles (TCG)	Rapid Strike Master (/070)	Korrina's Focus	Supporter	Taira Akitsu	公式details.php(39255)	Korrina's Focus	swsh5-160 swsh5-174	入れる	
S5R-080	マスタード れんげきのかた	SR	Battle Styles (TCG)	Rapid Strike Master (/070)	Rapid Strike Style Mustard	Supporter	Naoki Saito	公式details.php(39256)	Rapid Strike Style Mustard	swsh5-132 swsh5-162 swsh5-176	入れる	
S5R-081	モミ	SR	Battle Styles (TCG)	Rapid Strike Master (/070)	Cheryl	Supporter	Yuu Nishida	公式details.php(39511)	Cheryl	swsh5-159 swsh5-173	入れる	
S5R-082	ビクティニVMAX	HR	Battle Styles (TCG)	Rapid Strike Master (/070)	Victini VMAX	Fire					イラストレーターが分からない（TCGdex・公式とも無し）	
S5R-083	れんげきウーラオスVMAX	HR	Battle Styles (TCG)	Rapid Strike Master (/070)	Rapid Strike Urshifu VMAX	Fighting					イラストレーターが分からない（TCGdex・公式とも無し）	
S5R-084	れんげきウーラオスVMAX	HR	Battle Styles (TCG)	Rapid Strike Master (/070)	Rapid Strike Urshifu VMAX	Fighting					イラストレーターが分からない（TCGdex・公式とも無し）	
S5R-085	アーマーガアVMAX	HR	Battle Styles (TCG)	Rapid Strike Master (/070)	Corviknight VMAX	Metal					イラストレーターが分からない（TCGdex・公式とも無し）	
S5R-086	コルニの気合い	HR	Battle Styles (TCG)	Rapid Strike Master (/070)	Korrina's Focus	Supporter					イラストレーターが分からない（TCGdex・公式とも無し）	
S5R-087	マスタード れんげきのかた	HR	Battle Styles (TCG)	Rapid Strike Master (/070)	Rapid Strike Style Mustard	Supporter					イラストレーターが分からない（TCGdex・公式とも無し）	
S5R-088	モミ	HR	Battle Styles (TCG)	Rapid Strike Master (/070)	Cheryl	Supporter					イラストレーターが分からない（TCGdex・公式とも無し）	
S5R-089	オクタン	UR	Battle Styles (TCG)	Rapid Strike Master (/070)	Octillery	Water					イラストレーターが分からない（TCGdex・公式とも無し）	
S5R-090	レベルボール	UR	Battle Styles (TCG)	Rapid Strike Master (/070)	Level Ball	Item					イラストレーターが分からない（TCGdex・公式とも無し）	
S5R-091	れんげきエネルギー	UR	Battle Styles (TCG)	Rapid Strike Master (/070)	Rapid Strike Energy	Energy					イラストレーターが分からない（TCGdex・公式とも無し）	
S5a-008	バシャーモVMAX	RRR	Peerless Fighters (TCG)	Peerless Fighters (/070)	Blaziken VMAX	Fire	AKIRA EGAWA	公式details.php(39275)	Blaziken VMAX	swsh6-21 swsh6-200	入れる	
S5a-024	パッチラゴンVMAX	RRR	Peerless Fighters (TCG)	Peerless Fighters (/070)	Dracozolt VMAX	Lightning	5ban Graphics	公式details.php(39291)	Dracozolt VMAX	swsh7-59 swsh7-210	入れる	
S5a-047	ガラル ヤドキングVMAX	RRR	Peerless Fighters (TCG)	Peerless Fighters (/070)	Galarian Slowking VMAX	Darkness	5ban Graphics	公式details.php(39314)	Galarian Slowking VMAX	swsh6-100 swsh6-207	入れる	
S5a-071	バシャーモV	SR	Peerless Fighters (TCG)	Peerless Fighters (/070)	Blaziken V	Fire	Ayaka Yoshida	公式details.php(39346)	Blaziken V	swsh6-20 swsh6-161	入れる	
S5a-072	パッチラゴンV	SR	Peerless Fighters (TCG)	Peerless Fighters (/070)	Dracozolt V	Lightning	PLANETA Mochizuki	公式details.php(39347)	Dracozolt V	swsh7-178	入れる	
S5a-073	ガラル フリーザーV	SR	Peerless Fighters (TCG)	Peerless Fighters (/070)	Galarian Articuno V	Psychic	5ban Graphics	公式details.php(39348)	Galarian Articuno V	swsh6-58 swsh6-169 swsh9-181	入れる	
S5a-074	ガラル フリーザーV	SR	Peerless Fighters (TCG)	Peerless Fighters (/070)	Galarian Articuno V	Psychic	Uta	公式details.php(39349)	Galarian Articuno V	swsh6-170	入れる	
S5a-075	ガラル サンダーV	SR	Peerless Fighters (TCG)	Peerless Fighters (/070)	Galarian Zapdos V	Fighting	5ban Graphics	公式details.php(39350)	Galarian Zapdos V	swsh6-80 swsh6-173 swsh9-182	入れる	
S5a-076	ガラル サンダーV	SR	Peerless Fighters (TCG)	Peerless Fighters (/070)	Galarian Zapdos V	Fighting	Akira Komayama	公式details.php(39351)	Galarian Zapdos V	swsh6-174	入れる	
S5a-077	ガラル ファイヤーV	SR	Peerless Fighters (TCG)	Peerless Fighters (/070)	Galarian Moltres V	Darkness	aky CG Works	公式details.php(39352)	Galarian Moltres V	swsh6-97 swsh6-176 swsh9-183	入れる	
S5a-078	ガラル ファイヤーV	SR	Peerless Fighters (TCG)	Peerless Fighters (/070)	Galarian Moltres V	Darkness	Shibuzoh.	公式details.php(39353)	Galarian Moltres V	swsh6-177	入れる	
S5a-079	ガラル ヤドキングV	SR	Peerless Fighters (TCG)	Peerless Fighters (/070)	Galarian Slowking V	Darkness	5ban Graphics	公式details.php(39354)	Galarian Slowking V	swsh6-178	入れる	
S5a-080	ガラル ヤドキングV	SR	Peerless Fighters (TCG)	Peerless Fighters (/070)	Galarian Slowking V	Darkness	Tomokazu Komiya	公式details.php(39355)	Galarian Slowking V	swsh6-179	入れる	
S5a-081	カリンの信念	SR	Peerless Fighters (TCG)	Peerless Fighters (/070)	Karen's Conviction	Supporter	Hideki Ishikawa	公式details.php(39356)	Karen's Conviction	swsh6-193 swsh6-216	入れる	
S5a-082	クララ	SR	Peerless Fighters (TCG)	Peerless Fighters (/070)	Klara	Supporter	Naoki Saito	公式details.php(39357)	Klara	swsh6-194 swsh6-217	入れる	
S5a-083	セイボリー	SR	Peerless Fighters (TCG)	Peerless Fighters (/070)	Avery	Supporter	kirisAki	公式details.php(39358)	Avery	swsh6-187 swsh6-211	入れる	
S5a-084	トウキ	SR	Peerless Fighters (TCG)	Peerless Fighters (/070)	Brawly	Supporter	Sanosuke Sakuma	公式details.php(39359)	Brawly	swsh6-188 swsh6-212	入れる	
S5a-085	バシャーモVMAX	HR	Peerless Fighters (TCG)	Peerless Fighters (/070)	Blaziken VMAX	Fire					イラストレーターが分からない（TCGdex・公式とも無し）	
S5a-086	バシャーモVMAX	HR	Peerless Fighters (TCG)	Peerless Fighters (/070)	Blaziken VMAX	Fire					イラストレーターが分からない（TCGdex・公式とも無し）	
S5a-087	パッチラゴンVMAX	HR	Peerless Fighters (TCG)	Peerless Fighters (/070)	Dracozolt VMAX	Lightning					イラストレーターが分からない（TCGdex・公式とも無し）	
S5a-088	ガラルヤドキングVMAX	HR	Peerless Fighters (TCG)	Peerless Fighters (/070)	Galarian Slowking VMAX	Darkness					イラストレーターが分からない（TCGdex・公式とも無し）	
S5a-089	カリンの信念	HR	Peerless Fighters (TCG)	Peerless Fighters (/070)	Karen's Conviction	Supporter					イラストレーターが分からない（TCGdex・公式とも無し）	
S5a-090	クララ	HR	Peerless Fighters (TCG)	Peerless Fighters (/070)	Klara	Supporter					イラストレーターが分からない（TCGdex・公式とも無し）	
S5a-091	セイボリー	HR	Peerless Fighters (TCG)	Peerless Fighters (/070)	Avery	Supporter					イラストレーターが分からない（TCGdex・公式とも無し）	
S5a-092	トウキ	HR	Peerless Fighters (TCG)	Peerless Fighters (/070)	Brawly	Supporter					イラストレーターが分からない（TCGdex・公式とも無し）	
S5a-093	カビゴン	UR	Peerless Fighters (TCG)	Peerless Fighters (/070)	Snorlax	Colorless					イラストレーターが分からない（TCGdex・公式とも無し）	
S5a-094	うねりの扇	UR	Peerless Fighters (TCG)	Peerless Fighters (/070)	Fan of Waves	Item					イラストレーターが分からない（TCGdex・公式とも無し）	
S5a-095	活力の壺	UR	Peerless Fighters (TCG)	Peerless Fighters (/070)	Urn of Vitality	Item					イラストレーターが分からない（TCGdex・公式とも無し）	
S5a-096	基本闘エネルギー	UR	Peerless Fighters (TCG)	Peerless Fighters (/070)	Fighting Energy	Energy					イラストレーターが分からない（TCGdex・公式とも無し）	
S6H-028	はくばバドレックスVMAX	RRR	Chilling Reign (TCG)	Silver Lance (/070)	Ice Rider Calyrex VMAX	Water	5ban Graphics	TCGdex日本語版	Ice Rider Calyrex VMAX	swsh6-46 swsh6-202 swsh10tg-TG29	入れる	
S6H-044	サダイジャVMAX	RRR	Chilling Reign (TCG)	Silver Lance (/070)	Sandaconda VMAX	Fighting	aky CG Works	TCGdex日本語版	Sandaconda VMAX	swsh6-90 swsh6-206	入れる	
S6H-058	トルネロスVMAX	RRR	Chilling Reign (TCG)	Silver Lance (/070)	Tornadus VMAX	Colorless	Mitsuhiro Arita	TCGdex日本語版	Tornadus VMAX	swsh6-125 swsh6-209	入れる	
S6H-071	ボルケニオンV	SR	Chilling Reign (TCG)	Silver Lance (/070)	Volcanion V	Fire	Eske Yoshinob	TCGdex日本語版	Volcanion V	swsh6-162	入れる	
S6H-072	はくばバドレックスV	SR	Chilling Reign (TCG)	Silver Lance (/070)	Ice Rider Calyrex V	Water	5ban Graphics	TCGdex日本語版	Ice Rider Calyrex V	swsh6-163 swshp-SWSH130	入れる	
S6H-073	はくばバドレックスV	SR	Chilling Reign (TCG)	Silver Lance (/070)	Ice Rider Calyrex V	Water	OKACHEKE	TCGdex日本語版	Ice Rider Calyrex V	swsh6-164	入れる	
S6H-074	ガラル ギャロップV	SR	Chilling Reign (TCG)	Silver Lance (/070)	Galarian Rapidash V	Psychic	Saki Hayashiro	TCGdex日本語版	Galarian Rapidash V	swsh6-167 swshp-SWSH111	入れる	
S6H-075	ガラル ギャロップV	SR	Chilling Reign (TCG)	Silver Lance (/070)	Galarian Rapidash V	Psychic	sui	TCGdex日本語版	Galarian Rapidash V	swsh6-168	入れる	
S6H-076	サダイジャV	SR	Chilling Reign (TCG)	Silver Lance (/070)	Sandaconda V	Fighting	PLANETA Tsuji	TCGdex日本語版	Sandaconda V	swsh6-175	入れる	
S6H-077	レパルダスV	SR	Chilling Reign (TCG)	Silver Lance (/070)	Liepard V	Darkness	Ayaka Yoshida	TCGdex日本語版	Liepard V	swsh6-104 swsh6-180	入れる	
S6H-078	トルネロスV	SR	Chilling Reign (TCG)	Silver Lance (/070)	Tornadus V	Colorless	PLANETA Mochizuki	TCGdex日本語版	Tornadus V	swsh6-124 swsh6-184	入れる	
S6H-079	トルネロスV	SR	Chilling Reign (TCG)	Silver Lance (/070)	Tornadus V	Colorless	tetsuya koizumi	TCGdex日本語版	Tornadus V	swsh6-185	入れる	
S6H-080	アスナ	SR	Chilling Reign (TCG)	Silver Lance (/070)	Flannery	Supporter	Ryuta Fuse	TCGdex日本語版	Flannery	swsh6-191 swsh6-215	入れる	
S6H-081	ドクター	SR	Chilling Reign (TCG)	Silver Lance (/070)	Doctor	Supporter	Sanosuke Sakuma	TCGdex日本語版	Doctor	swsh6-190 swsh6-214	入れる	
S6H-082	ピオニー	SR	Chilling Reign (TCG)	Silver Lance (/070)	Peony	Supporter	Hitoshi Ariga	TCGdex日本語版	Peony	swsh6-197 swsh6-220	入れる	
S6H-083	メロン	SR	Chilling Reign (TCG)	Silver Lance (/070)	Melony	Supporter	Taira Akitsu	TCGdex日本語版	Melony	swsh6-195 swsh6-218	入れる	
S6H-084	はくばバドレックスVMAX	HR	Chilling Reign (TCG)	Silver Lance (/070)	Ice Rider Calyrex VMAX	Water	5ban Graphics	TCGdex日本語版	Ice Rider Calyrex VMAX	swsh6-46 swsh6-202 swsh10tg-TG29	入れる	
S6H-085	はくばバドレックスVMAX	HR	Chilling Reign (TCG)	Silver Lance (/070)	Ice Rider Calyrex VMAX	Water	Oswaldo KATO	TCGdex日本語版	Ice Rider Calyrex VMAX	swsh6-203	入れる	
S6H-086	サダイジャVMAX	HR	Chilling Reign (TCG)	Silver Lance (/070)	Sandaconda VMAX	Fighting	aky CG Works	TCGdex日本語版	Sandaconda VMAX	swsh6-90 swsh6-206	入れる	
S6H-087	トルネロスVMAX	HR	Chilling Reign (TCG)	Silver Lance (/070)	Tornadus VMAX	Colorless	Mitsuhiro Arita	TCGdex日本語版	Tornadus VMAX	swsh6-125 swsh6-209	入れる	
S6H-088	アスナ	HR	Chilling Reign (TCG)	Silver Lance (/070)	Flannery	Supporter	Ryta Fuse	TCGdex日本語版	Flannery	swsh6-191 swsh6-215	入れる	イラストレーターの表記ゆれ: Ryta Fuse / Ryuta Fuse
S6H-089	ドクター	HR	Chilling Reign (TCG)	Silver Lance (/070)	Doctor	Supporter	Sonosuke Skauma	TCGdex日本語版			TCGdex 英語版の同じ名前のカードとイラストレーターが違う（英語版: Megumi Mizutani / Sanosuke Sakuma）	
S6H-090	ピオニー	HR	Chilling Reign (TCG)	Silver Lance (/070)	Peony	Supporter	Hitoshi Ariga	TCGdex日本語版	Peony	swsh6-197 swsh6-220	入れる	
S6H-091	メロン	HR	Chilling Reign (TCG)	Silver Lance (/070)	Melony	Supporter	Taira Akitsu	TCGdex日本語版	Melony	swsh6-195 swsh6-218	入れる	
S6H-092	ドータクン	UR	Chilling Reign (TCG)	Silver Lance (/070)	Bronzong	Metal	Eske Yoshinob	TCGdex日本語版	Bronzong	swsh6-223	入れる	
S6H-093	おむかえちょうちん	UR	Chilling Reign (TCG)	Silver Lance (/070)	Welcoming Lantern	Item	Studio Bora Inc.	TCGdex日本語版	Welcoming Lantern	swsh6-156 swsh6-230	入れる	
S6H-094	いかついメット	UR	Chilling Reign (TCG)	Silver Lance (/070)	Rugged Helmet	Item	sadaji	TCGdex日本語版	Rugged Helmet	swsh6-152 swsh6-228	入れる	
S6H-095	基本水エネルギー	UR	Chilling Reign (TCG)	Silver Lance (/070)	Water Energy	Energy					イラストレーターが分からない（TCGdex・公式とも無し）	
S6K-004	セレビィVMAX	RRR	Chilling Reign (TCG)	Jet-Black Spirit (/070)	Celebi VMAX	Grass	PLANETA Tsuji	TCGdex日本語版	Celebi VMAX	swsh6-8 swsh6-199	入れる	
S6K-037	こくばバドレックスVMAX	RRR	Chilling Reign (TCG)	Jet-Black Spirit (/070)	Shadow Rider Calyrex VMAX	Psychic	5ban Graphics	TCGdex日本語版	Shadow Rider Calyrex VMAX	swsh6-75 swsh6-204 swsh10tg-TG30	入れる	
S6K-050	メタグロスVMAX	RRR	Chilling Reign (TCG)	Jet-Black Spirit (/070)	Metagross VMAX	Metal	Ryota Murayama	TCGdex日本語版	Metagross VMAX	swsh6-113 swsh6-208	入れる	
S6K-071	セレビィV	SR	Chilling Reign (TCG)	Jet-Black Spirit (/070)	Celebi V	Grass	PLANETA Tsuji	TCGdex日本語版	Celebi V	swsh6-160	入れる	
S6K-072	ウオチルドンV	SR	Chilling Reign (TCG)	Jet-Black Spirit (/070)	Arctovish V	Water	Eske Yoshinob	TCGdex日本語版			TCGdex 英語版の同じ名前のカードと種類（図鑑番号）が違う	
S6K-073	ゼラオラV	SR	Chilling Reign (TCG)	Jet-Black Spirit (/070)	Zeraora V	Lightning	PLANETA Tsuji	TCGdex日本語版	Zeraora V	swsh6-165	入れる	
S6K-074	ゼラオラV	SR	Chilling Reign (TCG)	Jet-Black Spirit (/070)	Zeraora V	Lightning	Atsushi Furusawa	TCGdex日本語版	Zeraora V	swsh6-166	入れる	
S6K-075	こくばバドレックスV	SR	Chilling Reign (TCG)	Jet-Black Spirit (/070)	Shadow Rider Calyrex V	Psychic	5ban Graphics	TCGdex日本語版	Shadow Rider Calyrex V	swsh6-171 swshp-SWSH131	入れる	
S6K-076	こくばバドレックスV	SR	Chilling Reign (TCG)	Jet-Black Spirit (/070)	Shadow Rider Calyrex V	Psychic	kodama	TCGdex日本語版	Shadow Rider Calyrex V	swsh6-172	入れる	
S6K-077	メタグロスV	SR	Chilling Reign (TCG)	Jet-Black Spirit (/070)	Metagross V	Metal	PLANETA Mochizuki	TCGdex日本語版	Metagross V	swsh6-112 swsh6-181	入れる	
S6K-078	ハピナスV	SR	Chilling Reign (TCG)	Jet-Black Spirit (/070)	Blissey V	Colorless	Saki Hayashiro	TCGdex日本語版	Blissey V	swsh6-119 swsh6-182	入れる	
S6K-079	ハピナスV	SR	Chilling Reign (TCG)	Jet-Black Spirit (/070)	Blissey V	Colorless	Saya Tsuruta	TCGdex日本語版	Blissey V	swsh6-183	入れる	
S6K-080	カトレア	SR	Chilling Reign (TCG)	Jet-Black Spirit (/070)	Caitlin	Supporter	En Morikura	TCGdex日本語版	Caitlin	swsh6-189 swsh6-213	入れる	
S6K-081	キクコ	SR	Chilling Reign (TCG)	Jet-Black Spirit (/070)	Agatha	Supporter	NC Empire	TCGdex日本語版	Agatha	swsh6-186 swsh6-210	入れる	
S6K-082	シャクヤ	SR	Chilling Reign (TCG)	Jet-Black Spirit (/070)	Peonia	Supporter	kirisAki	TCGdex日本語版	Peonia	swsh6-149 swsh6-196 swsh6-219	入れる	
S6K-083	ズミ	SR	Chilling Reign (TCG)	Jet-Black Spirit (/070)	Siebold	Supporter	Hideki Ishikawa	TCGdex日本語版	Siebold	swsh6-198 swsh6-221	入れる	
S6K-084	セレビィVMAX	HR	Chilling Reign (TCG)	Jet-Black Spirit (/070)	Celebi VMAX	Grass					イラストレーターが分からない（TCGdex・公式とも無し）	
S6K-085	こくばバドレックスVMAX	HR	Chilling Reign (TCG)	Jet-Black Spirit (/070)	Shadow Rider Calyrex VMAX	Psychic					イラストレーターが分からない（TCGdex・公式とも無し）	
S6K-086	こくばバドレックスVMAX	HR	Chilling Reign (TCG)	Jet-Black Spirit (/070)	Shadow Rider Calyrex VMAX	Psychic					イラストレーターが分からない（TCGdex・公式とも無し）	
S6K-087	メタグロスVMAX	HR	Chilling Reign (TCG)	Jet-Black Spirit (/070)	Metagross VMAX	Metal					イラストレーターが分からない（TCGdex・公式とも無し）	
S6K-088	カトレア	HR	Chilling Reign (TCG)	Jet-Black Spirit (/070)	Caitlin	Supporter					イラストレーターが分からない（TCGdex・公式とも無し）	
S6K-089	キクコ	HR	Chilling Reign (TCG)	Jet-Black Spirit (/070)	Agatha	Supporter					イラストレーターが分からない（TCGdex・公式とも無し）	
S6K-090	シャクヤ	HR	Chilling Reign (TCG)	Jet-Black Spirit (/070)	Peonia	Supporter					イラストレーターが分からない（TCGdex・公式とも無し）	
S6K-091	ズミ	HR	Chilling Reign (TCG)	Jet-Black Spirit (/070)	Siebold	Supporter					イラストレーターが分からない（TCGdex・公式とも無し）	
S6K-092	マルマイン	UR	Chilling Reign (TCG)	Jet-Black Spirit (/070)	Electrode	Lightning					イラストレーターが分からない（TCGdex・公式とも無し）	
S6K-093	霧の水晶	UR	Chilling Reign (TCG)	Jet-Black Spirit (/070)	Fog Crystal	Item					イラストレーターが分からない（TCGdex・公式とも無し）	
S6K-094	やまびこホーン	UR	Chilling Reign (TCG)	Jet-Black Spirit (/070)	Echoing Horn	Item					イラストレーターが分からない（TCGdex・公式とも無し）	
S6K-095	基本超エネルギー	UR	Chilling Reign (TCG)	Jet-Black Spirit (/070)	Psychic Energy	Energy					イラストレーターが分からない（TCGdex・公式とも無し）	
S6a-003	リーフィアVMAX	RRR	Eevee Heroes (TCG)	Eevee Heroes (/069)	Leafeon VMAX	Grass	PLANETA Tsuji	公式details.php(39587)	Leafeon VMAX	swsh7-8 swsh7-204	入れる	
S6a-025	グレイシアVMAX	RRR	Eevee Heroes (TCG)	Eevee Heroes (/069)	Glaceon VMAX	Water	PLANETA Tsuji	公式details.php(39609)	Glaceon VMAX	swsh7-41 swsh7-208	入れる	
S6a-041	ニンフィアVMAX	RRR	Eevee Heroes (TCG)	Eevee Heroes (/069)	Sylveon VMAX	Psychic	Ryota Murayama	公式details.php(39625)	Sylveon VMAX	swsh7-75 swsh7-211	入れる	
S6a-048	ブラッキーVMAX	RRR	Eevee Heroes (TCG)	Eevee Heroes (/069)	Umbreon VMAX	Darkness	AKIRA EGAWA	公式details.php(39632)	Umbreon VMAX	swsh7-95 swsh7-214	入れる	
S6a-070	リーフィアV	SR	Eevee Heroes (TCG)	Eevee Heroes (/069)	Leafeon V	Grass	5ban Graphics	公式details.php(39882)	Leafeon V	swsh7-7 swsh7-166	入れる	
S6a-071	リーフィアV	SR	Eevee Heroes (TCG)	Eevee Heroes (/069)	Leafeon V	Grass	You Iribi	公式details.php(39883)	Leafeon V	swsh7-167	入れる	
S6a-072	ブースターV	SR	Eevee Heroes (TCG)	Eevee Heroes (/069)	Flareon V	Fire	5ban Graphics	公式details.php(39884)	Flareon V	swsh7-169 swshp-SWSH149	入れる	
S6a-073	ブースターV	SR	Eevee Heroes (TCG)	Eevee Heroes (/069)	Flareon V	Fire	Souichirou Gunjima	公式details.php(39885)			TCGdex 英語版の同じ名前のカードとイラストレーターが違う（英語版: 5ban Graphics / ）	
S6a-074	シャワーズV	SR	Eevee Heroes (TCG)	Eevee Heroes (/069)	Vaporeon V	Water	5ban Graphics	公式details.php(39886)	Vaporeon V	swsh7-172 swshp-SWSH150	入れる	
S6a-075	シャワーズV	SR	Eevee Heroes (TCG)	Eevee Heroes (/069)	Vaporeon V	Water	Tika Matsuno	公式details.php(39887)			TCGdex 英語版の同じ名前のカードとイラストレーターが違う（英語版: 5ban Graphics / ）	
S6a-076	グレイシアV	SR	Eevee Heroes (TCG)	Eevee Heroes (/069)	Glaceon V	Water	5ban Graphics	公式details.php(39888)	Glaceon V	swsh7-40 swsh7-174	入れる	
S6a-077	グレイシアV	SR	Eevee Heroes (TCG)	Eevee Heroes (/069)	Glaceon V	Water	Narumi Sato	公式details.php(39889)	Glaceon V	swsh7-175	入れる	
S6a-078	サンダースV	SR	Eevee Heroes (TCG)	Eevee Heroes (/069)	Jolteon V	Lightning	5ban Graphics	公式details.php(39890)	Jolteon V	swsh7-177 swshp-SWSH151	入れる	
S6a-079	サンダースV	SR	Eevee Heroes (TCG)	Eevee Heroes (/069)	Jolteon V	Lightning	nagimiso	公式details.php(39891)			TCGdex 英語版の同じ名前のカードとイラストレーターが違う（英語版: 5ban Graphics / ）	
S6a-080	エーフィV	SR	Eevee Heroes (TCG)	Eevee Heroes (/069)	Espeon V	Psychic	5ban Graphics	公式details.php(39892)	Espeon V	swsh7-64 swsh7-179	入れる	
S6a-081	エーフィV	SR	Eevee Heroes (TCG)	Eevee Heroes (/069)	Espeon V	Psychic	sowsow	公式details.php(39893)	Espeon V	swsh7-180	入れる	
S6a-082	ニンフィアV	SR	Eevee Heroes (TCG)	Eevee Heroes (/069)	Sylveon V	Psychic	aky CG Works	公式details.php(39894)	Sylveon V	swsh7-74 swsh7-183	入れる	
S6a-083	ニンフィアV	SR	Eevee Heroes (TCG)	Eevee Heroes (/069)	Sylveon V	Psychic	Yuu Nishida	公式details.php(39895)	Sylveon V	swsh7-184	入れる	
S6a-084	ブラッキーV	SR	Eevee Heroes (TCG)	Eevee Heroes (/069)	Umbreon V	Darkness	5ban Graphics	公式details.php(39896)	Umbreon V	swsh7-94 swsh7-188	入れる	
S6a-085	ブラッキーV	SR	Eevee Heroes (TCG)	Eevee Heroes (/069)	Umbreon V	Darkness	Teeziro	公式details.php(39897)	Umbreon V	swsh7-189	入れる	
S6a-086	アロマなおねえさん	SR	Eevee Heroes (TCG)	Eevee Heroes (/069)	Aroma Lady	Supporter	En Morikura	公式details.php(39898)	Aroma Lady	swsh7-199 swsh7-221	入れる	
S6a-087	マクワ	SR	Eevee Heroes (TCG)	Eevee Heroes (/069)	Gordie	Supporter	Hitoshi Ariga	公式details.php(39899)	Gordie	swsh7-201 swsh7-223	入れる	
S6a-088	リーフィアVMAX	HR	Eevee Heroes (TCG)	Eevee Heroes (/069)	Leafeon VMAX	Grass					イラストレーターが分からない（TCGdex・公式とも無し）	
S6a-089	リーフィアVMAX	HR	Eevee Heroes (TCG)	Eevee Heroes (/069)	Leafeon VMAX	Grass					イラストレーターが分からない（TCGdex・公式とも無し）	
S6a-090	グレイシアVMAX	HR	Eevee Heroes (TCG)	Eevee Heroes (/069)	Glaceon VMAX	Water					イラストレーターが分からない（TCGdex・公式とも無し）	
S6a-091	グレイシアVMAX	HR	Eevee Heroes (TCG)	Eevee Heroes (/069)	Glaceon VMAX	Water					イラストレーターが分からない（TCGdex・公式とも無し）	
S6a-092	ニンフィアVMAX	HR	Eevee Heroes (TCG)	Eevee Heroes (/069)	Sylveon VMAX	Psychic					イラストレーターが分からない（TCGdex・公式とも無し）	
S6a-093	ニンフィアVMAX	HR	Eevee Heroes (TCG)	Eevee Heroes (/069)	Sylveon VMAX	Psychic					イラストレーターが分からない（TCGdex・公式とも無し）	
S6a-094	ブラッキーVMAX	HR	Eevee Heroes (TCG)	Eevee Heroes (/069)	Umbreon VMAX	Darkness					イラストレーターが分からない（TCGdex・公式とも無し）	
S6a-095	ブラッキーVMAX	HR	Eevee Heroes (TCG)	Eevee Heroes (/069)	Umbreon VMAX	Darkness					イラストレーターが分からない（TCGdex・公式とも無し）	
S6a-096	アロマなおねえさん	HR	Eevee Heroes (TCG)	Eevee Heroes (/069)	Aroma Lady	Supporter					イラストレーターが分からない（TCGdex・公式とも無し）	
S6a-097	マクワ	HR	Eevee Heroes (TCG)	Eevee Heroes (/069)	Gordie	Supporter					イラストレーターが分からない（TCGdex・公式とも無し）	
S6a-098	インテレオン	UR	Eevee Heroes (TCG)	Eevee Heroes (/069)	Inteleon	Water					イラストレーターが分からない（TCGdex・公式とも無し）	
S6a-099	ぐんぐんシェイク	UR	Eevee Heroes (TCG)	Eevee Heroes (/069)	Boost Shake	Item					イラストレーターが分からない（TCGdex・公式とも無し）	
S6a-100	ターフスタジアム	UR	Eevee Heroes (TCG)	Eevee Heroes (/069)	Turffield Stadium	Stadium					イラストレーターが分からない（TCGdex・公式とも無し）	
S6a-101	基本悪エネルギー	UR	Eevee Heroes (TCG)	Eevee Heroes (/069)	Darkness Energy	Energy					イラストレーターが分からない（TCGdex・公式とも無し）	
S7D-025	ルガルガンVMAX	RRR	Evolving Skies (TCG)	Skyscraping Perfection (/067)	Lycanroc VMAX	Fighting	Mitsuhiro Arita	TCGdex日本語版	Lycanroc VMAX	swsh7-92 swsh7-213	入れる	
S7D-031	ダストダスVMAX	RRR	Evolving Skies (TCG)	Skyscraping Perfection (/067)	Garbodor VMAX	Darkness	5ban Graphics	TCGdex日本語版	Garbodor VMAX	swsh7-101 swsh7-216	入れる	
S7D-049	ジュラルドンVMAX	RRR	Evolving Skies (TCG)	Skyscraping Perfection (/067)	Duraludon VMAX	Dragon	PLANETA Mochizuki	TCGdex日本語版	Duraludon VMAX	swsh12.5-104 swsh7-123 swsh7-219 swsh12tg-TG30	入れる	
S7D-068	スイクンV	SR	Evolving Skies (TCG)	Skyscraping Perfection (/067)	Suicune V	Water	Ayaka Yoshida	TCGdex日本語版	Suicune V	swsh7-31 swsh7-173	入れる	
S7D-069	ゴルーグV	SR	Evolving Skies (TCG)	Skyscraping Perfection (/067)	Golurk V	Psychic	Eske Yoshinob	TCGdex日本語版	Golurk V	swsh7-70 swsh7-181	入れる	
S7D-070	ゴルーグV	SR	Evolving Skies (TCG)	Skyscraping Perfection (/067)	Golurk V	Psychic	Oswaldo KATO	TCGdex日本語版	Golurk V	swsh7-182	入れる	
S7D-071	ルガルガンV	SR	Evolving Skies (TCG)	Skyscraping Perfection (/067)	Lycanroc V	Fighting	PLANETA Tsuji	TCGdex日本語版	Lycanroc V	swsh7-91 swsh7-187	入れる	
S7D-072	ダストダスV	SR	Evolving Skies (TCG)	Skyscraping Perfection (/067)	Garbodor V	Darkness	aky CG Works	TCGdex日本語版	Garbodor V	swsh7-190	入れる	
S7D-073	オンバーンV	SR	Evolving Skies (TCG)	Skyscraping Perfection (/067)	Noivern V	Dragon	Ayaka Yoshida	TCGdex日本語版	Noivern V	swsh7-117 swsh7-195	入れる	
S7D-074	オンバーンV	SR	Evolving Skies (TCG)	Skyscraping Perfection (/067)	Noivern V	Dragon	Mitsuhiro Arita	TCGdex日本語版	Noivern V	swsh7-196	入れる	
S7D-075	ジュラルドンV	SR	Evolving Skies (TCG)	Skyscraping Perfection (/067)	Duraludon V	Dragon	PLANETA Mochizuki	TCGdex日本語版	Duraludon V	swsh12.5-103 swsh7-122 swsh7-197	入れる	
S7D-076	ジュラルドンV	SR	Evolving Skies (TCG)	Skyscraping Perfection (/067)	Duraludon V	Dragon	Naoki Saito	TCGdex日本語版	Duraludon V	swsh7-198	入れる	
S7D-077	キバナ	SR	Evolving Skies (TCG)	Skyscraping Perfection (/067)	Raihan	Supporter	kirisAki	TCGdex日本語版	Raihan	swsh7-202 swsh7-224	入れる	
S7D-078	スクールガール	SR	Evolving Skies (TCG)	Skyscraping Perfection (/067)	Schoolgirl	Supporter	Hideki Ishikawa	TCGdex日本語版	Schoolgirl	swsh8-262 swsh8-277	入れる	
S7D-079	モノマネむすめ	SR	Evolving Skies (TCG)	Skyscraping Perfection (/067)	Copycat	Supporter	Sanosuke Sakuma	TCGdex日本語版	Copycat	swsh7-143 swsh7-200 swsh7-222	入れる	
S7D-080	ルガルガンVMAX	HR	Evolving Skies (TCG)	Skyscraping Perfection (/067)	Lycanroc VMAX	Fighting					イラストレーターが分からない（TCGdex・公式とも無し）	
S7D-081	ダストダスVMAX	HR	Evolving Skies (TCG)	Skyscraping Perfection (/067)	Garbodor VMAX	Darkness					イラストレーターが分からない（TCGdex・公式とも無し）	
S7D-082	ジュラルドンVMAX	HR	Evolving Skies (TCG)	Skyscraping Perfection (/067)	Duraludon VMAX	Dragon					イラストレーターが分からない（TCGdex・公式とも無し）	
S7D-083	ジュラルドンVMAX	HR	Evolving Skies (TCG)	Skyscraping Perfection (/067)	Duraludon VMAX	Dragon					イラストレーターが分からない（TCGdex・公式とも無し）	
S7D-084	キバナ	HR	Evolving Skies (TCG)	Skyscraping Perfection (/067)	Raihan	Supporter					イラストレーターが分からない（TCGdex・公式とも無し）	
S7D-085	スクールガール	HR	Evolving Skies (TCG)	Skyscraping Perfection (/067)	Schoolgirl	Supporter					イラストレーターが分からない（TCGdex・公式とも無し）	
S7D-086	モノマネむすめ	HR	Evolving Skies (TCG)	Skyscraping Perfection (/067)	Copycat	Supporter					イラストレーターが分からない（TCGdex・公式とも無し）	
S7D-087	クレセリア	UR	Evolving Skies (TCG)	Skyscraping Perfection (/067)	Cresselia	Psychic					イラストレーターが分からない（TCGdex・公式とも無し）	
S7D-088	フルフェイスガード	UR	Evolving Skies (TCG)	Skyscraping Perfection (/067)	Full Face Guard	Item					イラストレーターが分からない（TCGdex・公式とも無し）	
S7D-089	結晶の洞窟	UR	Evolving Skies (TCG)	Skyscraping Perfection (/067)	Crystal Cave	Stadium					イラストレーターが分からない（TCGdex・公式とも無し）	
S7D-090	基本鋼エネルギー	UR	Evolving Skies (TCG)	Skyscraping Perfection (/067)	Metal Energy	Energy					イラストレーターが分からない（TCGdex・公式とも無し）	
S7R-008	オーロットVMAX	RRR	Evolving Skies (TCG)	Blue Sky Stream (/067)	Trevenant VMAX	Grass	MUGENUP	公式details.php(39744)	Trevenant VMAX	swsh7-14 swsh7-206	入れる	
S7R-021	ギャラドスVMAX	RRR	Evolving Skies (TCG)	Blue Sky Stream (/067)	Gyarados VMAX	Water	Shin Nagasawa	公式details.php(39757)	Gyarados VMAX	swsh7-29 swsh7-207	入れる	
S7R-047	レックウザVMAX	RRR	Evolving Skies (TCG)	Blue Sky Stream (/067)	Rayquaza VMAX	Dragon	PLANETA Mochizuki	公式details.php(39783)	Rayquaza VMAX	swsh12.5-101 swsh7-111 swsh7-217 swsh12tg-TG29	入れる	
S7R-068	オーロットV	SR	Evolving Skies (TCG)	Blue Sky Stream (/067)	Trevenant V	Grass	MUGENUP	公式details.php(39937)	Trevenant V	swsh7-13 swsh7-168	入れる	
S7R-069	ウルガモスV	SR	Evolving Skies (TCG)	Blue Sky Stream (/067)	Volcarona V	Fire	Eske Yoshinob	公式details.php(39938)	Volcarona V	swsh7-170	入れる	
S7R-070	ギャラドスV	SR	Evolving Skies (TCG)	Blue Sky Stream (/067)	Gyarados V	Water	PLANETA Tsuji	公式details.php(39939)	Gyarados V	swsh7-28 swsh7-171	入れる	
S7R-071	チャーレムV	SR	Evolving Skies (TCG)	Blue Sky Stream (/067)	Medicham V	Fighting	Satoshi Shirai	公式details.php(39940)	Medicham V	swsh7-83 swsh7-185	入れる	
S7R-072	チャーレムV	SR	Evolving Skies (TCG)	Blue Sky Stream (/067)	Medicham V	Fighting	KIYOTAKA OSHIYAMA	公式details.php(39941)	Medicham V	swsh7-186	入れる	
S7R-073	カイリューV	SR	Evolving Skies (TCG)	Blue Sky Stream (/067)	Dragonite V	Dragon	Saki Hayashiro	公式details.php(39942)	Dragonite V	swsh7-191	入れる	
S7R-074	カイリューV	SR	Evolving Skies (TCG)	Blue Sky Stream (/067)	Dragonite V	Dragon	Atsushi Furusawa	公式details.php(39943)	Dragonite V	swsh7-192	入れる	
S7R-075	レックウザV	SR	Evolving Skies (TCG)	Blue Sky Stream (/067)	Rayquaza V	Dragon	PLANETA Mochizuki	公式details.php(39944)	Rayquaza V	swsh12.5-100 swsh7-110 swsh7-193 swshp-SWSH147	入れる	
S7R-076	レックウザV	SR	Evolving Skies (TCG)	Blue Sky Stream (/067)	Rayquaza V	Dragon	Ryuta Fuse	公式details.php(39945)	Rayquaza V	swsh7-194	入れる	
S7R-077	サナ	SR	Evolving Skies (TCG)	Blue Sky Stream (/067)	Shauna	Supporter	Yuu Nishida	公式details.php(39946)	Shauna	swsh8-240 swsh8-263 swsh8-278	入れる	
S7R-078	スクールボーイ	SR	Evolving Skies (TCG)	Blue Sky Stream (/067)	Schoolboy	Supporter	Hideki Ishikawa	公式details.php(39947)	Schoolboy	swsh8-261 swsh8-276	入れる	
S7R-079	ヒガナの決意	SR	Evolving Skies (TCG)	Blue Sky Stream (/067)	Zinnia's Resolve	Supporter	Taira Akitsu	公式details.php(39948)	Zinnia's Resolve	swsh7-164 swsh7-203 swsh7-225	入れる	
S7R-080	オーロットVMAX	HR	Evolving Skies (TCG)	Blue Sky Stream (/067)	Trevenant VMAX	Grass					イラストレーターが分からない（TCGdex・公式とも無し）	
S7R-081	ギャラドスVMAX	HR	Evolving Skies (TCG)	Blue Sky Stream (/067)	Gyarados VMAX	Water					イラストレーターが分からない（TCGdex・公式とも無し）	
S7R-082	レックウザVMAX	HR	Evolving Skies (TCG)	Blue Sky Stream (/067)	Rayquaza VMAX	Dragon					イラストレーターが分からない（TCGdex・公式とも無し）	
S7R-083	レックウザVMAX	HR	Evolving Skies (TCG)	Blue Sky Stream (/067)	Rayquaza VMAX	Dragon					イラストレーターが分からない（TCGdex・公式とも無し）	
S7R-084	サナ	HR	Evolving Skies (TCG)	Blue Sky Stream (/067)	Shauna	Supporter					イラストレーターが分からない（TCGdex・公式とも無し）	
S7R-085	スクールボーイ	HR	Evolving Skies (TCG)	Blue Sky Stream (/067)	Schoolboy	Supporter					イラストレーターが分からない（TCGdex・公式とも無し）	
S7R-086	ヒガナの決意	HR	Evolving Skies (TCG)	Blue Sky Stream (/067)	Zinnia's Resolve	Supporter					イラストレーターが分からない（TCGdex・公式とも無し）	
S7R-087	ユキメノコ	UR	Evolving Skies (TCG)	Blue Sky Stream (/067)	Froslass	Water					イラストレーターが分からない（TCGdex・公式とも無し）	
S7R-088	トイキャッチャー	UR	Evolving Skies (TCG)	Blue Sky Stream (/067)	Toy Catcher	Item					イラストレーターが分からない（TCGdex・公式とも無し）	
S7R-089	嵐の山脈	UR	Evolving Skies (TCG)	Blue Sky Stream (/067)	Stormy Mountains	Stadium					イラストレーターが分からない（TCGdex・公式とも無し）	
S7R-090	基本雷エネルギー	UR	Evolving Skies (TCG)	Blue Sky Stream (/067)	Lightning Energy	Energy					イラストレーターが分からない（TCGdex・公式とも無し）	
S8-015	シャンデラVMAX	RRR	Fusion Strike (TCG)	Fusion Arts (/100)	Chandelure VMAX	Fire	AKIRA EGAWA	TCGdex日本語版	Chandelure VMAX	swsh8-40 swsh8-265	入れる	
S8-035	パルスワンVMAX	RRR	Fusion Strike (TCG)	Fusion Arts (/100)	Boltund VMAX	Lightning	PLANETA Tsuji	TCGdex日本語版	Boltund VMAX	swsh8-104 swsh8-267	入れる	
S8-040	ミュウVMAX	RRR	Fusion Strike (TCG)	Fusion Arts (/100)	Mew VMAX	Psychic	5ban Graphics	TCGdex日本語版	Mew VMAX	30th-c-026 swsh8-114 swsh8-268 swsh11tg-TG30	入れる	
S8-086	ヨクバリスVMAX	RRR	Fusion Strike (TCG)	Fusion Arts (/100)	Greedent VMAX	Colorless	PLANETA Mochizuki	TCGdex日本語版	Greedent VMAX	swsh8-218 swsh8-272	入れる	
S8-101	アマージョV	SR	Fusion Strike (TCG)	Fusion Arts (/100)	Tsareena V	Grass	PLANETA Mochizuki	TCGdex日本語版	Tsareena V	swsh8-21 swsh8-246	入れる	
S8-102	シャンデラV	SR	Fusion Strike (TCG)	Fusion Arts (/100)	Chandelure V	Fire	Saki Hayashiro	TCGdex日本語版	Chandelure V	swsh8-39 swsh8-247	入れる	
S8-103	ケケンカニV	SR	Fusion Strike (TCG)	Fusion Arts (/100)	Crabominable V	Water	MUGENUP	TCGdex日本語版	Crabominable V	swsh8-76 swsh8-248	入れる	
S8-104	パルスワンV	SR	Fusion Strike (TCG)	Fusion Arts (/100)	Boltund V	Lightning	Eske Yoshinob	TCGdex日本語版	Boltund V	swsh8-249	入れる	
S8-105	ミュウV	SR	Fusion Strike (TCG)	Fusion Arts (/100)	Mew V	Psychic	aky CG Works	TCGdex日本語版	Mew V	swsh8-250	入れる	
S8-106	ミュウV	SR	Fusion Strike (TCG)	Fusion Arts (/100)	Mew V	Psychic	Naoki Saito	TCGdex日本語版	Mew V	swsh8-251	入れる	
S8-107	フーパV	SR	Fusion Strike (TCG)	Fusion Arts (/100)	Hoopa V	Darkness	takuyoa	TCGdex日本語版	Hoopa V	swsh8-253	入れる	
S8-108	ゲノセクトV	SR	Fusion Strike (TCG)	Fusion Arts (/100)	Genesect V	Metal	PLANETA Tsuji	TCGdex日本語版	Genesect V	swsh8-185 swsh8-254	入れる	
S8-109	ゲノセクトV	SR	Fusion Strike (TCG)	Fusion Arts (/100)	Genesect V	Metal	Akira Komayama	TCGdex日本語版	Genesect V	swsh8-255	入れる	
S8-110	ヨクバリスV	SR	Fusion Strike (TCG)	Fusion Arts (/100)	Greedent V	Colorless	PLANETA Mochizuki	TCGdex日本語版	Greedent V	swsh8-256	入れる	
S8-111	ヨクバリスV	SR	Fusion Strike (TCG)	Fusion Arts (/100)	Greedent V	Colorless	Saya Tsuruta	TCGdex日本語版	Greedent V	swsh8-257	入れる	
S8-112	カゲツ	SR	Fusion Strike (TCG)	Fusion Arts (/100)	Sidney	Supporter	Hideki Ishikawa	TCGdex日本語版	Sidney	swsh8-241 swsh8-264 swsh8-279	入れる	
S8-113	カミツレのきらめき	SR	Fusion Strike (TCG)	Fusion Arts (/100)	Elesa's Sparkle	Supporter	Ryuta Fuse	TCGdex日本語版	Elesa's Sparkle	swsh8-260 swsh8-275	入れる	
S8-114	ダンサー	SR	Fusion Strike (TCG)	Fusion Arts (/100)	Dancer	Supporter	Yuu Nishida	TCGdex日本語版	Dancer	swsh8-259 swsh8-274	入れる	
S8-115	ポッドとデントとコーン	SR	Fusion Strike (TCG)	Fusion Arts (/100)	Chili & Cilan & Cress	Supporter	Sanosuke Sakuma	TCGdex日本語版	Chili & Cilan & Cress	swsh8-258 swsh8-273	入れる	
S8-116	シャンデラVMAX	HR	Fusion Strike (TCG)	Fusion Arts (/100)	Chandelure VMAX	Fire	AKIRA EGAWA	TCGdex日本語版	Chandelure VMAX	swsh8-40 swsh8-265	入れる	
S8-117	パルスワンVMAX	HR	Fusion Strike (TCG)	Fusion Arts (/100)	Boltund VMAX	Lightning	PLANETA Tsuji	TCGdex日本語版	Boltund VMAX	swsh8-104 swsh8-267	入れる	
S8-118	ミュウVMAX	HR	Fusion Strike (TCG)	Fusion Arts (/100)	Mew VMAX	Psychic	5ban Graphics	TCGdex日本語版	Mew VMAX	30th-c-026 swsh8-114 swsh8-268 swsh11tg-TG30	入れる	
S8-119	ミュウVMAX	HR	Fusion Strike (TCG)	Fusion Arts (/100)	Mew VMAX	Psychic	AKIRA EGAWA	TCGdex日本語版	Mew VMAX	swsh8-269	入れる	
S8-120	ヨクバリスVMAX	HR	Fusion Strike (TCG)	Fusion Arts (/100)	Greedent VMAX	Colorless	PLANETA Mochizuki	TCGdex日本語版	Greedent VMAX	swsh8-218 swsh8-272	入れる	
S8-121	カゲツ	HR	Fusion Strike (TCG)	Fusion Arts (/100)	Sidney	Supporter	Hideki Ishikawa	TCGdex日本語版	Sidney	swsh8-241 swsh8-264 swsh8-279	入れる	
S8-122	カミツレのきらめき	HR	Fusion Strike (TCG)	Fusion Arts (/100)	Elesa's Sparkle	Supporter	Ryuta Fuse	TCGdex日本語版	Elesa's Sparkle	swsh8-260 swsh8-275	入れる	
S8-123	ダンサー	HR	Fusion Strike (TCG)	Fusion Arts (/100)	Dancer	Supporter	Yuu Nishida	TCGdex日本語版	Dancer	swsh8-259 swsh8-274	入れる	
S8-124	ポッドとデントとコーン	HR	Fusion Strike (TCG)	Fusion Arts (/100)	Chili & Cilan & Cress	Supporter	Sanosuke Sakuma	TCGdex日本語版	Chili & Cilan & Cress	swsh8-258 swsh8-273	入れる	
S8-125	モココ	UR	Fusion Strike (TCG)	Fusion Arts (/100)	Flaaffy	Lightning	Studio Bora Inc.	TCGdex日本語版	Flaaffy	swsh8-280	入れる	
S8-126	パワータブレット	UR	Fusion Strike (TCG)	Fusion Arts (/100)	Power Tablet	Item	Toyste Beach	TCGdex日本語版			種類が食い違う（Bulbapedia Item／TCGdex Trainer Stadium）	
S8-127	トレーニングコート	UR	Fusion Strike (TCG)	Fusion Arts (/100)	Training Court	Stadium					イラストレーターが分からない（TCGdex・公式とも無し）	
S8-128	基本草エネルギー	UR	Fusion Strike (TCG)	Fusion Arts (/100)	Grass Energy	Energy					イラストレーターが分からない（TCGdex・公式とも無し）	
S8-129	基本炎エネルギー	UR	Fusion Strike (TCG)	Fusion Arts (/100)	Fire Energy	Energy					イラストレーターが分からない（TCGdex・公式とも無し）	
S8a-022	なみのりピカチュウVMAX	RRR	Celebrations (TCG)	25th Anniversary Collection (/028)	Surfing Pikachu VMAX	Lightning	aky CG Works	公式details.php(40087)	Surfing Pikachu VMAX	cel25-9	入れる	
S8a-024	そらをとぶピカチュウVMAX	RRR	Celebrations (TCG)	25th Anniversary Collection (/028)	Flying Pikachu VMAX	Lightning	aky CG Works	公式details.php(40089)	Flying Pikachu VMAX	cel25-7	入れる	
S8a-025	ピカチュウV-UNION	RRR	Celebrations (TCG)	25th Anniversary Collection (/028)	Pikachu V-UNION	Lightning	5ban Graphics	公式details.php(40090)			TCGdex 英語版の同じ名前のカードとイラストレーターが違う（英語版: ）	
S8a-026	ピカチュウV-UNION	RRR	Celebrations (TCG)	25th Anniversary Collection (/028)	Pikachu V-UNION	Lightning	5ban Graphics	公式details.php(40090)			TCGdex 英語版の同じ名前のカードとイラストレーターが違う（英語版: ）	
S8a-027	ピカチュウV-UNION	RRR	Celebrations (TCG)	25th Anniversary Collection (/028)	Pikachu V-UNION	Lightning	5ban Graphics	公式details.php(40090)			TCGdex 英語版の同じ名前のカードとイラストレーターが違う（英語版: ）	
S8a-028	ピカチュウV-UNION	RRR	Celebrations (TCG)	25th Anniversary Collection (/028)	Pikachu V-UNION	Lightning	5ban Graphics	公式details.php(40090)			TCGdex 英語版の同じ名前のカードとイラストレーターが違う（英語版: ）	
S8a-029	博士の研究	SR	Celebrations (TCG)	25th Anniversary Collection (/028)	Professor's Research	Supporter	Ken Sugimori	公式details.php(40144)			TCGdex 英語版の同じ名前のカードとイラストレーターが違う（英語版: Yusuke Kozaki / Taira Akitsu / kirisAki / Hideki Ishikawa / Teeziro / Sanosuke Sakuma / ）	
S8a-030	ミュウ	UR	Celebrations (TCG)	25th Anniversary Collection (/028)	Mew	Psychic					イラストレーターが分からない（TCGdex・公式とも無し）	
S8b-011	イオルブVMAX	RRR	VMAX Climax (TCG)	VMAX Climax (/184)	Orbeetle VMAX	Grass	5ban Graphics	TCGdex日本語版	Orbeetle VMAX	swsh4-21 swsh4-186	入れる	
S8b-020	バシャーモVMAX	RRR	VMAX Climax (TCG)	VMAX Climax (/184)	Blaziken VMAX	Fire	AKIRA EGAWA	TCGdex日本語版	Blaziken VMAX	swsh6-21 swsh6-200	入れる	
S8b-023	マルヤクデVMAX	RRR	VMAX Climax (TCG)	VMAX Climax (/184)	Centiskorch VMAX	Fire	5ban Graphics	TCGdex日本語版	Centiskorch VMAX	swsh3-34 swsh3-191 swsh4.5sv-SV109	入れる	
S8b-044	はくばバドレックスVMAX	RRR	VMAX Climax (TCG)	VMAX Climax (/184)	Ice Rider Calyrex VMAX	Water	5ban Graphics	TCGdex日本語版	Ice Rider Calyrex VMAX	swsh6-46 swsh6-202 swsh10tg-TG29	入れる	
S8b-046	ピカチュウVMAX	RRR	VMAX Climax (TCG)	VMAX Climax (/184)	Pikachu VMAX	Lightning	aky CG Works	TCGdex日本語版	Pikachu VMAX	swsh4-44 swsh4-188 swsh11tg-TG29	入れる	
S8b-056	モルペコV-UNION	RRR	VMAX Climax (TCG)	VMAX Climax (/184)	Morpeko V-UNION	Lightning	Mitsuhiro Arita	TCGdex日本語版			TCGdex 英語版の同じ名前のカードとイラストレーターが違う（英語版:  / Yuu Nishida）	
S8b-057	モルペコV-UNION	RRR	VMAX Climax (TCG)	VMAX Climax (/184)	Morpeko V-UNION	Lightning	Mitsuhiro Arita	TCGdex日本語版			TCGdex 英語版の同じ名前のカードとイラストレーターが違う（英語版:  / Yuu Nishida）	
S8b-058	モルペコV-UNION	RRR	VMAX Climax (TCG)	VMAX Climax (/184)	Morpeko V-UNION	Lightning	Mitsuhiro Arita	TCGdex日本語版			TCGdex 英語版の同じ名前のカードとイラストレーターが違う（英語版:  / Yuu Nishida）	
S8b-059	モルペコV-UNION	RRR	VMAX Climax (TCG)	VMAX Climax (/184)	Morpeko V-UNION	Lightning	Mitsuhiro Arita	TCGdex日本語版			TCGdex 英語版の同じ名前のカードとイラストレーターが違う（英語版:  / Yuu Nishida）	
S8b-075	ニンフィアVMAX	RRR	VMAX Climax (TCG)	VMAX Climax (/184)	Sylveon VMAX	Psychic	Ryota Murayama	TCGdex日本語版	Sylveon VMAX	swsh7-75 swsh7-211	入れる	
S8b-077	ミミッキュVMAX	RRR	VMAX Climax (TCG)	VMAX Climax (/184)	Mimikyu VMAX	Psychic	Studio Bora Inc.	TCGdex日本語版	Mimikyu VMAX	swsh9-069	入れる	
S8b-083	こくばバドレックスVMAX	RRR	VMAX Climax (TCG)	VMAX Climax (/184)	Shadow Rider Calyrex VMAX	Psychic	5ban Graphics	TCGdex日本語版	Shadow Rider Calyrex VMAX	swsh6-75 swsh6-204 swsh10tg-TG30	入れる	
S8b-093	いちげきウーラオスVMAX	RRR	VMAX Climax (TCG)	VMAX Climax (/184)	Single Strike Urshifu VMAX	Fighting	PLANETA Tsuji	TCGdex日本語版	Single Strike Urshifu VMAX	swsh5-86 swsh5-167 swsh9tg-TG29	入れる	
S8b-095	れんげきウーラオスVMAX	RRR	VMAX Climax (TCG)	VMAX Climax (/184)	Rapid Strike Urshifu VMAX	Fighting	PLANETA Tsuji	TCGdex日本語版	Rapid Strike Urshifu VMAX	swsh5-88 swsh5-169 swsh9tg-TG30	入れる	
S8b-101	ブラッキーVMAX	RRR	VMAX Climax (TCG)	VMAX Climax (/184)	Umbreon VMAX	Darkness	AKIRA EGAWA	TCGdex日本語版	Umbreon VMAX	swsh7-95 swsh7-214	入れる	
S8b-110	ムゲンダイナVMAX	RRR	VMAX Climax (TCG)	VMAX Climax (/184)	Eternatus VMAX	Darkness	5ban Graphics	TCGdex日本語版	Eternatus VMAX	swsh3-117 swsh3-192 swsh4.5sv-SV122 swshp-SWSH045	入れる	
S8b-116	アーマーガアVMAX	RRR	VMAX Climax (TCG)	VMAX Climax (/184)	Corviknight VMAX	Metal	PLANETA Mochizuki	TCGdex日本語版	Corviknight VMAX	swsh5-110 swsh5-171	入れる	
S8b-120	レックウザVMAX	RRR	VMAX Climax (TCG)	VMAX Climax (/184)	Rayquaza VMAX	Dragon	PLANETA Mochizuki	TCGdex日本語版	Rayquaza VMAX	swsh12.5-101 swsh7-111 swsh7-217 swsh12tg-TG29	入れる	
S8b-123	ジュラルドンVMAX	RRR	VMAX Climax (TCG)	VMAX Climax (/184)	Duraludon VMAX	Dragon	PLANETA Mochizuki	TCGdex日本語版	Duraludon VMAX	swsh12.5-104 swsh7-123 swsh7-219 swsh12tg-TG30	入れる	
S8b-185	ユキノオー	CHR	VMAX Climax (TCG)	VMAX Climax (/184)	Abomasnow	Grass	Mitsuhiro Arita	TCGdex日本語版	Abomasnow	dp7-12 swsh10tg-TG01	入れる	
S8b-186	アップリュー	CHR	VMAX Climax (TCG)	VMAX Climax (/184)	Flapple	Grass	Misaki Hashimoto	TCGdex日本語版	Flapple	swsh10tg-TG02	入れる	
S8b-187	リザードン	CHR	VMAX Climax (TCG)	VMAX Climax (/184)	Charizard	Fire	GIDORA	TCGdex日本語版	Charizard	swsh11tg-TG03	入れる	
S8b-188	ブースター	CHR	VMAX Climax (TCG)	VMAX Climax (/184)	Flareon	Fire	You Iribi	TCGdex日本語版	Flareon	swshp-SWSH041 swsh9tg-TG01	入れる	
S8b-189	シャワーズ	CHR	VMAX Climax (TCG)	VMAX Climax (/184)	Vaporeon	Water	Jiro Sasumo	TCGdex日本語版	Vaporeon	swsh9tg-TG02	入れる	
S8b-190	キングドラ	CHR	VMAX Climax (TCG)	VMAX Climax (/184)	Kingdra	Water	Taira Akitsu	TCGdex日本語版	Kingdra	swsh10tg-TG03	入れる	
S8b-191	オクタン	CHR	VMAX Climax (TCG)	VMAX Climax (/184)	Octillery	Water	Shinya Komatsu	TCGdex日本語版	Octillery	swsh9tg-TG03	入れる	
S8b-192	モスノウ	CHR	VMAX Climax (TCG)	VMAX Climax (/184)	Frosmoth	Water	aoki	TCGdex日本語版	Frosmoth	swsh10tg-TG04	入れる	
S8b-193	サンダース	CHR	VMAX Climax (TCG)	VMAX Climax (/184)	Jolteon	Lightning	DOM	TCGdex日本語版	Jolteon	swsh9tg-TG04	入れる	
S8b-194	モココ	CHR	VMAX Climax (TCG)	VMAX Climax (/184)	Flaaffy	Lightning	saino misaki	TCGdex日本語版	Flaaffy	swsh12tg-TG03	入れる	
S8b-195	ゼクロム	CHR	VMAX Climax (TCG)	VMAX Climax (/184)	Zekrom	Lightning	AKIRA EGAWA	TCGdex日本語版	Zekrom	swsh9tg-TG05	入れる	
S8b-196	サーナイト	CHR	VMAX Climax (TCG)	VMAX Climax (/184)	Gardevoir	Psychic	Sanosuke Sakuma	TCGdex日本語版	Gardevoir	swsh10tg-TG05	入れる	
S8b-197	ジュペッタ	CHR	VMAX Climax (TCG)	VMAX Climax (/184)	Banette	Psychic	Tomomi Kaneko	TCGdex日本語版	Banette	swsh11tg-TG07	入れる	
S8b-198	ヨノワール	CHR	VMAX Climax (TCG)	VMAX Climax (/184)	Dusknoir	Psychic	Megumi Higuchi	TCGdex日本語版	Dusknoir	swsh9tg-TG06	入れる	
S8b-199	カラマネロ	CHR	VMAX Climax (TCG)	VMAX Climax (/184)	Malamar	Psychic	Fumie Kittaka	TCGdex日本語版	Malamar	swsh12tg-TG06	入れる	
S8b-200	デデンネ	CHR	VMAX Climax (TCG)	VMAX Climax (/184)	Dedenne	Psychic	kurumitsu	TCGdex日本語版	Dedenne	swsh9tg-TG07	入れる	
S8b-201	マホイップ	CHR	VMAX Climax (TCG)	VMAX Climax (/184)	Alcremie	Psychic	OKACHEKE	TCGdex日本語版	Alcremie	swsh9tg-TG08	入れる	
S8b-202	イワンコ	CHR	VMAX Climax (TCG)	VMAX Climax (/184)	Rockruff	Fighting	Hideki Ishikawa	TCGdex日本語版	Rockruff	smp-SM120 swsh12tg-TG07	入れる	
S8b-203	ナゲツケサル	CHR	VMAX Climax (TCG)	VMAX Climax (/184)	Passimian	Fighting	nagimiso	TCGdex日本語版	Passimian	swsh12tg-TG08	入れる	
S8b-204	タイレーツ	CHR	VMAX Climax (TCG)	VMAX Climax (/184)	Falinks	Fighting	Kinu Nishimura	TCGdex日本語版	Falinks	swsh10tg-TG07	入れる	
S8b-205	アリアドス	CHR	VMAX Climax (TCG)	VMAX Climax (/184)	Ariados	Darkness	Shiburingaru	TCGdex日本語版	Ariados	swsh9tg-TG09	入れる	
S8b-206	ヘルガー	CHR	VMAX Climax (TCG)	VMAX Climax (/184)	Houndoom	Darkness	NC Empire	TCGdex日本語版	Houndoom	swsh9tg-TG10	入れる	
S8b-207	ガラル タチフサグマ	CHR	VMAX Climax (TCG)	VMAX Climax (/184)	Galarian Obstagoon	Darkness	GOSSAN	TCGdex日本語版	Galarian Obstagoon	swsh10tg-TG10	入れる	
S8b-208	ドータクン	CHR	VMAX Climax (TCG)	VMAX Climax (/184)	Bronzong	Metal	Hataya	TCGdex日本語版	Bronzong	swsh10tg-TG11	入れる	
S8b-209	クリムガン	CHR	VMAX Climax (TCG)	VMAX Climax (/184)	Druddigon	Dragon	Teeziro	TCGdex日本語版	Druddigon	swsh12tg-TG09	入れる	
S8b-210	イーブイ	CHR	VMAX Climax (TCG)	VMAX Climax (/184)	Eevee	Colorless	Souichirou Gunjima	TCGdex日本語版	Eevee	swshp-SWSH127 swsh9tg-TG11	入れる	
S8b-211	ポワルン	CHR	VMAX Climax (TCG)	VMAX Climax (/184)	Castform	Colorless	Atsushi Furusawa	TCGdex日本語版	Castform	swsh11tg-TG11	入れる	
S8b-212	ヤレユータン	CHR	VMAX Climax (TCG)	VMAX Climax (/184)	Oranguru	Colorless	Akira Komayama	TCGdex日本語版	Oranguru	sma-SV44 swsh9tg-TG12	入れる	
S8b-213	コロトックV	CSR	VMAX Climax (TCG)	VMAX Climax (/184)	Kricketune V	Grass	HYOGONOSUKE	TCGdex日本語版	Kricketune V	swsh12tg-TG12	入れる	
S8b-214	イオルブV	CSR	VMAX Climax (TCG)	VMAX Climax (/184)	Orbeetle V	Grass	Nisota Niso	TCGdex日本語版	Orbeetle V	swsh11tg-TG12	入れる	
S8b-215	イオルブVMAX	CSR	VMAX Climax (TCG)	VMAX Climax (/184)	Orbeetle VMAX	Grass	Teeziro	TCGdex日本語版	Orbeetle VMAX	swsh11tg-TG13	入れる	
S8b-216	バシャーモV	CSR	VMAX Climax (TCG)	VMAX Climax (/184)	Blaziken V	Fire	nagimiso	TCGdex日本語版	Blaziken V	swsh12tg-TG14	入れる	
S8b-217	バシャーモVMAX	CSR	VMAX Climax (TCG)	VMAX Climax (/184)	Blaziken VMAX	Fire	KIYOTAKA OSHIYAMA	TCGdex日本語版	Blaziken VMAX	swsh12tg-TG15	入れる	
S8b-218	マルヤクデV	CSR	VMAX Climax (TCG)	VMAX Climax (/184)	Centiskorch V	Fire	Yuya Oka	TCGdex日本語版	Centiskorch V	swsh11tg-TG14	入れる	
S8b-219	マルヤクデVMAX	CSR	VMAX Climax (TCG)	VMAX Climax (/184)	Centiskorch VMAX	Fire	Oswaldo KATO	TCGdex日本語版	Centiskorch VMAX	swsh11tg-TG15	入れる	
S8b-220	はくばバドレックスV	CSR	VMAX Climax (TCG)	VMAX Climax (/184)	Ice Rider Calyrex V	Water	Mitsuhiro Arita	TCGdex日本語版	Ice Rider Calyrex V	swsh10tg-TG14	入れる	
S8b-221	はくばバドレックスVMAX	CSR	VMAX Climax (TCG)	VMAX Climax (/184)	Ice Rider Calyrex VMAX	Water	Hitoshi Ariga	TCGdex日本語版	Ice Rider Calyrex VMAX	swsh10tg-TG15	入れる	
S8b-222	ピカチュウV	CSR	VMAX Climax (TCG)	VMAX Climax (/184)	Pikachu V	Lightning	Ryota Murayama	TCGdex日本語版	Pikachu V	swshp-SWSH063 swsh11tg-TG16	入れる	
S8b-223	ピカチュウVMAX	CSR	VMAX Climax (TCG)	VMAX Climax (/184)	Pikachu VMAX	Lightning	Souichirou Gunjima	TCGdex日本語版	Pikachu VMAX	swsh11tg-TG17	入れる	
S8b-224	ゼラオラV	CSR	VMAX Climax (TCG)	VMAX Climax (/184)	Zeraora V	Lightning	yuu	TCGdex日本語版	Zeraora V	swsh12tg-TG16	入れる	
S8b-225	パルスワンV	CSR	VMAX Climax (TCG)	VMAX Climax (/184)	Boltund V	Lightning	GIDORA	TCGdex日本語版	Boltund V	swsh9tg-TG13	入れる	
S8b-226	モルペコV-UNION	CSR	VMAX Climax (TCG)	VMAX Climax (/184)	Morpeko V-UNION	Lightning	Yuu Nishida	TCGdex日本語版	Morpeko V-UNION	swshp-SWSH287 swshp-SWSH288 swshp-SWSH289 swshp-SWSH290	入れる	
S8b-227	モルペコV-UNION	CSR	VMAX Climax (TCG)	VMAX Climax (/184)	Morpeko V-UNION	Lightning	Yuu Nishida	TCGdex日本語版	Morpeko V-UNION	swshp-SWSH287 swshp-SWSH288 swshp-SWSH289 swshp-SWSH290	入れる	
S8b-228	モルペコV-UNION	CSR	VMAX Climax (TCG)	VMAX Climax (/184)	Morpeko V-UNION	Lightning	Yuu Nishida	TCGdex日本語版	Morpeko V-UNION	swshp-SWSH287 swshp-SWSH288 swshp-SWSH289 swshp-SWSH290	入れる	
S8b-229	モルペコV-UNION	CSR	VMAX Climax (TCG)	VMAX Climax (/184)	Morpeko V-UNION	Lightning	Yuu Nishida	TCGdex日本語版	Morpeko V-UNION	swshp-SWSH287 swshp-SWSH288 swshp-SWSH289 swshp-SWSH290	入れる	
S8b-230	ガラル フリーザーV	CSR	VMAX Climax (TCG)	VMAX Climax (/184)	Galarian Articuno V	Psychic	Kouki Saitou	TCGdex日本語版	Galarian Articuno V	swsh10tg-TG16	入れる	
S8b-231	ニンフィアV	CSR	VMAX Climax (TCG)	VMAX Climax (/184)	Sylveon V	Psychic	Megumi Mizutani	TCGdex日本語版	Sylveon V	swsh9tg-TG14	入れる	
S8b-232	ニンフィアVMAX	CSR	VMAX Climax (TCG)	VMAX Climax (/184)	Sylveon VMAX	Psychic	sui	TCGdex日本語版	Sylveon VMAX	swsh9tg-TG15	入れる	
S8b-233	ミミッキュV	CSR	VMAX Climax (TCG)	VMAX Climax (/184)	Mimikyu V	Psychic	saino misaki	TCGdex日本語版	Mimikyu V	swsh9tg-TG16	入れる	
S8b-234	ミミッキュVMAX	CSR	VMAX Climax (TCG)	VMAX Climax (/184)	Mimikyu VMAX	Psychic	Naoki Saito	TCGdex日本語版	Mimikyu VMAX	swsh9tg-TG17	入れる	
S8b-235	こくばバドレックスV	CSR	VMAX Climax (TCG)	VMAX Climax (/184)	Shadow Rider Calyrex V	Psychic	Oswaldo KATO	TCGdex日本語版	Shadow Rider Calyrex V	swsh10tg-TG17	入れる	
S8b-236	こくばバドレックスVMAX	CSR	VMAX Climax (TCG)	VMAX Climax (/184)	Shadow Rider Calyrex VMAX	Psychic	chibi	TCGdex日本語版	Shadow Rider Calyrex VMAX	swsh10tg-TG18	入れる	
S8b-237	ガラル サンダーV	CSR	VMAX Climax (TCG)	VMAX Climax (/184)	Galarian Zapdos V	Fighting	kirisAki	TCGdex日本語版	Galarian Zapdos V	swsh10tg-TG19	入れる	
S8b-238	いちげきウーラオスV	CSR	VMAX Climax (TCG)	VMAX Climax (/184)	Single Strike Urshifu V	Fighting	Yuu Nishida	TCGdex日本語版	Single Strike Urshifu V	swsh9tg-TG18	入れる	
S8b-239	いちげきウーラオスVMAX	CSR	VMAX Climax (TCG)	VMAX Climax (/184)	Single Strike Urshifu VMAX	Fighting	kodama	TCGdex日本語版	Single Strike Urshifu VMAX	swsh9tg-TG19	入れる	
S8b-240	れんげきウーラオスV	CSR	VMAX Climax (TCG)	VMAX Climax (/184)	Rapid Strike Urshifu V	Fighting	takuyoa	TCGdex日本語版	Rapid Strike Urshifu V	swsh9tg-TG20	入れる	
S8b-241	れんげきウーラオスVMAX	CSR	VMAX Climax (TCG)	VMAX Climax (/184)	Rapid Strike Urshifu VMAX	Fighting	Scav	TCGdex日本語版	Rapid Strike Urshifu VMAX	swsh9tg-TG21	入れる	
S8b-242	ガラル ファイヤーV	CSR	VMAX Climax (TCG)	VMAX Climax (/184)	Galarian Moltres V	Darkness	Jiro Sasumo	TCGdex日本語版	Galarian Moltres V	swsh10tg-TG20	入れる	
S8b-243	クロバットV	CSR	VMAX Climax (TCG)	VMAX Climax (/184)	Crobat V	Darkness	GOSSAN	TCGdex日本語版	Crobat V	swsh11tg-TG20	入れる	
S8b-244	ブラッキーV	CSR	VMAX Climax (TCG)	VMAX Climax (/184)	Umbreon V	Darkness	Ligton	TCGdex日本語版	Umbreon V	swsh9tg-TG22	入れる	
S8b-245	ブラッキーVMAX	CSR	VMAX Climax (TCG)	VMAX Climax (/184)	Umbreon VMAX	Darkness	kawayoo	TCGdex日本語版	Umbreon VMAX	swsh9tg-TG23	入れる	
S8b-246	ムゲンダイナV	CSR	VMAX Climax (TCG)	VMAX Climax (/184)	Eternatus V	Darkness	kodama	TCGdex日本語版	Eternatus V	swsh11tg-TG21	入れる	
S8b-247	ムゲンダイナVMAX	CSR	VMAX Climax (TCG)	VMAX Climax (/184)	Eternatus VMAX	Darkness	Mitsuhiro Arita	TCGdex日本語版	Eternatus VMAX	swsh11tg-TG22	入れる	
S8b-248	アーマーガアV	CSR	VMAX Climax (TCG)	VMAX Climax (/184)	Corviknight V	Metal	KIYOTAKA OSHIYAMA	TCGdex日本語版	Corviknight V	swsh12tg-TG18	入れる	
S8b-249	アーマーガアVMAX	CSR	VMAX Climax (TCG)	VMAX Climax (/184)	Corviknight VMAX	Metal	Shigenori Negishi	TCGdex日本語版	Corviknight VMAX	swsh12tg-TG19	入れる	
S8b-250	ザシアンV	CSR	VMAX Climax (TCG)	VMAX Climax (/184)	Zacian V	Metal	aoki	TCGdex日本語版	Zacian V	swsh10tg-TG21	入れる	
S8b-251	ザマゼンタV	CSR	VMAX Climax (TCG)	VMAX Climax (/184)	Zamazenta V	Metal	Ryuta Fuse	TCGdex日本語版	Zamazenta V	swsh10tg-TG22	入れる	
S8b-252	レックウザVMAX	CSR	VMAX Climax (TCG)	VMAX Climax (/184)	Rayquaza VMAX	Dragon	Hideki Ishikawa	TCGdex日本語版	Rayquaza VMAX	swsh12tg-TG20	入れる	
S8b-253	ジュラルドンVMAX	CSR	VMAX Climax (TCG)	VMAX Climax (/184)	Duraludon VMAX	Dragon	AKIRA EGAWA	TCGdex日本語版	Duraludon VMAX	swsh12tg-TG21	入れる	
S8b-254	ハピナスV	CSR	VMAX Climax (TCG)	VMAX Climax (/184)	Blissey V	Colorless	You Iribi	TCGdex日本語版	Blissey V	swsh12tg-TG22	入れる	
S8b-255	アセロラの予感	SR	VMAX Climax (TCG)	VMAX Climax (/184)	Acerola's Premonition	Supporter	yuu	TCGdex日本語版	Acerola's Premonition	swsh9tg-TG24	入れる	
S8b-256	オニオン	SR	VMAX Climax (TCG)	VMAX Climax (/184)	Allister	Supporter	Jiro Sasumo	TCGdex日本語版	Allister	swsh10tg-TG24	入れる	
S8b-257	カブ	SR	VMAX Climax (TCG)	VMAX Climax (/184)	Kabu	Supporter	Hideki Ishikawa	TCGdex日本語版	Kabu	swsh11tg-TG26	入れる	
S8b-258	ガラルの仲間たち	SR	VMAX Climax (TCG)	VMAX Climax (/184)	Friends in Galar	Supporter	Sanosuke Sakuma	TCGdex日本語版	Friends in Galar	swsh12tg-TG23	入れる	
S8b-259	キバナ	SR	VMAX Climax (TCG)	VMAX Climax (/184)	Raihan	Supporter	take	TCGdex日本語版	Raihan	swsh7-152 swsh12tg-TG27	入れる	
S8b-260	コック	SR	VMAX Climax (TCG)	VMAX Climax (/184)	Cook	Supporter	Sanosuke Sakuma	TCGdex日本語版	Cook	swsh8-228 swsh11tg-TG25	入れる	
S8b-261	サイトウ	SR	VMAX Climax (TCG)	VMAX Climax (/184)	Bea	Supporter	Souichirou Gunjima	TCGdex日本語版	Bea	swsh10tg-TG25	入れる	
S8b-262	ジャッジマン	SR	VMAX Climax (TCG)	VMAX Climax (/184)	Judge	Supporter	Ryuta Fuse	TCGdex日本語版	Judge	swsh8-235 swsh12tg-TG25	入れる	
S8b-263	ソッドとシルディ	SR	VMAX Climax (TCG)	VMAX Climax (/184)	Sordward & Shielbert	Supporter	nagimiso	TCGdex日本語版	Sordward & Shielbert	swsh12tg-TG28	入れる	
S8b-264	ネズ	SR	VMAX Climax (TCG)	VMAX Climax (/184)	Piers	Supporter	GOSSAN	TCGdex日本語版	Piers	swsh10tg-TG28	入れる	
S8b-265	バーネット博士	SR	VMAX Climax (TCG)	VMAX Climax (/184)	Professor Burnet	Supporter	kirisAki	TCGdex日本語版	Professor Burnet	swsh12tg-TG26	入れる	
S8b-266	博士の研究	SR	VMAX Climax (TCG)	VMAX Climax (/184)	Professor's Research	Supporter	Yuu Nishida	TCGdex日本語版			TCGdex 英語版の同じ名前のカードとイラストレーターが違う（英語版: Yusuke Kozaki / Taira Akitsu / kirisAki / Hideki Ishikawa / Teeziro / Sanosuke Sakuma / ）	
S8b-267	冒険家の発見	SR	VMAX Climax (TCG)	VMAX Climax (/184)	Adventurer’s Discovery	Supporter	Taira Akitsu	TCGdex日本語版	Adventurer's Discovery	swsh8-224 swsh11tg-TG23	入れる	
S8b-268	ボスの指令	SR	VMAX Climax (TCG)	VMAX Climax (/184)	Boss's Orders	Supporter	NC Empire	TCGdex日本語版	Boss's Orders	me01-114 sv02-172 swsh11tg-TG24	入れる	
S8b-269	ポプラ	SR	VMAX Climax (TCG)	VMAX Climax (/184)	Opal	Supporter	Taira Akitsu	TCGdex日本語版	Opal	swsh11tg-TG28	入れる	
S8b-270	マクワ	SR	VMAX Climax (TCG)	VMAX Climax (/184)	Gordie	Supporter	Ryuta Fuse	TCGdex日本語版	Gordie	swsh12tg-TG24	入れる	
S8b-271	マスター	SR	VMAX Climax (TCG)	VMAX Climax (/184)	Café Master	Supporter	Sanosuke Sakuma	TCGdex日本語版	Café Master	swsh9tg-TG25	入れる	
S8b-272	マスタード いちげきのかた	SR	VMAX Climax (TCG)	VMAX Climax (/184)	Single Strike Style Mustard	Supporter	Souichirou Gunjima	TCGdex日本語版	Single Strike Style Mustard	swsh9tg-TG28	入れる	
S8b-273	マスタード れんげきのかた	SR	VMAX Climax (TCG)	VMAX Climax (/184)	Rapid Strike Style Mustard	Supporter	KIYOTAKA OSHIYAMA	TCGdex日本語版	Rapid Strike Style Mustard	swsh9tg-TG27	入れる	
S8b-274	メロン	SR	VMAX Climax (TCG)	VMAX Climax (/184)	Melony	Supporter	nagimiso	TCGdex日本語版	Melony	swsh10tg-TG26	入れる	
S8b-275	ヤロー	SR	VMAX Climax (TCG)	VMAX Climax (/184)	Milo	Supporter	Sanosuke Sakuma	TCGdex日本語版	Milo	swsh10tg-TG27	入れる	
S8b-276	ユウリ	SR	VMAX Climax (TCG)	VMAX Climax (/184)	Gloria	Supporter	Naoki Saito	TCGdex日本語版	Gloria	swsh9tg-TG26	入れる	
S8b-277	ルリナ	SR	VMAX Climax (TCG)	VMAX Climax (/184)	Nessa	Supporter	saino misaki	TCGdex日本語版	Nessa	swsh11tg-TG27	入れる	
S8b-278	はくばバドレックスVMAX	UR	VMAX Climax (TCG)	VMAX Climax (/184)	Ice Rider Calyrex VMAX	Water	5ban Graphics	TCGdex日本語版	Ice Rider Calyrex VMAX	swsh6-46 swsh6-202 swsh10tg-TG29	入れる	
S8b-279	ピカチュウVMAX	UR	VMAX Climax (TCG)	VMAX Climax (/184)	Pikachu VMAX	Lightning	aky CG Works	TCGdex日本語版	Pikachu VMAX	swsh4-44 swsh4-188 swsh11tg-TG29	入れる	
S8b-280	ミュウVMAX	UR	VMAX Climax (TCG)	VMAX Climax (/184)	Mew VMAX	Psychic	5ban Graphics	TCGdex日本語版	Mew VMAX	30th-c-026 swsh8-114 swsh8-268 swsh11tg-TG30	入れる	
S8b-281	こくばバドレックスVMAX	UR	VMAX Climax (TCG)	VMAX Climax (/184)	Shadow Rider Calyrex VMAX	Psychic	5ban Graphics	TCGdex日本語版	Shadow Rider Calyrex VMAX	swsh6-75 swsh6-204 swsh10tg-TG30	入れる	
S8b-282	いちげきウーラオスVMAX	UR	VMAX Climax (TCG)	VMAX Climax (/184)	Single Strike Urshifu VMAX	Fighting	PLANETA Tsuji	TCGdex日本語版	Single Strike Urshifu VMAX	swsh5-86 swsh5-167 swsh9tg-TG29	入れる	
S8b-283	れんげきウーラオスVMAX	UR	VMAX Climax (TCG)	VMAX Climax (/184)	Rapid Strike Urshifu VMAX	Fighting	PLANETA Tsuji	TCGdex日本語版	Rapid Strike Urshifu VMAX	swsh5-88 swsh5-169 swsh9tg-TG30	入れる	
S8b-284	レックウザVMAX	UR	VMAX Climax (TCG)	VMAX Climax (/184)	Rayquaza VMAX	Dragon	PLANETA Mochizuki	TCGdex日本語版	Rayquaza VMAX	swsh12.5-101 swsh7-111 swsh7-217 swsh12tg-TG29	入れる	
S8b-285	ジュラルドンVMAX	UR	VMAX Climax (TCG)	VMAX Climax (/184)	Duraludon VMAX	Dragon	PLANETA Mochizuki	TCGdex日本語版	Duraludon VMAX	swsh12.5-104 swsh7-123 swsh7-219 swsh12tg-TG30	入れる	
S9-013	シェイミVSTAR	RRR	Brilliant Stars (TCG)	Star Birth (/100)	Shaymin VSTAR	Grass	5ban Graphics	TCGdex日本語版	Shaymin VSTAR	swsh9-014 swsh9-173	入れる	
S9-015	リザードンVSTAR	RRR	Brilliant Stars (TCG)	Star Birth (/100)	Charizard VSTAR	Fire	5ban Graphics	TCGdex日本語版	Charizard VSTAR	swsh9-018 swsh12.5-019 swsh9-174	入れる	
S9-050	エルフーンVSTAR	RRR	Brilliant Stars (TCG)	Star Birth (/100)	Whimsicott VSTAR	Psychic	5ban Graphics	TCGdex日本語版	Whimsicott VSTAR	swsh9-065 swsh9-175	入れる	
S9-084	アルセウスVSTAR	RRR	Brilliant Stars (TCG)	Star Birth (/100)	Arceus VSTAR	Colorless	5ban Graphics	TCGdex日本語版	Arceus VSTAR	30th-c-027 swsh9-123 swsh9-176 swsh9-184 swshp-SWSH307	入れる	
S9-101	シェイミV	SR	Brilliant Stars (TCG)	Star Birth (/100)	Shaymin V	Grass	Eske Yoshinob	TCGdex日本語版	Shaymin V	swsh9-152	入れる	
S9-102	リザードンV	SR	Brilliant Stars (TCG)	Star Birth (/100)	Charizard V	Fire	N-DESIGN Inc.	TCGdex日本語版	Charizard V	swsh9-017 swsh12.5-018 swsh9-153	入れる	
S9-103	リザードンV	SR	Brilliant Stars (TCG)	Star Birth (/100)	Charizard V	Fire	Ryota Murayama	TCGdex日本語版	Charizard V	swsh9-154	入れる	
S9-104	ネオラントV	SR	Brilliant Stars (TCG)	Star Birth (/100)	Lumineon V	Water	takuyoa	TCGdex日本語版	Lumineon V	swsh9-040 swsh9-155	入れる	
S9-105	ネオラントV	SR	Brilliant Stars (TCG)	Star Birth (/100)	Lumineon V	Water	Ligton	TCGdex日本語版	Lumineon V	swsh9-156	入れる	
S9-106	ライチュウV	SR	Brilliant Stars (TCG)	Star Birth (/100)	Raichu V	Lightning	MUGENUP	TCGdex日本語版	Raichu V	swsh9-045 swsh9-158	入れる	
S9-107	エルフーンV	SR	Brilliant Stars (TCG)	Star Birth (/100)	Whimsicott V	Psychic	Saki Hayashiro	TCGdex日本語版	Whimsicott V	swsh9-064 swsh9-160	入れる	
S9-108	ドンカラスV	SR	Brilliant Stars (TCG)	Star Birth (/100)	Honchkrow V	Darkness	PLANETA Mochizuki	TCGdex日本語版	Honchkrow V	swsh9-088 swsh9-161	入れる	
S9-109	ドンカラスV	SR	Brilliant Stars (TCG)	Star Birth (/100)	Honchkrow V	Darkness	zig	TCGdex日本語版	Honchkrow V	swsh9-162	入れる	
S9-110	フライゴンV	SR	Brilliant Stars (TCG)	Star Birth (/100)	Flygon V	Dragon	PLANETA Mochizuki	TCGdex日本語版	Flygon V	swsh9-106 swsh9-164	入れる	
S9-111	アルセウスV	SR	Brilliant Stars (TCG)	Star Birth (/100)	Arceus V	Colorless	N-DESIGN Inc.	TCGdex日本語版	Arceus V	swsh9-122 swsh9-165	入れる	
S9-112	アルセウスV	SR	Brilliant Stars (TCG)	Star Birth (/100)	Arceus V	Colorless	kawayoo	TCGdex日本語版	Arceus V	swsh9-166	入れる	
S9-113	キャンプファイヤー	SR	Brilliant Stars (TCG)	Star Birth (/100)	Kindler	Supporter	Hitoshi Ariga	TCGdex日本語版	Kindler	swsh9-143 swsh9-170 swsh9-179	入れる	
S9-114	シロナの覇気	SR	Brilliant Stars (TCG)	Star Birth (/100)	Cynthia's Ambition	Supporter	Megumi Mizutani	TCGdex日本語版	Cynthia's Ambition	swsh9-138 swsh9-169 swsh9-178	入れる	
S9-115	チェレンの気くばり	SR	Brilliant Stars (TCG)	Star Birth (/100)	Cheren's Care	Supporter	Ryuta Fuse	TCGdex日本語版	Cheren's Care	swsh9-168 swsh9-177	入れる	
S9-116	ハマナのバックアップ	SR	Brilliant Stars (TCG)	Star Birth (/100)	Roseanne's Backup	Supporter	kirisAki	TCGdex日本語版	Roseanne's Backup	swsh9-172 swsh9-180	入れる	
S9-117	シェイミVSTAR	HR	Brilliant Stars (TCG)	Star Birth (/100)	Shaymin VSTAR	Grass	5ban Graphics	TCGdex日本語版	Shaymin VSTAR	swsh9-014 swsh9-173	入れる	
S9-118	リザードンVSTAR	HR	Brilliant Stars (TCG)	Star Birth (/100)	Charizard VSTAR	Fire	5ban Graphics	TCGdex日本語版	Charizard VSTAR	swsh9-018 swsh12.5-019 swsh9-174	入れる	
S9-119	エルフーンVSTAR	HR	Brilliant Stars (TCG)	Star Birth (/100)	Whimsicott VSTAR	Psychic	5ban Graphics	TCGdex日本語版	Whimsicott VSTAR	swsh9-065 swsh9-175	入れる	
S9-120	アルセウスVSTAR	HR	Brilliant Stars (TCG)	Star Birth (/100)	Arceus VSTAR	Colorless	5ban Graphics	TCGdex日本語版	Arceus VSTAR	30th-c-027 swsh9-123 swsh9-176 swsh9-184 swshp-SWSH307	入れる	
S9-121	キャンプファイヤー	HR	Brilliant Stars (TCG)	Star Birth (/100)	Kindler	Supporter	Hitoshi Ariga	TCGdex日本語版	Kindler	swsh9-143 swsh9-170 swsh9-179	入れる	
S9-122	シロナの覇気	HR	Brilliant Stars (TCG)	Star Birth (/100)	Cynthia's Ambition	Supporter	Megumi Mizutani	TCGdex日本語版	Cynthia's Ambition	swsh9-138 swsh9-169 swsh9-178	入れる	
S9-123	チェレンの気くばり	HR	Brilliant Stars (TCG)	Star Birth (/100)	Cheren's Care	Supporter	Ryuta Fuse	TCGdex日本語版	Cheren's Care	swsh9-168 swsh9-177	入れる	
S9-124	ハマナのバックアップ	HR	Brilliant Stars (TCG)	Star Birth (/100)	Roseanne's Backup	Supporter	kirisAki	TCGdex日本語版	Roseanne's Backup	swsh9-172 swsh9-180	入れる	
S9-125	アルセウスVSTAR	UR	Brilliant Stars (TCG)	Star Birth (/100)	Arceus VSTAR	Colorless	5ban Graphics	TCGdex日本語版	Arceus VSTAR	30th-c-027 swsh9-123 swsh9-176 swsh9-184 swshp-SWSH307	入れる	
S9-126	ハイパーボール	UR	Brilliant Stars (TCG)	Star Birth (/100)	Ultra Ball	Item	sadaji	TCGdex日本語版	Ultra Ball	swsh9-150 swsh9-186	入れる	
S9-127	マグマの滝壺	UR	Brilliant Stars (TCG)	Star Birth (/100)	Magma Basin	Stadium	ORBITALLINK Inc.	TCGdex日本語版	Magma Basin	swsh9-144 swsh9-185	入れる	
S9a-029	ヒスイ バクフーンVSTAR	RRR	Battle Region (TCG)	Battle Region (/067)	Hisuian Typhlosion VSTAR	Psychic	5ban Graphics	TCGdex日本語版	Hisuian Typhlosion VSTAR	swsh10-054 swsh10-193	入れる	
S9a-045	ヒスイ ジュナイパーVSTAR	RRR	Battle Region (TCG)	Battle Region (/067)	Hisuian Decidueye VSTAR	Fighting	5ban Graphics	TCGdex日本語版	Hisuian Decidueye VSTAR	swsh10-084 swsh10-195	入れる	
S9a-053	ヒスイ ダイケンキVSTAR	RRR	Battle Region (TCG)	Battle Region (/067)	Hisuian Samurott VSTAR	Darkness	5ban Graphics	TCGdex日本語版	Hisuian Samurott VSTAR	swsh10-102 swsh10-197 swsh10-209	入れる	
S9a-074	ビリジオンV	SR	Battle Region (TCG)	Battle Region (/067)	Virizion V	Grass	Saki Hayashiro	TCGdex日本語版	Virizion V	swsh10-164	入れる	
S9a-075	スターミーV	SR	Battle Region (TCG)	Battle Region (/067)	Starmie V	Water	Eske Yoshinob	TCGdex日本語版	Starmie V	swsh10-030 swsh10-166	入れる	
S9a-076	ヒスイ バクフーンV	SR	Battle Region (TCG)	Battle Region (/067)	Hisuian Typhlosion V	Psychic	5ban Graphics	TCGdex日本語版	Hisuian Typhlosion V	swsh10-169	入れる	
S9a-077	ヒスイ ジュナイパーV	SR	Battle Region (TCG)	Battle Region (/067)	Hisuian Decidueye V	Fighting	5ban Graphics	TCGdex日本語版	Hisuian Decidueye V	swsh10-173	入れる	
S9a-078	ヒスイ ダイケンキV	SR	Battle Region (TCG)	Battle Region (/067)	Hisuian Samurott V	Darkness	5ban Graphics	TCGdex日本語版	Hisuian Samurott V	swsh10-176	入れる	
S9a-079	ガブリアスV	SR	Battle Region (TCG)	Battle Region (/067)	Garchomp V	Dragon	N-DESIGN Inc.	TCGdex日本語版	Garchomp V	swsh10-117 swsh10-178	入れる	
S9a-080	シマボシ	SR	Battle Region (TCG)	Battle Region (/067)	Cyllene	Supporter	nagimiso	TCGdex日本語版	Cyllene	swsh10-138 swsh10-183 swsh10-201	入れる	
S9a-081	ツツジ	SR	Battle Region (TCG)	Battle Region (/067)	Roxanne	Supporter	Sanosuke Sakuma	TCGdex日本語版	Roxanne	swsh10-188 swsh10-206	入れる	
S9a-082	デンボク	SR	Battle Region (TCG)	Battle Region (/067)	Kamado	Supporter	Hitoshi Ariga	TCGdex日本語版	Kamado	swsh10-149 swsh10-187 swsh10-205	入れる	
S9a-083	スターミーV	CSR	Battle Region (TCG)	Battle Region (/067)	Starmie V	Water	Akira Komayama	TCGdex日本語版	Starmie V	swsh10tg-TG13	入れる	
S9a-084	ガブリアスV	CSR	Battle Region (TCG)	Battle Region (/067)	Garchomp V	Dragon	Taira Akitsu	TCGdex日本語版	Garchomp V	swsh10tg-TG23	入れる	
S9a-085	ヒスイ バクフーンVSTAR	HR	Battle Region (TCG)	Battle Region (/067)	Hisuian Typhlosion VSTAR	Psychic	5ban Graphics	TCGdex日本語版	Hisuian Typhlosion VSTAR	swsh10-054 swsh10-193	入れる	
S9a-086	ヒスイ ジュナイパーVSTAR	HR	Battle Region (TCG)	Battle Region (/067)	Hisuian Decidueye VSTAR	Fighting	5ban Graphics	TCGdex日本語版	Hisuian Decidueye VSTAR	swsh10-084 swsh10-195	入れる	
S9a-087	ヒスイ ダイケンキVSTAR	HR	Battle Region (TCG)	Battle Region (/067)	Hisuian Samurott VSTAR	Darkness	5ban Graphics	TCGdex日本語版	Hisuian Samurott VSTAR	swsh10-102 swsh10-197 swsh10-209	入れる	
S9a-088	シマボシ	HR	Battle Region (TCG)	Battle Region (/067)	Cyllene	Supporter	nagimiso	TCGdex日本語版	Cyllene	swsh10-138 swsh10-183 swsh10-201	入れる	
S9a-089	ツツジ	HR	Battle Region (TCG)	Battle Region (/067)	Roxanne	Supporter	Sanosuke Sakuma	TCGdex日本語版	Roxanne	swsh10-188 swsh10-206	入れる	
S9a-090	デンボク	HR	Battle Region (TCG)	Battle Region (/067)	Kamado	Supporter	Hitoshi Ariga	TCGdex日本語版	Kamado	swsh10-149 swsh10-187 swsh10-205	入れる	
S9a-091	ヒスイ ダイケンキVSTAR	UR	Battle Region (TCG)	Battle Region (/067)	Hisuian Samurott VSTAR	Darkness	5ban Graphics	TCGdex日本語版	Hisuian Samurott VSTAR	swsh10-102 swsh10-197 swsh10-209	入れる	
S9a-092	こだわりベルト	UR	Battle Region (TCG)	Battle Region (/067)	Choice Belt	Item	Studio Bora Inc.	TCGdex日本語版	Choice Belt	swsh9-135 sv02-176 swsh10-211	入れる	
S9a-093	コトブキムラ	UR	Battle Region (TCG)	Battle Region (/067)	Jubilife Village	Stadium	Oswaldo KATO	TCGdex日本語版	Jubilife Village	swsh10-148 swsh10-212	入れる	
SI-415	ピカチュウV		Start Deck 100 (TCG)	Start Deck 100 (/414)	Pikachu V	Lightning	5ban Graphics	公式details.php(41011)	Pikachu V	swsh8-86 swsh9-157	入れる	
SI-416	グランブルV		Start Deck 100 (TCG)	Start Deck 100 (/414)	Granbull V	Psychic					イラストレーターが分からない（TCGdex・公式とも無し）	
SI-417	ザマゼンタV		Start Deck 100 (TCG)	Start Deck 100 (/414)	Zamazenta V	Metal	Ayaka Yoshida	公式details.php(41013)	Zamazenta V	swsh9-163	入れる	
SI-418	ジュン		Start Deck 100 (TCG)	Start Deck 100 (/414)	Barry	Supporter	Yuu Nishida	公式details.php(41014)	Barry	swsh9-167	入れる	
SI-419	マリィのプライド		Start Deck 100 (TCG)	Start Deck 100 (/414)	Marnie's Pride	Supporter	Souichirou Gunjima	公式details.php(41015)	Marnie's Pride	swsh9-171	入れる	
SJ-029	ザシアンV		Zacian & Zamazenta vs Eternatus Special Deck Set (TCG)	Special Deck Set (/028)	Zacian V	Metal	5ban Graphics	公式details.php(40142)	Zacian V	30th-c-028 swsh1-138 swsh1-195 swsh1-211 swshp-SWSH018 swshp-SWSH076 swshp-SWSH292	入れる	
SJ-030	ザマゼンタV		Zacian & Zamazenta vs Eternatus Special Deck Set (TCG)	Special Deck Set (/028)	Zamazenta V	Metal	aky CG Works	公式details.php(40143)	Zamazenta V	swsh1-139 swsh1-196 swsh1-212 swshp-SWSH019 swshp-SWSH077 swshp-SWSH293	入れる	
SV10-099	ロケット団のワナイダー	AR	Glory of the Rocket Gang (TCG)	Glory of the Rocket Gang (/098)	Team Rocket's Spidops	Grass	NC Empire	TCGdex日本語版	Team Rocket's Spidops	sv10-187	入れる	
SV10-100	ロケット団のヘルガー	AR	Glory of the Rocket Gang (TCG)	Glory of the Rocket Gang (/098)	Team Rocket's Houndoom	Fire	nagimiso	TCGdex日本語版	Team Rocket's Houndoom	sv10-191	入れる	
SV10-101	バシャーモ	AR	Glory of the Rocket Gang (TCG)	Glory of the Rocket Gang (/098)	Blaziken	Fire	kodama	TCGdex日本語版	Blaziken	sv10-192	入れる	
SV10-102	パールル	AR	Glory of the Rocket Gang (TCG)	Glory of the Rocket Gang (/098)	Clamperl	Water	Mori Yuu	TCGdex日本語版	Clamperl	sv10-195	入れる	
SV10-103	ロケット団のソーナンス	AR	Glory of the Rocket Gang (TCG)	Glory of the Rocket Gang (/098)	Team Rocket's Wobbuffet	Psychic	Saboteri	TCGdex日本語版	Team Rocket's Wobbuffet	svp-203	入れる	
SV10-104	ロケット団のイオルブ	AR	Glory of the Rocket Gang (TCG)	Glory of the Rocket Gang (/098)	Team Rocket's Orbeetle	Psychic	HYOGONOSUKE	TCGdex日本語版	Team Rocket's Orbeetle	sv10-198	入れる	
SV10-105	ロケット団のマタドガス	AR	Glory of the Rocket Gang (TCG)	Glory of the Rocket Gang (/098)	Team Rocket's Weezing	Darkness	Yukihiro Tada	TCGdex日本語版	Team Rocket's Weezing	sv10-199	入れる	
SV10-106	ロケット団のヤミカラス	AR	Glory of the Rocket Gang (TCG)	Glory of the Rocket Gang (/098)	Team Rocket's Murkrow	Darkness	Akira Komayama	TCGdex日本語版	Team Rocket's Murkrow	sv10-200	入れる	
SV10-107	ザマゼンタ	AR	Glory of the Rocket Gang (TCG)	Glory of the Rocket Gang (/098)	Zamazenta	Metal	Takumi Wada	TCGdex日本語版	Zamazenta	sv10-201	入れる	
SV10-108	ロケット団のラッタ	AR	Glory of the Rocket Gang (TCG)	Glory of the Rocket Gang (/098)	Team Rocket's Raticate	Colorless	Mékayu	TCGdex日本語版	Team Rocket's Raticate	sv10-202	入れる	
SV10-109	ロケット団のニャース	AR	Glory of the Rocket Gang (TCG)	Glory of the Rocket Gang (/098)	Team Rocket's Meowth	Colorless	Shimaris Yukichi	TCGdex日本語版	Team Rocket's Meowth	sv10-203	入れる	
SV10-110	ガルーラ	AR	Glory of the Rocket Gang (TCG)	Glory of the Rocket Gang (/098)	Kangaskhan	Colorless	Mékayu	TCGdex日本語版	Kangaskhan	sv10-204	入れる	
SV10-111	オリーヴァex	SR	Glory of the Rocket Gang (TCG)	Glory of the Rocket Gang (/098)	Arboliva ex	Grass	PLANETA Tsuji	TCGdex日本語版	Arboliva ex	sv10-023 sv10-207	入れる	
SV10-112	ロケット団のファイヤーex	SR	Glory of the Rocket Gang (TCG)	Glory of the Rocket Gang (/098)	Team Rocket's Moltres ex	Fire	5ban Graphics	TCGdex日本語版	Team Rocket's Moltres ex	sv10-031 sv10-208	入れる	
SV10-113	ハルクジラex	SR	Glory of the Rocket Gang (TCG)	Glory of the Rocket Gang (/098)	Cetitan ex	Water	PLANETA Tsuji	TCGdex日本語版	Cetitan ex	sv10-210	入れる	
SV10-114	ロケット団のミュウツーex	SR	Glory of the Rocket Gang (TCG)	Glory of the Rocket Gang (/098)	Team Rocket's Mewtwo ex	Psychic	aky CG Works	TCGdex日本語版	Team Rocket's Mewtwo ex	me02.5-079 sv10-081 svp-205 sv10-213 svp-216 sv10-240	入れる	
SV10-115	レジロックex	SR	Glory of the Rocket Gang (TCG)	Glory of the Rocket Gang (/098)	Regirock ex	Fighting	PLANETA Mochizuki	TCGdex日本語版	Regirock ex	sv10-214	入れる	
SV10-116	ロケット団のニドキングex	SR	Glory of the Rocket Gang (TCG)	Glory of the Rocket Gang (/098)	Team Rocket's Nidoking ex	Darkness	5ban Graphics	TCGdex日本語版	Team Rocket's Nidoking ex	sv10-119 sv10-216 svp-217	入れる	
SV10-117	ロケット団のクロバットex	SR	Glory of the Rocket Gang (TCG)	Glory of the Rocket Gang (/098)	Team Rocket's Crobat ex	Darkness	5ban Graphics	TCGdex日本語版	Team Rocket's Crobat ex	sv10-122 sv10-217 sv10-242	入れる	
SV10-118	ロケット団のペルシアンex	SR	Glory of the Rocket Gang (TCG)	Glory of the Rocket Gang (/098)	Team Rocket's Persian ex	Colorless	5ban Graphics	TCGdex日本語版	Team Rocket's Persian ex	sv10-150 svp-218 sv10-219	入れる	
SV10-119	ロケット団のアテナ	SR	Glory of the Rocket Gang (TCG)	Glory of the Rocket Gang (/098)	Team Rocket's Ariana	Supporter	hncl	TCGdex日本語版	Team Rocket's Ariana	sv10-171 me02.5-202 sv10-224	入れる	
SV10-120	ロケット団のアポロ	SR	Glory of the Rocket Gang (TCG)	Glory of the Rocket Gang (/098)	Team Rocket's Archer	Supporter	Hideki Ishikawa	TCGdex日本語版	Team Rocket's Archer	sv10-170 me02.5-201 sv10-223	入れる	
SV10-121	ロケット団のサカキ	SR	Glory of the Rocket Gang (TCG)	Glory of the Rocket Gang (/098)	Team Rocket's Giovanni	Supporter	akagi	TCGdex日本語版	Team Rocket's Giovanni	sv10-174 sv10-225	入れる	
SV10-122	ロケット団のラムダ	SR	Glory of the Rocket Gang (TCG)	Glory of the Rocket Gang (/098)	Team Rocket's Petrel	Supporter	GOSSAN	TCGdex日本語版	Team Rocket's Petrel	sv10-176 me02.5-207 sv10-226	入れる	
SV10-123	ロケット団のランス	SR	Glory of the Rocket Gang (TCG)	Glory of the Rocket Gang (/098)	Team Rocket's Proton	Supporter	Naoki Saito	TCGdex日本語版	Team Rocket's Proton	sv10-177 me02.5-208 sv10-227	入れる	
SV10-124	ロケット団のファイヤーex	SAR	Glory of the Rocket Gang (TCG)	Glory of the Rocket Gang (/098)	Team Rocket's Moltres ex	Fire	AKIRA EGAWA	TCGdex日本語版	Team Rocket's Moltres ex	sv10-229	入れる	
SV10-125	ロケット団のミュウツーex	SAR	Glory of the Rocket Gang (TCG)	Glory of the Rocket Gang (/098)	Team Rocket's Mewtwo ex	Psychic	Iwamoto05	TCGdex日本語版	Team Rocket's Mewtwo ex	sv10-231	入れる	
SV10-126	ロケット団のニドキングex	SAR	Glory of the Rocket Gang (TCG)	Glory of the Rocket Gang (/098)	Team Rocket's Nidoking ex	Darkness	Uninori	TCGdex日本語版	Team Rocket's Nidoking ex	sv10-233	入れる	
SV10-127	ロケット団のクロバットex	SAR	Glory of the Rocket Gang (TCG)	Glory of the Rocket Gang (/098)	Team Rocket's Crobat ex	Darkness	cochi8i	TCGdex日本語版	Team Rocket's Crobat ex	sv10-234	入れる	
SV10-128	ロケット団のアテナ	SAR	Glory of the Rocket Gang (TCG)	Glory of the Rocket Gang (/098)	Team Rocket's Ariana	Supporter	Yoshioka	TCGdex日本語版	Team Rocket's Ariana	sv10-237	入れる	
SV10-129	ロケット団のサカキ	SAR	Glory of the Rocket Gang (TCG)	Glory of the Rocket Gang (/098)	Team Rocket's Giovanni	Supporter	Krgc	TCGdex日本語版	Team Rocket's Giovanni	sv10-238	入れる	
SV10-130	ロケット団のミュウツーex	UR	Glory of the Rocket Gang (TCG)	Glory of the Rocket Gang (/098)	Team Rocket's Mewtwo ex	Psychic	aky CG Works	TCGdex日本語版	Team Rocket's Mewtwo ex	me02.5-079 sv10-081 svp-205 sv10-213 svp-216 sv10-240	入れる	
SV10-131	ロケット団のクロバットex	UR	Glory of the Rocket Gang (TCG)	Glory of the Rocket Gang (/098)	Team Rocket's Crobat ex	Darkness	5ban Graphics	TCGdex日本語版	Team Rocket's Crobat ex	sv10-122 sv10-217 sv10-242	入れる	
SV10-132	ジャミングタワー	UR	Glory of the Rocket Gang (TCG)	Glory of the Rocket Gang (/098)	Jamming Tower	Stadium	AYUMI ODASHIMA	TCGdex日本語版	Jamming Tower	sv06-153 sv10-243 me02.5-261	入れる	
SV11B-165	Nの筋書き	SR	Black Bolt/White Flare (TCG)	Black Bolt (/086)	N's Plan	Supporter	hncl	TCGdex日本語版	N's Plan	sv10.5b-083 sv10.5b-163	入れる	
SV11B-166	マコモ	SR	Black Bolt/White Flare (TCG)	Black Bolt (/086)	Fennel	Supporter	Yuu Nishida	TCGdex日本語版	Fennel	sv10.5b-082 sv10.5b-162	入れる	
SV11B-173	Nの筋書き	SAR	Black Bolt/White Flare (TCG)	Black Bolt (/086)	N's Plan	Supporter	REND	TCGdex日本語版	N's Plan	sv10.5b-170	入れる	
SV11W-165	クラウン	SR	Black Bolt/White Flare (TCG)	White Flare (/086)	Harlequin	Supporter	Teeziro	TCGdex日本語版	Harlequin	sv10.5w-083 sv10.5w-163	入れる	
SV11W-166	トウコ	SR	Black Bolt/White Flare (TCG)	White Flare (/086)	Hilda	Supporter	yuu	TCGdex日本語版	Hilda	sv10.5w-084 sv10.5w-164	入れる	
SV11W-173	トウコ	SAR	Black Bolt/White Flare (TCG)	White Flare (/086)	Hilda	Supporter	Naoki Saito	TCGdex日本語版	Hilda	sv10.5w-171	入れる	
SV1S-091	ギャラドスex	SR	Scarlet & Violet (TCG)	Scarlet ex (/078)	Gyarados ex	Water	5ban Graphics	TCGdex日本語版	Gyarados ex	sv01-045 sv01-225	入れる	
SV1S-092	サーナイトex	SR	Scarlet & Violet (TCG)	Scarlet ex (/078)	Gardevoir ex	Psychic	N-DESIGN Inc.	TCGdex日本語版	Gardevoir ex	sv04.5-029 sv01-086 sv04.5-217 sv01-228	入れる	
SV1S-093	イダイナキバex	SR	Scarlet & Violet (TCG)	Scarlet ex (/078)	Great Tusk ex	Fighting	5ban Graphics	TCGdex日本語版	Great Tusk ex	svp-072 sv01-123 sv01-230	入れる	
SV1S-094	コライドンex	SR	Scarlet & Violet (TCG)	Scarlet ex (/078)	Koraidon ex	Fighting	aky CG Works	TCGdex日本語版	Koraidon ex	svp-029 me02.5-121 sv03-124 sv01-125 sv01-231 sv04.5-245 sv01-254	入れる	
SV1S-095	ドクロッグex	SR	Scarlet & Violet (TCG)	Scarlet ex (/078)	Toxicroak ex	Darkness	PLANETA Hiiragi	TCGdex日本語版	Toxicroak ex	sv01-232	入れる	
SV1S-096	パフュートンex	SR	Scarlet & Violet (TCG)	Scarlet ex (/078)	Oinkologne ex	Colorless	aky CG Works	TCGdex日本語版	Oinkologne ex	sv01-158 sv01-234	入れる	
SV1S-097	ジニア	SR	Scarlet & Violet (TCG)	Scarlet ex (/078)	Jacq	Supporter	GIDORA	TCGdex日本語版	Jacq	sv01-175 sv01-236	入れる	
SV1S-098	スター団のしたっぱ	SR	Scarlet & Violet (TCG)	Scarlet ex (/078)	Team Star Grunt	Supporter	nagimiso	TCGdex日本語版	Team Star Grunt	sv03-195 sv01-195 sv01-242	入れる	
SV1S-099	博士の研究（オーリム博士）	SR	Scarlet & Violet (TCG)	Scarlet ex (/078)	Professor's Research	Supporter	kirisAki	TCGdex日本語版	Professor's Research	sv04.5-087 sv04.5-088 sv01-189 sv01-190 sv01-240 sv01-241	入れる	
SV1S-100	ボタン	SR	Scarlet & Violet (TCG)	Scarlet ex (/078)	Penny	Supporter	yuu	TCGdex日本語版	Penny	sv01-183 sv01-239	入れる	
SV1S-101	サーナイトex	SAR	Scarlet & Violet (TCG)	Scarlet ex (/078)	Gardevoir ex	Psychic	Jiro Sasumo	TCGdex日本語版	Gardevoir ex	sv01-245	入れる	
SV1S-102	イダイナキバex	SAR	Scarlet & Violet (TCG)	Scarlet ex (/078)	Great Tusk ex	Fighting	Pani Kobayashi	TCGdex日本語版	Great Tusk ex	sv01-246	入れる	
SV1S-103	コライドンex	SAR	Scarlet & Violet (TCG)	Scarlet ex (/078)	Koraidon ex	Fighting	Ryota Murayama	TCGdex日本語版	Koraidon ex	sv01-247	入れる	
SV1S-104	ジニア	SAR	Scarlet & Violet (TCG)	Scarlet ex (/078)	Jacq	Supporter	Oswaldo KATO	TCGdex日本語版	Jacq	sv01-250	入れる	
SV1S-105	ボタン	SAR	Scarlet & Violet (TCG)	Scarlet ex (/078)	Penny	Supporter	OKACHEKE	TCGdex日本語版	Penny	sv01-252	入れる	
SV1S-106	コライドンex	UR	Scarlet & Violet (TCG)	Scarlet ex (/078)	Koraidon ex	Fighting	aky CG Works	TCGdex日本語版	Koraidon ex	svp-029 me02.5-121 sv03-124 sv01-125 sv01-231 sv04.5-245 sv01-254	入れる	
SV1S-107	ネストボール	UR	Scarlet & Violet (TCG)	Scarlet ex (/078)	Nest Ball	Item	Toyste Beach	TCGdex日本語版	Nest Ball	sv04.5-084 sm1-123 sm1-158 sv01-181 sv01-255	入れる	
SV1S-108	基本闘エネルギー	UR	Scarlet & Violet (TCG)	Scarlet ex (/078)	Basic Fighting Energy	Energy					イラストレーターが分からない（TCGdex・公式とも無し）	
SV1V-091	ワナイダーex	SR	Scarlet & Violet (TCG)	Violet ex (/078)	Spidops ex	Grass	takuyoa	TCGdex日本語版	Spidops ex	sv01-019 sv01-223	入れる	
SV1V-092	ウインディex	SR	Scarlet & Violet (TCG)	Violet ex (/078)	Arcanine ex	Fire	5ban Graphics	TCGdex日本語版	Arcanine ex	sv01-032 sv01-224	入れる	
SV1V-093	ジバコイルex	SR	Scarlet & Violet (TCG)	Violet ex (/078)	Magnezone ex	Lightning	PLANETA Tsuji	TCGdex日本語版	Magnezone ex	sv01-226	入れる	
SV1V-094	ミライドンex	SR	Scarlet & Violet (TCG)	Violet ex (/078)	Miraidon ex	Lightning	5ban Graphics	TCGdex日本語版	Miraidon ex	svp-028 me02.5-073 sv03-079 sv01-081 svp-143 sv01-227 sv04.5-243 sv01-253	入れる	
SV1V-095	ジュペッタex	SR	Scarlet & Violet (TCG)	Violet ex (/078)	Banette ex	Psychic	PLANETA Mochizuki	TCGdex日本語版	Banette ex	sv01-088 sv01-229	入れる	
SV1V-096	テツノワダチex	SR	Scarlet & Violet (TCG)	Violet ex (/078)	Iron Treads ex	Metal	5ban Graphics	TCGdex日本語版	Iron Treads ex	svp-073 sv01-143 sv01-233	入れる	
SV1V-097	カエデ	SR	Scarlet & Violet (TCG)	Violet ex (/078)	Katy	Supporter	Akira Komayama	TCGdex日本語版	Katy	sv01-177 sv01-237	入れる	
SV1V-098	博士の研究（フトゥー博士）	SR	Scarlet & Violet (TCG)	Violet ex (/078)	Professor's Research	Supporter	kirisAki	TCGdex日本語版	Professor's Research	sv04.5-087 sv04.5-088 sv01-189 sv01-190 sv01-240 sv01-241	入れる	
SV1V-099	ペパー	SR	Scarlet & Violet (TCG)	Violet ex (/078)	Arven	Supporter	GIDORA	TCGdex日本語版	Arven	sv01-166 sv03-186 sv01-235	入れる	
SV1V-100	ミモザ	SR	Scarlet & Violet (TCG)	Violet ex (/078)	Miriam	Supporter	Sanosuke Sakuma	TCGdex日本語版	Miriam	sv01-179 sv01-238	入れる	
SV1V-101	ワナイダーex	SAR	Scarlet & Violet (TCG)	Violet ex (/078)	Spidops ex	Grass	Miki Tanaka	TCGdex日本語版	Spidops ex	sv01-243	入れる	
SV1V-102	ミライドンex	SAR	Scarlet & Violet (TCG)	Violet ex (/078)	Miraidon ex	Lightning	kantaro	TCGdex日本語版	Miraidon ex	sv01-244	入れる	
SV1V-103	テツノワダチex	SAR	Scarlet & Violet (TCG)	Violet ex (/078)	Iron Treads ex	Metal	KEIICHIRO ITO	TCGdex日本語版	Iron Treads ex	sv01-248	入れる	
SV1V-104	ペパー	SAR	Scarlet & Violet (TCG)	Violet ex (/078)	Arven	Supporter	kantaro	TCGdex日本語版	Arven	sv01-249	入れる	
SV1V-105	ミモザ	SAR	Scarlet & Violet (TCG)	Violet ex (/078)	Miriam	Supporter	Akira Komayama	TCGdex日本語版	Miriam	sv01-251	入れる	
SV1V-106	ミライドンex	UR	Scarlet & Violet (TCG)	Violet ex (/078)	Miraidon ex	Lightning	5ban Graphics	TCGdex日本語版	Miraidon ex	svp-028 me02.5-073 sv03-079 sv01-081 svp-143 sv01-227 sv04.5-243 sv01-253	入れる	
SV1V-107	ふしぎなアメ	UR	Scarlet & Violet (TCG)	Violet ex (/078)	Rare Candy	Item	Studio Bora Inc.	TCGdex日本語版	Rare Candy	sv04.5-089 me01-125 me01-175 sv01-191 sv01-256	入れる	
SV1V-108	基本雷エネルギー	UR	Scarlet & Violet (TCG)	Violet ex (/078)	Basic Lightning Energy	Energy					イラストレーターが分からない（TCGdex・公式とも無し）	
SV1a-086	マスカーニャex	SR	Triplet Beat (TCG)	Triplet Beat (/073)	Meowscarada ex	Grass	5ban Graphics	TCGdex日本語版	Meowscarada ex	sv02-015 svp-033 svp-078 sv02-231 sv02-271	入れる	
SV1a-087	ラウドボーンex	SR	Triplet Beat (TCG)	Triplet Beat (/073)	Skeledirge ex	Fire	5ban Graphics	TCGdex日本語版	Skeledirge ex	svp-034 sv02-037 svp-081 sv04-137 sv02-233 sv02-272	入れる	
SV1a-088	ウェーニバルex	SR	Triplet Beat (TCG)	Triplet Beat (/073)	Quaquaval ex	Water	5ban Graphics	TCGdex日本語版	Quaquaval ex	svp-035 sv02-052 svp-084 sv02-235 sv02-273	入れる	
SV1a-089	デデンネex	SR	Triplet Beat (TCG)	Triplet Beat (/073)	Dedenne ex	Psychic	aky CG Works	TCGdex日本語版	Dedenne ex	sv02-093 sv02-239	入れる	
SV1a-090	ルガルガンex	SR	Triplet Beat (TCG)	Triplet Beat (/073)	Lycanroc ex	Fighting	Ayaka Yoshida	TCGdex日本語版	Lycanroc ex	sv02-241	入れる	
SV1a-091	パルデア ドオーex	SR	Triplet Beat (TCG)	Triplet Beat (/073)	Paldean Clodsire ex	Darkness	PLANETA Mochizuki	TCGdex日本語版	Paldean Clodsire ex	sv04.5-059 sv02-130 sv04.5-219 sv02-244	入れる	
SV1a-092	キハダ	SR	Triplet Beat (TCG)	Triplet Beat (/073)	Dendra	Supporter	yuu	TCGdex日本語版	Dendra	sv02-179 sv02-250	入れる	
SV1a-093	クラベル	SR	Triplet Beat (TCG)	Triplet Beat (/073)	Clavell	Supporter	Sanosuke Sakuma	TCGdex日本語版	Clavell	sv02-249	入れる	
SV1a-094	ハヤト	SR	Triplet Beat (TCG)	Triplet Beat (/073)	Falkner	Supporter	Ryuta Fuse	TCGdex日本語版	Falkner	sv02-180 sv02-251	入れる	
SV1a-095	ボスの指令（ゲーチス）	SR	Triplet Beat (TCG)	Triplet Beat (/073)	Boss's Orders	Supporter	Hideki Ishikawa	TCGdex日本語版	Boss's Orders	sv02-248	入れる	
SV1a-096	マスカーニャex	SAR	Triplet Beat (TCG)	Triplet Beat (/073)	Meowscarada ex	Grass	Kouki Saitou	TCGdex日本語版	Meowscarada ex	sv02-256	入れる	
SV1a-097	ラウドボーンex	SAR	Triplet Beat (TCG)	Triplet Beat (/073)	Skeledirge ex	Fire	kantaro	TCGdex日本語版	Skeledirge ex	sv02-258	入れる	
SV1a-098	ウェーニバルex	SAR	Triplet Beat (TCG)	Triplet Beat (/073)	Quaquaval ex	Water	Souichirou Gunjima	TCGdex日本語版	Quaquaval ex	sv02-260	入れる	
SV1a-099	キハダ	SAR	Triplet Beat (TCG)	Triplet Beat (/073)	Dendra	Supporter	GIDORA	TCGdex日本語版	Dendra	sv02-266	入れる	
SV1a-100	ボスの指令（ゲーチス）	SAR	Triplet Beat (TCG)	Triplet Beat (/073)	Boss's Orders	Supporter	hncl	TCGdex日本語版	Boss's Orders	sv02-265	入れる	
SV1a-101	マスカーニャex	UR	Triplet Beat (TCG)	Triplet Beat (/073)	Meowscarada ex	Grass	5ban Graphics	TCGdex日本語版	Meowscarada ex	sv02-015 svp-033 svp-078 sv02-231 sv02-271	入れる	
SV1a-102	ラウドボーンex	UR	Triplet Beat (TCG)	Triplet Beat (/073)	Skeledirge ex	Fire	5ban Graphics	TCGdex日本語版	Skeledirge ex	svp-034 sv02-037 svp-081 sv04-137 sv02-233 sv02-272	入れる	
SV1a-103	ウェーニバルex	UR	Triplet Beat (TCG)	Triplet Beat (/073)	Quaquaval ex	Water	5ban Graphics	TCGdex日本語版	Quaquaval ex	svp-035 sv02-052 svp-084 sv02-235 sv02-273	入れる	
SV2D-084	フォレトスex	SR	Paldea Evolved (TCG)	Clay Burst (/071)	Forretress ex	Grass	5ban Graphics	TCGdex日本語版	Forretress ex	sv04.5-002 sv02-005 sv04.5-212 sv02-230	入れる	
SV2D-085	イーユイex	SR	Paldea Evolved (TCG)	Clay Burst (/071)	Chi-Yu ex	Fire	PLANETA Yamashita	TCGdex日本語版	Chi-Yu ex	sv02-234 sv04.5-241	入れる	
SV2D-086	ハラバリーex	SR	Paldea Evolved (TCG)	Clay Burst (/071)	Bellibolt ex	Lightning	PLANETA Yamashita	TCGdex日本語版	Bellibolt ex	sv02-079 sv02-237	入れる	
SV2D-087	デカヌチャンex	SR	Paldea Evolved (TCG)	Clay Burst (/071)	Tinkaton ex	Psychic	takuyoa	TCGdex日本語版	Tinkaton ex	svp-031 sv02-240	入れる	
SV2D-088	ディンルーex	SR	Paldea Evolved (TCG)	Clay Burst (/071)	Ting-Lu ex	Fighting	5ban Graphics	TCGdex日本語版	Ting-Lu ex	sv02-127 sv02-243 sv04.5-244 sv02-275	入れる	
SV2D-089	オンバーンex	SR	Paldea Evolved (TCG)	Clay Burst (/071)	Noivern ex	Dragon	Eske Yoshinob	TCGdex日本語版	Noivern ex	sv04.5-220 sv02-246	入れる	
SV2D-090	サワロ	SR	Paldea Evolved (TCG)	Clay Burst (/071)	Saguaro	Supporter	nagimiso	TCGdex日本語版	Saguaro	sv02-187 sv02-255	入れる	
SV2D-091	ナンジャモ	SR	Paldea Evolved (TCG)	Clay Burst (/071)	Iono	Supporter	Sanosuke Sakuma	TCGdex日本語版	Iono	sv04.5-080 sv02-185 sv02-254	入れる	
SV2D-092	イーユイex	SAR	Paldea Evolved (TCG)	Clay Burst (/071)	Chi-Yu ex	Fire	AKIRA EGAWA	TCGdex日本語版	Chi-Yu ex	sv02-259	入れる	
SV2D-093	デカヌチャンex	SAR	Paldea Evolved (TCG)	Clay Burst (/071)	Tinkaton ex	Psychic	Tika Matsuno	TCGdex日本語版	Tinkaton ex	sv02-262	入れる	
SV2D-094	ディンルーex	SAR	Paldea Evolved (TCG)	Clay Burst (/071)	Ting-Lu ex	Fighting	KEIICHIRO ITO	TCGdex日本語版	Ting-Lu ex	sv02-263	入れる	
SV2D-095	サワロ	SAR	Paldea Evolved (TCG)	Clay Burst (/071)	Saguaro	Supporter	Sanosuke Sakuma	TCGdex日本語版	Saguaro	sv02-270	入れる	
SV2D-096	ナンジャモ	SAR	Paldea Evolved (TCG)	Clay Burst (/071)	Iono	Supporter	kirisAki	TCGdex日本語版	Iono	sv02-269	入れる	
SV2D-097	ディンルーex	UR	Paldea Evolved (TCG)	Clay Burst (/071)	Ting-Lu ex	Fighting	5ban Graphics	TCGdex日本語版	Ting-Lu ex	sv02-127 sv02-243 sv04.5-244 sv02-275	入れる	
SV2D-098	スーパーエネルギー回収	UR	Paldea Evolved (TCG)	Clay Burst (/071)	Superior Energy Retrieval	Item	Studio Bora Inc.	TCGdex日本語版	Superior Energy Retrieval	sv02-189 sv02-277	入れる	
SV2D-099	基本草エネルギー	UR	Paldea Evolved (TCG)	Clay Burst (/071)	Basic Grass Energy	Energy					イラストレーターが分からない（TCGdex・公式とも無し）	
SV2P-084	チオンジェンex	SR	Paldea Evolved (TCG)	Snow Hazard (/071)	Wo-Chien ex	Grass	5ban Graphics	TCGdex日本語版	Wo-Chien ex	sv02-027 sv02-232 sv04.5-240	入れる	
SV2P-085	パオジアンex	SR	Paldea Evolved (TCG)	Snow Hazard (/071)	Chien-Pao ex	Water	aky CG Works	TCGdex日本語版	Chien-Pao ex	svp-030 sv02-061 sv02-236 sv04.5-242 sv02-274	入れる	
SV2P-086	ヤドキングex	SR	Paldea Evolved (TCG)	Snow Hazard (/071)	Slowking ex	Psychic	5ban Graphics	TCGdex日本語版	Slowking ex	sv02-086 sv02-238	入れる	
SV2P-087	コノヨザルex	SR	Paldea Evolved (TCG)	Snow Hazard (/071)	Annihilape ex	Fighting	PLANETA Hiiragi	TCGdex日本語版	Annihilape ex	svp-032 sv02-242	入れる	
SV2P-088	ダイオウドウex	SR	Paldea Evolved (TCG)	Snow Hazard (/071)	Copperajah ex	Metal	Eske Yoshinob	TCGdex日本語版	Copperajah ex	sv02-245	入れる	
SV2P-089	イキリンコex	SR	Paldea Evolved (TCG)	Snow Hazard (/071)	Squawkabilly ex	Colorless	PLANETA Mochizuki	TCGdex日本語版	Squawkabilly ex	sv04.5-075 sv02-169 sv04.5-223 sv02-247	入れる	
SV2P-090	グルーシャ	SR	Paldea Evolved (TCG)	Snow Hazard (/071)	Grusha	Supporter	GIDORA	TCGdex日本語版	Grusha	sv02-184 sv02-253	入れる	
SV2P-091	ピーニャ	SR	Paldea Evolved (TCG)	Snow Hazard (/071)	Giacomo	Supporter	kantaro	TCGdex日本語版	Giacomo	sv02-252	入れる	
SV2P-092	チオンジェンex	SAR	Paldea Evolved (TCG)	Snow Hazard (/071)	Wo-Chien ex	Grass	takuyoa	TCGdex日本語版	Wo-Chien ex	sv02-257	入れる	
SV2P-093	パオジアンex	SAR	Paldea Evolved (TCG)	Snow Hazard (/071)	Chien-Pao ex	Water	kodama	TCGdex日本語版	Chien-Pao ex	sv02-261	入れる	
SV2P-094	イキリンコex	SAR	Paldea Evolved (TCG)	Snow Hazard (/071)	Squawkabilly ex	Colorless	Amelicart	TCGdex日本語版	Squawkabilly ex	sv02-264	入れる	
SV2P-095	グルーシャ	SAR	Paldea Evolved (TCG)	Snow Hazard (/071)	Grusha	Supporter	DOM	TCGdex日本語版	Grusha	sv02-268	入れる	
SV2P-096	ピーニャ	SAR	Paldea Evolved (TCG)	Snow Hazard (/071)	Giacomo	Supporter	KIYOTAKA OSHIYAMA	TCGdex日本語版	Giacomo	sv02-267	入れる	
SV2P-097	パオジアンex	UR	Paldea Evolved (TCG)	Snow Hazard (/071)	Chien-Pao ex	Water	aky CG Works	TCGdex日本語版	Chien-Pao ex	svp-030 sv02-061 sv02-236 sv04.5-242 sv02-274	入れる	
SV2P-098	すごいつりざお	UR	Paldea Evolved (TCG)	Snow Hazard (/071)	Super Rod	Item	Toyste Beach	TCGdex日本語版	Super Rod	xy8-149 sv02-188 sv02-276	入れる	
SV2P-099	基本水エネルギー	UR	Paldea Evolved (TCG)	Snow Hazard (/071)	Basic Water Energy	Energy					イラストレーターが分からない（TCGdex・公式とも無し）	
SV2a-196	エリカの招待	SR	151 (TCG)	Pokémon Card 151 (/165)	Erika's Invitation	Supporter	saino misaki	TCGdex日本語版	Erika's Invitation	sv03.5-160 sv03.5-196	入れる	
SV2a-198	ナナミの手助け	SR	151 (TCG)	Pokémon Card 151 (/165)	Daisy's Help	Supporter	Fumie Kittaka	TCGdex日本語版	Daisy's Help	sv03.5-195	入れる	
SV2a-206	エリカの招待	SAR	151 (TCG)	Pokémon Card 151 (/165)	Erika's Invitation	Supporter	Cona Nitanda	TCGdex日本語版	Erika's Invitation	sv03.5-203	入れる	
SV2a-208	ミュウex	UR	151 (TCG)	Pokémon Card 151 (/165)	Mew ex	Psychic	aky CG Works	TCGdex日本語版	Mew ex	30th-066 sv03.5-151 sv03.5-193 sv03.5-205 sv04.5-216	入れる	
SV2a-209	ポケモンいれかえ	UR	151 (TCG)	Pokémon Card 151 (/165)	Switch	Item	Studio Bora Inc.	TCGdex日本語版	Switch	mfb-34 me02-123 me01-130 swsh12.5-144 swsh1-183 sv01-194 sv03.5-206	入れる	
SV2a-210	基本超エネルギー	UR	151 (TCG)	Pokémon Card 151 (/165)	Basic Psychic Energy	Energy					イラストレーターが分からない（TCGdex・公式とも無し）	
SV3-121	コオリッポex	SR	Obsidian Flames (TCG)	Ruler of the Black Flame (/108)	Eiscue ex	Fire	5ban Graphics	TCGdex日本語版	Eiscue ex	sv03-042 sv03-210	入れる	
SV3-122	バンギラスex	SR	Obsidian Flames (TCG)	Ruler of the Black Flame (/108)	Tyranitar ex	Lightning	5ban Graphics	TCGdex日本語版	Tyranitar ex	sv08.5-064 sv03-066 sv03-211	入れる	
SV3-123	ビークインex	SR	Obsidian Flames (TCG)	Ruler of the Black Flame (/108)	Vespiquen ex	Psychic	5ban Graphics	TCGdex日本語版	Vespiquen ex	sv03-096 sv03-212	入れる	
SV3-124	キラフロルex	SR	Obsidian Flames (TCG)	Ruler of the Black Flame (/108)	Glimmora ex	Fighting	5ban Graphics	TCGdex日本語版	Glimmora ex	sv03-123 sv03-213 sv04.5-218	入れる	
SV3-125	リザードンex	SR	Obsidian Flames (TCG)	Ruler of the Black Flame (/108)	Charizard ex	Darkness	5ban Graphics	TCGdex日本語版	Charizard ex	sv04.5-054 svp-074 sv03-125 svp-196 sv03-215 sv03-228	入れる	
SV3-126	アブソルex	SR	Obsidian Flames (TCG)	Ruler of the Black Flame (/108)	Absol ex	Darkness	PLANETA Mochizuki	TCGdex日本語版	Absol ex	sv03-214	入れる	
SV3-127	ブロロロームex	SR	Obsidian Flames (TCG)	Ruler of the Black Flame (/108)	Revavroom ex	Metal	takuyoa	TCGdex日本語版	Revavroom ex	sv03-156 sv03-216	入れる	
SV3-128	ピジョットex	SR	Obsidian Flames (TCG)	Ruler of the Black Flame (/108)	Pidgeot ex	Colorless	takuyoa	TCGdex日本語版	Pidgeot ex	sv03-164 sv03-217 sv04.5-221	入れる	
SV3-129	オモダカ	SR	Obsidian Flames (TCG)	Ruler of the Black Flame (/108)	Geeta	Supporter	kirisAki	TCGdex日本語版	Geeta	sv03-188 sv03-218	入れる	
SV3-130	オルティガ	SR	Obsidian Flames (TCG)	Ruler of the Black Flame (/108)	Ortega	Supporter	Naoki Saito	TCGdex日本語版	Ortega	sv03-190 sv03-219	入れる	
SV3-131	ポピー	SR	Obsidian Flames (TCG)	Ruler of the Black Flame (/108)	Poppy	Supporter	yuu	TCGdex日本語版	Poppy	sv03-193 sv03-220	入れる	
SV3-132	ライム	SR	Obsidian Flames (TCG)	Ruler of the Black Flame (/108)	Ryme	Supporter	nagimiso	TCGdex日本語版	Ryme	sv03-194 sv03-221	入れる	
SV3-133	コオリッポex	SAR	Obsidian Flames (TCG)	Ruler of the Black Flame (/108)	Eiscue ex	Fire	Toshinao Aoki	TCGdex日本語版	Eiscue ex	sv03-222	入れる	
SV3-134	リザードンex	SAR	Obsidian Flames (TCG)	Ruler of the Black Flame (/108)	Charizard ex	Darkness	AKIRA EGAWA	TCGdex日本語版	Charizard ex	sv03-223 sv04.5-234	入れる	
SV3-135	ブロロロームex	SAR	Obsidian Flames (TCG)	Ruler of the Black Flame (/108)	Revavroom ex	Metal	Souichirou Gunjima	TCGdex日本語版	Revavroom ex	sv03-224	入れる	
SV3-136	ピジョットex	SAR	Obsidian Flames (TCG)	Ruler of the Black Flame (/108)	Pidgeot ex	Colorless	Jerky	TCGdex日本語版	Pidgeot ex	sv03-225	入れる	
SV3-137	オモダカ	SAR	Obsidian Flames (TCG)	Ruler of the Black Flame (/108)	Geeta	Supporter	DOM	TCGdex日本語版	Geeta	sv03-226	入れる	
SV3-138	ポピー	SAR	Obsidian Flames (TCG)	Ruler of the Black Flame (/108)	Poppy	Supporter	Ryota Murayama	TCGdex日本語版	Poppy	sv03-227	入れる	
SV3-139	リザードンex	UR	Obsidian Flames (TCG)	Ruler of the Black Flame (/108)	Charizard ex	Darkness	5ban Graphics	TCGdex日本語版	Charizard ex	sv04.5-054 svp-074 sv03-125 svp-196 sv03-215 sv03-228	入れる	
SV3-140	ボウルタウン	UR	Obsidian Flames (TCG)	Ruler of the Black Flame (/108)	Artazon	Stadium	Oswaldo KATO	TCGdex日本語版	Artazon	sv04.5-076 sv02-171 sv03-229	入れる	
SV3-141	基本炎エネルギー	UR	Obsidian Flames (TCG)	Ruler of the Black Flame (/108)	Basic Fire Energy	Energy					イラストレーターが分からない（TCGdex・公式とも無し）	
SV3a-075	ユキメノコex	SR	Raging Surf (TCG)	Raging Surf (/062)	Froslass ex	Grass	5ban Graphics	TCGdex日本語版	Froslass ex	sv04-003 sv04-217	入れる	
SV3a-076	ガブリアスex	SR	Raging Surf (TCG)	Raging Surf (/062)	Garchomp ex	Water	5ban Graphics	TCGdex日本語版	Garchomp ex	sv04-038 sv04-219 sv04-260	入れる	
SV3a-077	カプ・コケコex	SR	Raging Surf (TCG)	Raging Surf (/062)	Tapu Koko ex	Lightning	PLANETA Igarashi	TCGdex日本語版	Tapu Koko ex	sv09-051 sv04-222	入れる	
SV3a-078	フーパex	SR	Raging Surf (TCG)	Raging Surf (/062)	Hoopa ex	Fighting	5ban Graphics	TCGdex日本語版	Hoopa ex	sv04-098 sv04-226	入れる	
SV3a-079	サーフゴーex	SR	Raging Surf (TCG)	Raging Surf (/062)	Gholdengo ex	Metal	takuyoa	TCGdex日本語版	Gholdengo ex	sv04-139 sv04-231	入れる	
SV3a-080	オトシドリex	SR	Raging Surf (TCG)	Raging Surf (/062)	Bombirdier ex	Colorless	PLANETA Mochizuki	TCGdex日本語版	Bombirdier ex	sv04-156 sv04-234	入れる	
SV3a-081	アオキ	SR	Raging Surf (TCG)	Raging Surf (/062)	Larry	Supporter	Akira Komayama	TCGdex日本語版	Larry	sv04-165 sv04-235	入れる	
SV3a-082	シキミ	SR	Raging Surf (TCG)	Raging Surf (/062)	Shauntal	Supporter	En Morikura	TCGdex日本語版	Shauntal	sv04-243	入れる	
SV3a-083	チリ	SR	Raging Surf (TCG)	Raging Surf (/062)	Rika	Supporter	GIDORA	TCGdex日本語版	Rika	sv04-172 sv04-241	入れる	
SV3a-084	パラソルおねえさん	SR	Raging Surf (TCG)	Raging Surf (/062)	Parasol Lady	Supporter	Cona Nitanda	TCGdex日本語版	Parasol Lady	sv04-169 sv04-238	入れる	
SV3a-085	ガブリアスex	SAR	Raging Surf (TCG)	Raging Surf (/062)	Garchomp ex	Water	Oswaldo KATO	TCGdex日本語版	Garchomp ex	sv04-245	入れる	
SV3a-086	カプ・コケコex	SAR	Raging Surf (TCG)	Raging Surf (/062)	Tapu Koko ex	Lightning	Jerky	TCGdex日本語版	Tapu Koko ex	sv04-247	入れる	
SV3a-087	サーフゴーex	SAR	Raging Surf (TCG)	Raging Surf (/062)	Gholdengo ex	Metal	Akira Komayama	TCGdex日本語版	Gholdengo ex	sv04-252	入れる	
SV3a-088	チリ	SAR	Raging Surf (TCG)	Raging Surf (/062)	Rika	Supporter	kantaro	TCGdex日本語版	Rika	sv04-258	入れる	
SV3a-089	パラソルおねえさん	SAR	Raging Surf (TCG)	Raging Surf (/062)	Parasol Lady	Supporter	En Morikura	TCGdex日本語版	Parasol Lady	sv04-255	入れる	
SV3a-090	ガブリアスex	UR	Raging Surf (TCG)	Raging Surf (/062)	Garchomp ex	Water	5ban Graphics	TCGdex日本語版	Garchomp ex	sv04-038 sv04-219 sv04-260	入れる	
SV3a-091	ビーチコート	UR	Raging Surf (TCG)	Raging Surf (/062)	Beach Court	Stadium	Oswaldo KATO	TCGdex日本語版	Beach Court	sv01-167 sv04-263	入れる	
SV3a-092	リバーサルエネルギー	UR	Raging Surf (TCG)	Raging Surf (/062)	Reversal Energy	Energy					イラストレーターが分からない（TCGdex・公式とも無し）	
SV4K-079	グレンアルマex	SR	Paradox Rift (TCG)	Ancient Roar (/066)	Armarouge ex	Fire	takuyoa	TCGdex日本語版	Armarouge ex	sv04-027 sv04-218	入れる	
SV4K-080	アマージョex	SR	Paradox Rift (TCG)	Ancient Roar (/066)	Tsareena ex	Water	5ban Graphics	TCGdex日本語版	Tsareena ex	sv04-046 sv04-220	入れる	
SV4K-081	グソクムシャex	SR	Paradox Rift (TCG)	Ancient Roar (/066)	Golisopod ex	Water	N-DESIGN Inc.	TCGdex日本語版	Golisopod ex	sv04-050 sv04-221	入れる	
SV4K-082	デスカーンex	SR	Paradox Rift (TCG)	Ancient Roar (/066)	Cofagrigus ex	Psychic	Eske Yoshinob	TCGdex日本語版	Cofagrigus ex	sv04-224	入れる	
SV4K-083	スナノケガワex	SR	Paradox Rift (TCG)	Ancient Roar (/066)	Sandy Shocks ex	Fighting	PLANETA Mochizuki	TCGdex日本語版	Sandy Shocks ex	sv08.5-056 sv04-108 sv04-228	入れる	
SV4K-084	トドロクツキex	SR	Paradox Rift (TCG)	Ancient Roar (/066)	Roaring Moon ex	Darkness	takuyoa	TCGdex日本語版	Roaring Moon ex	svp-067 sv04-124 sv04-229 sv04-262	入れる	
SV4K-085	オーリム博士の気迫	SR	Paradox Rift (TCG)	Ancient Roar (/066)	Professor Sada's Vitality	Supporter	Megumi Mizutani	TCGdex日本語版	Professor Sada's Vitality	sv08.5-120 sv04-170 sv04-239	入れる	
SV4K-086	センリ	SR	Paradox Rift (TCG)	Ancient Roar (/066)	Norman	Supporter	Hideki Ishikawa	TCGdex日本語版	Norman	sv04-168 sv04-237	入れる	
SV4K-087	メロコ	SR	Paradox Rift (TCG)	Ancient Roar (/066)	Mela	Supporter	kirisAki	TCGdex日本語版	Mela	sv04-167 sv04-236	入れる	
SV4K-088	グソクムシャex	SAR	Paradox Rift (TCG)	Ancient Roar (/066)	Golisopod ex	Water	Oku	TCGdex日本語版	Golisopod ex	sv04-246	入れる	
SV4K-089	スナノケガワex	SAR	Paradox Rift (TCG)	Ancient Roar (/066)	Sandy Shocks ex	Fighting	Toshinao Aoki	TCGdex日本語版	Sandy Shocks ex	sv04-250	入れる	
SV4K-090	トドロクツキex	SAR	Paradox Rift (TCG)	Ancient Roar (/066)	Roaring Moon ex	Darkness	Ryota Murayama	TCGdex日本語版	Roaring Moon ex	sv04-251	入れる	
SV4K-091	オーリム博士の気迫	SAR	Paradox Rift (TCG)	Ancient Roar (/066)	Professor Sada's Vitality	Supporter	Ryota Murayama	TCGdex日本語版	Professor Sada's Vitality	sv04-256	入れる	
SV4K-092	メロコ	SAR	Paradox Rift (TCG)	Ancient Roar (/066)	Mela	Supporter	rika	TCGdex日本語版	Mela	sv04-254	入れる	
SV4K-093	トドロクツキex	UR	Paradox Rift (TCG)	Ancient Roar (/066)	Roaring Moon ex	Darkness	takuyoa	TCGdex日本語版	Roaring Moon ex	svp-067 sv04-124 sv04-229 sv04-262	入れる	
SV4K-094	ゴージャスマント	UR	Paradox Rift (TCG)	Ancient Roar (/066)	Luxurious Cape	Pokémon Tool	Toyste Beach	TCGdex日本語版	Luxurious Cape	sv04-166 sv04-265	入れる	
SV4K-095	基本悪エネルギー	UR	Paradox Rift (TCG)	Ancient Roar (/066)	Basic Darkness Energy	Energy					イラストレーターが分からない（TCGdex・公式とも無し）	
SV4M-079	テツノカイナex	SR	Paradox Rift (TCG)	Future Flash (/066)	Iron Hands ex	Lightning	PLANETA Mochizuki	TCGdex日本語版	Iron Hands ex	sv08.5-031 sv04-070 sv04-223	入れる	
SV4M-080	テツノブジンex	SR	Paradox Rift (TCG)	Future Flash (/066)	Iron Valiant ex	Psychic	aky CG Works	TCGdex日本語版	Iron Valiant ex	svp-068 sv04-089 sv04-225 sv04-261	入れる	
SV4M-081	ストリンダーex	SR	Paradox Rift (TCG)	Future Flash (/066)	Toxtricity ex	Fighting	5ban Graphics	TCGdex日本語版	Toxtricity ex	sv04-100 sv04-227	入れる	
SV4M-082	ギルガルドex	SR	Paradox Rift (TCG)	Future Flash (/066)	Aegislash ex	Metal	Satoshi Shirai	TCGdex日本語版	Aegislash ex	sv04-230	入れる	
SV4M-083	チルタリスex	SR	Paradox Rift (TCG)	Future Flash (/066)	Altaria ex	Dragon	Saki Hayashiro	TCGdex日本語版	Altaria ex	sv04-140 sv04-232	入れる	
SV4M-084	イッカネズミex	SR	Paradox Rift (TCG)	Future Flash (/066)	Maushold ex	Colorless	5ban Graphics	TCGdex日本語版	Maushold ex	sv04-155 sv04-233	入れる	
SV4M-085	ヒョウタ	SR	Paradox Rift (TCG)	Future Flash (/066)	Roark	Supporter	Ryuta Fuse	TCGdex日本語版	Roark	sv04-173 sv04-242	入れる	
SV4M-086	フトゥー博士のシナリオ	SR	Paradox Rift (TCG)	Future Flash (/066)	Professor Turo's Scenario	Supporter	hncl	TCGdex日本語版	Professor Turo's Scenario	sv08.5-121 sv04-171 sv04-240	入れる	
SV4M-087	リップ	SR	Paradox Rift (TCG)	Future Flash (/066)	Tulip	Supporter	Naoki Saito	TCGdex日本語版	Tulip	sv04-181 sv04-244	入れる	
SV4M-088	テツノカイナex	SAR	Paradox Rift (TCG)	Future Flash (/066)	Iron Hands ex	Lightning	Toshinao Aoki	TCGdex日本語版	Iron Hands ex	sv04-248	入れる	
SV4M-089	テツノブジンex	SAR	Paradox Rift (TCG)	Future Flash (/066)	Iron Valiant ex	Psychic	kantaro	TCGdex日本語版	Iron Valiant ex	sv04-249	入れる	
SV4M-090	チルタリスex	SAR	Paradox Rift (TCG)	Future Flash (/066)	Altaria ex	Dragon	Jiro Sasumo	TCGdex日本語版	Altaria ex	sv04-253	入れる	
SV4M-091	フトゥー博士のシナリオ	SAR	Paradox Rift (TCG)	Future Flash (/066)	Professor Turo's Scenario	Supporter	Atsushi Furusawa	TCGdex日本語版	Professor Turo's Scenario	sv04-257	入れる	
SV4M-092	リップ	SAR	Paradox Rift (TCG)	Future Flash (/066)	Tulip	Supporter	AKIRA EGAWA	TCGdex日本語版	Tulip	sv04-259	入れる	
SV4M-093	テツノブジンex	UR	Paradox Rift (TCG)	Future Flash (/066)	Iron Valiant ex	Psychic	aky CG Works	TCGdex日本語版	Iron Valiant ex	svp-068 sv04-089 sv04-225 sv04-261	入れる	
SV4M-094	カウンターキャッチャー	UR	Paradox Rift (TCG)	Future Flash (/066)	Counter Catcher	Item	Toyste Beach	TCGdex日本語版	Counter Catcher	sm4-91 sm4-120 sv04-160 sv04-264	入れる	
SV4M-095	基本鋼エネルギー	UR	Paradox Rift (TCG)	Future Flash (/066)	Basic Metal Energy	Energy					イラストレーターが分からない（TCGdex・公式とも無し）	
SV4a-345	パルデアの学生	SR	Paldean Fates (TCG)	Shiny Treasure ex (/190)	Paldean Student	Supporter	Cona Nitanda	TCGdex日本語版	Paldean Student	sv04.5-085 sv04.5-230	入れる	
SV4a-346	パルデアの学生	SR	Paldean Fates (TCG)	Shiny Treasure ex (/190)	Paldean Student	Supporter	Naoki Saito	TCGdex日本語版	Paldean Student	sv04.5-086 sv04.5-231	入れる	
SV4a-355	チオンジェンex	UR	Paldean Fates (TCG)	Shiny Treasure ex (/190)	Wo-Chien ex	Grass	5ban Graphics	TCGdex日本語版	Wo-Chien ex	sv02-027 sv02-232 sv04.5-240	入れる	
SV4a-356	イーユイex	UR	Paldean Fates (TCG)	Shiny Treasure ex (/190)	Chi-Yu ex	Fire	PLANETA Yamashita	TCGdex日本語版	Chi-Yu ex	sv02-234 sv04.5-241	入れる	
SV4a-357	パオジアンex	UR	Paldean Fates (TCG)	Shiny Treasure ex (/190)	Chien-Pao ex	Water	aky CG Works	TCGdex日本語版	Chien-Pao ex	svp-030 sv02-061 sv02-236 sv04.5-242 sv02-274	入れる	
SV4a-358	ミライドンex	UR	Paldean Fates (TCG)	Shiny Treasure ex (/190)	Miraidon ex	Lightning	5ban Graphics	TCGdex日本語版	Miraidon ex	svp-028 me02.5-073 sv03-079 sv01-081 svp-143 sv01-227 sv04.5-243 sv01-253	入れる	
SV4a-359	ディンルーex	UR	Paldean Fates (TCG)	Shiny Treasure ex (/190)	Ting-Lu ex	Fighting	5ban Graphics	TCGdex日本語版	Ting-Lu ex	sv02-127 sv02-243 sv04.5-244 sv02-275	入れる	
SV4a-360	コライドンex	UR	Paldean Fates (TCG)	Shiny Treasure ex (/190)	Koraidon ex	Fighting	aky CG Works	TCGdex日本語版	Koraidon ex	svp-029 me02.5-121 sv03-124 sv01-125 sv01-231 sv04.5-245 sv01-254	入れる	
SV5K-062	覚醒のドラム	ACE	Temporal Forces (TCG)	Wild Force (/071)	Awakening Drum	Item	Toyste Beach	TCGdex日本語版	Awakening Drum	sv05-141	入れる	
SV5K-066	マキシマムベルト	ACE	Temporal Forces (TCG)	Wild Force (/071)	Maximum Belt	Pokémon Tool	inose yukie	TCGdex日本語版	Maximum Belt	sv08.5-117 sv05-154	入れる	
SV5K-071	ネオアッパーエネルギー	ACE	Temporal Forces (TCG)	Wild Force (/071)	Neo Upper Energy	Energy					イラストレーターが分からない（TCGdex・公式とも無し）	
SV5K-072	ハヤシガメ	AR	Temporal Forces (TCG)	Wild Force (/071)	Grotle	Grass	Oswaldo KATO	TCGdex日本語版	Grotle	sv05-164	入れる	
SV5K-073	ユキハミ	AR	Temporal Forces (TCG)	Wild Force (/071)	Snom	Water	N-DESIGN Inc.	TCGdex日本語版	Snom	sv05-168	入れる	
SV5K-084	ドダイトスex	SR	Temporal Forces (TCG)	Wild Force (/071)	Torterra ex	Grass	PLANETA Tsuji	TCGdex日本語版	Torterra ex	sv05-012 sv05-185	入れる	
SV5K-085	ウガツホムラex	SR	Temporal Forces (TCG)	Wild Force (/071)	Gouging Fire ex	Fire	5ban Graphics	TCGdex日本語版	Gouging Fire ex	sv05-038 sv05-188 sv05-214	入れる	
SV5K-086	ウネルミナモex	SR	Temporal Forces (TCG)	Wild Force (/071)	Walking Wake ex	Water	takuyoa	TCGdex日本語版	Walking Wake ex	sv05-050 svp-127 sv08.5-178 sv05-189 sv05-215	入れる	
SV5K-087	ウミトリオex	SR	Temporal Forces (TCG)	Wild Force (/071)	Wugtrio ex	Lightning	5ban Graphics	TCGdex日本語版	Wugtrio ex	sv05-060 sv05-190	入れる	
SV5K-088	ゲンガーex	SR	Temporal Forces (TCG)	Wild Force (/071)	Gengar ex	Darkness	Satoshi Shirai	TCGdex日本語版	Gengar ex	sv05-193	入れる	
SV5K-089	タケルライコex	SR	Temporal Forces (TCG)	Wild Force (/071)	Raging Bolt ex	Dragon	aky CG Works	TCGdex日本語版	Raging Bolt ex	sv05-123 sv05-196 sv05-218	入れる	
SV5K-090	探検家の先導	SR	Temporal Forces (TCG)	Wild Force (/071)	Explorer's Guidance	Supporter	Hideki Ishikawa	TCGdex日本語版	Explorer's Guidance	sv08.5-107 sv05-147 sv05-200	入れる	
SV5K-091	ビワ	SR	Temporal Forces (TCG)	Wild Force (/071)	Eri	Supporter	GOSSAN	TCGdex日本語版	Eri	sv05-146 sv05-199	入れる	
SV5K-092	マツバの確信	SR	Temporal Forces (TCG)	Wild Force (/071)	Morty's Conviction	Supporter	GIDORA	TCGdex日本語版	Morty's Conviction	sv05-155 sv05-201	入れる	
SV5K-093	ウガツホムラex	SAR	Temporal Forces (TCG)	Wild Force (/071)	Gouging Fire ex	Fire	Teeziro	TCGdex日本語版	Gouging Fire ex	sv05-204	入れる	
SV5K-094	ウネルミナモex	SAR	Temporal Forces (TCG)	Wild Force (/071)	Walking Wake ex	Water	Teeziro	TCGdex日本語版	Walking Wake ex	sv05-205	入れる	
SV5K-095	タケルライコex	SAR	Temporal Forces (TCG)	Wild Force (/071)	Raging Bolt ex	Dragon	Teeziro	TCGdex日本語版	Raging Bolt ex	sv05-208	入れる	
SV5K-096	ビワ	SAR	Temporal Forces (TCG)	Wild Force (/071)	Eri	Supporter	DOM	TCGdex日本語版	Eri	sv05-210	入れる	
SV5K-097	マツバの確信	SAR	Temporal Forces (TCG)	Wild Force (/071)	Morty's Conviction	Supporter	Megumi Mizutani	TCGdex日本語版	Morty's Conviction	sv05-211	入れる	
SV5K-098	ウガツホムラex	UR	Temporal Forces (TCG)	Wild Force (/071)	Gouging Fire ex	Fire	5ban Graphics	TCGdex日本語版	Gouging Fire ex	sv05-038 sv05-188 sv05-214	入れる	
SV5K-099	ウネルミナモex	UR	Temporal Forces (TCG)	Wild Force (/071)	Walking Wake ex	Water	takuyoa	TCGdex日本語版	Walking Wake ex	sv05-050 svp-127 sv08.5-178 sv05-189 sv05-215	入れる	
SV5K-100	タケルライコex	UR	Temporal Forces (TCG)	Wild Force (/071)	Raging Bolt ex	Dragon	aky CG Works	TCGdex日本語版	Raging Bolt ex	sv05-123 sv05-196 sv05-218	入れる	
SV5M-062	プライムキャッチャー	ACE	Temporal Forces (TCG)	Cyber Judge (/071)	Prime Catcher	Item	Toyste Beach	TCGdex日本語版	Prime Catcher	sv08.5-119 sv05-157	入れる	
SV5M-063	リブートポッド	ACE	Temporal Forces (TCG)	Cyber Judge (/071)	Reboot Pod	Item	inose yukie	TCGdex日本語版	Reboot Pod	sv05-158	入れる	
SV5M-064	ヒーローマント	ACE	Temporal Forces (TCG)	Cyber Judge (/071)	Hero's Cape	Pokémon Tool	Toyste Beach	TCGdex日本語版	Hero's Cape	sv05-152	入れる	
SV5M-072	ダーテング	AR	Temporal Forces (TCG)	Cyber Judge (/071)	Shiftry	Grass	SIE NANAHARA	TCGdex日本語版	Shiftry	sv05-163	入れる	
SV5M-073	シキジカ	AR	Temporal Forces (TCG)	Cyber Judge (/071)	Deerling	Grass	Susumu Maeya	TCGdex日本語版	Deerling	sv05-165	入れる	
SV5M-074	メブキジカ	AR	Temporal Forces (TCG)	Cyber Judge (/071)	Sawsbuck	Grass	Susumu Maeya	TCGdex日本語版	Sawsbuck	sv05-166	入れる	
SV5M-075	ニャビー	AR	Temporal Forces (TCG)	Cyber Judge (/071)	Litten	Fire	Makura Tami	TCGdex日本語版	Litten	sv05-167	入れる	
SV5M-076	デンヂムシ	AR	Temporal Forces (TCG)	Cyber Judge (/071)	Charjabug	Lightning	Mina Nakai	TCGdex日本語版	Charjabug	sv05-169	入れる	
SV5M-077	テツノイバラ	AR	Temporal Forces (TCG)	Cyber Judge (/071)	Iron Thorns	Lightning	Tonji Matsuno	TCGdex日本語版	Iron Thorns	svp-098	入れる	
SV5M-078	アブリー	AR	Temporal Forces (TCG)	Cyber Judge (/071)	Cutiefly	Psychic	REND	TCGdex日本語版	Cutiefly	sv05-172	入れる	
SV5M-079	ドリュウズ	AR	Temporal Forces (TCG)	Cyber Judge (/071)	Excadrill	Fighting	Saboteri	TCGdex日本語版	Excadrill	sv05-174	入れる	
SV5M-080	メタグロス	AR	Temporal Forces (TCG)	Cyber Judge (/071)	Metagross	Metal	Katsunori Sato	TCGdex日本語版	Metagross	sv05-178	入れる	
SV5M-081	メルタン	AR	Temporal Forces (TCG)	Cyber Judge (/071)	Meltan	Metal	Masa	TCGdex日本語版	Meltan	sv05-179	入れる	
SV5M-082	ベロリンガ	AR	Temporal Forces (TCG)	Cyber Judge (/071)	Lickitung	Colorless	Orca	TCGdex日本語版	Lickitung	sv05-180	入れる	
SV5M-083	ジジーロン	AR	Temporal Forces (TCG)	Cyber Judge (/071)	Drampa	Colorless	Mékayu	TCGdex日本語版	Drampa	sv05-184	入れる	
SV5M-084	テツノイサハex	SR	Temporal Forces (TCG)	Cyber Judge (/071)	Iron Leaves ex	Grass	5ban Graphics	TCGdex日本語版	Iron Leaves ex	sv05-025 svp-128 sv08.5-176 sv05-186 sv05-213	入れる	
SV5M-085	ガオガエンex	SR	Temporal Forces (TCG)	Cyber Judge (/071)	Incineroar ex	Fire	N-DESIGN Inc.	TCGdex日本語版	Incineroar ex	sv05-034 sv05-187	入れる	
SV5M-086	テツノカシラex	SR	Temporal Forces (TCG)	Cyber Judge (/071)	Iron Crown ex	Psychic	5ban Graphics	TCGdex日本語版	Iron Crown ex	sv05-081 svp-146 sv05-191 sv05-216	入れる	
SV5M-087	テツノイワオex	SR	Temporal Forces (TCG)	Cyber Judge (/071)	Iron Boulder ex	Fighting	5ban Graphics	TCGdex日本語版	Iron Boulder ex	sv05-099 svp-147 sv05-192 sv05-217	入れる	
SV5M-088	リキキリンex	SR	Temporal Forces (TCG)	Cyber Judge (/071)	Farigiraf ex	Darkness	5ban Graphics	TCGdex日本語版	Farigiraf ex	sv05-108 sv05-194	入れる	
SV5M-089	ハッサムex	SR	Temporal Forces (TCG)	Cyber Judge (/071)	Scizor ex	Metal	Eske Yoshinob	TCGdex日本語版	Scizor ex	sv05-195	入れる	
SV5M-090	暗号マニアの解読	SR	Temporal Forces (TCG)	Cyber Judge (/071)	Ciphermaniac's Codebreaking	Supporter	Taira Akitsu	TCGdex日本語版	Ciphermaniac's Codebreaking	sv08.5-104 sv05-145 sv05-198	入れる	
SV5M-091	セイジ	SR	Temporal Forces (TCG)	Cyber Judge (/071)	Salvatore	Supporter	Ryuta Fuse	TCGdex日本語版	Salvatore	sv05-160 sv05-202	入れる	
SV5M-092	ベルのまごころ	SR	Temporal Forces (TCG)	Cyber Judge (/071)	Bianca's Devotion	Supporter	En Morikura	TCGdex日本語版	Bianca's Devotion	sv05-142 sv05-197	入れる	
SV5M-093	テツノイサハex	SAR	Temporal Forces (TCG)	Cyber Judge (/071)	Iron Leaves ex	Grass	nagimiso	TCGdex日本語版	Iron Leaves ex	sv05-203	入れる	
SV5M-094	テツノカシラex	SAR	Temporal Forces (TCG)	Cyber Judge (/071)	Iron Crown ex	Psychic	nagimiso	TCGdex日本語版	Iron Crown ex	sv05-206	入れる	
SV5M-095	テツノイワオex	SAR	Temporal Forces (TCG)	Cyber Judge (/071)	Iron Boulder ex	Fighting	nagimiso	TCGdex日本語版	Iron Boulder ex	sv05-207	入れる	
SV5M-096	セイジ	SAR	Temporal Forces (TCG)	Cyber Judge (/071)	Salvatore	Supporter	Tetsu Kayama	TCGdex日本語版	Salvatore	sv05-212	入れる	
SV5M-097	ベルのまごころ	SAR	Temporal Forces (TCG)	Cyber Judge (/071)	Bianca's Devotion	Supporter	Cona Nitanda	TCGdex日本語版	Bianca's Devotion	sv05-209	入れる	
SV5M-098	テツノイサハex	UR	Temporal Forces (TCG)	Cyber Judge (/071)	Iron Leaves ex	Grass	5ban Graphics	TCGdex日本語版	Iron Leaves ex	sv05-025 svp-128 sv08.5-176 sv05-186 sv05-213	入れる	
SV5M-099	テツノカシラex	UR	Temporal Forces (TCG)	Cyber Judge (/071)	Iron Crown ex	Psychic	5ban Graphics	TCGdex日本語版	Iron Crown ex	sv05-081 svp-146 sv05-191 sv05-216	入れる	
SV5M-100	テツノイワオex	UR	Temporal Forces (TCG)	Cyber Judge (/071)	Iron Boulder ex	Fighting	5ban Graphics	TCGdex日本語版	Iron Boulder ex	sv05-099 svp-147 sv05-192 sv05-217	入れる	
SV5a-053	アンフェアスタンプ	ACE	Crimson Haze (TCG)	Crimson Haze (/066)	Unfair Stamp	Item	Toyste Beach	TCGdex日本語版	Unfair Stamp	sv06-165	入れる	
SV5a-055	ハイパーアロマ	ACE	Crimson Haze (TCG)	Crimson Haze (/066)	Hyper Aroma	Item	Toyste Beach	TCGdex日本語版	Hyper Aroma	sv06-152	入れる	
SV5a-059	サバイブギプス	ACE	Crimson Haze (TCG)	Crimson Haze (/066)	Survival Brace	Pokémon Tool	inose yukie	TCGdex日本語版	Survival Brace	sv06-164	入れる	
SV5a-079	ヤバソチャex	SR	Crimson Haze (TCG)	Crimson Haze (/066)	Sinistcha ex	Grass	aky CG Works	TCGdex日本語版	Sinistcha ex	sv06-023 sv06-189	入れる	
SV5a-080	マグカルゴex	SR	Crimson Haze (TCG)	Crimson Haze (/066)	Magcargo ex	Fire	PLANETA Yamashita	TCGdex日本語版	Magcargo ex	sv06-191	入れる	
SV5a-081	テツノイバラex	SR	Crimson Haze (TCG)	Crimson Haze (/066)	Iron Thorns ex	Lightning	PLANETA Mochizuki	TCGdex日本語版	Iron Thorns ex	sv08.5-032 sv06-077 sv06-196	入れる	
SV5a-082	サケブシッポex	SR	Crimson Haze (TCG)	Crimson Haze (/066)	Scream Tail ex	Psychic	PLANETA Hiiragi	TCGdex日本語版	Scream Tail ex	sv06-197	入れる	
SV5a-083	ゲッコウガex	SR	Crimson Haze (TCG)	Crimson Haze (/066)	Greninja ex	Fighting	5ban Graphics	TCGdex日本語版	Greninja ex	30th-021 sv07-041 sv06-106 sv06-198	入れる	
SV5a-084	ガチグマ アカツキex	SR	Crimson Haze (TCG)	Crimson Haze (/066)	Bloodmoon Ursaluna ex	Colorless	aky CG Works	TCGdex日本語版	Bloodmoon Ursaluna ex	sv06-141 svp-177 sv06-202 sv06-222	入れる	
SV5a-085	管理人	SR	Crimson Haze (TCG)	Crimson Haze (/066)	Caretaker	Supporter	Akira Komayama	TCGdex日本語版	Caretaker	sv06-144 sv06-203	入れる	
SV5a-086	ゴヨウ	SR	Crimson Haze (TCG)	Crimson Haze (/066)	Lucian	Supporter	hncl	TCGdex日本語版	Lucian	sv06-157 sv06-208	入れる	
SV5a-087	サザレ	SR	Crimson Haze (TCG)	Crimson Haze (/066)	Perrin	Supporter	Naoki Saito	TCGdex日本語版	Perrin	sv06-160 sv06-209	入れる	
SV5a-088	スイレンのお世話	SR	Crimson Haze (TCG)	Crimson Haze (/066)	Lana's Aid	Supporter	Atsushi Furusawa	TCGdex日本語版	Lana's Aid	sv06-155 sv06-207	入れる	
SV5a-089	ヤバソチャex	SAR	Crimson Haze (TCG)	Crimson Haze (/066)	Sinistcha ex	Grass	Saboteri	TCGdex日本語版	Sinistcha ex	sv06-210	入れる	
SV5a-090	ゲッコウガex	SAR	Crimson Haze (TCG)	Crimson Haze (/066)	Greninja ex	Fighting	akagi	TCGdex日本語版	Greninja ex	sv06-214	入れる	
SV5a-091	ガチグマ アカツキex	SAR	Crimson Haze (TCG)	Crimson Haze (/066)	Bloodmoon Ursaluna ex	Colorless	MINAMINAMI Take	TCGdex日本語版	Bloodmoon Ursaluna ex	sv06-216	入れる	
SV5a-092	サザレ	SAR	Crimson Haze (TCG)	Crimson Haze (/066)	Perrin	Supporter	GIDORA	TCGdex日本語版	Perrin	sv06-220	入れる	
SV5a-093	スイレンのお世話	SAR	Crimson Haze (TCG)	Crimson Haze (/066)	Lana's Aid	Supporter	Toshinao Aoki	TCGdex日本語版	Lana's Aid	sv06-219	入れる	
SV5a-094	ガチグマ アカツキex	UR	Crimson Haze (TCG)	Crimson Haze (/066)	Bloodmoon Ursaluna ex	Colorless	aky CG Works	TCGdex日本語版	Bloodmoon Ursaluna ex	sv06-141 svp-177 sv06-202 sv06-222	入れる	
SV5a-095	緊急ボード	UR	Crimson Haze (TCG)	Crimson Haze (/066)	Rescue Board	Pokémon Tool	Toyste Beach	TCGdex日本語版	Rescue Board	sv08.5-126 sv05-159 sv06-225	入れる	
SV5a-096	ルミナスエネルギー	UR	Crimson Haze (TCG)	Crimson Haze (/066)	Luminous Energy	Energy	5ban Graphics	TCGdex日本語版			TCGdex 英語版の同じ名前のカードとイラストレーターが違う（英語版: ）	
SV6-092	シークレットボックス	ACE	Twilight Masquerade (TCG)	Transformation Mask (/101)	Secret Box	Item	Toyste Beach	TCGdex日本語版	Secret Box	sv06-163	入れる	
SV6-093	ポケモン回収サイクロン	ACE	Twilight Masquerade (TCG)	Transformation Mask (/101)	Scoop Up Cyclone	Item	Toyste Beach	TCGdex日本語版	Scoop Up Cyclone	sv08.5-128 sv06-162	入れる	
SV6-101	レガシーエネルギー	ACE	Twilight Masquerade (TCG)	Transformation Mask (/101)	Legacy Energy	Energy	5ban Graphics	TCGdex日本語版			TCGdex 英語版の同じ名前のカードとイラストレーターが違う（英語版: ）	
SV6-102	キマワリ	AR	Twilight Masquerade (TCG)	Transformation Mask (/101)	Sunflora	Grass	Shinya Komatsu	TCGdex日本語版	Sunflora	sv06-169	入れる	
SV6-103	カミッチュ	AR	Twilight Masquerade (TCG)	Transformation Mask (/101)	Dipplin	Grass	Akira Komayama	TCGdex日本語版	Dipplin	sv06-170	入れる	
SV6-104	ユキメノコ	AR	Twilight Masquerade (TCG)	Transformation Mask (/101)	Froslass	Water	matazo	TCGdex日本語版	Froslass	sv06-174	入れる	
SV6-105	カイデン	AR	Twilight Masquerade (TCG)	Transformation Mask (/101)	Wattrel	Lightning	Mitsuhiro Arita	TCGdex日本語版	Wattrel	sv06-178	入れる	
SV6-106	チリーン	AR	Twilight Masquerade (TCG)	Transformation Mask (/101)	Chimecho	Psychic	REND	TCGdex日本語版	Chimecho	sv06-179	入れる	
SV6-107	マシマシラ	AR	Twilight Masquerade (TCG)	Transformation Mask (/101)	Munkidori	Psychic	Teeziro	TCGdex日本語版	Munkidori	sv06.5-072	入れる	
SV6-108	キチキギス	AR	Twilight Masquerade (TCG)	Transformation Mask (/101)	Fezandipiti	Psychic	KEIICHIRO ITO	TCGdex日本語版	Fezandipiti	sv06.5-073	入れる	
SV6-109	ドッコラー	AR	Twilight Masquerade (TCG)	Transformation Mask (/101)	Timburr	Fighting	Yuriko Akase	TCGdex日本語版	Timburr	sv06-183	入れる	
SV6-110	イイネイヌ	AR	Twilight Masquerade (TCG)	Transformation Mask (/101)	Okidogi	Fighting	AKIRA EGAWA	TCGdex日本語版	Okidogi	sv06.5-074	入れる	
SV6-111	コドラ	AR	Twilight Masquerade (TCG)	Transformation Mask (/101)	Lairon	Metal	Dsuke	TCGdex日本語版	Lairon	sv06-184	入れる	
SV6-112	シャリタツ	AR	Twilight Masquerade (TCG)	Transformation Mask (/101)	Tatsugiri	Dragon	osare	TCGdex日本語版	Tatsugiri	sv06-186	入れる	
SV6-113	ラッキー	AR	Twilight Masquerade (TCG)	Transformation Mask (/101)	Chansey	Colorless	Toshinao Aoki	TCGdex日本語版	Chansey	sv06-187	入れる	
SV6-114	オーガポン みどりのめんex	SR	Twilight Masquerade (TCG)	Transformation Mask (/101)	Teal Mask Ogerpon ex	Grass	5ban Graphics	TCGdex日本語版	Teal Mask Ogerpon ex	sv08.5-012 sv06-025 svp-166 sv08.5-177 sv06-190 sv06-221	入れる	
SV6-115	オーガポン かまどのめんex	SR	Twilight Masquerade (TCG)	Transformation Mask (/101)	Hearthflame Mask Ogerpon ex	Fire	5ban Graphics	TCGdex日本語版	Hearthflame Mask Ogerpon ex	sv08.5-017 sv06-040 sv06-192	入れる	
SV6-116	イルカマンex	SR	Twilight Masquerade (TCG)	Transformation Mask (/101)	Palafin ex	Water	PLANETA Mochizuki	TCGdex日本語版	Palafin ex	sv06-061 svp-126 sv06-193	入れる	
SV6-117	オーガポン いどのめんex	SR	Twilight Masquerade (TCG)	Transformation Mask (/101)	Wellspring Mask Ogerpon ex	Water	5ban Graphics	TCGdex日本語版	Wellspring Mask Ogerpon ex	sv08.5-027 sv06-064 sv06-194	入れる	
SV6-118	レントラーex	SR	Twilight Masquerade (TCG)	Transformation Mask (/101)	Luxray ex	Lightning	PLANETA Yamashita	TCGdex日本語版	Luxray ex	sv06-068 sv06-195	入れる	
SV6-119	オーガポン いしずえのめんex	SR	Twilight Masquerade (TCG)	Transformation Mask (/101)	Cornerstone Mask Ogerpon ex	Fighting	5ban Graphics	TCGdex日本語版	Cornerstone Mask Ogerpon ex	sv08.5-058 sv06-112 sv06-199	入れる	
SV6-120	ドラパルトex	SR	Twilight Masquerade (TCG)	Transformation Mask (/101)	Dragapult ex	Dragon	5ban Graphics	TCGdex日本語版	Dragapult ex	sv08.5-073 sv06-130 me02.5-160 sv06-200	入れる	
SV6-121	ハピナスex	SR	Twilight Masquerade (TCG)	Transformation Mask (/101)	Blissey ex	Colorless	PLANETA Tsuji	TCGdex日本語版	Blissey ex	sv06-201	入れる	
SV6-122	スグリ	SR	Twilight Masquerade (TCG)	Transformation Mask (/101)	Kieran	Supporter	GIDORA	TCGdex日本語版	Kieran	sv08.5-113 sv06-154 sv06-206	入れる	
SV6-123	ゼイユ	SR	Twilight Masquerade (TCG)	Transformation Mask (/101)	Carmine	Supporter	kantaro	TCGdex日本語版	Carmine	sv08.5-103 sv06-145 sv06-204	入れる	
SV6-124	ハッサク	SR	Twilight Masquerade (TCG)	Transformation Mask (/101)	Hassel	Supporter	GOSSAN	TCGdex日本語版	Hassel	sv06-151 sv06-205	入れる	
SV6-125	オーガポン みどりのめんex	SAR	Twilight Masquerade (TCG)	Transformation Mask (/101)	Teal Mask Ogerpon ex	Grass	Yano Keiji	TCGdex日本語版	Teal Mask Ogerpon ex	sv06-211	入れる	
SV6-126	オーガポン かまどのめんex	SAR	Twilight Masquerade (TCG)	Transformation Mask (/101)	Hearthflame Mask Ogerpon ex	Fire	Yano Keiji	TCGdex日本語版	Hearthflame Mask Ogerpon ex	sv06-212	入れる	
SV6-127	オーガポン いどのめんex	SAR	Twilight Masquerade (TCG)	Transformation Mask (/101)	Wellspring Mask Ogerpon ex	Water	Yano Keiji	TCGdex日本語版	Wellspring Mask Ogerpon ex	sv06-213	入れる	
SV6-128	オーガポン いしずえのめんex	SAR	Twilight Masquerade (TCG)	Transformation Mask (/101)	Cornerstone Mask Ogerpon ex	Fighting	Yano Keiji	TCGdex日本語版	Cornerstone Mask Ogerpon ex	sv06-215	入れる	
SV6-129	スグリ	SAR	Twilight Masquerade (TCG)	Transformation Mask (/101)	Kieran	Supporter	Teeziro	TCGdex日本語版	Kieran	sv06-218	入れる	
SV6-130	ゼイユ	SAR	Twilight Masquerade (TCG)	Transformation Mask (/101)	Carmine	Supporter	En Morikura	TCGdex日本語版	Carmine	sv06-217	入れる	
SV6-131	オーガポン みどりのめんex	UR	Twilight Masquerade (TCG)	Transformation Mask (/101)	Teal Mask Ogerpon ex	Grass	5ban Graphics	TCGdex日本語版	Teal Mask Ogerpon ex	sv08.5-012 sv06-025 svp-166 sv08.5-177 sv06-190 sv06-221	入れる	
SV6-132	改造ハンマー	UR	Twilight Masquerade (TCG)	Transformation Mask (/101)	Enhanced Hammer	Item	Eske Yoshinob	TCGdex日本語版	Enhanced Hammer	sv06-148 sv06-224	入れる	
SV6-133	なかよしポフィン	UR	Twilight Masquerade (TCG)	Transformation Mask (/101)	Buddy-Buddy Poffin	Item	AYUMI ODASHIMA	TCGdex日本語版	Buddy-Buddy Poffin	sv08.5-101 sv05-144 me01-167 me02.5-184 sv06-223	入れる	
SV6a-054	デンジャラス光線	ACE	Shrouded Fable (TCG)	Night Wanderer (/064)	Dangerous Laser	Item	inose yukie	TCGdex日本語版	Dangerous Laser	sv06.5-058	入れる	
SV6a-055	ポケバイタルA	ACE	Shrouded Fable (TCG)	Night Wanderer (/064)	Poké Vital A	Item	Toyste Beach	TCGdex日本語版	Poké Vital A	sv06.5-062	入れる	
SV6a-063	ニュートラルセンター	ACE	Shrouded Fable (TCG)	Night Wanderer (/064)	Neutralization Zone	Stadium	imoniii	TCGdex日本語版	Neutralization Zone	sv06.5-060	入れる	
SV6a-065	カプ・ブルル	AR	Shrouded Fable (TCG)	Night Wanderer (/064)	Tapu Bulu	Grass	IKEDA Saki	TCGdex日本語版	Tapu Bulu	sv06.5-065	入れる	
SV6a-066	ヘルガー	AR	Shrouded Fable (TCG)	Night Wanderer (/064)	Houndoom	Fire	Taiga Kasai	TCGdex日本語版	Houndoom	sv06.5-066	入れる	
SV6a-067	タッツー	AR	Shrouded Fable (TCG)	Night Wanderer (/064)	Horsea	Water	Shinya Komatsu	TCGdex日本語版	Horsea	sv06.5-067	入れる	
SV6a-068	ヨマワル	AR	Shrouded Fable (TCG)	Night Wanderer (/064)	Duskull	Psychic	James Turner	TCGdex日本語版	Duskull	sv06.5-068	入れる	
SV6a-069	サマヨール	AR	Shrouded Fable (TCG)	Night Wanderer (/064)	Dusclops	Psychic	James Turner	TCGdex日本語版	Dusclops	sv06.5-069	入れる	
SV6a-070	ヨノワール	AR	Shrouded Fable (TCG)	Night Wanderer (/064)	Dusknoir	Psychic	James Turner	TCGdex日本語版	Dusknoir	sv06.5-070	入れる	
SV6a-071	クレセリア	AR	Shrouded Fable (TCG)	Night Wanderer (/064)	Cresselia	Psychic	satoma	TCGdex日本語版	Cresselia	sv06.5-071	入れる	
SV6a-072	ゾロア	AR	Shrouded Fable (TCG)	Night Wanderer (/064)	Zorua	Darkness	REND	TCGdex日本語版	Zorua	sv06.5-075	入れる	
SV6a-073	ゾウドウ	AR	Shrouded Fable (TCG)	Night Wanderer (/064)	Cufant	Metal	Mina Nakai	TCGdex日本語版	Cufant	sv06.5-076	入れる	
SV6a-074	オノンド	AR	Shrouded Fable (TCG)	Night Wanderer (/064)	Fraxure	Dragon	MINAMINAMI Take	TCGdex日本語版	Fraxure	sv06.5-077	入れる	
SV6a-075	ペルシアン	AR	Shrouded Fable (TCG)	Night Wanderer (/064)	Persian	Colorless	Whisker	TCGdex日本語版	Persian	sv06.5-078	入れる	
SV6a-076	キテルグマ	AR	Shrouded Fable (TCG)	Night Wanderer (/064)	Bewear	Colorless	Takeshi Nakamura	TCGdex日本語版	Bewear	sv06.5-053 sv06.5-079	入れる	
SV6a-077	キングドラex	SR	Shrouded Fable (TCG)	Night Wanderer (/064)	Kingdra ex	Water	PLANETA Igarashi	TCGdex日本語版	Kingdra ex	sv06.5-080	入れる	
SV6a-078	ブロロロームex	SR	Shrouded Fable (TCG)	Night Wanderer (/064)	Revavroom ex	Lightning	PLANETA Mochizuki	TCGdex日本語版	Revavroom ex	sv06.5-015 sv06.5-081	入れる	
SV6a-079	イイネイヌex	SR	Shrouded Fable (TCG)	Night Wanderer (/064)	Okidogi ex	Darkness	5ban Graphics	TCGdex日本語版	Okidogi ex	sv06.5-082	入れる	
SV6a-080	マシマシラex	SR	Shrouded Fable (TCG)	Night Wanderer (/064)	Munkidori ex	Darkness	5ban Graphics	TCGdex日本語版	Munkidori ex	sv06.5-083	入れる	
SV6a-081	キチキギスex	SR	Shrouded Fable (TCG)	Night Wanderer (/064)	Fezandipiti ex	Darkness	5ban Graphics	TCGdex日本語版	Fezandipiti ex	sv06.5-084	入れる	
SV6a-082	モモワロウex	SR	Shrouded Fable (TCG)	Night Wanderer (/064)	Pecharunt ex	Darkness	aky CG Works	TCGdex日本語版	Pecharunt ex	sv06.5-039 sv06.5-085 sv06.5-095	入れる	
SV6a-083	アクロマの執念	SR	Shrouded Fable (TCG)	Night Wanderer (/064)	Colress's Tenacity	Supporter	hncl	TCGdex日本語版	Colress's Tenacity	sv06.5-057 sv06.5-087	入れる	
SV6a-084	アンズの秘技	SR	Shrouded Fable (TCG)	Night Wanderer (/064)	Janine's Secret Art	Supporter	Taira Akitsu	TCGdex日本語版	Janine's Secret Art	sv06.5-059 sv06.5-088 sv08.5-112	入れる	
SV6a-085	カシオペア	SR	Shrouded Fable (TCG)	Night Wanderer (/064)	Cassiopeia	Supporter	Atsushi Furusawa	TCGdex日本語版	Cassiopeia	sv06.5-056 sv06.5-086	入れる	
SV6a-086	クセロシキのたくらみ	SR	Shrouded Fable (TCG)	Night Wanderer (/064)	Xerosic's Machinations	Supporter	GOSSAN	TCGdex日本語版	Xerosic's Machinations	sv06.5-064 sv06.5-089	入れる	
SV6a-087	イイネイヌex	SAR	Shrouded Fable (TCG)	Night Wanderer (/064)	Okidogi ex	Darkness	kantaro	TCGdex日本語版	Okidogi ex	sv06.5-090	入れる	
SV6a-088	マシマシラex	SAR	Shrouded Fable (TCG)	Night Wanderer (/064)	Munkidori ex	Darkness	kantaro	TCGdex日本語版	Munkidori ex	sv06.5-091	入れる	
SV6a-089	キチキギスex	SAR	Shrouded Fable (TCG)	Night Wanderer (/064)	Fezandipiti ex	Darkness	kantaro	TCGdex日本語版	Fezandipiti ex	sv06.5-092	入れる	
SV6a-090	モモワロウex	SAR	Shrouded Fable (TCG)	Night Wanderer (/064)	Pecharunt ex	Darkness	kantaro	TCGdex日本語版	Pecharunt ex	sv06.5-093	入れる	
SV6a-091	カシオペア	SAR	Shrouded Fable (TCG)	Night Wanderer (/064)	Cassiopeia	Supporter	burari	TCGdex日本語版	Cassiopeia	sv06.5-094	入れる	
SV6a-092	モモワロウex	UR	Shrouded Fable (TCG)	Night Wanderer (/064)	Pecharunt ex	Darkness	aky CG Works	TCGdex日本語版	Pecharunt ex	sv06.5-039 sv06.5-085 sv06.5-095	入れる	
SV6a-093	大地の器	UR	Shrouded Fable (TCG)	Night Wanderer (/064)	Earthen Vessel	Item	AYUMI ODASHIMA	TCGdex日本語版	Earthen Vessel	sv06.5-096 sv08.5-106 sv04-163	入れる	
SV6a-094	力の砂時計	UR	Shrouded Fable (TCG)	Night Wanderer (/064)	Powerglass	Pokémon Tool	Studio Bora Inc.	TCGdex日本語版	Powerglass	sv06.5-063 sv06.5-097	入れる	
SV7-094	きらめく結晶	ACE	Stellar Crown (TCG)	Stellar Miracle (/102)	Sparkling Crystal	Pokémon Tool	Toyste Beach	TCGdex日本語版	Sparkling Crystal	sv08.5-129 sv07-142	入れる	
SV7-096	デラックスボム	ACE	Stellar Crown (TCG)	Stellar Miracle (/102)	Deluxe Bomb	Pokémon Tool	inose yukie	TCGdex日本語版	Deluxe Bomb	sv07-134	入れる	
SV7-101	偉大な大樹	ACE	Stellar Crown (TCG)	Stellar Miracle (/102)	Grand Tree	Stadium	AYUMI ODASHIMA	TCGdex日本語版	Grand Tree	sv07-136	入れる	
SV7-115	カミツオロチex	SR	Stellar Crown (TCG)	Stellar Miracle (/102)	Hydrapple ex	Grass	5ban Graphics	TCGdex日本語版	Hydrapple ex	sv08.5-011 sv07-014 sv07-156	入れる	
SV7-116	エースバーンex	SR	Stellar Crown (TCG)	Stellar Miracle (/102)	Cinderace ex	Fire	5ban Graphics	TCGdex日本語版	Cinderace ex	sv07-028 me02.5-038 sv07-157 svp-163	入れる	
SV7-117	ラプラスex	SR	Stellar Crown (TCG)	Stellar Miracle (/102)	Lapras ex	Water	5ban Graphics	TCGdex日本語版	Lapras ex	me03-022 sv07-032 sv07-158 svp-164	入れる	
SV7-118	デンチュラex	SR	Stellar Crown (TCG)	Stellar Miracle (/102)	Galvantula ex	Lightning	5ban Graphics	TCGdex日本語版	Galvantula ex	sv07-051 sv07-159	入れる	
SV7-119	バウッツェルex	SR	Stellar Crown (TCG)	Stellar Miracle (/102)	Dachsbun ex	Psychic	PLANETA Mochizuki	TCGdex日本語版	Dachsbun ex	sv07-160	入れる	
SV7-120	チャーレムex	SR	Stellar Crown (TCG)	Stellar Miracle (/102)	Medicham ex	Fighting	PLANETA Yamashita	TCGdex日本語版	Medicham ex	sv07-080 sv07-161	入れる	
SV7-121	ミミズズex	SR	Stellar Crown (TCG)	Stellar Miracle (/102)	Orthworm ex	Metal	PLANETA Mochizuki	TCGdex日本語版	Orthworm ex	sv07-162	入れる	
SV7-122	テラパゴスex	SR	Stellar Crown (TCG)	Stellar Miracle (/102)	Terapagos ex	Colorless	5ban Graphics	TCGdex日本語版	Terapagos ex	sv08.5-092 sv07-128 svp-165 sv07-173 me02.5-179 sv08.5-180	入れる	
SV7-123	アカマツ	SR	Stellar Crown (TCG)	Stellar Miracle (/102)	Crispin	Supporter	GIDORA	TCGdex日本語版	Crispin	sv08.5-105 sv07-133 sv07-164	入れる	
SV7-124	タロ	SR	Stellar Crown (TCG)	Stellar Miracle (/102)	Lacey	Supporter	Sanosuke Sakuma	TCGdex日本語版	Lacey	sv08.5-114 sv07-139 sv07-166	入れる	
SV7-125	ハイダイ	SR	Stellar Crown (TCG)	Stellar Miracle (/102)	Kofu	Supporter	Hideki Ishikawa	TCGdex日本語版	Kofu	sv07-138 sv07-165	入れる	
SV7-126	ブライア	SR	Stellar Crown (TCG)	Stellar Miracle (/102)	Briar	Supporter	Naoki Saito	TCGdex日本語版	Briar	sv08.5-100 sv07-132 sv07-163	入れる	
SV7-127	カミツオロチex	SAR	Stellar Crown (TCG)	Stellar Miracle (/102)	Hydrapple ex	Grass	Teeziro	TCGdex日本語版	Hydrapple ex	sv07-167	入れる	
SV7-128	デンチュラex	SAR	Stellar Crown (TCG)	Stellar Miracle (/102)	Galvantula ex	Lightning	MARINA Chikazawa	TCGdex日本語版	Galvantula ex	sv07-168	入れる	
SV7-129	バウッツェルex	SAR	Stellar Crown (TCG)	Stellar Miracle (/102)	Dachsbun ex	Psychic	Yuu Nishida	TCGdex日本語版	Dachsbun ex	sv07-169	入れる	
SV7-130	テラパゴスex	SAR	Stellar Crown (TCG)	Stellar Miracle (/102)	Terapagos ex	Colorless	Saboteri	TCGdex日本語版	Terapagos ex	sv07-170	入れる	
SV7-131	タロ	SAR	Stellar Crown (TCG)	Stellar Miracle (/102)	Lacey	Supporter	Souichirou Gunjima	TCGdex日本語版	Lacey	sv07-172	入れる	
SV7-132	ブライア	SAR	Stellar Crown (TCG)	Stellar Miracle (/102)	Briar	Supporter	DOM	TCGdex日本語版	Briar	sv07-171	入れる	
SV7-133	テラパゴスex	UR	Stellar Crown (TCG)	Stellar Miracle (/102)	Terapagos ex	Colorless	5ban Graphics	TCGdex日本語版	Terapagos ex	sv08.5-092 sv07-128 svp-165 sv07-173 me02.5-179 sv08.5-180	入れる	
SV7-134	勇気のおまもり	UR	Stellar Crown (TCG)	Stellar Miracle (/102)	Bravery Charm	Pokémon Tool	Toyste Beach	TCGdex日本語版	Bravery Charm	sv02-173 sv07-175	入れる	
SV7-135	ゼロの大空洞	UR	Stellar Crown (TCG)	Stellar Miracle (/102)	Area Zero Underdepths	Stadium	MARINA Chikazawa	TCGdex日本語版	Area Zero Underdepths	sv08.5-094 sv07-131 sv07-174	入れる	
SV7a-052	エネルギー転送PRO	ACE	Paradise Dragona (TCG)	Paradise Dragona (/064)	Energy Search Pro	Item	Toyste Beach	TCGdex日本語版	Energy Search Pro	sv08-176	入れる	
SV7a-056	メガトンブロアー	ACE	Paradise Dragona (TCG)	Paradise Dragona (/064)	Megaton Blower	Item	Toyste Beach	TCGdex日本語版	Megaton Blower	sv08-182	入れる	
SV7a-064	リッチエネルギー	ACE	Paradise Dragona (TCG)	Paradise Dragona (/064)	Enriching Energy	Energy	5ban Graphics	TCGdex日本語版			TCGdex 英語版の同じ名前のカードとイラストレーターが違う（英語版: ）	
SV7a-077	ブラックキュレムex	SR	Paradise Dragona (TCG)	Paradise Dragona (/064)	Black Kyurem ex	Water	N-DESIGN Inc.	TCGdex日本語版	Black Kyurem ex	sv08-218	入れる	
SV7a-078	ラティアスex	SR	Paradise Dragona (TCG)	Paradise Dragona (/064)	Latias ex	Psychic	takuyoa	TCGdex日本語版	Latias ex	sv08-076 sv08-220	入れる	
SV7a-079	フライゴンex	SR	Paradise Dragona (TCG)	Paradise Dragona (/064)	Flygon ex	Fighting	5ban Graphics	TCGdex日本語版	Flygon ex	sv08-106 sv08-222	入れる	
SV7a-080	ブリジュラスex	SR	Paradise Dragona (TCG)	Paradise Dragona (/064)	Archaludon ex	Metal	5ban Graphics	TCGdex日本語版	Archaludon ex	sv08-130 sv08-224	入れる	
SV7a-081	アローラ ナッシーex	SR	Paradise Dragona (TCG)	Paradise Dragona (/064)	Alolan Exeggutor ex	Dragon	aky CG Works	TCGdex日本語版	Alolan Exeggutor ex	sv08-133 sv08-225 sv08-248	入れる	
SV7a-082	モトトカゲex	SR	Paradise Dragona (TCG)	Paradise Dragona (/064)	Cyclizar ex	Colorless	5ban Graphics	TCGdex日本語版	Cyclizar ex	svp-018 sv08-159 sv08-228	入れる	
SV7a-083	カキツバタ	SR	Paradise Dragona (TCG)	Paradise Dragona (/064)	Drayton	Supporter	GIDORA	TCGdex日本語版	Drayton	sv08-174 sv08-232	入れる	
SV7a-084	サーファー	SR	Paradise Dragona (TCG)	Paradise Dragona (/064)	Surfer	Supporter	Sanosuke Sakuma	TCGdex日本語版	Surfer	sv08-187 sv08-235	入れる	
SV7a-085	ドラセナ	SR	Paradise Dragona (TCG)	Paradise Dragona (/064)	Drasna	Supporter	Hideki Ishikawa	TCGdex日本語版	Drasna	sv08-173 sv08-231	入れる	
SV7a-086	ルチアのアピール	SR	Paradise Dragona (TCG)	Paradise Dragona (/064)	Lisia's Appeal	Supporter	En Morikura	TCGdex日本語版	Lisia's Appeal	sv08-179 sv08-234	入れる	
SV7a-087	ラティアスex	SAR	Paradise Dragona (TCG)	Paradise Dragona (/064)	Latias ex	Psychic	OKACHEKE	TCGdex日本語版	Latias ex	sv08-239	入れる	
SV7a-088	ブリジュラスex	SAR	Paradise Dragona (TCG)	Paradise Dragona (/064)	Archaludon ex	Metal	Shinya Mizuno	TCGdex日本語版	Archaludon ex	sv08-241	入れる	
SV7a-089	アローラ ナッシーex	SAR	Paradise Dragona (TCG)	Paradise Dragona (/064)	Alolan Exeggutor ex	Dragon	Yuriko Akase	TCGdex日本語版	Alolan Exeggutor ex	sv08-242	入れる	
SV7a-090	カキツバタ	SAR	Paradise Dragona (TCG)	Paradise Dragona (/064)	Drayton	Supporter	DOM	TCGdex日本語版	Drayton	sv08-244	入れる	
SV7a-091	ルチアのアピール	SAR	Paradise Dragona (TCG)	Paradise Dragona (/064)	Lisia's Appeal	Supporter	Nobusawa/Mochipuyo	TCGdex日本語版	Lisia's Appeal	sv08-246	入れる	
SV7a-092	アローラ ナッシーex	UR	Paradise Dragona (TCG)	Paradise Dragona (/064)	Alolan Exeggutor ex	Dragon	aky CG Works	TCGdex日本語版	Alolan Exeggutor ex	sv08-133 sv08-225 sv08-248	入れる	
SV7a-093	カウンターゲイン	UR	Paradise Dragona (TCG)	Paradise Dragona (/064)	Counter Gain	Pokémon Tool	Toyste Beach	TCGdex日本語版	Counter Gain	sv08-169 sm8-170 me02.5-186 sm8-230 sv08-249 me02.5-259	入れる	
SV7a-094	ジェットエネルギー	UR	Paradise Dragona (TCG)	Paradise Dragona (/064)	Jet Energy	Energy					イラストレーターが分からない（TCGdex・公式とも無し）	
SV8-095	スクランブルスイッチ	ACE	Super Electric Breaker (TCG)	Super Electric Breaker (/106)	Scramble Switch	Item	Ayaka Yoshida	TCGdex日本語版	Scramble Switch	sv08-186	入れる	
SV8-097	ミラクルインカム	ACE	Super Electric Breaker (TCG)	Super Electric Breaker (/106)	Miracle Headset	Item	inose yukie	TCGdex日本語版	Miracle Headset	sv08-183	入れる	
SV8-098	希望のアミュレット	ACE	Super Electric Breaker (TCG)	Super Electric Breaker (/106)	Amulet of Hope	Pokémon Tool	Toyste Beach	TCGdex日本語版	Amulet of Hope	sv08-162	入れる	
SV8-107	ビビヨン	AR	Super Electric Breaker (TCG)	Super Electric Breaker (/106)	Vivillon	Grass	REND	TCGdex日本語版	Vivillon	sv08-193	入れる	
SV8-108	メラルバ	AR	Super Electric Breaker (TCG)	Super Electric Breaker (/106)	Larvesta	Fire	Whisker	TCGdex日本語版	Larvesta	sv08-196	入れる	
SV8-109	ソウブレイズ	AR	Super Electric Breaker (TCG)	Super Electric Breaker (/106)	Ceruledge	Fire	Rond	TCGdex日本語版	Ceruledge	sv08-197	入れる	
SV8-110	ヒンバス	AR	Super Electric Breaker (TCG)	Super Electric Breaker (/106)	Feebas	Water	Kuroimori	TCGdex日本語版	Feebas	sv08-198	入れる	
SV8-111	タマザラシ	AR	Super Electric Breaker (TCG)	Super Electric Breaker (/106)	Spheal	Water	miki kudo	TCGdex日本語版	Spheal	sv08-199	入れる	
SV8-112	レアコイル	AR	Super Electric Breaker (TCG)	Super Electric Breaker (/106)	Magneton	Lightning	Shinji Kanda	TCGdex日本語版	Magneton	svp-159	入れる	
SV8-113	マッギョ	AR	Super Electric Breaker (TCG)	Super Electric Breaker (/106)	Stunfisk	Lightning	N-DESIGN Inc.	TCGdex日本語版	Stunfisk	sv08-202	入れる	
SV8-114	エムリット	AR	Super Electric Breaker (TCG)	Super Electric Breaker (/106)	Mesprit	Psychic	HYOGONOSUKE	TCGdex日本語版	Mesprit	sv08-079 sv08-204	入れる	
SV8-115	ゴマゾウ	AR	Super Electric Breaker (TCG)	Super Electric Breaker (/106)	Phanpy	Fighting	Saboteri	TCGdex日本語版	Phanpy	sv08-205	入れる	
SV8-116	アローラ ダグトリオ	AR	Super Electric Breaker (TCG)	Super Electric Breaker (/106)	Alolan Dugtrio	Metal	Yukihiro Tada	TCGdex日本語版	Alolan Dugtrio	sv08-208	入れる	
SV8-117	ナマケロ	AR	Super Electric Breaker (TCG)	Super Electric Breaker (/106)	Slakoth	Colorless	Mékayu	TCGdex日本語版	Slakoth	sv08-212	入れる	
SV8-118	カクレオン	AR	Super Electric Breaker (TCG)	Super Electric Breaker (/106)	Kecleon	Colorless	Mori Yuu	TCGdex日本語版	Kecleon	sv08-213	入れる	
SV8-119	アイアントex	SR	Super Electric Breaker (TCG)	Super Electric Breaker (/106)	Durant ex	Grass	PLANETA Tsuji	TCGdex日本語版	Durant ex	sv08-004 sv08-215	入れる	
SV8-120	スコヴィランex	SR	Super Electric Breaker (TCG)	Super Electric Breaker (/106)	Scovillain ex	Fire	PLANETA Igarashi	TCGdex日本語版	Scovillain ex	sv08-216	入れる	
SV8-121	ミロカロスex	SR	Super Electric Breaker (TCG)	Super Electric Breaker (/106)	Milotic ex	Water	N-DESIGN Inc.	TCGdex日本語版	Milotic ex	sv08-217	入れる	
SV8-122	ピカチュウex	SR	Super Electric Breaker (TCG)	Super Electric Breaker (/106)	Pikachu ex	Lightning	aky CG Works	TCGdex日本語版	Pikachu ex	me02.5-057 sv08-057 sv08.5-179 sv08-219 sv08-247	入れる	
SV8-123	シロデスナex	SR	Super Electric Breaker (TCG)	Super Electric Breaker (/106)	Palossand ex	Psychic	5ban Graphics	TCGdex日本語版	Palossand ex	sv08-091 sv08-221	入れる	
SV8-124	サザンドラex	SR	Super Electric Breaker (TCG)	Super Electric Breaker (/106)	Hydreigon ex	Darkness	5ban Graphics	TCGdex日本語版	Hydreigon ex	sv10.5w-067 sv08-119 sv10.5w-161 sv08-223	入れる	
SV8-125	シャリタツex	SR	Super Electric Breaker (TCG)	Super Electric Breaker (/106)	Tatsugiri ex	Dragon	5ban Graphics	TCGdex日本語版	Tatsugiri ex	sv08-142 sv08-226	入れる	
SV8-126	ケッキングex	SR	Super Electric Breaker (TCG)	Super Electric Breaker (/106)	Slaking ex	Colorless	PLANETA Igarashi	TCGdex日本語版	Slaking ex	sv08-147 sv08-227	入れる	
SV8-127	シアノ	SR	Super Electric Breaker (TCG)	Super Electric Breaker (/106)	Cyrano	Supporter	Akira Komayama	TCGdex日本語版	Cyrano	sv08-170 sv08-230	入れる	
SV8-128	シトロンの機転	SR	Super Electric Breaker (TCG)	Super Electric Breaker (/106)	Clemont's Quick Wit	Supporter	Naoki Saito	TCGdex日本語版	Clemont's Quick Wit	sv08-167 sv08-229	入れる	
SV8-129	ミカンのまなざし	SR	Super Electric Breaker (TCG)	Super Electric Breaker (/106)	Jasmine's Gaze	Supporter	Taira Akitsu	TCGdex日本語版	Jasmine's Gaze	sv08-178 sv08-233	入れる	
SV8-130	アイアントex	SAR	Super Electric Breaker (TCG)	Super Electric Breaker (/106)	Durant ex	Grass	osare	TCGdex日本語版	Durant ex	sv08-236	入れる	
SV8-131	ミロカロスex	SAR	Super Electric Breaker (TCG)	Super Electric Breaker (/106)	Milotic ex	Water	Kuroimori	TCGdex日本語版	Milotic ex	sv08-237	入れる	
SV8-132	ピカチュウex	SAR	Super Electric Breaker (TCG)	Super Electric Breaker (/106)	Pikachu ex	Lightning	GIDORA	TCGdex日本語版	Pikachu ex	sv08-238	入れる	
SV8-133	サザンドラex	SAR	Super Electric Breaker (TCG)	Super Electric Breaker (/106)	Hydreigon ex	Darkness	AKIRA EGAWA	TCGdex日本語版	Hydreigon ex	sv08-240	入れる	
SV8-134	シトロンの機転	SAR	Super Electric Breaker (TCG)	Super Electric Breaker (/106)	Clemont's Quick Wit	Supporter	Shinya Mizuno	TCGdex日本語版	Clemont's Quick Wit	sv08-243	入れる	
SV8-135	ミカンのまなざし	SAR	Super Electric Breaker (TCG)	Super Electric Breaker (/106)	Jasmine's Gaze	Supporter	Fujimoto Gold	TCGdex日本語版	Jasmine's Gaze	sv08-245	入れる	
SV8-136	ピカチュウex	UR	Super Electric Breaker (TCG)	Super Electric Breaker (/106)	Pikachu ex	Lightning	aky CG Works	TCGdex日本語版	Pikachu ex	me02.5-057 sv08-057 sv08.5-179 sv08-219 sv08-247	入れる	
SV8-137	夜のタンカ	UR	Super Electric Breaker (TCG)	Super Electric Breaker (/106)	Night Stretcher	Item	Toyste Beach	TCGdex日本語版	Night Stretcher	sv06.5-061 me01-173 me02.5-196 sv08-251	入れる	
SV8-138	グラビティーマウンテン	UR	Super Electric Breaker (TCG)	Super Electric Breaker (/106)	Gravity Mountain	Stadium	AYUMI ODASHIMA	TCGdex日本語版	Gravity Mountain	sv08-177 sv08-250	入れる	
SV8a-152	きらめく結晶	ACE	Terastal Fest ex (TCG)	Terastal Fest ex (/187)	Sparkling Crystal	Pokémon Tool	Toyste Beach	TCGdex日本語版	Sparkling Crystal	sv08.5-129 sv07-142	入れる	
SV8a-159	マキシマムベルト	ACE	Terastal Fest ex (TCG)	Terastal Fest ex (/187)	Maximum Belt	Pokémon Tool	inose yukie	TCGdex日本語版	Maximum Belt	sv08.5-117 sv05-154	入れる	
SV8a-184	ニュートラルセンター	ACE	Terastal Fest ex (TCG)	Terastal Fest ex (/187)	Neutralization Zone	Stadium	imoniii	TCGdex日本語版	Neutralization Zone	sv06.5-060	入れる	
SV8a-187	レガシーエネルギー	ACE	Terastal Fest ex (TCG)	Terastal Fest ex (/187)	Legacy Energy	Energy					イラストレーターが分からない（TCGdex・公式とも無し）	
SV8a-195	パルデアの仲間たち	SR	Terastal Fest ex (TCG)	Terastal Fest ex (/187)	Friends in Paldea	Supporter	Cona Nitanda	TCGdex日本語版	Friends in Paldea	sv08.5-109 sv08.5-137	入れる	
SV8a-201	オーガポン みどりのめんex	SAR	Terastal Fest ex (TCG)	Terastal Fest ex (/187)	Teal Mask Ogerpon ex	Grass	Yukihiro Tada	TCGdex日本語版	Teal Mask Ogerpon ex	sv08.5-145	入れる	
SV8a-204	オーガポン かまどのめんex	SAR	Terastal Fest ex (TCG)	Terastal Fest ex (/187)	Hearthflame Mask Ogerpon ex	Fire	Yukihiro Tada	TCGdex日本語版	Hearthflame Mask Ogerpon ex	sv08.5-148	入れる	
SV8a-208	オーガポン いどのめんex	SAR	Terastal Fest ex (TCG)	Terastal Fest ex (/187)	Wellspring Mask Ogerpon ex	Water	Yukihiro Tada	TCGdex日本語版	Wellspring Mask Ogerpon ex	sv08.5-152	入れる	
SV8a-216	オーガポン いしずえのめんex	SAR	Terastal Fest ex (TCG)	Terastal Fest ex (/187)	Cornerstone Mask Ogerpon ex	Fighting	Yukihiro Tada	TCGdex日本語版	Cornerstone Mask Ogerpon ex	sv08.5-160	入れる	
SV8a-225	ガチグマ アカツキex	SAR	Terastal Fest ex (TCG)	Terastal Fest ex (/187)	Bloodmoon Ursaluna ex	Colorless	Yano Keiji	TCGdex日本語版	Bloodmoon Ursaluna ex	sv08.5-168	入れる	
SV8a-228	アンズの秘技	SAR	Terastal Fest ex (TCG)	Terastal Fest ex (/187)	Janine's Secret Art	Supporter	Ligton	TCGdex日本語版	Janine's Secret Art	sv08.5-173	入れる	
SV8a-234	オーガポン みどりのめんex	UR	Terastal Fest ex (TCG)	Terastal Fest ex (/187)	Teal Mask Ogerpon ex	Grass	5ban Graphics	TCGdex日本語版	Teal Mask Ogerpon ex	sv08.5-012 sv06-025 svp-166 sv08.5-177 sv06-190 sv06-221	入れる	
SV9-113	ボルケニオンex	SR	Battle Partners (TCG)	Battle Partners (/100)	Volcanion ex	Fire	5ban Graphics	TCGdex日本語版	Volcanion ex	sv09-031 sv09-171	入れる	
SV9-114	ナンジャモのハラバリーex	SR	Battle Partners (TCG)	Battle Partners (/100)	Iono's Bellibolt ex	Lightning	5ban Graphics	TCGdex日本語版	Iono's Bellibolt ex	sv09-053 me02.5-070 sv09-172 sv09-188	入れる	
SV9-115	リーリエのピッピex	SR	Battle Partners (TCG)	Battle Partners (/100)	Lillie's Clefairy ex	Psychic	5ban Graphics	TCGdex日本語版	Lillie's Clefairy ex	sv09-056 me02.5-076 sv09-173	入れる	
SV9-116	マンムーex	SR	Battle Partners (TCG)	Battle Partners (/100)	Mamoswine ex	Fighting	N-DESIGN Inc.	TCGdex日本語版	Mamoswine ex	sv09-174	入れる	
SV9-117	Nのゾロアークex	SR	Battle Partners (TCG)	Battle Partners (/100)	N's Zoroark ex	Darkness	takuyoa	TCGdex日本語版	N's Zoroark ex	sv09-098 me02.5-137 sv09-175 sv09-189	入れる	
SV9-118	ホップのザシアンex	SR	Battle Partners (TCG)	Battle Partners (/100)	Hop's Zacian ex	Metal	aky CG Works	TCGdex日本語版	Hop's Zacian ex	sv09-111 sv09-176	入れる	
SV9-119	ボーマンダex	SR	Battle Partners (TCG)	Battle Partners (/100)	Salamence ex	Dragon	5ban Graphics	TCGdex日本語版	Salamence ex	30th-109 sv09-177	入れる	
SV9-120	ノココッチex	SR	Battle Partners (TCG)	Battle Partners (/100)	Dudunsparce ex	Colorless	5ban Graphics	TCGdex日本語版	Dudunsparce ex	sv09-121 sv09-178	入れる	
SV9-121	アイリスの闘志	SR	Battle Partners (TCG)	Battle Partners (/100)	Iris's Fighting Spirit	Supporter	yuu	TCGdex日本語版	Iris's Fighting Spirit	sv09-149 sv09-180 me02.5-190	入れる	
SV9-122	怖いお兄さん	SR	Battle Partners (TCG)	Battle Partners (/100)	Ruffian	Supporter	Hideki Ishikawa	TCGdex日本語版	Ruffian	sv09-157 sv09-181	入れる	
SV9-123	タケシのスカウト	SR	Battle Partners (TCG)	Battle Partners (/100)	Brock's Scouting	Supporter	Teeziro	TCGdex日本語版	Brock's Scouting	sv09-146 sv09-179	入れる	
SV9-124	ボルケニオンex	SAR	Battle Partners (TCG)	Battle Partners (/100)	Volcanion ex	Fire	akagi	TCGdex日本語版	Volcanion ex	sv09-182	入れる	
SV9-125	ナンジャモのハラバリーex	SAR	Battle Partners (TCG)	Battle Partners (/100)	Iono's Bellibolt ex	Lightning	Yuu Nishida	TCGdex日本語版	Iono's Bellibolt ex	sv09-183	入れる	
SV9-126	リーリエのピッピex	SAR	Battle Partners (TCG)	Battle Partners (/100)	Lillie's Clefairy ex	Psychic	Susumu Maeya	TCGdex日本語版	Lillie's Clefairy ex	sv09-184	入れる	
SV9-127	Nのゾロアークex	SAR	Battle Partners (TCG)	Battle Partners (/100)	N's Zoroark ex	Darkness	Megumi Mizutani	TCGdex日本語版	N's Zoroark ex	sv09-185	入れる	
SV9-128	ホップのザシアンex	SAR	Battle Partners (TCG)	Battle Partners (/100)	Hop's Zacian ex	Metal	DOM	TCGdex日本語版	Hop's Zacian ex	sv09-186	入れる	
SV9-129	ボーマンダex	SAR	Battle Partners (TCG)	Battle Partners (/100)	Salamence ex	Dragon	Tsuyoshi Nagano	TCGdex日本語版	Salamence ex	sv09-187	入れる	
SV9-130	ナンジャモのハラバリーex	UR	Battle Partners (TCG)	Battle Partners (/100)	Iono's Bellibolt ex	Lightning	5ban Graphics	TCGdex日本語版	Iono's Bellibolt ex	sv09-053 me02.5-070 sv09-172 sv09-188	入れる	
SV9-131	Nのゾロアークex	UR	Battle Partners (TCG)	Battle Partners (/100)	N's Zoroark ex	Darkness	takuyoa	TCGdex日本語版	N's Zoroark ex	sv09-098 me02.5-137 sv09-175 sv09-189	入れる	
SV9-132	スパイクエネルギー	UR	Battle Partners (TCG)	Battle Partners (/100)	Spiky Energy	Energy					イラストレーターが分からない（TCGdex・公式とも無し）	
SV9a-076	メガヤンマex	SR	Hot Wind Arena (TCG)	Hot Wind Arena (/063)	Yanmega ex	Grass	takuyoa	TCGdex日本語版	Yanmega ex	sv10-003 sv10-206	入れる	
SV9a-077	ヒビキのホウオウex	SR	Hot Wind Arena (TCG)	Hot Wind Arena (/063)	Ethan's Ho-Oh ex	Fire	aky CG Works	TCGdex日本語版	Ethan's Ho-Oh ex	me02.5-026 sv10-039 sv10-209 sv10-239	入れる	
SV9a-078	ヘイラッシャex	SR	Hot Wind Arena (TCG)	Hot Wind Arena (/063)	Dondozo ex	Water	N-DESIGN Inc.	TCGdex日本語版	Dondozo ex	sv10-066 sv10-211	入れる	
SV9a-079	エレキブルex	SR	Hot Wind Arena (TCG)	Hot Wind Arena (/063)	Electivire ex	Lightning	PLANETA Mochizuki	TCGdex日本語版	Electivire ex	sv10-069 sv10-212	入れる	
SV9a-080	シロナのガブリアスex	SR	Hot Wind Arena (TCG)	Hot Wind Arena (/063)	Cynthia's Garchomp ex	Fighting	5ban Graphics	TCGdex日本語版	Cynthia's Garchomp ex	sv10-104 me02.5-111 sv10-215 sv10-241	入れる	
SV9a-081	ペパーのマフィティフex	SR	Hot Wind Arena (TCG)	Hot Wind Arena (/063)	Arven's Mabosstiff ex	Darkness	PLANETA Igarashi	TCGdex日本語版	Arven's Mabosstiff ex	sv10-218	入れる	
SV9a-082	MCの盛り上げ	SR	Hot Wind Arena (TCG)	Hot Wind Arena (/063)	Emcee's Hype	Supporter	Cona Nitanda	TCGdex日本語版	Emcee's Hype	sv10-163 sv10-220	入れる	
SV9a-083	ジャッジマン	SR	Hot Wind Arena (TCG)	Hot Wind Arena (/063)	Judge	Supporter	kantaro	TCGdex日本語版	Judge	me03-076 sv10-167 sv10-222	入れる	
SV9a-084	ヒビキの冒険	SR	Hot Wind Arena (TCG)	Hot Wind Arena (/063)	Ethan's Adventure	Supporter	Iori Suzuki	TCGdex日本語版	Ethan's Adventure	sv10-165 sv10-221	入れる	
SV9a-085	メガヤンマex	SAR	Hot Wind Arena (TCG)	Hot Wind Arena (/063)	Yanmega ex	Grass	Tonji Matsuno	TCGdex日本語版	Yanmega ex	sv10-228	入れる	
SV9a-086	ヒビキのホウオウex	SAR	Hot Wind Arena (TCG)	Hot Wind Arena (/063)	Ethan's Ho-Oh ex	Fire	Atsushi Furusawa	TCGdex日本語版	Ethan's Ho-Oh ex	sv10-230	入れる	
SV9a-087	シロナのガブリアスex	SAR	Hot Wind Arena (TCG)	Hot Wind Arena (/063)	Cynthia's Garchomp ex	Fighting	HICO KIM	TCGdex日本語版	Cynthia's Garchomp ex	sv10-232	入れる	
SV9a-088	ペパーのマフィティフex	SAR	Hot Wind Arena (TCG)	Hot Wind Arena (/063)	Arven's Mabosstiff ex	Darkness	Yuriko Akase	TCGdex日本語版	Arven's Mabosstiff ex	sv10-235	入れる	
SV9a-089	ヒビキの冒険	SAR	Hot Wind Arena (TCG)	Hot Wind Arena (/063)	Ethan's Adventure	Supporter	Kariya	TCGdex日本語版	Ethan's Adventure	sv10-236	入れる	
SV9a-090	ヒビキのホウオウex	UR	Hot Wind Arena (TCG)	Hot Wind Arena (/063)	Ethan's Ho-Oh ex	Fire	aky CG Works	TCGdex日本語版	Ethan's Ho-Oh ex	me02.5-026 sv10-039 sv10-209 sv10-239	入れる	
SV9a-091	シロナのガブリアスex	UR	Hot Wind Arena (TCG)	Hot Wind Arena (/063)	Cynthia's Garchomp ex	Fighting	5ban Graphics	TCGdex日本語版	Cynthia's Garchomp ex	sv10-104 me02.5-111 sv10-215 sv10-241	入れる	
SV9a-092	ハッコウシティ	UR	Hot Wind Arena (TCG)	Hot Wind Arena (/063)	Levincia	Stadium	MARINA Chikazawa	TCGdex日本語版	Levincia	sv09-150 sv10-244	入れる	
SVHK-023	すごいつりざお		Starter Deck & Build Sets (TCG)	Ancient Koraidon ex Starter Deck & Build Set (/053)	Super Rod	Item	Toyste Beach	公式details.php(45311)	Super Rod	xy8-149 sv02-188 sv02-276	入れる	
SVHK-024	ダークパッチ		Starter Deck & Build Sets (TCG)	Ancient Koraidon ex Starter Deck & Build Set (/053)	Dark Patch	Item	Ryo Ueda	公式details.php(45312)	Dark Patch	swsh10-139 swsh11-216	入れる	
SVHK-025	大地の器		Starter Deck & Build Sets (TCG)	Ancient Koraidon ex Starter Deck & Build Set (/053)	Earthen Vessel	Item					イラストレーターが分からない（TCGdex・公式とも無し）	
SVHK-026	トレッキングシューズ		Starter Deck & Build Sets (TCG)	Ancient Koraidon ex Starter Deck & Build Set (/053)	Trekking Shoes	Item					イラストレーターが分からない（TCGdex・公式とも無し）	
SVHK-027	ネストボール		Starter Deck & Build Sets (TCG)	Ancient Koraidon ex Starter Deck & Build Set (/053)	Nest Ball	Item					イラストレーターが分からない（TCGdex・公式とも無し）	
SVHK-028	ハイパーボール		Starter Deck & Build Sets (TCG)	Ancient Koraidon ex Starter Deck & Build Set (/053)	Ultra Ball	Item					イラストレーターが分からない（TCGdex・公式とも無し）	
SVHK-029	ヒスイのヘビーボール		Starter Deck & Build Sets (TCG)	Ancient Koraidon ex Starter Deck & Build Set (/053)	Hisuian Heavy Ball	Item					イラストレーターが分からない（TCGdex・公式とも無し）	
SVHK-030	ふしぎなアメ		Starter Deck & Build Sets (TCG)	Ancient Koraidon ex Starter Deck & Build Set (/053)	Rare Candy	Item					イラストレーターが分からない（TCGdex・公式とも無し）	
SVHK-031	ポケモンいれかえ		Starter Deck & Build Sets (TCG)	Ancient Koraidon ex Starter Deck & Build Set (/053)	Switch	Item					イラストレーターが分からない（TCGdex・公式とも無し）	
SVHK-032	マスターボール		Starter Deck & Build Sets (TCG)	Ancient Koraidon ex Starter Deck & Build Set (/053)	Master Ball	Item					イラストレーターが分からない（TCGdex・公式とも無し）	
SVHK-033	ロストスイーパー		Starter Deck & Build Sets (TCG)	Ancient Koraidon ex Starter Deck & Build Set (/053)	Lost Vacuum	Item					イラストレーターが分からない（TCGdex・公式とも無し）	
SVHK-034	ガチガチバンド		Starter Deck & Build Sets (TCG)	Ancient Koraidon ex Starter Deck & Build Set (/053)	Rigid Band	Pokémon Tool					イラストレーターが分からない（TCGdex・公式とも無し）	
SVHK-035	ブーストエナジー 古代		Starter Deck & Build Sets (TCG)	Ancient Koraidon ex Starter Deck & Build Set (/053)	Ancient Booster Energy Capsule	Pokémon Tool					イラストレーターが分からない（TCGdex・公式とも無し）	
SVHK-036	森の封印石		Starter Deck & Build Sets (TCG)	Ancient Koraidon ex Starter Deck & Build Set (/053)	Forest Seal Stone	Item					イラストレーターが分からない（TCGdex・公式とも無し）	
SVHK-037	勇気のおまもり		Starter Deck & Build Sets (TCG)	Ancient Koraidon ex Starter Deck & Build Set (/053)	Bravery Charm	Pokémon Tool					イラストレーターが分からない（TCGdex・公式とも無し）	
SVHK-038	オーリム博士の気迫		Starter Deck & Build Sets (TCG)	Ancient Koraidon ex Starter Deck & Build Set (/053)	Professor Sada's Vitality	Supporter					イラストレーターが分からない（TCGdex・公式とも無し）	
SVHK-039	カイ		Starter Deck & Build Sets (TCG)	Ancient Koraidon ex Starter Deck & Build Set (/053)	Irida	Supporter					イラストレーターが分からない（TCGdex・公式とも無し）	
SVHK-040	シロナの覇気		Starter Deck & Build Sets (TCG)	Ancient Koraidon ex Starter Deck & Build Set (/053)	Cynthia's Ambition	Supporter					イラストレーターが分からない（TCGdex・公式とも無し）	
SVHK-041	ナタネの活気		Starter Deck & Build Sets (TCG)	Ancient Koraidon ex Starter Deck & Build Set (/053)	Gardenia's Vigor	Supporter					イラストレーターが分からない（TCGdex・公式とも無し）	
SVHK-042	ナンジャモ		Starter Deck & Build Sets (TCG)	Ancient Koraidon ex Starter Deck & Build Set (/053)	Iono	Supporter					イラストレーターが分からない（TCGdex・公式とも無し）	
SVHK-043	ネモ		Starter Deck & Build Sets (TCG)	Ancient Koraidon ex Starter Deck & Build Set (/053)	Nemona	Supporter					イラストレーターが分からない（TCGdex・公式とも無し）	
SVHK-044	博士の研究		Starter Deck & Build Sets (TCG)	Ancient Koraidon ex Starter Deck & Build Set (/053)	Professor's Research	Supporter					イラストレーターが分からない（TCGdex・公式とも無し）	
SVHK-045	ペパー		Starter Deck & Build Sets (TCG)	Ancient Koraidon ex Starter Deck & Build Set (/053)	Arven	Supporter					イラストレーターが分からない（TCGdex・公式とも無し）	
SVHK-046	ボスの指令		Starter Deck & Build Sets (TCG)	Ancient Koraidon ex Starter Deck & Build Set (/053)	Boss's Orders	Supporter					イラストレーターが分からない（TCGdex・公式とも無し）	
SVHK-047	シンオウ神殿		Starter Deck & Build Sets (TCG)	Ancient Koraidon ex Starter Deck & Build Set (/053)	Temple of Sinnoh	Stadium					イラストレーターが分からない（TCGdex・公式とも無し）	
SVHK-048	ビーチコート		Starter Deck & Build Sets (TCG)	Ancient Koraidon ex Starter Deck & Build Set (/053)	Beach Court	Stadium					イラストレーターが分からない（TCGdex・公式とも無し）	
SVHK-049	ボウルタウン		Starter Deck & Build Sets (TCG)	Ancient Koraidon ex Starter Deck & Build Set (/053)	Artazon	Stadium					イラストレーターが分からない（TCGdex・公式とも無し）	
SVHK-050	マグマの滝壺		Starter Deck & Build Sets (TCG)	Ancient Koraidon ex Starter Deck & Build Set (/053)	Magma Basin	Stadium					イラストレーターが分からない（TCGdex・公式とも無し）	
SVHK-051	ダブルターボエネルギー		Starter Deck & Build Sets (TCG)	Ancient Koraidon ex Starter Deck & Build Set (/053)	Double Turbo Energy	Energy					イラストレーターが分からない（TCGdex・公式とも無し）	
SVHK-052	リバーサルエネルギー		Starter Deck & Build Sets (TCG)	Ancient Koraidon ex Starter Deck & Build Set (/053)	Reversal Energy	Energy					イラストレーターが分からない（TCGdex・公式とも無し）	
SVHK-053	ルミナスエネルギー		Starter Deck & Build Sets (TCG)	Ancient Koraidon ex Starter Deck & Build Set (/053)	Luminous Energy	Energy					イラストレーターが分からない（TCGdex・公式とも無し）	
SVHM-023	すごいつりざお		Starter Deck & Build Sets (TCG)	Future Miraidon ex Starter Deck & Build Set (/053)	Super Rod	Item	Toyste Beach	公式details.php(45364)	Super Rod	xy8-149 sv02-188 sv02-276	入れる	
SVHM-024	ダークパッチ		Starter Deck & Build Sets (TCG)	Future Miraidon ex Starter Deck & Build Set (/053)	Dark Patch	Item	Ryo Ueda	公式details.php(45365)	Dark Patch	swsh10-139 swsh11-216	入れる	
SVHM-025	テクノレーダー		Starter Deck & Build Sets (TCG)	Future Miraidon ex Starter Deck & Build Set (/053)	Techno Radar	Item					イラストレーターが分からない（TCGdex・公式とも無し）	
SVHM-026	トレッキングシューズ		Starter Deck & Build Sets (TCG)	Future Miraidon ex Starter Deck & Build Set (/053)	Trekking Shoes	Item					イラストレーターが分からない（TCGdex・公式とも無し）	
SVHM-027	ネストボール		Starter Deck & Build Sets (TCG)	Future Miraidon ex Starter Deck & Build Set (/053)	Nest Ball	Item					イラストレーターが分からない（TCGdex・公式とも無し）	
SVHM-028	ハイパーボール		Starter Deck & Build Sets (TCG)	Future Miraidon ex Starter Deck & Build Set (/053)	Ultra Ball	Item					イラストレーターが分からない（TCGdex・公式とも無し）	
SVHM-029	ヒスイのヘビーボール		Starter Deck & Build Sets (TCG)	Future Miraidon ex Starter Deck & Build Set (/053)	Hisuian Heavy Ball	Item					イラストレーターが分からない（TCGdex・公式とも無し）	
SVHM-030	ふしぎなアメ		Starter Deck & Build Sets (TCG)	Future Miraidon ex Starter Deck & Build Set (/053)	Rare Candy	Item					イラストレーターが分からない（TCGdex・公式とも無し）	
SVHM-031	ポケモンいれかえ		Starter Deck & Build Sets (TCG)	Future Miraidon ex Starter Deck & Build Set (/053)	Switch	Item					イラストレーターが分からない（TCGdex・公式とも無し）	
SVHM-032	マスターボール		Starter Deck & Build Sets (TCG)	Future Miraidon ex Starter Deck & Build Set (/053)	Master Ball	Item					イラストレーターが分からない（TCGdex・公式とも無し）	
SVHM-033	ロストスイーパー		Starter Deck & Build Sets (TCG)	Future Miraidon ex Starter Deck & Build Set (/053)	Lost Vacuum	Item					イラストレーターが分からない（TCGdex・公式とも無し）	
SVHM-034	ガチガチバンド		Starter Deck & Build Sets (TCG)	Future Miraidon ex Starter Deck & Build Set (/053)	Rigid Band	Pokémon Tool					イラストレーターが分からない（TCGdex・公式とも無し）	
SVHM-035	ブーストエナジー 未来		Starter Deck & Build Sets (TCG)	Future Miraidon ex Starter Deck & Build Set (/053)	Future Booster Energy Capsule	Pokémon Tool					イラストレーターが分からない（TCGdex・公式とも無し）	
SVHM-036	森の封印石		Starter Deck & Build Sets (TCG)	Future Miraidon ex Starter Deck & Build Set (/053)	Forest Seal Stone	Item					イラストレーターが分からない（TCGdex・公式とも無し）	
SVHM-037	勇気のおまもり		Starter Deck & Build Sets (TCG)	Future Miraidon ex Starter Deck & Build Set (/053)	Bravery Charm	Pokémon Tool					イラストレーターが分からない（TCGdex・公式とも無し）	
SVHM-038	カイ		Starter Deck & Build Sets (TCG)	Future Miraidon ex Starter Deck & Build Set (/053)	Irida	Supporter					イラストレーターが分からない（TCGdex・公式とも無し）	
SVHM-039	シロナの覇気		Starter Deck & Build Sets (TCG)	Future Miraidon ex Starter Deck & Build Set (/053)	Cynthia's Ambition	Supporter					イラストレーターが分からない（TCGdex・公式とも無し）	
SVHM-040	ナタネの活気		Starter Deck & Build Sets (TCG)	Future Miraidon ex Starter Deck & Build Set (/053)	Gardenia's Vigor	Supporter					イラストレーターが分からない（TCGdex・公式とも無し）	
SVHM-041	ナンジャモ		Starter Deck & Build Sets (TCG)	Future Miraidon ex Starter Deck & Build Set (/053)	Iono	Supporter					イラストレーターが分からない（TCGdex・公式とも無し）	
SVHM-042	ネモ		Starter Deck & Build Sets (TCG)	Future Miraidon ex Starter Deck & Build Set (/053)	Nemona	Supporter					イラストレーターが分からない（TCGdex・公式とも無し）	
SVHM-043	博士の研究		Starter Deck & Build Sets (TCG)	Future Miraidon ex Starter Deck & Build Set (/053)	Professor's Research	Supporter					イラストレーターが分からない（TCGdex・公式とも無し）	
SVHM-044	フトゥー博士のシナリオ		Starter Deck & Build Sets (TCG)	Future Miraidon ex Starter Deck & Build Set (/053)	Professor Turo's Scenario	Supporter					イラストレーターが分からない（TCGdex・公式とも無し）	
SVHM-045	ペパー		Starter Deck & Build Sets (TCG)	Future Miraidon ex Starter Deck & Build Set (/053)	Arven	Supporter					イラストレーターが分からない（TCGdex・公式とも無し）	
SVHM-046	ボスの指令		Starter Deck & Build Sets (TCG)	Future Miraidon ex Starter Deck & Build Set (/053)	Boss's Orders	Supporter					イラストレーターが分からない（TCGdex・公式とも無し）	
SVHM-047	シンオウ神殿		Starter Deck & Build Sets (TCG)	Future Miraidon ex Starter Deck & Build Set (/053)	Temple of Sinnoh	Stadium					イラストレーターが分からない（TCGdex・公式とも無し）	
SVHM-048	ビーチコート		Starter Deck & Build Sets (TCG)	Future Miraidon ex Starter Deck & Build Set (/053)	Beach Court	Stadium					イラストレーターが分からない（TCGdex・公式とも無し）	
SVHM-049	ボウルタウン		Starter Deck & Build Sets (TCG)	Future Miraidon ex Starter Deck & Build Set (/053)	Artazon	Stadium					イラストレーターが分からない（TCGdex・公式とも無し）	
SVHM-050	マグマの滝壺		Starter Deck & Build Sets (TCG)	Future Miraidon ex Starter Deck & Build Set (/053)	Magma Basin	Stadium					イラストレーターが分からない（TCGdex・公式とも無し）	
SVHM-051	ダブルターボエネルギー		Starter Deck & Build Sets (TCG)	Future Miraidon ex Starter Deck & Build Set (/053)	Double Turbo Energy	Energy					イラストレーターが分からない（TCGdex・公式とも無し）	
SVHM-052	リバーサルエネルギー		Starter Deck & Build Sets (TCG)	Future Miraidon ex Starter Deck & Build Set (/053)	Reversal Energy	Energy					イラストレーターが分からない（TCGdex・公式とも無し）	
SVHM-053	ルミナスエネルギー		Starter Deck & Build Sets (TCG)	Future Miraidon ex Starter Deck & Build Set (/053)	Luminous Energy	Energy					イラストレーターが分からない（TCGdex・公式とも無し）	
VS1-143	金属エネルギー										Bulbapedia の一覧に無い	
VS1-144	闇のエネルギー										Bulbapedia の一覧に無い	
VS1-151	レインボーエネルギー										Bulbapedia の一覧に無い	
neo2-057	壁を台無しにする[aerodactyl]	U									Bulbapedia の一覧に無い	
XY1-Bx-061	フシギバナEX	SR	XY (TCG)	Collection X (/060)	Venusaur-EX	Grass	Ryo Ueda	公式details.php(35758)	Venusaur-EX	xy1-141	入れる	
XY1-Bx-062	エアームドEX	SR	XY (TCG)	Collection X (/060)	Skarmory-EX	Metal	Ryo Ueda	公式details.php(35759)	Skarmory-EX	xy1-145	入れる	
XY1-Bx-063	ゼルネアスEX	SR	XY (TCG)	Collection X (/060)	Xerneas-EX	Fairy	5ban Graphics	公式details.php(35760)	Xerneas-EX	xy1-97 xy1-146 cel25cc-CC023 xyp-XY07	入れる	
XY1-By-061	カメックスEX	SR	XY (TCG)	Collection Y (/060)	Blastoise-EX	Water	Ryo Ueda	公式details.php(35761)	Blastoise-EX	xy1-142	入れる	
XY1-By-062	エモンガEX	SR	XY (TCG)	Collection Y (/060)	Emolga-EX	Lightning	Ryo Ueda	公式details.php(35762)	Emolga-EX	xy1-143	入れる	
XY1-By-063	イベルタルEX	SR	XY (TCG)	Collection Y (/060)	Yveltal-EX	Darkness	5ban Graphics	公式details.php(35763)	Yveltal-EX	xy1-79 xy1-144 xyp-XY08	入れる	
XY2-081	リザードンEX	SR	Flashfire (TCG)	Wild Blaze (/080)	Charizard-EX	Fire	Ryo Ueda	公式details.php(35764)	Charizard-EX	xy2-100	入れる	
XY2-082	ジバコイルEX	SR	Flashfire (TCG)	Wild Blaze (/080)	Magnezone-EX	Lightning	Ryo Ueda	公式details.php(35765)	Magnezone-EX	xy2-101	入れる	
XY2-083	ドクロッグEX	SR	Flashfire (TCG)	Wild Blaze (/080)	Toxicroak-EX	Psychic	Ryo Ueda	公式details.php(35766)	Toxicroak-EX	xy2-102	入れる	
XY2-084	ガルーラEX	SR	Flashfire (TCG)	Wild Blaze (/080)	Kangaskhan-EX	Colorless	Ryo Ueda	公式details.php(35767)	Kangaskhan-EX	xy2-103	入れる	
XY2-085	フラダリ	SR	Flashfire (TCG)	Wild Blaze (/080)	Lysandre	Supporter	Ken Sugimori	公式details.php(35768)	Lysandre	xy7-78 xy2-90 xy2-104	入れる	
XY2-086	ポケモンセンターのお姉さん	SR	Flashfire (TCG)	Wild Blaze (/080)	Pokémon Center Lady	Supporter	Megumi Mizutani	公式details.php(35769)	Pokémon Center Lady	xy2-105	入れる	
XY2-087	ポケモンだいすきクラブ	SR	Flashfire (TCG)	Wild Blaze (/080)	Pokémon Fan Club	Supporter	Emi Ando	公式details.php(35770)	Pokémon Fan Club	xy2-106	入れる	
XY3-097	ヘラクロスEX	SR	Furious Fists (TCG)	Rising Fist (/096)	Heracross-EX	Grass	Ryo Ueda	公式details.php(35771)	Heracross-EX	xy3-105	入れる	
XY3-098	ガマゲロゲEX	SR	Furious Fists (TCG)	Rising Fist (/096)	Seismitoad-EX	Water	Ryo Ueda	公式details.php(35772)	Seismitoad-EX	xy3-106	入れる	
XY3-099	ルカリオEX	SR	Furious Fists (TCG)	Rising Fist (/096)	Lucario-EX	Fighting	Ryo Ueda	公式details.php(35773)	Lucario-EX	xy3-107	入れる	
XY3-100	カイリューEX	SR	Furious Fists (TCG)	Rising Fist (/096)	Dragonite-EX	Dragon	Ryo Ueda	公式details.php(35774)	Dragonite-EX	xy12-106 xy3-108	入れる	
XY3-101	化石研究員	SR	Furious Fists (TCG)	Rising Fist (/096)	Fossil Researcher	Supporter	Naoki Saito	公式details.php(35775)	Fossil Researcher	xy3-92 xy3-110	入れる	
XY3-102	コルニ	SR	Furious Fists (TCG)	Rising Fist (/096)	Korrina	Supporter	Yusuke Ohmura	公式details.php(35776)	Korrina	xy3-111	入れる	
XY3-103	バトルレポーター	SR	Furious Fists (TCG)	Rising Fist (/096)	Battle Reporter	Supporter	Shin Nagasawa	公式details.php(35777)	Battle Reporter	xy3-88 xy3-109	入れる	
XY4-089	ライボルトEX	SR	Phantom Forces (TCG)	Phantom Gate (/088)	Manectric-EX	Lightning	Ryo Ueda	公式details.php(35778)	Manectric-EX	xy4-113	入れる	
XY4-090	ゲンガーEX	SR	Phantom Forces (TCG)	Phantom Gate (/088)	Gengar-EX	Psychic	Ryo Ueda	公式details.php(35779)	Gengar-EX	xy4-114	入れる	
XY4-091	カラマネロEX	SR	Phantom Forces (TCG)	Phantom Gate (/088)	Malamar-EX	Darkness	Ryo Ueda	公式details.php(35780)	Malamar-EX	xy4-115	入れる	
XY4-092	フラージェスEX	SR	Phantom Forces (TCG)	Phantom Gate (/088)	Florges-EX	Fairy	Ryo Ueda	公式details.php(35781)	Florges-EX	xy4-116	入れる	
XY4-093	AZ	SR	Phantom Forces (TCG)	Phantom Gate (/088)	AZ	Supporter	Naoki Saito	公式details.php(35782)	AZ	xy4-117	入れる	
XY4-094	クセロシキ	SR	Phantom Forces (TCG)	Phantom Gate (/088)	Xerosic	Supporter	Masakazu Fukuda	公式details.php(35783)	Xerosic	xy4-119	入れる	
XY4-095	フラダリの奥の手	SR	Phantom Forces (TCG)	Phantom Gate (/088)	Lysandre's Trump Card	Supporter	Hitoshi Ariga	公式details.php(35784)	Lysandre's Trump Card	xy4-99 xy4-118	入れる	
XY5-Bg-071	オーロットEX	SR	Primal Clash (TCG)	Gaia Volcano (/070)	Trevenant-EX	Grass	Ryo Ueda	公式details.php(35785)	Trevenant-EX	xy5-145	入れる	
XY5-Bg-072	バクーダEX	SR	Primal Clash (TCG)	Gaia Volcano (/070)	Camerupt-EX	Fire	Ryo Ueda	公式details.php(35786)	Camerupt-EX	xy5-146	入れる	
XY5-Bg-073	グラードンEX	SR	Primal Clash (TCG)	Gaia Volcano (/070)	Groudon-EX	Fighting	5ban Graphics	公式details.php(35787)	Groudon-EX	bw5-106 xy5-150	入れる	
XY5-Bg-074	ゲンシグラードンEX	SR	Primal Clash (TCG)	Gaia Volcano (/070)	Primal Groudon-EX	Fighting	5ban Graphics	公式details.php(35788)	Primal Groudon-EX	xy5-86 xy7-97 xy5-151	入れる	
XY5-Bg-075	ボスゴドラEX	SR	Primal Clash (TCG)	Gaia Volcano (/070)	Aggron-EX	Metal	Ryo Ueda	公式details.php(35789)	Aggron-EX	xy5-153	入れる	
XY5-Bg-076	メガボスゴドラEX	SR	Primal Clash (TCG)	Gaia Volcano (/070)	M Aggron-EX	Metal	5ban Graphics	公式details.php(35790)	M Aggron-EX	xy5-94 xy5-154	入れる	
XY5-Bg-077	センパイとコウハイ	SR	Primal Clash (TCG)	Gaia Volcano (/070)	Teammates	Supporter	Hitoshi Ariga	公式details.php(35791)	Teammates	xy5-160	入れる	
XY5-Bg-078	マツブサの隠し玉	SR	Primal Clash (TCG)	Gaia Volcano (/070)	Maxie's Hidden Ball Trick	Supporter	Hitoshi Ariga	公式details.php(35792)	Maxie's Hidden Ball Trick	xy5-158	入れる	
XY5-Bt-071	ホエルオーEX	SR	Primal Clash (TCG)	Tidal Storm (/070)	Wailord-EX	Water	Ryo Ueda	公式details.php(35793)	Wailord-EX	xy5-147	入れる	
XY5-Bt-072	カイオーガEX	SR	Primal Clash (TCG)	Tidal Storm (/070)	Kyogre-EX	Water	5ban Graphics	公式details.php(35794)	Kyogre-EX	bw5-104 xy5-148	入れる	
XY5-Bt-073	ゲンシカイオーガEX	SR	Primal Clash (TCG)	Tidal Storm (/070)	Primal Kyogre-EX	Water	5ban Graphics	公式details.php(35795)	Primal Kyogre-EX	xy5-55 xy7-96 xy5-149	入れる	
XY5-Bt-074	サメハダーEX	SR	Primal Clash (TCG)	Tidal Storm (/070)	Sharpedo-EX	Darkness	Ryo Ueda	公式details.php(35796)	Sharpedo-EX	xy5-152	入れる	
XY5-Bt-075	サーナイトEX	SR	Primal Clash (TCG)	Tidal Storm (/070)	Gardevoir-EX	Fairy	Ryo Ueda	公式details.php(35797)	Gardevoir-EX	xy11-111 xy5-155	入れる	
XY5-Bt-076	メガサーナイトEX	SR	Primal Clash (TCG)	Tidal Storm (/070)	M Gardevoir-EX	Fairy	5ban Graphics	公式details.php(35798)	M Gardevoir-EX	30th-c-023 xy11-79 xy5-106 xy11-112 xy5-156	入れる	
XY5-Bt-077	アオギリの切り札	SR	Primal Clash (TCG)	Tidal Storm (/070)	Archie's Ace in the Hole	Supporter	Hitoshi Ariga	公式details.php(35799)	Archie's Ace in the Hole	xy5-157	入れる	
XY5-Bt-078	オダマキ博士の観察	SR	Primal Clash (TCG)	Tidal Storm (/070)	Professor Birch's Observations	Supporter	Hitoshi Ariga	公式details.php(35800)	Professor Birch's Observations	xy5-159	入れる	
XY6-B-079	ボルトロスEX	SR	Roaring Skies (TCG)	Emerald Break (/078)	Thundurus-EX	Lightning	Ryo Ueda	公式details.php(35801)	Thundurus-EX	xy6-98	入れる	
XY6-B-080	エルレイドEX	SR	Roaring Skies (TCG)	Emerald Break (/078)	Gallade-EX	Psychic	Ryo Ueda	公式details.php(35802)	Gallade-EX	xy6-99	入れる	
XY6-B-081	メガエルレイドEX	SR	Roaring Skies (TCG)	Emerald Break (/078)	M Gallade-EX	Psychic	5ban Graphics	公式details.php(35807)	M Gallade-EX	xy6-35 xy6-100	入れる	
XY6-B-082	ラティオスEX	SR	Roaring Skies (TCG)	Emerald Break (/078)	Latios-EX	Dragon	Ryo Ueda	公式details.php(35803)	Latios-EX	bw9-86 xy6-101 bw9-113	入れる	
XY6-B-083	メガラティオスEX	SR	Roaring Skies (TCG)	Emerald Break (/078)	M Latios-EX	Dragon	5ban Graphics	公式details.php(35808)	M Latios-EX	xy6-59 xy6-102	入れる	
XY6-B-084	サザンドラEX	SR	Roaring Skies (TCG)	Emerald Break (/078)	Hydreigon-EX	Dragon	Ryo Ueda	公式details.php(35804)	Hydreigon-EX	xy6-103	入れる	
XY6-B-085	レックウザEX	SR	Roaring Skies (TCG)	Emerald Break (/078)	Rayquaza-EX	Colorless	Ryo Ueda	公式details.php(35805)	Rayquaza-EX	xy6-104	入れる	
XY6-B-086	メガレックウザEX	SR	Roaring Skies (TCG)	Emerald Break (/078)	M Rayquaza-EX	Colorless	5ban Graphics	公式details.php(35809)	M Rayquaza-EX	xy6-61 xy6-76 xy7-98 xy6-105 cel25cc-CC024	入れる	
XY6-B-087	シェイミEX	SR	Roaring Skies (TCG)	Emerald Break (/078)	Shaymin-EX	Colorless	Ryo Ueda	公式details.php(35806)	Shaymin-EX	xy6-106	入れる	
XY6-B-088	ナギ	SR	Roaring Skies (TCG)	Emerald Break (/078)	Winona	Supporter	Megumi Mizutani	公式details.php(35810)	Winona	xy6-96 xy6-108	入れる	
XY6-B-089	ミツル	SR	Roaring Skies (TCG)	Emerald Break (/078)	Wally	Supporter	Emi Ando	公式details.php(35811)	Wally	xy6-107	入れる	
XY7-B-082	ジュカインEX	SR	Ancient Origins (TCG)	Bandit Ring (/081)	Sceptile-EX	Grass	Ryo Ueda	公式details.php(35812)	Sceptile-EX	xy7-84	入れる	
XY7-B-083	メガジュカインEX	SR	Ancient Origins (TCG)	Bandit Ring (/081)	M Sceptile-EX	Grass	5ban Graphics	公式details.php(35813)	M Sceptile-EX	xy7-8 xy7-85	入れる	
XY7-B-084	キュレムEX	SR	Ancient Origins (TCG)	Bandit Ring (/081)	Kyurem-EX	Water	Ryo Ueda	公式details.php(35814)	Kyurem-EX	xy7-86	入れる	
XY7-B-085	デンリュウEX	SR	Ancient Origins (TCG)	Bandit Ring (/081)	Ampharos-EX	Lightning	Ryo Ueda	公式details.php(35815)	Ampharos-EX	xy7-87	入れる	
XY7-B-086	メガデンリュウEX	SR	Ancient Origins (TCG)	Bandit Ring (/081)	M Ampharos-EX	Lightning	5ban Graphics	公式details.php(35816)	M Ampharos-EX	xy7-28 xy7-88	入れる	
XY7-B-087	フーパEX	SR	Ancient Origins (TCG)	Bandit Ring (/081)	Hoopa-EX	Psychic	5ban Graphics	公式details.php(35817)	Hoopa-EX	xy7-89	入れる	
XY7-B-088	カイリキーEX	SR	Ancient Origins (TCG)	Bandit Ring (/081)	Machamp-EX	Fighting	Ryo Ueda	公式details.php(35818)	Machamp-EX	xy7-90	入れる	
XY7-B-089	バンギラスEX	SR	Ancient Origins (TCG)	Bandit Ring (/081)	Tyranitar-EX	Darkness	Ryo Ueda	公式details.php(35819)	Tyranitar-EX	xy7-91	入れる	
XY7-B-090	メガバンギラスEX	SR	Ancient Origins (TCG)	Bandit Ring (/081)	M Tyranitar-EX	Darkness	5ban Graphics	公式details.php(35820)	M Tyranitar-EX	xy7-43 xy7-92	入れる	
XY7-B-091	ギラティナEX	SR	Ancient Origins (TCG)	Bandit Ring (/081)	Giratina-EX	Dragon	Ryo Ueda	公式details.php(35821)	Giratina-EX	xy7-93	入れる	
XY7-B-092	ルギアEX	SR	Ancient Origins (TCG)	Bandit Ring (/081)	Lugia-EX	Colorless	Ryo Ueda	公式details.php(35822)	Lugia-EX	xy7-94	入れる	
XY7-B-093	ゲンシカイオーガEX	UR	Ancient Origins (TCG)	Bandit Ring (/081)	Primal Kyogre-EX	Water	5ban Graphics	公式details.php(31090)	Primal Kyogre-EX	xy5-55 xy7-96 xy5-149	入れる	
XY7-B-094	ゲンシグラードンEX	UR	Ancient Origins (TCG)	Bandit Ring (/081)	Primal Groudon-EX	Fighting	5ban Graphics	公式details.php(31091)	Primal Groudon-EX	xy5-86 xy7-97 xy5-151	入れる	
XY7-B-095	メガレックウザEX	UR	Ancient Origins (TCG)	Bandit Ring (/081)	M Rayquaza-EX	Colorless	5ban Graphics	公式details.php(31092)	M Rayquaza-EX	xy6-61 xy6-76 xy7-98 xy6-105 cel25cc-CC024	入れる	
XY8-Bb-060	オニゴーリEX	SR	BREAKthrough (TCG)	Blue Shock (/059)	Glalie-EX	Water	Ryo Ueda	公式details.php(35823)	Glalie-EX	xy8-155	入れる	
XY8-Bb-061	メガオニゴーリEX	SR	BREAKthrough (TCG)	Blue Shock (/059)	M Glalie-EX	Water	5ban Graphics	公式details.php(35824)	M Glalie-EX	xy8-35 xy8-156	入れる	
XY8-Bb-062	ミュウツーEX	SR	BREAKthrough (TCG)	Blue Shock (/059)	Mewtwo-EX	Psychic	Ryo Ueda	公式details.php(35825)	Mewtwo-EX	xy12-103 xy8-157 xy8-158	入れる	
XY8-Bb-063	メガミュウツーEX	SR	BREAKthrough (TCG)	Blue Shock (/059)	M Mewtwo-EX	Psychic	5ban Graphics	公式details.php(35826)	M Mewtwo-EX	xy8-63 xy8-64 xy8-159 xy8-160	入れる	
XY8-Bb-064	アズサ	SR	BREAKthrough (TCG)	Blue Shock (/059)	Brigette	Supporter	Megumi Mizutani	公式details.php(35827)	Brigette	xy8-134 xy8-161	入れる	
XY8-Br-060	ヘルガーEX	SR	BREAKthrough (TCG)	Red Flash (/059)	Houndoom-EX	Fire	Ryo Ueda	公式details.php(35828)	Houndoom-EX	xy8-153	入れる	
XY8-Br-061	メガヘルガーEX	SR	BREAKthrough (TCG)	Red Flash (/059)	M Houndoom-EX	Fire	5ban Graphics	公式details.php(35829)	M Houndoom-EX	xy8-22 xy8-154	入れる	
XY8-Br-062	ミュウツーEX	SR	BREAKthrough (TCG)	Red Flash (/059)	Mewtwo-EX	Psychic	Ryo Ueda	公式details.php(35830)	Mewtwo-EX	xy12-103 xy8-157 xy8-158	入れる	
XY8-Br-063	メガミュウツーEX	SR	BREAKthrough (TCG)	Red Flash (/059)	M Mewtwo-EX	Psychic	5ban Graphics	公式details.php(35831)	M Mewtwo-EX	xy8-63 xy8-64 xy8-159 xy8-160	入れる	
XY8-Br-064	サカキの計画	SR	BREAKthrough (TCG)	Red Flash (/059)	Giovanni's Scheme	Supporter	Ken Sugimori	公式details.php(35832)	Giovanni's Scheme	xy8-138 xy8-162	入れる	
XY9-B-081	ギャラドスEX	SR	BREAKpoint (TCG)	Rage of the Broken Heavens (/080)	Gyarados-EX	Water	Ryo Ueda	公式details.php(35833)	Gyarados-EX	xy9-114	入れる	
XY9-B-082	メガギャラドスEX	SR	BREAKpoint (TCG)	Rage of the Broken Heavens (/080)	M Gyarados-EX	Water	5ban Graphics	公式details.php(35834)	M Gyarados-EX	xy9-27 xy9-115	入れる	
XY9-B-083	マナフィEX	SR	BREAKpoint (TCG)	Rage of the Broken Heavens (/080)	Manaphy-EX	Water	Ryo Ueda	公式details.php(35835)	Manaphy-EX	xy9-116	入れる	
XY9-B-084	エーフィEX	SR	BREAKpoint (TCG)	Rage of the Broken Heavens (/080)	Espeon-EX	Psychic	Ryo Ueda	公式details.php(35836)	Espeon-EX	xy9-117	入れる	
XY9-B-085	ダークライEX	SR	BREAKpoint (TCG)	Rage of the Broken Heavens (/080)	Darkrai-EX	Darkness	Ryo Ueda	公式details.php(35837)	Darkrai-EX	xy9-118	入れる	
XY9-B-086	ハッサムEX	SR	BREAKpoint (TCG)	Rage of the Broken Heavens (/080)	Scizor-EX	Metal	Ryo Ueda	公式details.php(35838)	Scizor-EX	xy9-119	入れる	
XY9-B-087	メガハッサムEX	SR	BREAKpoint (TCG)	Rage of the Broken Heavens (/080)	M Scizor-EX	Metal	5ban Graphics	公式details.php(35839)	M Scizor-EX	xy9-77 xy9-120	入れる	
XY9-B-088	ホウオウEX	SR	BREAKpoint (TCG)	Rage of the Broken Heavens (/080)	Ho-Oh-EX	Colorless	Ryo Ueda	公式details.php(35840)	Ho-Oh-EX	xy9-121	入れる	
XY10-B-079	グレイシアEX	SR	Fates Collide (TCG)	Awakening Psychic King (/078)	Glaceon-EX	Water	Ryo Ueda	公式details.php(35841)	Glaceon-EX	xy10-116	入れる	
XY10-B-080	フーディンEX	SR	Fates Collide (TCG)	Awakening Psychic King (/078)	Alakazam-EX	Psychic	Ryo Ueda	公式details.php(35842)	Alakazam-EX	xy10-117 xy10-125	入れる	
XY10-B-081	メガフーディンEX	SR	Fates Collide (TCG)	Awakening Psychic King (/078)	M Alakazam-EX	Psychic	5ban Graphics	公式details.php(35843)	M Alakazam-EX	xy10-26 xy10-118	入れる	
XY10-B-082	ブラッキーEX	SR	Fates Collide (TCG)	Awakening Psychic King (/078)	Umbreon-EX	Darkness	Ryo Ueda	公式details.php(35844)	Umbreon-EX	xy10-119	入れる	
XY10-B-083	ゲノセクトEX	SR	Fates Collide (TCG)	Awakening Psychic King (/078)	Genesect-EX	Metal	Ryo Ueda	公式details.php(35845)	Genesect-EX	xy10-120	入れる	
XY10-B-084	メガチルタリスEX	SR	Fates Collide (TCG)	Awakening Psychic King (/078)	M Altaria-EX	Fairy	5ban Graphics	公式details.php(35846)	M Altaria-EX	xy10-69 xy10-121	入れる	
XY10-B-085	キングドラEX	SR	Fates Collide (TCG)	Awakening Psychic King (/078)	Kingdra-EX	Dragon	Ryo Ueda	公式details.php(35847)	Kingdra-EX	xy10-122	入れる	
XY10-B-086	チルタリスEX	SR	Fates Collide (TCG)	Awakening Psychic King (/078)	Altaria-EX	Colorless	Ryo Ueda	公式details.php(35848)	Altaria-EX	xy10-123	入れる	
XY10-B-087	ロケット団の工作	SR	Fates Collide (TCG)	Awakening Psychic King (/078)	Team Rocket's Handiwork	Supporter	Hitoshi Ariga	公式details.php(35849)	Team Rocket's Handiwork	xy10-112 xy10-124	入れる	
XY11-Bb-055	ボルケニオンEX	SR	Steam Siege (TCG)	Fever-Burst Fighter (/054)	Volcanion-EX	Fire	5ban Graphics	公式details.php(35850)	Volcanion-EX	xy11-26 xy11-107 xy11-115 xyp-XY173	入れる	
XY11-Bb-056	ハガネールEX	SR	Steam Siege (TCG)	Fever-Burst Fighter (/054)	Steelix-EX	Metal	Ryo Ueda	公式details.php(35851)	Steelix-EX	xy11-108	入れる	
XY11-Bb-057	メガハガネールEX	SR	Steam Siege (TCG)	Fever-Burst Fighter (/054)	M Steelix-EX	Metal	5ban Graphics	公式details.php(35852)	M Steelix-EX	xy11-68 xy11-109	入れる	
XY11-Bb-058	ポケモンレンジャー	SR	Steam Siege (TCG)	Fever-Burst Fighter (/054)	Pokémon Ranger	Supporter	Megumi Mizutani	公式details.php(35853)	Pokémon Ranger	xy11-113	入れる	
XY11-Br-055	マギアナEX	SR	Steam Siege (TCG)	Cruel Traitor (/054)	Magearna-EX	Metal	5ban Graphics	公式details.php(35854)	Magearna-EX	xy11-75 xy11-110 xyp-XY175	入れる	
XY11-Br-056	サーナイトEX	SR	Steam Siege (TCG)	Cruel Traitor (/054)	Gardevoir-EX	Fairy	Ryo Ueda	公式details.php(35855)	Gardevoir-EX	xy11-111 xy5-155	入れる	
XY11-Br-057	メガサーナイトEX	SR	Steam Siege (TCG)	Cruel Traitor (/054)	M Gardevoir-EX	Fairy	5ban Graphics	公式details.php(35856)	M Gardevoir-EX	30th-c-023 xy11-79 xy5-106 xy11-112 xy5-156	入れる	
XY11-Br-058	ポケモンレンジャー	SR	Steam Siege (TCG)	Cruel Traitor (/054)	Pokémon Ranger	Supporter	Megumi Mizutani	公式details.php(35857)	Pokémon Ranger	xy11-113	入れる	
CP5-037	イベルタルEX		Mythical & Legendary Dream Shine Collection (TCG)	Mythical & Legendary Dream Shine Collection (/036)	Yveltal-EX	Darkness					イラストレーターが分からない（TCGdex・公式とも無し）	
CP5-038	ゼルネアスEX		Mythical & Legendary Dream Shine Collection (TCG)	Mythical & Legendary Dream Shine Collection (/036)	Xerneas-EX	Fairy					イラストレーターが分からない（TCGdex・公式とも無し）	
CP6-088	フシギバナEX	SR	Evolutions (TCG)	Expansion Pack 20th Anniversary (/087)	Venusaur-EX	Grass					イラストレーターが分からない（TCGdex・公式とも無し）	
CP6-089	メガフシギバナEX	SR	Evolutions (TCG)	Expansion Pack 20th Anniversary (/087)	M Venusaur-EX	Grass	5ban Graphics	公式details.php(35861)	M Venusaur-EX	g1-2 xy1-2 xy12-2 xy12-100	入れる	
CP6-090	リザードンEX	SR	Evolutions (TCG)	Expansion Pack 20th Anniversary (/087)	Charizard-EX	Fire					イラストレーターが分からない（TCGdex・公式とも無し）	
CP6-091	メガリザードンEX	SR	Evolutions (TCG)	Expansion Pack 20th Anniversary (/087)	M Charizard-EX	Fire	5ban Graphics	公式details.php(35863)	M Charizard-EX	g1-12 xy2-13 xy12-13 xy2-69 xy12-101 xy2-107 xy2-108	入れる	
CP6-092	カメックスEX	SR	Evolutions (TCG)	Expansion Pack 20th Anniversary (/087)	Blastoise-EX	Water					イラストレーターが分からない（TCGdex・公式とも無し）	
CP6-093	メガカメックスEX	SR	Evolutions (TCG)	Expansion Pack 20th Anniversary (/087)	M Blastoise-EX	Water	5ban Graphics	公式details.php(35865)	M Blastoise-EX	g1-18 xy12-22 xy1-30 xy12-102	入れる	
CP6-094	ピカチュウEX	SR	Evolutions (TCG)	Expansion Pack 20th Anniversary (/087)	Pikachu-EX	Lightning					イラストレーターが分からない（TCGdex・公式とも無し）	
CP6-095	ミュウツーEX	SR	Evolutions (TCG)	Expansion Pack 20th Anniversary (/087)	Mewtwo-EX	Psychic					イラストレーターが分からない（TCGdex・公式とも無し）	
CP6-096	ピジョットEX	SR	Evolutions (TCG)	Expansion Pack 20th Anniversary (/087)	Pidgeot-EX	Colorless					イラストレーターが分からない（TCGdex・公式とも無し）	
CP6-097	メガピジョットEX	SR	Evolutions (TCG)	Expansion Pack 20th Anniversary (/087)	M Pidgeot-EX	Colorless	5ban Graphics	公式details.php(35869)	M Pidgeot-EX	xy12-65 xy12-105	入れる	
CP6-098	カイリューEX	SR	Evolutions (TCG)	Expansion Pack 20th Anniversary (/087)	Dragonite-EX	Colorless					イラストレーターが分からない（TCGdex・公式とも無し）	
CP6-099	カスミのやる気	SR	Evolutions (TCG)	Expansion Pack 20th Anniversary (/087)	Misty's Determination	Supporter					イラストレーターが分からない（TCGdex・公式とも無し）	
CP6-100	タケシのガッツ	SR	Evolutions (TCG)	Expansion Pack 20th Anniversary (/087)	Brock's Grit	Supporter					イラストレーターが分からない（TCGdex・公式とも無し）	
CP6-101	ナッシー[Exeggutor]	U	Evolutions (TCG)	Expansion Pack 20th Anniversary (/087)	Exeggutor	Grass					イラストレーターが分からない（TCGdex・公式とも無し）	
CP6-102	イマクニ?のドードー	U	Evolutions (TCG)	Expansion Pack 20th Anniversary (/087)	Imakuni?'s Doduo	Colorless					イラストレーターが分からない（TCGdex・公式とも無し）	
CP6-103	ロケット団参上!	U	Evolutions (TCG)	Expansion Pack 20th Anniversary (/087)	Here Comes Team Rocket!	Supporter					イラストレーターが分からない（TCGdex・公式とも無し）	
S1W-015	ラプラスVMAX	RRR	Sword & Shield (TCG)	Sword (/060)	Lapras VMAX	Water	5ban Graphics	公式details.php(37625)	Lapras VMAX	swsh1-50 swsh1-203 swsh4.5sv-SV111	入れる	
S1W-035	イシヘンジンVMAX	RRR	Sword & Shield (TCG)	Sword (/060)	Stonjourner VMAX	Fighting	5ban Graphics	公式details.php(37645)	Stonjourner VMAX	swsh1-116 swsh1-205	入れる	
S1W-061	ダダリンV	SR	Sword & Shield (TCG)	Sword (/060)	Dhelmise V	Grass	Eske Yoshinob	公式details.php(37868)	Dhelmise V	swsh1-9 swsh4.5-9 swsh1-187	入れる	
S1W-062	ラプラスV	SR	Sword & Shield (TCG)	Sword (/060)	Lapras V	Water	5ban Graphics	公式details.php(37869)	Lapras V	swsh1-189 swsh4.5sv-SV110	入れる	
S1W-063	ソーナンスV	SR	Sword & Shield (TCG)	Sword (/060)	Wobbuffet V	Psychic	Ayaka Yoshida	公式details.php(37870)	Wobbuffet V	swsh1-86 swsh1-191	入れる	
S1W-064	イシヘンジンV	SR	Sword & Shield (TCG)	Sword (/060)	Stonjourner V	Fighting	5ban Graphics	公式details.php(37871)	Stonjourner V	swsh1-115 swsh1-193	入れる	
S1W-065	ザシアンV	SR	Sword & Shield (TCG)	Sword (/060)	Zacian V	Metal	5ban Graphics	公式details.php(37872)	Zacian V	30th-c-028 swsh1-138 swsh1-195 swsh1-211 swshp-SWSH018 swshp-SWSH076 swshp-SWSH292	入れる	
S1W-066	ウッウV	SR	Sword & Shield (TCG)	Sword (/060)	Cramorant V	Colorless	aky CG Works	公式details.php(37873)	Cramorant V	swsh4.5-54 swsh1-155 swsh1-198 swshp-SWSH086	入れる	
S1W-067	博士の研究	SR	Sword & Shield (TCG)	Sword (/060)	Professor's Research	Supporter	kirisAki	公式details.php(37874)	Professor's Research	sv04.5-087 sv04.5-088 sv01-189 sv01-190 sv01-240 sv01-241	入れる	
S1W-068	ビート	SR	Sword & Shield (TCG)	Sword (/060)	Bede	Supporter	Naoki Saito	公式details.php(37875)	Bede	swsh3.5-50 swsh1-157 swsh1-199 swsh1-207	入れる	
S1W-069	ラプラスVMAX	HR	Sword & Shield (TCG)	Sword (/060)	Lapras VMAX	Water					イラストレーターが分からない（TCGdex・公式とも無し）	
S1W-070	イシヘンジンVMAX	HR	Sword & Shield (TCG)	Sword (/060)	Stonjourner VMAX	Fighting					イラストレーターが分からない（TCGdex・公式とも無し）	
S1W-071	博士の研究	HR	Sword & Shield (TCG)	Sword (/060)	Professor's Research	Supporter					イラストレーターが分からない（TCGdex・公式とも無し）	
S1W-072	ビート	HR	Sword & Shield (TCG)	Sword (/060)	Bede	Supporter					イラストレーターが分からない（TCGdex・公式とも無し）	
S1W-073	ザシアンV	UR	Sword & Shield (TCG)	Sword (/060)	Zacian V	Metal					イラストレーターが分からない（TCGdex・公式とも無し）	
S1W-074	ふつうのつりざお	UR	Sword & Shield (TCG)	Sword (/060)	Ordinary Rod	Item					イラストレーターが分からない（TCGdex・公式とも無し）	
S1W-075	ふうせん	UR	Sword & Shield (TCG)	Sword (/060)	Air Balloon	Item					イラストレーターが分からない（TCGdex・公式とも無し）	
S1H-020	モルペコVMAX	RRR	Sword & Shield (TCG)	Shield (/060)	Morpeko VMAX	Lightning	5ban Graphics	公式details.php(37690)	Morpeko VMAX	swsh1-80 swsh1-204	入れる	
S1H-046	カビゴンVMAX	RRR	Sword & Shield (TCG)	Shield (/060)	Snorlax VMAX	Colorless	aky CG Works	公式details.php(37716)	Snorlax VMAX	swsh1-142 swsh1-206	入れる	
S1H-061	コータスV	SR	Sword & Shield (TCG)	Shield (/060)	Torkoal V	Fire	Ayaka Yoshida	公式details.php(37876)	Torkoal V	swsh1-24 swsh1-188	入れる	
S1H-062	モルペコV	SR	Sword & Shield (TCG)	Shield (/060)	Morpeko V	Lightning	5ban Graphics	公式details.php(37877)	Morpeko V	swsh4.5-37 swsh1-79 swsh1-190 swshp-SWSH056	入れる	
S1H-063	イエッサンV	SR	Sword & Shield (TCG)	Shield (/060)	Indeedee V	Psychic	5ban Graphics	公式details.php(37878)	Indeedee V	swsh4.5-39 swsh1-91 swsh1-192 swsh4.5sv-SV114	入れる	
S1H-064	ヤミラミV	SR	Sword & Shield (TCG)	Shield (/060)	Sableye V	Darkness	Eske Yoshinob	公式details.php(37879)	Sableye V	swsh1-120 swsh1-194	入れる	
S1H-065	ザマゼンタV	SR	Sword & Shield (TCG)	Shield (/060)	Zamazenta V	Metal	aky CG Works	公式details.php(37880)	Zamazenta V	swsh1-139 swsh1-196 swsh1-212 swshp-SWSH019 swshp-SWSH077 swshp-SWSH293	入れる	
S1H-066	カビゴンV	SR	Sword & Shield (TCG)	Shield (/060)	Snorlax V	Colorless	aky CG Works	公式details.php(37881)	Snorlax V	swsh1-197	入れる	
S1H-067	エール団のしたっぱ	SR	Sword & Shield (TCG)	Shield (/060)	Team Yell Grunt	Supporter	nagimiso	公式details.php(37882)	Team Yell Grunt	swsh3.5-67 swsh1-184 swsh1-202 swsh1-210	入れる	
S1H-068	マリィ	SR	Sword & Shield (TCG)	Shield (/060)	Marnie	Supporter	kirisAki	公式details.php(37883)	Marnie	swsh3.5-56 swsh1-169 swsh1-200 swsh1-208	入れる	
S1H-069	モルペコVMAX	HR	Sword & Shield (TCG)	Shield (/060)	Morpeko VMAX	Lightning					イラストレーターが分からない（TCGdex・公式とも無し）	
S1H-070	カビゴンVMAX	HR	Sword & Shield (TCG)	Shield (/060)	Snorlax VMAX	Colorless					イラストレーターが分からない（TCGdex・公式とも無し）	
S1H-071	エール団のしたっぱ	HR	Sword & Shield (TCG)	Shield (/060)	Team Yell Grunt	Supporter					イラストレーターが分からない（TCGdex・公式とも無し）	
S1H-072	マリィ	HR	Sword & Shield (TCG)	Shield (/060)	Marnie	Supporter					イラストレーターが分からない（TCGdex・公式とも無し）	
S1H-073	ザマゼンタV	UR	Sword & Shield (TCG)	Shield (/060)	Zamazenta V	Metal					イラストレーターが分からない（TCGdex・公式とも無し）	
S1H-074	クイックボール	UR	Sword & Shield (TCG)	Shield (/060)	Quick Ball	Item					イラストレーターが分からない（TCGdex・公式とも無し）	
S1H-075	メタルソーサー	UR	Sword & Shield (TCG)	Shield (/060)	Metal Saucer	Item					イラストレーターが分からない（TCGdex・公式とも無し）	
S1a-009	ゴリランダーVMAX	RRR	VMAX Rising (TCG)	VMAX Rising (/070)	Rillaboom VMAX	Grass	5ban Graphics	公式details.php(37806)	Rillaboom VMAX	swsh2-18 swsh8-23 swsh2-193 swsh4.5sv-SV106	入れる	
S1a-017	エースバーンVMAX	RRR	VMAX Rising (TCG)	VMAX Rising (/070)	Cinderace VMAX	Fire	5ban Graphics	公式details.php(37814)	Cinderace VMAX	swsh2-36 swsh8-45 swsh2-194	入れる	
S1a-023	インテレオンVMAX	RRR	VMAX Rising (TCG)	VMAX Rising (/070)	Inteleon VMAX	Water	5ban Graphics	公式details.php(37820)	Inteleon VMAX	swsh2-50 swsh8-79 swsh2-195	入れる	
S1a-071	ゴリランダーV	SR	VMAX Rising (TCG)	VMAX Rising (/070)	Rillaboom V	Grass	5ban Graphics	公式details.php(37981)	Rillaboom V	swsh2-17 swsh8-22 swsh2-175 swsh4.5sv-SV105 swshp-SWSH014	入れる	
S1a-072	エースバーンV	SR	VMAX Rising (TCG)	VMAX Rising (/070)	Cinderace V	Fire	5ban Graphics	公式details.php(37982)	Cinderace V	swsh4.5-18 swsh2-35 swsh8-43 swsh2-178 swshp-SWSH015	入れる	
S1a-073	インテレオンV	SR	VMAX Rising (TCG)	VMAX Rising (/070)	Inteleon V	Water	5ban Graphics	公式details.php(37983)	Inteleon V	swsh2-49 swsh8-78 swsh2-180 swshp-SWSH016	入れる	
S1a-074	パルスワンV	SR	VMAX Rising (TCG)	VMAX Rising (/070)	Boltund V	Lightning	aky CG Works	公式details.php(37984)	Boltund V	swsh2-67 swsh2-181 swshp-SWSH085	入れる	
S1a-075	サダイジャV	SR	VMAX Rising (TCG)	VMAX Rising (/070)	Sandaconda V	Fighting	aky CG Works	公式details.php(37985)	Sandaconda V	swsh2-108 swsh2-184	入れる	
S1a-076	バイウールーV	SR	VMAX Rising (TCG)	VMAX Rising (/070)	Dubwool V	Colorless	5ban Graphics	公式details.php(37986)	Dubwool V	swsh2-153 swsh2-188 swsh4.5sv-SV120 swshp-SWSH049	入れる	
S1a-077	ソニア	SR	VMAX Rising (TCG)	VMAX Rising (/070)	Sonia	Supporter	Naoki Saito	公式details.php(37987)	Sonia	swsh2-192 swsh2-203	入れる	
S1a-078	ヤロー	SR	VMAX Rising (TCG)	VMAX Rising (/070)	Milo	Supporter	Hitoshi Ariga	公式details.php(37988)	Milo	swsh2-190 swsh2-201	入れる	
S1a-079	ゴリランダーVMAX	HR	VMAX Rising (TCG)	VMAX Rising (/070)	Rillaboom VMAX	Grass					イラストレーターが分からない（TCGdex・公式とも無し）	
S1a-080	エースバーンVMAX	HR	VMAX Rising (TCG)	VMAX Rising (/070)	Cinderace VMAX	Fire					イラストレーターが分からない（TCGdex・公式とも無し）	
S1a-081	インテレオンVMAX	HR	VMAX Rising (TCG)	VMAX Rising (/070)	Inteleon VMAX	Water					イラストレーターが分からない（TCGdex・公式とも無し）	
S1a-082	ソニア	HR	VMAX Rising (TCG)	VMAX Rising (/070)	Sonia	Supporter					イラストレーターが分からない（TCGdex・公式とも無し）	
S1a-083	ヤロー	HR	VMAX Rising (TCG)	VMAX Rising (/070)	Milo	Supporter					イラストレーターが分からない（TCGdex・公式とも無し）	
S1a-084	モスノウ	UR	VMAX Rising (TCG)	VMAX Rising (/070)	Frosmoth	Water					イラストレーターが分からない（TCGdex・公式とも無し）	
S1a-085	大きなおまもり	UR	VMAX Rising (TCG)	VMAX Rising (/070)	Big Charm	Item					イラストレーターが分からない（TCGdex・公式とも無し）	
S1a-086	ツインエネルギー	UR	VMAX Rising (TCG)	VMAX Rising (/070)	Twin Energy	Energy					イラストレーターが分からない（TCGdex・公式とも無し）	
S2-037	ストリンダーVMAX	RRR	Rebel Clash (TCG)	Rebellion Crash (/096)	Toxtricity VMAX	Lightning	5ban Graphics	公式details.php(37921)	Toxtricity VMAX	swsh2-71 swsh2-196 swsh4.5sv-SV113	入れる	
S2-050	ドラパルトVMAX	RRR	Rebel Clash (TCG)	Rebellion Crash (/096)	Dragapult VMAX	Psychic	aky CG Works	公式details.php(37934)	Dragapult VMAX	swsh2-93 swsh2-197 swshp-SWSH097	入れる	
S2-071	カラマネロVMAX	RRR	Rebel Clash (TCG)	Rebellion Crash (/096)	Malamar VMAX	Darkness	5ban Graphics	公式details.php(37955)	Malamar VMAX	swsh2-122 swsh2-198	入れる	
S2-076	ダイオウドウVMAX	RRR	Rebel Clash (TCG)	Rebellion Crash (/096)	Copperajah VMAX	Metal	5ban Graphics	公式details.php(37960)	Copperajah VMAX	swsh2-137 swsh2-199	入れる	
S2-097	ワタシラガV	SR	Rebel Clash (TCG)	Rebellion Crash (/096)	Eldegoss V	Grass	5ban Graphics	公式details.php(38053)	Eldegoss V	swsh3.5-5 swsh2-19 swsh2-176 swshp-SWSH084	入れる	
S2-098	キュウコンV	SR	Rebel Clash (TCG)	Rebellion Crash (/096)	Ninetales V	Fire	Saki Hayashiro	公式details.php(38054)	Ninetales V	swsh2-26 swsh2-177	入れる	
S2-099	ミロカロスV	SR	Rebel Clash (TCG)	Rebellion Crash (/096)	Milotic V	Water	Ayaka Yoshida	公式details.php(38055)	Milotic V	swsh2-43 swsh2-179	入れる	
S2-100	ストリンダーV	SR	Rebel Clash (TCG)	Rebellion Crash (/096)	Toxtricity V	Lightning	5ban Graphics	公式details.php(38056)	Toxtricity V	swsh2-70 swsh2-182 swsh4.5sv-SV112 swshp-SWSH017	入れる	
S2-101	ドラパルトV	SR	Rebel Clash (TCG)	Rebellion Crash (/096)	Dragapult V	Psychic	aky CG Works	公式details.php(38057)	Dragapult V	swsh2-92 swsh2-183 swshp-SWSH096	入れる	
S2-102	タイレーツV	SR	Rebel Clash (TCG)	Rebellion Crash (/096)	Falinks V	Fighting	aky CG Works	公式details.php(38058)	Falinks V	swsh2-110 swsh2-185 swsh4.5sv-SV115	入れる	
S2-103	カラマネロV	SR	Rebel Clash (TCG)	Rebellion Crash (/096)	Malamar V	Darkness	Eske Yoshinob	公式details.php(38059)	Malamar V	swsh2-121 swsh2-186	入れる	
S2-104	ダイオウドウV	SR	Rebel Clash (TCG)	Rebellion Crash (/096)	Copperajah V	Metal	5ban Graphics	公式details.php(38060)	Copperajah V	swsh2-136 swsh2-187 swshp-SWSH030	入れる	
S2-105	オリーヴ	SR	Rebel Clash (TCG)	Rebellion Crash (/096)	Oleana	Supporter	kirisAki	公式details.php(38061)	Oleana	swsh2-191 swsh2-202	入れる	
S2-106	ボスの指令	SR	Rebel Clash (TCG)	Rebellion Crash (/096)	Boss's Orders	Supporter	nagimiso	公式details.php(38062)			TCGdex 英語版の同じ名前のカードとイラストレーターが違う（英語版: NC Empire / GIDORA / akagi / Hideki Ishikawa / hncl / Mitsuhiro Arita）	
S2-107	ストリンダーVMAX	HR	Rebel Clash (TCG)	Rebellion Crash (/096)	Toxtricity VMAX	Lightning					イラストレーターが分からない（TCGdex・公式とも無し）	
S2-108	ドラパルトVMAX	HR	Rebel Clash (TCG)	Rebellion Crash (/096)	Dragapult VMAX	Psychic					イラストレーターが分からない（TCGdex・公式とも無し）	
S2-109	カラマネロVMAX	HR	Rebel Clash (TCG)	Rebellion Crash (/096)	Malamar VMAX	Darkness					イラストレーターが分からない（TCGdex・公式とも無し）	
S2-110	ダイオウドウVMAX	HR	Rebel Clash (TCG)	Rebellion Crash (/096)	Copperajah VMAX	Metal					イラストレーターが分からない（TCGdex・公式とも無し）	
S2-111	オリーヴ	HR	Rebel Clash (TCG)	Rebellion Crash (/096)	Oleana	Supporter					イラストレーターが分からない（TCGdex・公式とも無し）	
S2-112	ボスの指令	HR	Rebel Clash (TCG)	Rebellion Crash (/096)	Boss's Orders	Supporter					イラストレーターが分からない（TCGdex・公式とも無し）	
S2-113	ガラルニャイキング	UR	Rebel Clash (TCG)	Rebellion Crash (/096)	Galarian Perrserker	Metal					イラストレーターが分からない（TCGdex・公式とも無し）	
S2-114	回収ネット	UR	Rebel Clash (TCG)	Rebellion Crash (/096)	Scoop Up Net	Item					イラストレーターが分からない（TCGdex・公式とも無し）	
S2-115	ツールスクラッパー	UR	Rebel Clash (TCG)	Rebellion Crash (/096)	Tool Scrapper	Item					イラストレーターが分からない（TCGdex・公式とも無し）	
S2a-002	バタフリーVMAX	RRR	Explosive Walker (TCG)	Explosive Walker (/070)	Butterfree VMAX	Grass	aky CG Works	公式details.php(38064)	Butterfree VMAX	swsh3-2 swsh3-190	入れる	
S2a-017	マルヤクデVMAX	RRR	Explosive Walker (TCG)	Explosive Walker (/070)	Centiskorch VMAX	Fire	5ban Graphics	公式details.php(38079)	Centiskorch VMAX	swsh3-34 swsh3-191 swsh4.5sv-SV109	入れる	
S2a-031	サーナイトVMAX	RRR	Explosive Walker (TCG)	Explosive Walker (/070)	Gardevoir VMAX	Psychic	5ban Graphics	公式details.php(38093)	Gardevoir VMAX	swsh3.5-17 swsh3.5-76	入れる	
S2a-071	バタフリーV	SR	Explosive Walker (TCG)	Explosive Walker (/070)	Butterfree V	Grass	Saki Hayashiro	公式details.php(38239)	Butterfree V	swsh3-1 swsh3-177	入れる	
S2a-072	マルヤクデV	SR	Explosive Walker (TCG)	Explosive Walker (/070)	Centiskorch V	Fire	5ban Graphics	公式details.php(38240)	Centiskorch V	swsh3-33 swsh3-179 swsh4.5sv-SV108	入れる	
S2a-073	クワガノンV	SR	Explosive Walker (TCG)	Explosive Walker (/070)	Vikavolt V	Lightning	Ayaka Yoshida	公式details.php(38241)	Vikavolt V	swsh3-60 swsh3-180	入れる	
S2a-074	サーナイトV	SR	Explosive Walker (TCG)	Explosive Walker (/070)	Gardevoir V	Psychic	PLANETA Mochizuki	公式details.php(38242)	Gardevoir V	swsh3.5-70	入れる	
S2a-075	オトスパスV	SR	Explosive Walker (TCG)	Explosive Walker (/070)	Grapploct V	Fighting	PLANETA Igarashi	公式details.php(38243)	Grapploct V	swsh3.5-32 swsh3.5-72	入れる	
S2a-076	ガラル マッギョV	SR	Explosive Walker (TCG)	Explosive Walker (/070)	Galarian Stunfisk V	Metal	PLANETA Tsuji	公式details.php(38244)	Galarian Stunfisk V	swsh3-128 swsh3-184	入れる	
S2a-077	カブ	SR	Explosive Walker (TCG)	Explosive Walker (/070)	Kabu	Supporter	Hitoshi Ariga	公式details.php(38245)	Kabu	swsh3.5-77 swsh3-186	入れる	
S2a-078	ポケモンブリーダーの育成	SR	Explosive Walker (TCG)	Explosive Walker (/070)	Pokémon Breeder's Nurturing	Supporter	kirisAki	公式details.php(38246)	Pokémon Breeder's Nurturing	swsh3-166 swsh3-188 swsh3-195	入れる	
S2a-079	バタフリーVMAX	HR	Explosive Walker (TCG)	Explosive Walker (/070)	Butterfree VMAX	Grass					イラストレーターが分からない（TCGdex・公式とも無し）	
S2a-080	マルヤクデVMAX	HR	Explosive Walker (TCG)	Explosive Walker (/070)	Centiskorch VMAX	Fire					イラストレーターが分からない（TCGdex・公式とも無し）	
S2a-081	サーナイトVMAX	HR	Explosive Walker (TCG)	Explosive Walker (/070)	Gardevoir VMAX	Psychic					イラストレーターが分からない（TCGdex・公式とも無し）	
S2a-082	カブ	HR	Explosive Walker (TCG)	Explosive Walker (/070)	Kabu	Supporter					イラストレーターが分からない（TCGdex・公式とも無し）	
S2a-083	ポケモンブリーダーの育成	HR	Explosive Walker (TCG)	Explosive Walker (/070)	Pokémon Breeder's Nurturing	Supporter					イラストレーターが分からない（TCGdex・公式とも無し）	
S2a-084	ゴリランダー	UR	Explosive Walker (TCG)	Explosive Walker (/070)	Rillaboom	Grass					イラストレーターが分からない（TCGdex・公式とも無し）	
S2a-085	妖しいカンヅメ	UR	Explosive Walker (TCG)	Explosive Walker (/070)	Suspicious Food Tin	Item					イラストレーターが分からない（TCGdex・公式とも無し）	
S2a-086	ビッグパラソル	UR	Explosive Walker (TCG)	Explosive Walker (/070)	Big Parasol	Item					イラストレーターが分からない（TCGdex・公式とも無し）	
S3-027	カジリガメVMAX	RRR	Darkness Ablaze (TCG)	Infinity Zone (/100)	Drednaw VMAX	Water	aky CG Works	公式details.php(38165)	Drednaw VMAX	swsh3.5-15 swsh3.5-75	入れる	
S3-065	ムゲンダイナVMAX	RRR	Darkness Ablaze (TCG)	Infinity Zone (/100)	Eternatus VMAX	Darkness	5ban Graphics	公式details.php(38203)	Eternatus VMAX	swsh3-117 swsh3-192 swsh4.5sv-SV122 swshp-SWSH045	入れる	
S3-067	ハッサムVMAX	RRR	Darkness Ablaze (TCG)	Infinity Zone (/100)	Scizor VMAX	Metal	5ban Graphics	公式details.php(38205)	Scizor VMAX	swsh3-119 swsh3-193	入れる	
S3-081	ボーマンダVMAX	RRR	Darkness Ablaze (TCG)	Infinity Zone (/100)	Salamence VMAX	Colorless	5ban Graphics	公式details.php(38219)	Salamence VMAX	swsh3-144 swsh3-194	入れる	
S3-101	ヘルガーV	SR	Darkness Ablaze (TCG)	Infinity Zone (/100)	Houndoom V	Fire	Ayaka Yoshida	公式details.php(38483)	Houndoom V	swsh3-21 swsh3-178	入れる	
S3-102	カジリガメV	SR	Darkness Ablaze (TCG)	Infinity Zone (/100)	Drednaw V	Water	aky CG Works	公式details.php(38484)	Drednaw V	swsh3.5-14 swsh3.5-69	入れる	
S3-103	ガラル サニゴーンV	SR	Darkness Ablaze (TCG)	Infinity Zone (/100)	Galarian Cursola V	Psychic	5ban Graphics	公式details.php(38485)	Galarian Cursola V	swsh3.5-21 swsh3.5-71	入れる	
S3-104	ドサイドンV	SR	Darkness Ablaze (TCG)	Infinity Zone (/100)	Rhyperior V	Fighting	Eske Yoshinob	公式details.php(38486)	Rhyperior V	swsh3-95 swsh3-181	入れる	
S3-105	クロバットV	SR	Darkness Ablaze (TCG)	Infinity Zone (/100)	Crobat V	Darkness	PLANETA Mochizuki	公式details.php(38487)	Crobat V	swsh4.5-44 swsh3-104 swsh3-182 swshp-SWSH098 swshp-SWSH110	入れる	
S3-106	ムゲンダイナV	SR	Darkness Ablaze (TCG)	Infinity Zone (/100)	Eternatus V	Darkness	5ban Graphics	公式details.php(38488)	Eternatus V	swsh3-116 swsh4.5sv-SV121 swshp-SWSH044 swshp-SWSH064	入れる	
S3-107	ハッサムV	SR	Darkness Ablaze (TCG)	Infinity Zone (/100)	Scizor V	Metal	Satoshi Shirai	公式details.php(38489)	Scizor V	swsh3-183	入れる	
S3-108	ボーマンダV	SR	Darkness Ablaze (TCG)	Infinity Zone (/100)	Salamence V	Colorless	Saki Hayashiro	公式details.php(38490)	Salamence V	swsh3-143 swsh3-185	入れる	
S3-109	ネズ	SR	Darkness Ablaze (TCG)	Infinity Zone (/100)	Piers	Supporter	kirisAki	公式details.php(38491)	Piers	swsh3.5-78 swsh3-187	入れる	
S3-110	ローズ	SR	Darkness Ablaze (TCG)	Infinity Zone (/100)	Rose	Supporter	Naoki Saito	公式details.php(38492)	Rose	swsh3-189 swsh3-196	入れる	
S3-111	カジリガメVMAX	HR	Darkness Ablaze (TCG)	Infinity Zone (/100)	Drednaw VMAX	Water					イラストレーターが分からない（TCGdex・公式とも無し）	
S3-112	ムゲンダイナVMAX	HR	Darkness Ablaze (TCG)	Infinity Zone (/100)	Eternatus VMAX	Darkness					イラストレーターが分からない（TCGdex・公式とも無し）	
S3-113	ハッサムVMAX	HR	Darkness Ablaze (TCG)	Infinity Zone (/100)	Scizor VMAX	Metal					イラストレーターが分からない（TCGdex・公式とも無し）	
S3-114	ボーマンダVMAX	HR	Darkness Ablaze (TCG)	Infinity Zone (/100)	Salamence VMAX	Colorless					イラストレーターが分からない（TCGdex・公式とも無し）	
S3-115	ネズ	HR	Darkness Ablaze (TCG)	Infinity Zone (/100)	Piers	Supporter					イラストレーターが分からない（TCGdex・公式とも無し）	
S3-116	ローズ	HR	Darkness Ablaze (TCG)	Infinity Zone (/100)	Rose	Supporter					イラストレーターが分からない（TCGdex・公式とも無し）	
S3-117	セキタンザン	UR	Darkness Ablaze (TCG)	Infinity Zone (/100)	Coalossal	Fighting					イラストレーターが分からない（TCGdex・公式とも無し）	
S3-118	ターボパッチ	UR	Darkness Ablaze (TCG)	Infinity Zone (/100)	Turbo Patch	Item					イラストレーターが分からない（TCGdex・公式とも無し）	
S3-119	キャプチャーエネルギー	UR	Darkness Ablaze (TCG)	Infinity Zone (/100)	Capture Energy	Energy					イラストレーターが分からない（TCGdex・公式とも無し）	
S3a-009	セレビィ	A	Legendary Heartbeat (TCG)	Legendary Heartbeat (/076)	Celebi	Grass	5ban Graphics	公式details.php(38415)	Celebi	swsh4-9	入れる	
S3a-015	ライコウ	A	Legendary Heartbeat (TCG)	Legendary Heartbeat (/076)	Raikou	Lightning	Hideki Ishikawa	公式details.php(38421)	Raikou	30th-c-012 swsh4-50	入れる	
S3a-032	マホイップVMAX	RRR	Legendary Heartbeat (TCG)	Legendary Heartbeat (/076)	Alcremie VMAX	Psychic	5ban Graphics	公式details.php(38438)	Alcremie VMAX	swsh3.5-23 swsh4.5-73	入れる	
S3a-033	ザシアン	A	Legendary Heartbeat (TCG)	Legendary Heartbeat (/076)	Zacian	Psychic	Shin Nagasawa	公式details.php(38439)	Zacian	swsh4-82	入れる	
S3a-043	セキタンザンVMAX	RRR	Legendary Heartbeat (TCG)	Legendary Heartbeat (/076)	Coalossal VMAX	Fighting	5ban Graphics	公式details.php(38449)	Coalossal VMAX	swsh4-99 swsh4-189	入れる	
S3a-044	ザマゼンタ	A	Legendary Heartbeat (TCG)	Legendary Heartbeat (/076)	Zamazenta	Fighting	aky CG Works	公式details.php(38450)	Zamazenta	swsh4-102	入れる	
S3a-050	ジラーチ	A	Legendary Heartbeat (TCG)	Legendary Heartbeat (/076)	Jirachi	Metal	Sanosuke Sakuma	公式details.php(38456)	Jirachi	xy6-42 swsh4-119	入れる	
S3a-056	レックウザ	A	Legendary Heartbeat (TCG)	Legendary Heartbeat (/076)	Rayquaza	Colorless	5ban Graphics	公式details.php(38462)	Rayquaza	dv1-11 bw6-128 swsh4-138	入れる	
S3a-059	トゲキッスVMAX	RRR	Legendary Heartbeat (TCG)	Legendary Heartbeat (/076)	Togekiss VMAX	Colorless	5ban Graphics	公式details.php(38465)	Togekiss VMAX	swsh4-141 swsh4-191	入れる	
S3a-077	ザルードV	SR	Legendary Heartbeat (TCG)	Legendary Heartbeat (/076)	Zarude V	Grass	PLANETA Igarashi	公式details.php(38599)	Zarude V	swsh4-22 swsh4-167	入れる	
S3a-078	デンリュウV	SR	Legendary Heartbeat (TCG)	Legendary Heartbeat (/076)	Ampharos V	Lightning	PLANETA Mochizuki	公式details.php(38600)	Ampharos V	swsh4-171	入れる	
S3a-079	マホイップV	SR	Legendary Heartbeat (TCG)	Legendary Heartbeat (/076)	Alcremie V	Psychic	Ayaka Yoshida	公式details.php(38601)	Alcremie V	swsh3.5-22 swsh4.5-64	入れる	
S3a-080	セキタンザンV	SR	Legendary Heartbeat (TCG)	Legendary Heartbeat (/076)	Coalossal V	Fighting	5ban Graphics	公式details.php(38602)	Coalossal V	swsh4-98 swsh4-173	入れる	
S3a-081	ハガネールV	SR	Legendary Heartbeat (TCG)	Legendary Heartbeat (/076)	Steelix V	Metal	Satoshi Shirai	公式details.php(38603)	Steelix V	swsh4-115 swsh4-176	入れる	
S3a-082	トゲキッスV	SR	Legendary Heartbeat (TCG)	Legendary Heartbeat (/076)	Togekiss V	Colorless	PLANETA Mochizuki	公式details.php(38604)	Togekiss V	swsh4-140 swsh4-178	入れる	
S3a-083	おとなのおねえさん	SR	Legendary Heartbeat (TCG)	Legendary Heartbeat (/076)	Beauty	Supporter	kirisAki	公式details.php(38605)	Beauty	swsh4-148 swsh4-181 swsh4-194	入れる	
S3a-084	オニオン	SR	Legendary Heartbeat (TCG)	Legendary Heartbeat (/076)	Allister	Supporter	Sanosuke Sakuma	公式details.php(38606)	Allister	swsh4-179 swsh4-192	入れる	
S3a-085	ポプラ	SR	Legendary Heartbeat (TCG)	Legendary Heartbeat (/076)	Opal	Supporter	Naoki Saito	公式details.php(38607)	Opal	swsh4-184 swsh4-197	入れる	
S3a-086	マホイップVMAX	HR	Legendary Heartbeat (TCG)	Legendary Heartbeat (/076)	Alcremie VMAX	Psychic					イラストレーターが分からない（TCGdex・公式とも無し）	
S3a-087	セキタンザンVMAX	HR	Legendary Heartbeat (TCG)	Legendary Heartbeat (/076)	Coalossal VMAX	Fighting					イラストレーターが分からない（TCGdex・公式とも無し）	
S3a-088	トゲキッスVMAX	HR	Legendary Heartbeat (TCG)	Legendary Heartbeat (/076)	Togekiss VMAX	Colorless					イラストレーターが分からない（TCGdex・公式とも無し）	
S3a-089	おとなのおねえさん	HR	Legendary Heartbeat (TCG)	Legendary Heartbeat (/076)	Beauty	Supporter					イラストレーターが分からない（TCGdex・公式とも無し）	
S3a-090	オニオン	HR	Legendary Heartbeat (TCG)	Legendary Heartbeat (/076)	Allister	Supporter					イラストレーターが分からない（TCGdex・公式とも無し）	
S3a-091	ポプラ	HR	Legendary Heartbeat (TCG)	Legendary Heartbeat (/076)	Opal	Supporter					イラストレーターが分からない（TCGdex・公式とも無し）	
S3a-092	ヤレユータン	UR	Legendary Heartbeat (TCG)	Legendary Heartbeat (/076)	Oranguru	Colorless					イラストレーターが分からない（TCGdex・公式とも無し）	
S3a-093	英雄のメダル	UR	Legendary Heartbeat (TCG)	Legendary Heartbeat (/076)	Hero's Medal	Item					イラストレーターが分からない（TCGdex・公式とも無し）	
S3a-094	タフネスマント	UR	Legendary Heartbeat (TCG)	Legendary Heartbeat (/076)	Cape of Toughness	Item					イラストレーターが分からない（TCGdex・公式とも無し）	
SM1S-061	ラプラスGX	SR	Sun & Moon (TCG)	Collection Sun (/060)	Lapras-GX	Water	5ban Graphics	TCGdex日本語版	Lapras-GX	sm1-35 sm1-139 sm1-151	入れる	
SM1S-062	エーフィGX	SR	Sun & Moon (TCG)	Collection Sun (/060)	Espeon-GX	Psychic	5ban Graphics	TCGdex日本語版	Espeon-GX	sm1-61 sm1-140 sm1-152 smp-SM35 sma-SV60	入れる	
SM1S-063	ソルガレオGX	SR	Sun & Moon (TCG)	Collection Sun (/060)	Solgaleo-GX	Metal	5ban Graphics	TCGdex日本語版	Solgaleo-GX	sm1-143 sm1-155 sm5-173 smp-SM16	入れる	
SM1S-064	デカグースGX	SR	Sun & Moon (TCG)	Collection Sun (/060)	Gumshoos-GX	Colorless	5ban Graphics	TCGdex日本語版	Gumshoos-GX	sm1-110 sm1-145 sm1-157	入れる	
SM1S-065	イリマ	SR	Sun & Moon (TCG)	Collection Sun (/060)	Ilima	Supporter	Sanosuke Sakuma	TCGdex日本語版	Ilima	sm1-146	入れる	
SM1S-066	ククイ博士	SR	Sun & Moon (TCG)	Collection Sun (/060)	Professor Kukui	Supporter	Megumi Mizutani	TCGdex日本語版	Professor Kukui	sm1-148	入れる	
SM1S-067	ラプラスGX	HR	Sun & Moon (TCG)	Collection Sun (/060)	Lapras-GX	Water					イラストレーターが分からない（TCGdex・公式とも無し）	
SM1S-068	エーフィGX	HR	Sun & Moon (TCG)	Collection Sun (/060)	Espeon-GX	Psychic					イラストレーターが分からない（TCGdex・公式とも無し）	
SM1S-069	ソルガレオGX	HR	Sun & Moon (TCG)	Collection Sun (/060)	Solgaleo-GX	Metal					イラストレーターが分からない（TCGdex・公式とも無し）	
SM1S-070	デカグースGX	HR	Sun & Moon (TCG)	Collection Sun (/060)	Gumshoos-GX	Colorless					イラストレーターが分からない（TCGdex・公式とも無し）	
SM1S-071	ハイパーボール	UR	Sun & Moon (TCG)	Collection Sun (/060)	Ultra Ball	Item					イラストレーターが分からない（TCGdex・公式とも無し）	
SM1S-072	ロトム図鑑	UR	Sun & Moon (TCG)	Collection Sun (/060)	Rotom Dex	Item					イラストレーターが分からない（TCGdex・公式とも無し）	
SM1S-073	基本鋼エネルギー	UR	Sun & Moon (TCG)	Collection Sun (/060)	Metal Energy	Energy					イラストレーターが分からない（TCGdex・公式とも無し）	
SM1M-061	ラランテスGX	SR	Sun & Moon (TCG)	Collection Moon (/060)	Lurantis-GX	Grass	5ban Graphics	TCGdex日本語版	Lurantis-GX	sm1-15 sm1-138 sm1-150	入れる	
SM1M-062	ルナアーラGX	SR	Sun & Moon (TCG)	Collection Moon (/060)	Lunala-GX	Psychic	5ban Graphics	TCGdex日本語版	Lunala-GX	sm1-141 sm1-153 sm5-172 smp-SM17	入れる	
SM1M-063	ブラッキーGX	SR	Sun & Moon (TCG)	Collection Moon (/060)	Umbreon-GX	Darkness	5ban Graphics	TCGdex日本語版	Umbreon-GX	sm1-80 sm1-142 sm1-154 smp-SM36 sma-SV69	入れる	
SM1M-064	ケンタロスGX	SR	Sun & Moon (TCG)	Collection Moon (/060)	Tauros-GX	Colorless	5ban Graphics	TCGdex日本語版	Tauros-GX	sm1-100 sm1-144 sm1-156	入れる	
SM1M-065	スカル団のしたっぱ	SR	Sun & Moon (TCG)	Collection Moon (/060)	Team Skull Grunt	Supporter	Sanosuke Sakuma	TCGdex日本語版	Team Skull Grunt	sm1-149	入れる	
SM1M-066	リーリエ	SR	Sun & Moon (TCG)	Collection Moon (/060)	Lillie	Supporter	Megumi Mizutani	TCGdex日本語版	Lillie	sm1-147	入れる	
SM1M-067	ラランテスGX	HR	Sun & Moon (TCG)	Collection Moon (/060)	Lurantis-GX	Grass					イラストレーターが分からない（TCGdex・公式とも無し）	
SM1M-068	ルナアーラGX	HR	Sun & Moon (TCG)	Collection Moon (/060)	Lunala-GX	Psychic					イラストレーターが分からない（TCGdex・公式とも無し）	
SM1M-069	ブラッキーGX	HR	Sun & Moon (TCG)	Collection Moon (/060)	Umbreon-GX	Darkness					イラストレーターが分からない（TCGdex・公式とも無し）	
SM1M-070	ケンタロスGX	HR	Sun & Moon (TCG)	Collection Moon (/060)	Tauros-GX	Colorless					イラストレーターが分からない（TCGdex・公式とも無し）	
SM1M-071	ネストボール	UR	Sun & Moon (TCG)	Collection Moon (/060)	Nest Ball	Item					イラストレーターが分からない（TCGdex・公式とも無し）	
SM1M-072	ポケモンいれかえ	UR	Sun & Moon (TCG)	Collection Moon (/060)	Switch	Item					イラストレーターが分からない（TCGdex・公式とも無し）	
SM1M-073	基本超エネルギー	UR	Sun & Moon (TCG)	Collection Moon (/060)	Psychic Energy	Energy					イラストレーターが分からない（TCGdex・公式とも無し）	
SM1p-052	ジュナイパーGX	SR	Enhanced Expansion Pack Sun & Moon (TCG)	Sun & Moon (/051)	Decidueye-GX	Grass	5ban Graphics	TCGdex日本語版	Decidueye-GX	sm1-12 sm2-146 smp-SM37 sma-SV47	入れる	
SM1p-053	ガオガエンGX	SR	Enhanced Expansion Pack Sun & Moon (TCG)	Sun & Moon (/051)	Incineroar-GX	Fire	5ban Graphics	TCGdex日本語版	Incineroar-GX	sm1-27 sm9-97 sm2-147 sm9-167 sm9-188 smp-SM38	入れる	
SM1p-054	アシレーヌGX	SR	Enhanced Expansion Pack Sun & Moon (TCG)	Sun & Moon (/051)	Primarina-GX	Water	5ban Graphics	TCGdex日本語版	Primarina-GX	sm1-42 sm2-149 smp-SM39	入れる	
SM1p-055	クワガノンGX	SR	Enhanced Expansion Pack Sun & Moon (TCG)	Sun & Moon (/051)	Vikavolt-GX	Lightning	5ban Graphics	TCGdex日本語版	Vikavolt-GX	sm2-45 sm2-134 sm2-152	入れる	
SM1p-056	ドヒドイデGX	SR	Enhanced Expansion Pack Sun & Moon (TCG)	Sun & Moon (/051)	Toxapex-GX	Psychic	5ban Graphics	TCGdex日本語版	Toxapex-GX	sm2-57 sm2-136 sm2-154	入れる	
SM1p-057	ニンフィアGX	SR	Enhanced Expansion Pack Sun & Moon (TCG)	Sun & Moon (/051)	Sylveon-GX	Fairy	5ban Graphics	TCGdex日本語版	Sylveon-GX	sm2-92 sm2-140 sm2-158 sma-SV76	入れる	
SM1p-058	ジジーロンGX	SR	Enhanced Expansion Pack Sun & Moon (TCG)	Sun & Moon (/051)	Drampa-GX	Colorless	5ban Graphics	TCGdex日本語版	Drampa-GX	sm2-115 sm2-142 sm2-160 sma-SV80	入れる	
SM1p-059	ジュナイパーGX	HR	Enhanced Expansion Pack Sun & Moon (TCG)	Sun & Moon (/051)	Decidueye-GX	Grass					イラストレーターが分からない（TCGdex・公式とも無し）	
SM1p-060	ガオガエンGX	HR	Enhanced Expansion Pack Sun & Moon (TCG)	Sun & Moon (/051)	Incineroar-GX	Fire					イラストレーターが分からない（TCGdex・公式とも無し）	
SM1p-061	アシレーヌGX	HR	Enhanced Expansion Pack Sun & Moon (TCG)	Sun & Moon (/051)	Primarina-GX	Water					イラストレーターが分からない（TCGdex・公式とも無し）	
SM1p-062	クワガノンGX	HR	Enhanced Expansion Pack Sun & Moon (TCG)	Sun & Moon (/051)	Vikavolt-GX	Lightning					イラストレーターが分からない（TCGdex・公式とも無し）	
SM1p-063	ドヒドイデGX	HR	Enhanced Expansion Pack Sun & Moon (TCG)	Sun & Moon (/051)	Toxapex-GX	Psychic					イラストレーターが分からない（TCGdex・公式とも無し）	
SM1p-064	ニンフィアGX	HR	Enhanced Expansion Pack Sun & Moon (TCG)	Sun & Moon (/051)	Sylveon-GX	Fairy					イラストレーターが分からない（TCGdex・公式とも無し）	
SM1p-065	ジジーロンGX	HR	Enhanced Expansion Pack Sun & Moon (TCG)	Sun & Moon (/051)	Drampa-GX	Colorless					イラストレーターが分からない（TCGdex・公式とも無し）	
SM1p-066	ふしぎなアメ	UR	Enhanced Expansion Pack Sun & Moon (TCG)	Sun & Moon (/051)	Rare Candy	Item					イラストレーターが分からない（TCGdex・公式とも無し）	
SM1p-067	ダブル無色エネルギー	UR	Enhanced Expansion Pack Sun & Moon (TCG)	Sun & Moon (/051)	Double Colorless Energy	Energy					イラストレーターが分からない（TCGdex・公式とも無し）	
SM1p-068	基本草エネルギー	UR	Enhanced Expansion Pack Sun & Moon (TCG)	Sun & Moon (/051)	Grass Energy	Energy					イラストレーターが分からない（TCGdex・公式とも無し）	
SM2K-051	バクガメスGX	SR	Guardians Rising (TCG)	Islands Await You (/050)	Turtonator-GX	Fire	5ban Graphics	TCGdex日本語版	Turtonator-GX	sm2-18 sm2-131 sm2-148 sma-SV52	入れる	
SM2K-052	アローラ キュウコンGX	SR	Guardians Rising (TCG)	Islands Await You (/050)	Alolan Ninetales-GX	Water	5ban Graphics	TCGdex日本語版	Alolan Ninetales-GX	sm2-22 sm2-132 sm8-132 sm2-150 sm8-205 sm8-225 sma-SV53	入れる	
SM2K-053	カプ・コケコGX	SR	Guardians Rising (TCG)	Islands Await You (/050)	Tapu Koko-GX	Lightning	5ban Graphics	TCGdex日本語版	Tapu Koko-GX	sm2-47 sm2-135 sm2-153 smp-SM33 smp-SM50 sma-SV93	入れる	
SM2K-054	ジャラランガGX	SR	Guardians Rising (TCG)	Islands Await You (/050)	Kommo-o-GX	Dragon	5ban Graphics	TCGdex日本語版	Kommo-o-GX	sm2-100 sm2-141 sm2-159 smp-SM71	入れる	
SM2K-055	ハラ	SR	Guardians Rising (TCG)	Islands Await You (/050)	Hala	Supporter	Naoki Saito	TCGdex日本語版	Hala	sm2-143	入れる	
SM2K-056	バクガメスGX	HR	Guardians Rising (TCG)	Islands Await You (/050)	Turtonator-GX	Fire					イラストレーターが分からない（TCGdex・公式とも無し）	
SM2K-057	アローラ キュウコンGX	HR	Guardians Rising (TCG)	Islands Await You (/050)	Alolan Ninetales-GX	Water					イラストレーターが分からない（TCGdex・公式とも無し）	
SM2K-058	カプ・コケコGX	HR	Guardians Rising (TCG)	Islands Await You (/050)	Tapu Koko-GX	Lightning					イラストレーターが分からない（TCGdex・公式とも無し）	
SM2K-059	ジャラランガGX	HR	Guardians Rising (TCG)	Islands Await You (/050)	Kommo-o-GX	Dragon					イラストレーターが分からない（TCGdex・公式とも無し）	
SM2K-060	フィールドブロアー	UR	Guardians Rising (TCG)	Islands Await You (/050)	Field Blower	Item					イラストレーターが分からない（TCGdex・公式とも無し）	
SM2K-061	まんたんのくすり	UR	Guardians Rising (TCG)	Islands Await You (/050)	Max Potion	Item					イラストレーターが分からない（TCGdex・公式とも無し）	
SM2K-062	基本雷エネルギー	UR	Guardians Rising (TCG)	Islands Await You (/050)	Lightning Energy	Energy					イラストレーターが分からない（TCGdex・公式とも無し）	
SM2L-051	ヨワシGX	SR	Guardians Rising (TCG)	Alolan Moonlight (/050)	Wishiwashi-GX	Water	5ban Graphics	TCGdex日本語版	Wishiwashi-GX	sm2-38 sm2-133 sm2-151	入れる	
SM2L-052	カプ・テテフGX	SR	Guardians Rising (TCG)	Alolan Moonlight (/050)	Tapu Lele-GX	Psychic	5ban Graphics	TCGdex日本語版	Tapu Lele-GX	sm2-60 sm2-137 sm2-155 cel25cc-CC025 sma-SV94	入れる	
SM2L-053	ルガルガンGX	SR	Guardians Rising (TCG)	Alolan Moonlight (/050)	Lycanroc-GX	Fighting	5ban Graphics	TCGdex日本語版	Lycanroc-GX	sm2-74 sm9-82 sm3-136 sm2-138 sm3-155 sm2-156 smp-SM14 sma-SV66 sma-SV67	入れる	
SM2L-054	メタグロスGX	SR	Guardians Rising (TCG)	Alolan Moonlight (/050)	Metagross-GX	Metal	5ban Graphics	TCGdex日本語版	Metagross-GX	sm2-85 sm2-139 sm2-157	入れる	
SM2L-055	マオ	SR	Guardians Rising (TCG)	Alolan Moonlight (/050)	Mallow	Supporter	Megumi Mizutani	TCGdex日本語版	Mallow	sm2-145	入れる	
SM2L-056	ヨワシGX	HR	Guardians Rising (TCG)	Alolan Moonlight (/050)	Wishiwashi-GX	Water					イラストレーターが分からない（TCGdex・公式とも無し）	
SM2L-057	カプ・テテフGX	HR	Guardians Rising (TCG)	Alolan Moonlight (/050)	Tapu Lele-GX	Psychic					イラストレーターが分からない（TCGdex・公式とも無し）	
SM2L-058	ルガルガンGX	HR	Guardians Rising (TCG)	Alolan Moonlight (/050)	Lycanroc-GX	Fighting					イラストレーターが分からない（TCGdex・公式とも無し）	
SM2L-059	メタグロスGX	HR	Guardians Rising (TCG)	Alolan Moonlight (/050)	Metagross-GX	Metal					イラストレーターが分からない（TCGdex・公式とも無し）	
SM2L-060	アクアパッチ	UR	Guardians Rising (TCG)	Alolan Moonlight (/050)	Aqua Patch	Item					イラストレーターが分からない（TCGdex・公式とも無し）	
SM2L-061	改造ハンマー	UR	Guardians Rising (TCG)	Alolan Moonlight (/050)	Enhanced Hammer	Item					イラストレーターが分からない（TCGdex・公式とも無し）	
SM2L-062	基本闘エネルギー	UR	Guardians Rising (TCG)	Alolan Moonlight (/050)	Fighting Energy	Energy					イラストレーターが分からない（TCGdex・公式とも無し）	
SM2p-050	カプ・ブルルGX	SR	Facing a New Trial (TCG)	Facing a New Trial (/049)	Tapu Bulu-GX	Grass	5ban Graphics	TCGdex日本語版	Tapu Bulu-GX	sm3-130 sm3-149 sma-SV91	入れる	
SM2p-051	エンニュートGX	SR	Facing a New Trial (TCG)	Facing a New Trial (/049)	Salazzle-GX	Fire	5ban Graphics	TCGdex日本語版	Salazzle-GX	sm3-25 sm3-132 sm3-151 smp-SM63	入れる	
SM2p-052	カプ・レヒレGX	SR	Facing a New Trial (TCG)	Facing a New Trial (/049)	Tapu Fini-GX	Water	5ban Graphics	TCGdex日本語版	Tapu Fini-GX	sm3-39 sm3-133 sm3-152 sma-SV92	入れる	
SM2p-053	カイリキーGX	SR	Facing a New Trial (TCG)	Facing a New Trial (/049)	Machamp-GX	Fighting	5ban Graphics	TCGdex日本語版	Machamp-GX	sm3-64 sm3-135 sm3-154	入れる	
SM2p-054	ルガルガンGX	SR	Facing a New Trial (TCG)	Facing a New Trial (/049)	Lycanroc-GX	Fighting	5ban Graphics	TCGdex日本語版	Lycanroc-GX	sm2-74 sm9-82 sm3-136 sm2-138 sm3-155 sm2-156 smp-SM14 sma-SV66 sma-SV67	入れる	
SM2p-055	ダークライGX	SR	Facing a New Trial (TCG)	Facing a New Trial (/049)	Darkrai-GX	Darkness	5ban Graphics	TCGdex日本語版	Darkrai-GX	sm3-139 sm3-158 sma-SV70	入れる	
SM2p-056	アセロラ	SR	Facing a New Trial (TCG)	Facing a New Trial (/049)	Acerola	Supporter	Megumi Mizutani	TCGdex日本語版	Acerola	sm3-142	入れる	
SM2p-057	マーマネ	SR	Facing a New Trial (TCG)	Facing a New Trial (/049)	Sophocles	Supporter	Sanosuke Sakuma	TCGdex日本語版	Sophocles	sm3-146	入れる	
SM2p-058	カプ・ブルルGX	HR	Facing a New Trial (TCG)	Facing a New Trial (/049)	Tapu Bulu-GX	Grass					イラストレーターが分からない（TCGdex・公式とも無し）	
SM2p-059	エンニュートGX	HR	Facing a New Trial (TCG)	Facing a New Trial (/049)	Salazzle-GX	Fire					イラストレーターが分からない（TCGdex・公式とも無し）	
SM2p-060	カプ・レヒレGX	HR	Facing a New Trial (TCG)	Facing a New Trial (/049)	Tapu Fini-GX	Water					イラストレーターが分からない（TCGdex・公式とも無し）	
SM2p-061	カイリキーGX	HR	Facing a New Trial (TCG)	Facing a New Trial (/049)	Machamp-GX	Fighting					イラストレーターが分からない（TCGdex・公式とも無し）	
SM2p-062	ルガルガンGX	HR	Facing a New Trial (TCG)	Facing a New Trial (/049)	Lycanroc-GX	Fighting					イラストレーターが分からない（TCGdex・公式とも無し）	
SM2p-063	ダークライGX	HR	Facing a New Trial (TCG)	Facing a New Trial (/049)	Darkrai-GX	Darkness					イラストレーターが分からない（TCGdex・公式とも無し）	
SM2p-064	こだわりハチマキ	UR	Facing a New Trial (TCG)	Facing a New Trial (/049)	Choice Band	Item					イラストレーターが分からない（TCGdex・公式とも無し）	
SM2p-065	マルチつけかえ	UR	Facing a New Trial (TCG)	Facing a New Trial (/049)	Multi Switch	Item					イラストレーターが分からない（TCGdex・公式とも無し）	
SM2p-066	基本悪エネルギー	UR	Facing a New Trial (TCG)	Facing a New Trial (/049)	Darkness Energy	Energy					イラストレーターが分からない（TCGdex・公式とも無し）	
SM3H-052	リザードンGX	SR	Burning Shadows (TCG)	To Have Seen the Battle Rainbow (/051)	Charizard-GX	Fire	5ban Graphics	TCGdex日本語版	Charizard-GX	sm3-20 sm3-150 smp-SM60 sma-SV49	入れる	
SM3H-053	ホウオウGX	SR	Burning Shadows (TCG)	To Have Seen the Battle Rainbow (/051)	Ho-Oh-GX	Fire	5ban Graphics	TCGdex日本語版	Ho-Oh-GX	sm3-131 smp-SM57 smp-SM80 sma-SV50	入れる	
SM3H-054	アローラ ベトベトンGX	SR	Burning Shadows (TCG)	To Have Seen the Battle Rainbow (/051)	Alolan Muk-GX	Darkness	5ban Graphics	TCGdex日本語版	Alolan Muk-GX	sm3-84 sm3-138 sm3-157	入れる	
SM3H-055	オンバーンGX	SR	Burning Shadows (TCG)	To Have Seen the Battle Rainbow (/051)	Noivern-GX	Dragon	5ban Graphics	TCGdex日本語版	Noivern-GX	sm3-99 sm3-141 sm3-160 sma-SV78	入れる	
SM3H-056	カキ	SR	Burning Shadows (TCG)	To Have Seen the Battle Rainbow (/051)	Kiawe	Supporter	Naoki Saito	TCGdex日本語版	Kiawe	sm3-144	入れる	
SM3H-057	プルメリ	SR	Burning Shadows (TCG)	To Have Seen the Battle Rainbow (/051)	Plumeria	Supporter	Sanosuke Sakuma	TCGdex日本語版	Plumeria	sm3-145	入れる	
SM3H-058	リザードンGX	HR	Burning Shadows (TCG)	To Have Seen the Battle Rainbow (/051)	Charizard-GX	Fire					イラストレーターが分からない（TCGdex・公式とも無し）	
SM3H-059	ホウオウGX	HR	Burning Shadows (TCG)	To Have Seen the Battle Rainbow (/051)	Ho-Oh-GX	Fire					イラストレーターが分からない（TCGdex・公式とも無し）	
SM3H-060	アローラ ベトベトンGX	HR	Burning Shadows (TCG)	To Have Seen the Battle Rainbow (/051)	Alolan Muk-GX	Darkness					イラストレーターが分からない（TCGdex・公式とも無し）	
SM3H-061	オンバーンGX	HR	Burning Shadows (TCG)	To Have Seen the Battle Rainbow (/051)	Noivern-GX	Dragon					イラストレーターが分からない（TCGdex・公式とも無し）	
SM3H-062	あなぬけのヒモ	UR	Burning Shadows (TCG)	To Have Seen the Battle Rainbow (/051)	Escape Rope	Item					イラストレーターが分からない（TCGdex・公式とも無し）	
SM3H-063	ムキムキダンベル	UR	Burning Shadows (TCG)	To Have Seen the Battle Rainbow (/051)	Bodybuilding Dumbbells	Item					イラストレーターが分からない（TCGdex・公式とも無し）	
SM3H-064	基本炎エネルギー	UR	Burning Shadows (TCG)	To Have Seen the Battle Rainbow (/051)	Fire Energy	Energy					イラストレーターが分からない（TCGdex・公式とも無し）	
SM3N-052	グソクムシャGX	SR	Burning Shadows (TCG)	Darkness that Consumes Light (/051)	Golisopod-GX	Grass	5ban Graphics	TCGdex日本語版	Golisopod-GX	sm3-17 sm3-129 sm3-148 smp-SM62 sma-SV48	入れる	
SM3N-053	ネクロズマGX	SR	Burning Shadows (TCG)	Darkness that Consumes Light (/051)	Necrozma-GX	Psychic	5ban Graphics	TCGdex日本語版	Necrozma-GX	sm3-134 sm3-153 smp-SM58	入れる	
SM3N-054	マーシャドーGX	SR	Burning Shadows (TCG)	Darkness that Consumes Light (/051)	Marshadow-GX	Fighting	5ban Graphics	TCGdex日本語版	Marshadow-GX	sm3-80 sm3-137 sm3-156 smp-SM59	入れる	
SM3N-055	サーナイトGX	SR	Burning Shadows (TCG)	Darkness that Consumes Light (/051)	Gardevoir-GX	Fairy	5ban Graphics	TCGdex日本語版	Gardevoir-GX	sm3-93 sm3-140 sm3-159 sma-SV75	入れる	
SM3N-056	グズマ	SR	Burning Shadows (TCG)	Darkness that Consumes Light (/051)	Guzma	Supporter	Masakazu Fukuda	TCGdex日本語版	Guzma	sm3-143	入れる	
SM3N-057	ビッケ	SR	Burning Shadows (TCG)	Darkness that Consumes Light (/051)	Wicke	Supporter	Naoki Saito	TCGdex日本語版	Wicke	sm3-147	入れる	
SM3N-058	グソクムシャGX	HR	Burning Shadows (TCG)	Darkness that Consumes Light (/051)	Golisopod-GX	Grass					イラストレーターが分からない（TCGdex・公式とも無し）	
SM3N-059	ネクロズマGX	HR	Burning Shadows (TCG)	Darkness that Consumes Light (/051)	Necrozma-GX	Psychic					イラストレーターが分からない（TCGdex・公式とも無し）	
SM3N-060	マーシャドーGX	HR	Burning Shadows (TCG)	Darkness that Consumes Light (/051)	Marshadow-GX	Fighting					イラストレーターが分からない（TCGdex・公式とも無し）	
SM3N-061	サーナイトGX	HR	Burning Shadows (TCG)	Darkness that Consumes Light (/051)	Gardevoir-GX	Fairy					イラストレーターが分からない（TCGdex・公式とも無し）	
SM3N-062	スーパーポケモン回収	UR	Burning Shadows (TCG)	Darkness that Consumes Light (/051)	Super Scoop Up	Item					イラストレーターが分からない（TCGdex・公式とも無し）	
SM3N-063	レスキュータンカ	UR	Burning Shadows (TCG)	Darkness that Consumes Light (/051)	Rescue Stretcher	Item					イラストレーターが分からない（TCGdex・公式とも無し）	
SM3N-064	基本フェアリーエネルギー	UR	Burning Shadows (TCG)	Darkness that Consumes Light (/051)	Fairy Energy	Energy					イラストレーターが分からない（TCGdex・公式とも無し）	
SM3p-004	ひかるセレビィ	H	Shining Legends (TCG)	Shining Legends (/072)	Shining Celebi	Grass	Sanosuke Sakuma	TCGdex日本語版	Shining Celebi	smp-SM79	入れる	
SM3p-010	ひかるゲノセクト	H	Shining Legends (TCG)	Shining Legends (/072)	Shining Genesect	Grass	Hitoshi Ariga	TCGdex日本語版	Shining Genesect	sm3.5-9	入れる	
SM3p-028	ひかるボルケニオン	H	Shining Legends (TCG)	Shining Legends (/072)	Shining Volcanion	Water	Hitoshi Ariga	TCGdex日本語版	Shining Volcanion	sm3.5-27	入れる	
SM3p-041	ひかるミュウ	H	Shining Legends (TCG)	Shining Legends (/072)	Shining Mew	Psychic	Sanosuke Sakuma	TCGdex日本語版	Shining Mew	sm3.5-40	入れる	
SM3p-043	ひかるジラーチ	H	Shining Legends (TCG)	Shining Legends (/072)	Shining Jirachi	Psychic	Shigenori Negishi	TCGdex日本語版	Shining Jirachi	sm3.5-42	入れる	
SM3p-057	ひかるレックウザ	H	Shining Legends (TCG)	Shining Legends (/072)	Shining Rayquaza	Dragon	Naoki Saito	TCGdex日本語版	Shining Rayquaza	sm3.5-56	入れる	
SM3p-058	ひかるルギア	H	Shining Legends (TCG)	Shining Legends (/072)	Shining Lugia	Colorless	Hitoshi Ariga	TCGdex日本語版	Shining Lugia	smp-SM82	入れる	
SM3p-059	ひかるアルセウス	H	Shining Legends (TCG)	Shining Legends (/072)	Shining Arceus	Colorless	Kouki Saitou	TCGdex日本語版	Shining Arceus	sm3.5-57	入れる	
SM3p-073	エンテイGX	SR	Shining Legends (TCG)	Shining Legends (/072)	Entei-GX	Fire	5ban Graphics	TCGdex日本語版	Entei-GX	sm3.5-10 sm3.5-71 sm3.5-74	入れる	
SM3p-074	ライチュウGX	SR	Shining Legends (TCG)	Shining Legends (/072)	Raichu-GX	Lightning	5ban Graphics	TCGdex日本語版	Raichu-GX	sm115-20 sm3.5-29 sm3.5-75 smp-SM213 smp-SM90	入れる	
SM3p-075	ミュウツーGX	SR	Shining Legends (TCG)	Shining Legends (/072)	Mewtwo-GX	Psychic	5ban Graphics	TCGdex日本語版	Mewtwo-GX	sm3.5-39 sm3.5-72 sm3.5-76 sma-SV59	入れる	
SM3p-076	ゾロアークGX	SR	Shining Legends (TCG)	Shining Legends (/072)	Zoroark-GX	Darkness	5ban Graphics	TCGdex日本語版	Zoroark-GX	sm3.5-53 sm3.5-77 smp-SM84	入れる	
SM3p-077	ポケモンブリーダー	SR	Shining Legends (TCG)	Shining Legends (/072)	Pokémon Breeder	Supporter	Sanosuke Sakuma	TCGdex日本語版	Pokémon Breeder	sm3.5-73	入れる	
SM3p-078	エンテイGX	HR	Shining Legends (TCG)	Shining Legends (/072)	Entei-GX	Fire	Mitsuhiro Arita	TCGdex日本語版			TCGdex 英語版の同じ名前のカードとイラストレーターが違う（英語版: 5ban Graphics）	
SM3p-079	ライチュウGX	HR	Shining Legends (TCG)	Shining Legends (/072)	Raichu-GX	Lightning					イラストレーターが分からない（TCGdex・公式とも無し）	
SM3p-080	ミュウツーGX	HR	Shining Legends (TCG)	Shining Legends (/072)	Mewtwo-GX	Psychic					イラストレーターが分からない（TCGdex・公式とも無し）	
SM3p-081	ゾロアークGX	HR	Shining Legends (TCG)	Shining Legends (/072)	Zoroark-GX	Darkness					イラストレーターが分からない（TCGdex・公式とも無し）	
SM3p-082	ミュウツーGX	H	Shining Legends (TCG)	Shining Legends (/072)	Mewtwo-GX	Psychic					イラストレーターが分からない（TCGdex・公式とも無し）	
SM4S-051	アローラ ゴローニャGX	SR	Crimson Invasion (TCG)	Awakened Heroes (/050)	Alolan Golem-GX	Lightning	5ban Graphics	TCGdex日本語版	Alolan Golem-GX	sm4-34 sm4-102 sm4-113	入れる	
SM4S-052	マッシブーンGX	SR	Crimson Invasion (TCG)	Awakened Heroes (/050)	Buzzwole-GX	Fighting	5ban Graphics	TCGdex日本語版	Buzzwole-GX	30th-c-013 sm4-57 sm4-104 sm4-115 smp-SM69 sma-SV68	入れる	
SM4S-053	カミツルギGX	SR	Crimson Invasion (TCG)	Awakened Heroes (/050)	Kartana-GX	Metal	5ban Graphics	TCGdex日本語版	Kartana-GX	sm4-70 sm4-106 sm4-117 sma-SV73	入れる	
SM4S-054	シルヴァディGX	SR	Crimson Invasion (TCG)	Awakened Heroes (/050)	Silvally-GX	Colorless	5ban Graphics	TCGdex日本語版	Silvally-GX	sm4-90 sm4-108 sm5-116 sm4-119 smp-SM91 sma-SV79	入れる	
SM4S-055	グラジオ	SR	Crimson Invasion (TCG)	Awakened Heroes (/050)	Gladion	Supporter	TOKIYA	TCGdex日本語版	Gladion	sm4-109	入れる	
SM4S-056	アローラ ゴローニャGX	HR	Crimson Invasion (TCG)	Awakened Heroes (/050)	Alolan Golem-GX	Lightning					イラストレーターが分からない（TCGdex・公式とも無し）	
SM4S-057	マッシブーンGX	HR	Crimson Invasion (TCG)	Awakened Heroes (/050)	Buzzwole-GX	Fighting					イラストレーターが分からない（TCGdex・公式とも無し）	
SM4S-058	カミツルギGX	HR	Crimson Invasion (TCG)	Awakened Heroes (/050)	Kartana-GX	Metal					イラストレーターが分からない（TCGdex・公式とも無し）	
SM4S-059	シルヴァディGX	HR	Crimson Invasion (TCG)	Awakened Heroes (/050)	Silvally-GX	Colorless					イラストレーターが分からない（TCGdex・公式とも無し）	
SM4S-060	カウンターキャッチャー	UR	Crimson Invasion (TCG)	Awakened Heroes (/050)	Counter Catcher	Item					イラストレーターが分からない（TCGdex・公式とも無し）	
SM4S-061	ワープエネルギー	UR	Crimson Invasion (TCG)	Awakened Heroes (/050)	Warp Energy	Energy					イラストレーターが分からない（TCGdex・公式とも無し）	
SM4S-062	基本鋼エネルギー	UR	Crimson Invasion (TCG)	Awakened Heroes (/050)	Metal Energy	Energy					イラストレーターが分からない（TCGdex・公式とも無し）	
SM4A-051	ギャラドスGX	SR	Crimson Invasion (TCG)	Ultradimensional Beasts (/050)	Gyarados-GX	Water	5ban Graphics	TCGdex日本語版	Gyarados-GX	sm115-16 sm4-18 sm4-101 sm4-112 smp-SM212	入れる	
SM4A-052	ウツロイドGX	SR	Crimson Invasion (TCG)	Ultradimensional Beasts (/050)	Nihilego-GX	Psychic	5ban Graphics	TCGdex日本語版	Nihilego-GX	sm4-49 sm4-103 sm4-114 sma-SV62	入れる	
SM4A-053	アクジキングGX	SR	Crimson Invasion (TCG)	Ultradimensional Beasts (/050)	Guzzlord-GX	Darkness	5ban Graphics	TCGdex日本語版	Guzzlord-GX	sm4-63 sm4-63a sm4-105 sm4-116 sma-SV71	入れる	
SM4A-054	アローラ ナッシーGX	SR	Crimson Invasion (TCG)	Ultradimensional Beasts (/050)	Alolan Exeggutor-GX	Dragon	5ban Graphics	TCGdex日本語版	Alolan Exeggutor-GX	sm4-74 sm4-107 sm4-118	入れる	
SM4A-055	ルザミーネ	SR	Crimson Invasion (TCG)	Ultradimensional Beasts (/050)	Lusamine	Supporter	Megumi Mizutani	TCGdex日本語版	Lusamine	sm4-110	入れる	
SM4A-056	ギャラドスGX	HR	Crimson Invasion (TCG)	Ultradimensional Beasts (/050)	Gyarados-GX	Water					イラストレーターが分からない（TCGdex・公式とも無し）	
SM4A-057	ウツロイドGX	HR	Crimson Invasion (TCG)	Ultradimensional Beasts (/050)	Nihilego-GX	Psychic					イラストレーターが分からない（TCGdex・公式とも無し）	
SM4A-058	アクジキングGX	HR	Crimson Invasion (TCG)	Ultradimensional Beasts (/050)	Guzzlord-GX	Darkness					イラストレーターが分からない（TCGdex・公式とも無し）	
SM4A-059	アローラ ナッシーGX	HR	Crimson Invasion (TCG)	Ultradimensional Beasts (/050)	Alolan Exeggutor-GX	Dragon					イラストレーターが分からない（TCGdex・公式とも無し）	
SM4A-060	ねがいのバトン	UR	Crimson Invasion (TCG)	Ultradimensional Beasts (/050)	Wishful Baton	Item					イラストレーターが分からない（TCGdex・公式とも無し）	
SM4A-061	カウンターエネルギー	UR	Crimson Invasion (TCG)	Ultradimensional Beasts (/050)	Counter Energy	Energy					イラストレーターが分からない（TCGdex・公式とも無し）	
SM4A-062	基本水エネルギー	UR	Crimson Invasion (TCG)	Ultradimensional Beasts (/050)	Water Energy	Energy					イラストレーターが分からない（TCGdex・公式とも無し）	
SM4p-115	フェローチェGX	SR	GX Battle Boost (TCG)	GX Battle Boost (/114)	Pheromosa-GX	Grass	5ban Graphics	TCGdex日本語版	Pheromosa-GX	sm5-140 sm5-158 smp-SM66	入れる	
SM4p-116	デンジュモクGX	SR	GX Battle Boost (TCG)	GX Battle Boost (/114)	Xurkitree-GX	Lightning	5ban Graphics	TCGdex日本語版	Xurkitree-GX	sm5-142 sm5-160 smp-SM68 sma-SV58	入れる	
SM4p-117	テッカグヤGX	SR	GX Battle Boost (TCG)	GX Battle Boost (/114)	Celesteela-GX	Metal	5ban Graphics	TCGdex日本語版	Celesteela-GX	sm5-144 sm5-162 smp-SM67	入れる	
SM4p-118	スイレン	SR	GX Battle Boost (TCG)	GX Battle Boost (/114)	Lana	Supporter	Kanako Eo	TCGdex日本語版	Lana	sm5-150	入れる	
SM4p-119	リーリエ	SR	GX Battle Boost (TCG)	GX Battle Boost (/114)	Lillie	Supporter	Naoki Saito	TCGdex日本語版	Lillie	sm5-151	入れる	
SM4p-120	ルザミーネ	SR	GX Battle Boost (TCG)	GX Battle Boost (/114)	Lusamine	Supporter	You Iribi	TCGdex日本語版	Lusamine	sm5-153	入れる	
SM4p-121	フェローチェGX	HR	GX Battle Boost (TCG)	GX Battle Boost (/114)	Pheromosa-GX	Grass					イラストレーターが分からない（TCGdex・公式とも無し）	
SM4p-122	デンジュモクGX	HR	GX Battle Boost (TCG)	GX Battle Boost (/114)	Xurkitree-GX	Lightning					イラストレーターが分からない（TCGdex・公式とも無し）	
SM4p-123	テッカグヤGX	HR	GX Battle Boost (TCG)	GX Battle Boost (/114)	Celesteela-GX	Metal					イラストレーターが分からない（TCGdex・公式とも無し）	
SM4p-124	ルナアーラGX	UR	GX Battle Boost (TCG)	GX Battle Boost (/114)	Lunala-GX	Psychic					イラストレーターが分からない（TCGdex・公式とも無し）	
SM4p-125	ソルガレオGX	UR	GX Battle Boost (TCG)	GX Battle Boost (/114)	Solgaleo-GX	Metal					イラストレーターが分からない（TCGdex・公式とも無し）	
SM5S-031	ダークライ プリズムスター	PR	Ultra Prism (TCG)	Ultra Sun (/066)	Darkrai ♢	Darkness	Naoki Saito	TCGdex日本語版	Darkrai ◇	sm5-77	入れる	
SM5S-043	ソルガレオ プリズムスター	PR	Ultra Prism (TCG)	Ultra Sun (/066)	Solgaleo ♢	Metal	Shin Nagasawa	TCGdex日本語版	Solgaleo ◇	sm5-89	入れる	
SM5S-059	アカギ プリズムスター	PR	Ultra Prism (TCG)	Ultra Sun (/066)	Cyrus ♢	Supporter	Masakazu Fukuda	TCGdex日本語版	Cyrus ◇	sm5-120	入れる	
SM5S-067	リーフィアGX	SR	Ultra Prism (TCG)	Ultra Sun (/066)	Leafeon-GX	Grass	5ban Graphics	TCGdex日本語版	Leafeon-GX	sm5-13 sm5-139 sm5-157 smp-SM146 sma-SV46	入れる	
SM5S-068	ネクロズマ たそがれのたてがみGX	SR	Ultra Prism (TCG)	Ultra Sun (/066)	Dusk Mane Necrozma-GX	Metal	5ban Graphics	TCGdex日本語版	Dusk Mane Necrozma-GX	sm5-90 sm5-145 sm5-163 smp-SM102	入れる	
SM5S-069	ディアルガGX	SR	Ultra Prism (TCG)	Ultra Sun (/066)	Dialga-GX	Dragon	5ban Graphics	TCGdex日本語版	Dialga-GX	sm6-82 sm5-100 sm6-125 sm6-138 sm5-146 sm5-164	入れる	
SM5S-070	ナタネ	SR	Ultra Prism (TCG)	Ultra Sun (/066)	Gardenia	Supporter	You Iribi	TCGdex日本語版	Gardenia	sm5-149	入れる	
SM5S-071	ポケモンだいすきクラブ	SR	Ultra Prism (TCG)	Ultra Sun (/066)	Pokémon Fan Club	Supporter	Sanosuke Sakuma	TCGdex日本語版	Pokémon Fan Club	sm5-133 sm5-155	入れる	
SM5S-072	マーズ	SR	Ultra Prism (TCG)	Ultra Sun (/066)	Mars	Supporter	kodama	TCGdex日本語版	Mars	sm5-154	入れる	
SM5S-073	リーフィアGX	HR	Ultra Prism (TCG)	Ultra Sun (/066)	Leafeon-GX	Grass					イラストレーターが分からない（TCGdex・公式とも無し）	
SM5S-074	ネクロズマ たそがれのたてがみGX	HR	Ultra Prism (TCG)	Ultra Sun (/066)	Dusk Mane Necrozma-GX	Metal					イラストレーターが分からない（TCGdex・公式とも無し）	
SM5S-075	ディアルガGX	HR	Ultra Prism (TCG)	Ultra Sun (/066)	Dialga-GX	Dragon					イラストレーターが分からない（TCGdex・公式とも無し）	
SM5S-076	のぞきみレッドカード	UR	Ultra Prism (TCG)	Ultra Sun (/066)	Peeking Red Card	Item					イラストレーターが分からない（TCGdex・公式とも無し）	
SM5S-077	ミッシングクローバー	UR	Ultra Prism (TCG)	Ultra Sun (/066)	Missing Clover	Item					イラストレーターが分からない（TCGdex・公式とも無し）	
SM5S-078	ユニットエネルギー草炎水	UR	Ultra Prism (TCG)	Ultra Sun (/066)	Unit Energy GRW	Energy					イラストレーターが分からない（TCGdex・公式とも無し）	
SM5M-030	ギラティナ プリズムスター	PR	Ultra Prism (TCG)	Ultra Moon (/066)	Giratina ♢	Psychic	Masakazu Fukuda	TCGdex日本語版	Giratina ◇	sm5-58	入れる	
SM5M-032	ルナアーラ プリズムスター	PR	Ultra Prism (TCG)	Ultra Moon (/066)	Lunala ♢	Psychic	Hitoshi Ariga	TCGdex日本語版	Lunala ◇	sm5-62	入れる	
SM5M-065	超ブーストエネルギー プリズムスター	PR	Ultra Prism (TCG)	Ultra Moon (/066)	Super Boost Energy ♢	Energy					イラストレーターが分からない（TCGdex・公式とも無し）	
SM5M-067	グレイシアGX	SR	Ultra Prism (TCG)	Ultra Moon (/066)	Glaceon-GX	Water	5ban Graphics	TCGdex日本語版	Glaceon-GX	sm5-39 sm5-141 sm5-159 smp-SM147 sma-SV55	入れる	
SM5M-068	ネクロズマ あかつきのつばさGX	SR	Ultra Prism (TCG)	Ultra Moon (/066)	Dawn Wings Necrozma-GX	Psychic	5ban Graphics	TCGdex日本語版	Dawn Wings Necrozma-GX	sm5-63 sm5-143 sm5-161 smp-SM101	入れる	
SM5M-069	パルキアGX	SR	Ultra Prism (TCG)	Ultra Moon (/066)	Palkia-GX	Dragon	5ban Graphics	TCGdex日本語版	Palkia-GX	sm6-20 sm5-101 sm6-119 sm6-132 sm5-147 sm5-165	入れる	
SM5M-070	シロナ	SR	Ultra Prism (TCG)	Ultra Moon (/066)	Cynthia	Supporter	nagimiso	TCGdex日本語版	Cynthia	sm5-148	入れる	
SM5M-071	デンジ	SR	Ultra Prism (TCG)	Ultra Moon (/066)	Volkner	Supporter	TOKIYA	TCGdex日本語版	Volkner	sm5-156	入れる	
SM5M-072	ハンサム	SR	Ultra Prism (TCG)	Ultra Moon (/066)	Looker	Supporter	Hitoshi Ariga	TCGdex日本語版	Looker	sm5-152	入れる	
SM5M-073	グレイシアGX	HR	Ultra Prism (TCG)	Ultra Moon (/066)	Glaceon-GX	Water					イラストレーターが分からない（TCGdex・公式とも無し）	
SM5M-074	ネクロズマ あかつきのつばさGX	HR	Ultra Prism (TCG)	Ultra Moon (/066)	Dawn Wings Necrozma-GX	Psychic					イラストレーターが分からない（TCGdex・公式とも無し）	
SM5M-075	パルキアGX	HR	Ultra Prism (TCG)	Ultra Moon (/066)	Palkia-GX	Dragon					イラストレーターが分からない（TCGdex・公式とも無し）	
SM5M-076	クラッシュハンマー	UR	Ultra Prism (TCG)	Ultra Moon (/066)	Crushing Hammer	Item					イラストレーターが分からない（TCGdex・公式とも無し）	
SM5M-077	エスケープボード	UR	Ultra Prism (TCG)	Ultra Moon (/066)	Escape Board	Item					イラストレーターが分からない（TCGdex・公式とも無し）	
SM5M-078	ユニットエネルギー雷超鋼	UR	Ultra Prism (TCG)	Ultra Moon (/066)	Unit Energy LPM	Energy					イラストレーターが分からない（TCGdex・公式とも無し）	
SM5p-037	アルセウス プリズムスター	PR	Ultra Force (TCG)	Ultra Force (/050)	Arceus ♢	Colorless	Masakazu Fukuda	TCGdex日本語版	Arceus ◇	sm6-96	入れる	
SM5p-048	ビーストエネルギー プリズムスター	PR	Ultra Force (TCG)	Ultra Force (/050)	Beast Energy ♢	Energy					イラストレーターが分からない（TCGdex・公式とも無し）	
SM5p-051	パルキアGX	SR	Ultra Force (TCG)	Ultra Force (/050)	Palkia-GX	Water	5ban Graphics	TCGdex日本語版	Palkia-GX	sm6-20 sm5-101 sm6-119 sm6-132 sm5-147 sm5-165	入れる	
SM5p-052	アーゴヨンGX	SR	Ultra Force (TCG)	Ultra Force (/050)	Naganadel-GX	Psychic	5ban Graphics	TCGdex日本語版	Naganadel-GX	sm6-56 sm6-121 sm6-134 smp-SM125 sma-SV63	入れる	
SM5p-053	ルカリオGX	SR	Ultra Force (TCG)	Ultra Force (/050)	Lucario-GX	Fighting	5ban Graphics	TCGdex日本語版	Lucario-GX	sm6-122 sm6-135 smp-SM100 sma-SV64	入れる	
SM5p-054	ディアルガGX	SR	Ultra Force (TCG)	Ultra Force (/050)	Dialga-GX	Metal	5ban Graphics	TCGdex日本語版	Dialga-GX	sm6-82 sm5-100 sm6-125 sm6-138 sm5-146 sm5-164	入れる	
SM5p-055	ウルトラ調査隊	SR	Ultra Force (TCG)	Ultra Force (/050)	Ultra Recon Squad	Supporter	Megumi Mizutani	TCGdex日本語版	Ultra Recon Squad	sm6-114 sm6-131	入れる	
SM5p-056	マキシ	SR	Ultra Force (TCG)	Ultra Force (/050)	Crasher Wake	Supporter	Naoki Saito	TCGdex日本語版	Crasher Wake	sm6-129	入れる	
SM5p-057	パルキアGX	HR	Ultra Force (TCG)	Ultra Force (/050)	Palkia-GX	Water					イラストレーターが分からない（TCGdex・公式とも無し）	
SM5p-058	アーゴヨンGX	HR	Ultra Force (TCG)	Ultra Force (/050)	Naganadel-GX	Psychic					イラストレーターが分からない（TCGdex・公式とも無し）	
SM5p-059	ルカリオGX	HR	Ultra Force (TCG)	Ultra Force (/050)	Lucario-GX	Fighting					イラストレーターが分からない（TCGdex・公式とも無し）	
SM5p-060	ディアルガGX	HR	Ultra Force (TCG)	Ultra Force (/050)	Dialga-GX	Metal					イラストレーターが分からない（TCGdex・公式とも無し）	
SM5p-061	エネルギーリサイクル	UR	Ultra Force (TCG)	Ultra Force (/050)	Energy Recycler	Item					イラストレーターが分からない（TCGdex・公式とも無し）	
SM5p-062	ビーストリング	UR	Ultra Force (TCG)	Ultra Force (/050)	Beast Ring	Item					イラストレーターが分からない（TCGdex・公式とも無し）	
SM5p-063	鋼鉄のフライパン	UR	Ultra Force (TCG)	Ultra Force (/050)	Metal Frying Pan	Item					イラストレーターが分からない（TCGdex・公式とも無し）	
SM6-027	ボルケニオン プリズムスター	PR	Forbidden Light (TCG)	Forbidden Light (/094)	Volcanion ♢	Water	Naoki Saito	TCGdex日本語版	Volcanion ◇	sm6-31	入れる	
SM6-051	ディアンシー プリズムスター	PR	Forbidden Light (TCG)	Forbidden Light (/094)	Diancie ♢	Fighting	kawayoo	TCGdex日本語版	Diancie ◇	sm6-74	入れる	
SM6-089	フラダリ プリズムスター	PR	Forbidden Light (TCG)	Forbidden Light (/094)	Lysandre ♢	Supporter	Hitoshi Ariga	TCGdex日本語版	Lysandre ◇	sm6-110	入れる	
SM6-095	ゲッコウガGX	SR	Forbidden Light (TCG)	Forbidden Light (/094)	Greninja-GX	Water	5ban Graphics	TCGdex日本語版	Greninja-GX	sm6-24 sm6-120 sm6-133 sma-SV56	入れる	
SM6-096	ジガルデGX	SR	Forbidden Light (TCG)	Forbidden Light (/094)	Zygarde-GX	Fighting	5ban Graphics	TCGdex日本語版	Zygarde-GX	sm6-73 sm6-123 sm6-136 smp-SM122 sma-SV65	入れる	
SM6-097	イベルタルGX	SR	Forbidden Light (TCG)	Forbidden Light (/094)	Yveltal-GX	Darkness	5ban Graphics	TCGdex日本語版	Yveltal-GX	sm6-79 sm6-124 sm6-137	入れる	
SM6-098	ゼルネアスGX	SR	Forbidden Light (TCG)	Forbidden Light (/094)	Xerneas-GX	Fairy	5ban Graphics	TCGdex日本語版	Xerneas-GX	sm6-90 sm6-126 sm6-139	入れる	
SM6-099	ウルトラネクロズマGX	SR	Forbidden Light (TCG)	Forbidden Light (/094)	Ultra Necrozma-GX	Dragon	PLANETA	TCGdex日本語版	Ultra Necrozma-GX	smp-SM126	入れる	
SM6-100	おじょうさま	SR	Forbidden Light (TCG)	Forbidden Light (/094)	Lady	Supporter	Kanako Eo	TCGdex日本語版	Lady	sma-SV86	入れる	
SM6-101	カルネ	SR	Forbidden Light (TCG)	Forbidden Light (/094)	Diantha	Supporter	nagimiso	TCGdex日本語版	Diantha	sm6-130	入れる	
SM6-102	ユリーカ	SR	Forbidden Light (TCG)	Forbidden Light (/094)	Bonnie	Supporter	Hideki Ishikawa	TCGdex日本語版	Bonnie	sm6-103 sm6-128	入れる	
SM6-103	ゲッコウガGX	HR	Forbidden Light (TCG)	Forbidden Light (/094)	Greninja-GX	Water	Hideki Ishikawa	TCGdex日本語版			TCGdex 英語版の同じ名前のカードとイラストレーターが違う（英語版: 5ban Graphics / MPC Film）	
SM6-104	ジガルデGX	HR	Forbidden Light (TCG)	Forbidden Light (/094)	Zygarde-GX	Fighting	Ken Sugimori	TCGdex日本語版			TCGdex 英語版の同じ名前のカードとイラストレーターが違う（英語版: 5ban Graphics）	
SM6-105	イベルタルGX	HR	Forbidden Light (TCG)	Forbidden Light (/094)	Yveltal-GX	Darkness	Ken Sugimori	TCGdex日本語版			TCGdex 英語版の同じ名前のカードとイラストレーターが違う（英語版: 5ban Graphics）	
SM6-106	ゼルネアスGX	HR	Forbidden Light (TCG)	Forbidden Light (/094)	Xerneas-GX	Fairy	Toyste Beach	TCGdex日本語版			TCGdex 英語版の同じ名前のカードとイラストレーターが違う（英語版: 5ban Graphics）	
SM6-107	ウルトラネクロズマGX	HR	Forbidden Light (TCG)	Forbidden Light (/094)	Ultra Necrozma-GX	Dragon	Yoshinobu Saito	TCGdex日本語版			TCGdex 英語版の同じ名前のカードとイラストレーターが違う（英語版: PLANETA Igarashi / PLANETA Otani / PLANETA）	
SM6-108	エネポーター	UR	Forbidden Light (TCG)	Forbidden Light (/094)	Eneporter	Item	Sanosuke Sakuma	TCGdex日本語版			TCGdex 英語版の同じ名前のカードとイラストレーターが違う（英語版: Toyste Beach）	
SM6-109	ミステリートレジャー	UR	Forbidden Light (TCG)	Forbidden Light (/094)	Mysterious Treasure	Item	Yusuke Ohmura	TCGdex日本語版			TCGdex 英語版の同じ名前のカードとイラストレーターが違う（英語版: Eske Yoshinob）	
SM6-110	ユニットエネルギー闘悪フェアリー	UR	Forbidden Light (TCG)	Forbidden Light (/094)	Unit Energy FDY	Energy	Hitoshi Ariga	TCGdex日本語版			TCGdex 英語版にその英語名のカードが無い	
SM6a-004	ビクティニ プリズムスター	PR	Dragon Majesty (TCG)	Dragon Storm (/053)	Victini ♢	Fire	Shin Nagasawa	TCGdex日本語版	Victini ◇	sm7.5-7	入れる	
SM6a-050	ワタル プリズムスター	PR	Dragon Majesty (TCG)	Dragon Storm (/053)	Lance ♢	Supporter	kodama	TCGdex日本語版	Lance ◇	sm7.5-61	入れる	
SM6a-054	レシラムGX	SR	Dragon Majesty (TCG)	Dragon Storm (/053)	Reshiram-GX	Fire	PLANETA Igarashi	TCGdex日本語版	Reshiram-GX	sm7.5-65 sm7.5-71 sma-SV51	入れる	
SM6a-055	キングドラGX	SR	Dragon Majesty (TCG)	Dragon Storm (/053)	Kingdra-GX	Water	5ban Graphics	TCGdex日本語版	Kingdra-GX	sm7.5-18 sm7.5-66 smp-SM155	入れる	
SM6a-056	カイリューGX	SR	Dragon Majesty (TCG)	Dragon Storm (/053)	Dragonite-GX	Dragon	5ban Graphics	TCGdex日本語版	Dragonite-GX	sm7.5-37 sm7.5-67 smp-SM156	入れる	
SM6a-057	ホワイトキュレムGX	SR	Dragon Majesty (TCG)	Dragon Storm (/053)	White Kyurem-GX	Dragon	5ban Graphics	TCGdex日本語版	White Kyurem-GX	sm7.5-48 sm7.5-74 smp-SM141	入れる	
SM6a-058	カツラの一発勝負	SR	Dragon Majesty (TCG)	Dragon Storm (/053)	Blaine's Last Stand	Supporter	Mitsuhiro Arita	TCGdex日本語版	Blaine's Last Stand	sm7.5-69	入れる	
SM6a-059	ヒガナ	SR	Dragon Majesty (TCG)	Dragon Storm (/053)	Zinnia	Supporter	Hideki Ishikawa	TCGdex日本語版	Zinnia	sm7.5-70	入れる	
SM6a-060	レシラムGX	HR	Dragon Majesty (TCG)	Dragon Storm (/053)	Reshiram-GX	Fire					イラストレーターが分からない（TCGdex・公式とも無し）	
SM6a-061	キングドラGX	HR	Dragon Majesty (TCG)	Dragon Storm (/053)	Kingdra-GX	Water					イラストレーターが分からない（TCGdex・公式とも無し）	
SM6a-062	カイリューGX	HR	Dragon Majesty (TCG)	Dragon Storm (/053)	Dragonite-GX	Dragon					イラストレーターが分からない（TCGdex・公式とも無し）	
SM6a-063	ホワイトキュレムGX	HR	Dragon Majesty (TCG)	Dragon Storm (/053)	White Kyurem-GX	Dragon					イラストレーターが分からない（TCGdex・公式とも無し）	
SM6a-064	いれかえフロート	UR	Dragon Majesty (TCG)	Dragon Storm (/053)	Switch Raft	Item					イラストレーターが分からない（TCGdex・公式とも無し）	
SM6a-065	火打石	UR	Dragon Majesty (TCG)	Dragon Storm (/053)	Fiery Flint	Item					イラストレーターが分からない（TCGdex・公式とも無し）	
SM6a-066	竜の鉤爪	UR	Dragon Majesty (TCG)	Dragon Storm (/053)	Dragon Talon	Item					イラストレーターが分からない（TCGdex・公式とも無し）	
SM6b-067	フリーザーGX	SR	Champion Road (TCG)	Champion Road (/066)	Articuno-GX	Water	5ban Graphics	TCGdex日本語版	Articuno-GX	sm7-31 sm7-154 sm7-171 sma-SV54	入れる	
SM6b-068	マルマインGX	SR	Champion Road (TCG)	Champion Road (/066)	Electrode-GX	Lightning	5ban Graphics	TCGdex日本語版	Electrode-GX	sm7-48 sm7-155 sm7-172 sma-SV57	入れる	
SM6b-069	バリヤードGX	SR	Champion Road (TCG)	Champion Road (/066)	Mr. Mime-GX	Psychic	5ban Graphics	TCGdex日本語版	Mr. Mime-GX	sm7-56 sm9-67 sm7-156 sm7-173	入れる	
SM6b-070	ジュペッタGX	SR	Champion Road (TCG)	Champion Road (/066)	Banette-GX	Psychic	5ban Graphics	TCGdex日本語版	Banette-GX	sm7-66 sm7-157 sm7-174 sma-SV61	入れる	
SM6b-071	ハッサムGX	SR	Champion Road (TCG)	Champion Road (/066)	Scizor-GX	Metal	5ban Graphics	TCGdex日本語版	Scizor-GX	sm7-90 sm7-158 sm7-175 sma-SV72	入れる	
SM6b-072	ボーマンダGX	SR	Champion Road (TCG)	Champion Road (/066)	Salamence-GX	Dragon	5ban Graphics	TCGdex日本語版	Salamence-GX	sm7.5-44 sm7.5-73 smp-SM139	入れる	
SM6b-073	地底探険隊	SR	Champion Road (TCG)	Champion Road (/066)	Underground Expedition	Supporter	Kagemaru Himeno	TCGdex日本語版	Underground Expedition	pl2-97 ecard3-140 sm7-150 sm7-168	入れる	
SM6b-074	TVレポーター	SR	Champion Road (TCG)	Champion Road (/066)	TV Reporter	Supporter	nagimiso	TCGdex日本語版	TV Reporter	sm7-167	入れる	
SM6b-075	ぼんぐり職人	SR	Champion Road (TCG)	Champion Road (/066)	Apricorn Maker	Supporter	Kagemaru Himeno	TCGdex日本語版	Apricorn Maker	ecard3-121 sm7-124 sm7-161	入れる	
SM6b-076	マサキのメンテナンス	SR	Champion Road (TCG)	Champion Road (/066)	Bill's Maintenance	Supporter	Sanosuke Sakuma	TCGdex日本語版	Bill's Maintenance	sm7-162	入れる	
SM6b-077	モノマネむすめ	SR	Champion Road (TCG)	Champion Road (/066)	Copycat	Supporter	Megumi Mizutani	TCGdex日本語版	Copycat	sm7-163	入れる	
SM6b-078	フリーザーGX	HR	Champion Road (TCG)	Champion Road (/066)	Articuno-GX	Water					イラストレーターが分からない（TCGdex・公式とも無し）	
SM6b-079	マルマインGX	HR	Champion Road (TCG)	Champion Road (/066)	Electrode-GX	Lightning					イラストレーターが分からない（TCGdex・公式とも無し）	
SM6b-080	バリヤードGX	HR	Champion Road (TCG)	Champion Road (/066)	Mr. Mime-GX	Psychic					イラストレーターが分からない（TCGdex・公式とも無し）	
SM6b-081	ジュペッタGX	HR	Champion Road (TCG)	Champion Road (/066)	Banette-GX	Psychic					イラストレーターが分からない（TCGdex・公式とも無し）	
SM6b-082	ハッサムGX	HR	Champion Road (TCG)	Champion Road (/066)	Scizor-GX	Metal					イラストレーターが分からない（TCGdex・公式とも無し）	
SM6b-083	ボーマンダGX	HR	Champion Road (TCG)	Champion Road (/066)	Salamence-GX	Dragon					イラストレーターが分からない（TCGdex・公式とも無し）	
SM6b-084	ふっかつそう	UR	Champion Road (TCG)	Champion Road (/066)	Life Herb	Item					イラストレーターが分からない（TCGdex・公式とも無し）	
SM6b-085	ポケナビ	UR	Champion Road (TCG)	Champion Road (/066)	PokéNav	Item					イラストレーターが分からない（TCGdex・公式とも無し）	
SM6b-086	レインボーエネルギー	UR	Champion Road (TCG)	Champion Road (/066)	Rainbow Energy	Energy					イラストレーターが分からない（TCGdex・公式とも無し）	
SM7-057	ジラーチ プリズムスター	PR	Celestial Storm (TCG)	Sky-Splitting Charisma (/096)	Jirachi ♢	Metal	Kouki Saitou	TCGdex日本語版	Jirachi ◇	sm7-97	入れる	
SM7-066	ラティアス プリズムスター	PR	Celestial Storm (TCG)	Sky-Splitting Charisma (/096)	Latias ♢	Dragon	Anesaki Dynamic	TCGdex日本語版	Latias ◇	sm7-107	入れる	
SM7-067	ラティオス プリズムスター	PR	Celestial Storm (TCG)	Sky-Splitting Charisma (/096)	Latios ♢	Dragon	Anesaki Dynamic	TCGdex日本語版	Latios ◇	sm7-108	入れる	
SM7-097	ダーテングGX	SR	Celestial Storm (TCG)	Sky-Splitting Charisma (/096)	Shiftry-GX	Grass	PLANETA Igarashi	TCGdex日本語版	Shiftry-GX	sm7-14 sm7-152 sm7-169	入れる	
SM7-098	バシャーモGX	SR	Celestial Storm (TCG)	Sky-Splitting Charisma (/096)	Blaziken-GX	Fire	5ban Graphics	TCGdex日本語版	Blaziken-GX	sm7-28 sm7-153 sm7-170	入れる	
SM7-099	ツンデツンデGX	SR	Celestial Storm (TCG)	Sky-Splitting Charisma (/096)	Stakataka-GX	Metal	5ban Graphics	TCGdex日本語版	Stakataka-GX	sm7-102 sm7-159 sm7-176 sma-SV74	入れる	
SM7-100	チルタリスGX	SR	Celestial Storm (TCG)	Sky-Splitting Charisma (/096)	Altaria-GX	Dragon	5ban Graphics	TCGdex日本語版	Altaria-GX	sm7.5-41 sm7.5-68 sm7.5-72 sma-SV77	入れる	
SM7-101	レックウザGX	SR	Celestial Storm (TCG)	Sky-Splitting Charisma (/096)	Rayquaza-GX	Dragon	5ban Graphics	TCGdex日本語版	Rayquaza-GX	sm7-109 sm7-160 sm7-177	入れる	
SM7-102	ダイゴの決断	SR	Celestial Storm (TCG)	Sky-Splitting Charisma (/096)	Steven's Resolve	Supporter	Hitoshi Ariga	TCGdex日本語版	Steven's Resolve	sm7-145 sm7-165	入れる	
SM7-103	フウとラン	SR	Celestial Storm (TCG)	Sky-Splitting Charisma (/096)	Tate & Liza	Supporter	Hideki Ishikawa	TCGdex日本語版	Tate & Liza	sm7-166	入れる	
SM7-104	ルチア	SR	Celestial Storm (TCG)	Sky-Splitting Charisma (/096)	Lisia	Supporter	Naoki Saito	TCGdex日本語版	Lisia	sm7-164	入れる	
SM7-105	ダーテングGX	HR	Celestial Storm (TCG)	Sky-Splitting Charisma (/096)	Shiftry-GX	Grass					イラストレーターが分からない（TCGdex・公式とも無し）	
SM7-106	バシャーモGX	HR	Celestial Storm (TCG)	Sky-Splitting Charisma (/096)	Blaziken-GX	Fire					イラストレーターが分からない（TCGdex・公式とも無し）	
SM7-107	ツンデツンデGX	HR	Celestial Storm (TCG)	Sky-Splitting Charisma (/096)	Stakataka-GX	Metal					イラストレーターが分からない（TCGdex・公式とも無し）	
SM7-108	チルタリスGX	HR	Celestial Storm (TCG)	Sky-Splitting Charisma (/096)	Altaria-GX	Dragon					イラストレーターが分からない（TCGdex・公式とも無し）	
SM7-109	レックウザGX	HR	Celestial Storm (TCG)	Sky-Splitting Charisma (/096)	Rayquaza-GX	Dragon					イラストレーターが分からない（TCGdex・公式とも無し）	
SM7-110	ダートじてんしゃ	UR	Celestial Storm (TCG)	Sky-Splitting Charisma (/096)	Acro Bike	Item					イラストレーターが分からない（TCGdex・公式とも無し）	
SM7-111	レインボーブラシ	UR	Celestial Storm (TCG)	Sky-Splitting Charisma (/096)	Rainbow Brush	Item					イラストレーターが分からない（TCGdex・公式とも無し）	
SM7-112	ハッスルベルト	UR	Celestial Storm (TCG)	Sky-Splitting Charisma (/096)	Hustle Belt	Item					イラストレーターが分からない（TCGdex・公式とも無し）	
SM7a-043	メタモン プリズムスター	PR	Thunderclap Spark (TCG)	Thunderclap Spark (/060)	Ditto ♢	Colorless	kirisAki	TCGdex日本語版	Ditto ◇	sm8-154	入れる	
SM7a-058	サンダーマウンテン プリズムスター	PR	Thunderclap Spark (TCG)	Thunderclap Spark (/060)	Thunder Mountain ♢	Stadium	5ban Graphics	TCGdex日本語版	Thunder Mountain ◇	sm8-191	入れる	
SM7a-061	ビリジオンGX	SR	Thunderclap Spark (TCG)	Thunderclap Spark (/060)	Virizion-GX	Grass	5ban Graphics	TCGdex日本語版	Virizion-GX	sm8-34 sm8-197 sm8-217	入れる	
SM7a-062	マグカルゴGX	SR	Thunderclap Spark (TCG)	Thunderclap Spark (/060)	Magcargo-GX	Fire	5ban Graphics	TCGdex日本語版	Magcargo-GX	sm8-44 sm8-198 sm8-218	入れる	
SM7a-063	ゼラオラGX	SR	Thunderclap Spark (TCG)	Thunderclap Spark (/060)	Zeraora-GX	Lightning	PLANETA Otani	TCGdex日本語版	Zeraora-GX	sm8-86 sm8-201 sm8-221	入れる	
SM7a-064	ゲノセクトGX	SR	Thunderclap Spark (TCG)	Thunderclap Spark (/060)	Genesect-GX	Metal	Yoshinobu Saito	TCGdex日本語版	Genesect-GX	sm8-130 sm8-204 sm8-224	入れる	
SM7a-065	カヒリ	SR	Thunderclap Spark (TCG)	Thunderclap Spark (/060)	Kahili	Supporter	Megumi Mizutani	TCGdex日本語版	Kahili	sm8-210	入れる	
SM7a-066	ジャッジマン	SR	Thunderclap Spark (TCG)	Thunderclap Spark (/060)	Judge	Supporter	Sanosuke Sakuma	TCGdex日本語版	Judge	sm6-108 sm8-209	入れる	
SM7a-067	ビリジオンGX	HR	Thunderclap Spark (TCG)	Thunderclap Spark (/060)	Virizion-GX	Grass					イラストレーターが分からない（TCGdex・公式とも無し）	
SM7a-068	マグカルゴGX	HR	Thunderclap Spark (TCG)	Thunderclap Spark (/060)	Magcargo-GX	Fire					イラストレーターが分からない（TCGdex・公式とも無し）	
SM7a-069	ゼラオラGX	HR	Thunderclap Spark (TCG)	Thunderclap Spark (/060)	Zeraora-GX	Lightning					イラストレーターが分からない（TCGdex・公式とも無し）	
SM7a-070	ゲノセクトGX	HR	Thunderclap Spark (TCG)	Thunderclap Spark (/060)	Genesect-GX	Metal					イラストレーターが分からない（TCGdex・公式とも無し）	
SM7a-071	エレキパワー	UR	Thunderclap Spark (TCG)	Thunderclap Spark (/060)	Electropower	Item					イラストレーターが分からない（TCGdex・公式とも無し）	
SM7a-072	カスタムキャッチャー	UR	Thunderclap Spark (TCG)	Thunderclap Spark (/060)	Custom Catcher	Item					イラストレーターが分からない（TCGdex・公式とも無し）	
SM7a-073	カウンターゲイン	UR	Thunderclap Spark (TCG)	Thunderclap Spark (/060)	Counter Gain	Item					イラストレーターが分からない（TCGdex・公式とも無し）	
SM7b-033	ゼルネアス プリズムスター	PR	Fairy Rise (TCG)	Fairy Rise (/050)	Xerneas ♢	Fairy	Shin Nagasawa	TCGdex日本語版	Xerneas ◇	sm8-144	入れる	
SM7b-050	ライフフォレスト プリズムスター	PR	Fairy Rise (TCG)	Fairy Rise (/050)	Life Forest ♢	Stadium	5ban Graphics	TCGdex日本語版	Life Forest ◇	sm8-180	入れる	
SM7b-051	ジュカインGX	SR	Fairy Rise (TCG)	Fairy Rise (/050)	Sceptile-GX	Grass	Yoshinobu Saito	TCGdex日本語版	Sceptile-GX	sm8-22 sm8-196 sm8-216	入れる	
SM7b-052	シンボラーGX	SR	Fairy Rise (TCG)	Fairy Rise (/050)	Sigilyph-GX	Psychic	PLANETA Igarashi	TCGdex日本語版	Sigilyph-GX	sm8-202 sm8-222	入れる	
SM7b-053	アローラ キュウコンGX	SR	Fairy Rise (TCG)	Fairy Rise (/050)	Alolan Ninetales-GX	Fairy	5ban Graphics	TCGdex日本語版	Alolan Ninetales-GX	sm2-22 sm2-132 sm8-132 sm2-150 sm8-205 sm8-225 sma-SV53	入れる	
SM7b-054	ミミッキュGX	SR	Fairy Rise (TCG)	Fairy Rise (/050)	Mimikyu-GX	Fairy	5ban Graphics	TCGdex日本語版	Mimikyu-GX	sm8-149 sm8-206 sm8-226	入れる	
SM7b-055	マツバ	SR	Fairy Rise (TCG)	Fairy Rise (/050)	Morty	Supporter	Sanosuke Sakuma	TCGdex日本語版	Morty	sm8-212	入れる	
SM7b-056	マツリカ	SR	Fairy Rise (TCG)	Fairy Rise (/050)	Mina	Supporter	You Iribi	TCGdex日本語版	Mina	sm8-211	入れる	
SM7b-057	ジュカインGX	HR	Fairy Rise (TCG)	Fairy Rise (/050)	Sceptile-GX	Grass					イラストレーターが分からない（TCGdex・公式とも無し）	
SM7b-058	シンボラーGX	HR	Fairy Rise (TCG)	Fairy Rise (/050)	Sigilyph-GX	Psychic					イラストレーターが分からない（TCGdex・公式とも無し）	
SM7b-059	アローラ キュウコンGX	HR	Fairy Rise (TCG)	Fairy Rise (/050)	Alolan Ninetales-GX	Fairy					イラストレーターが分からない（TCGdex・公式とも無し）	
SM7b-060	ミミッキュGX	HR	Fairy Rise (TCG)	Fairy Rise (/050)	Mimikyu-GX	Fairy					イラストレーターが分からない（TCGdex・公式とも無し）	
SM7b-061	ネットボール	UR	Fairy Rise (TCG)	Fairy Rise (/050)	Net Ball	Item					イラストレーターが分からない（TCGdex・公式とも無し）	
SM7b-062	ぼうけんのカバン	UR	Fairy Rise (TCG)	Fairy Rise (/050)	Adventure Bag	Item					イラストレーターが分からない（TCGdex・公式とも無し）	
SM7b-063	のろいのおふだ	UR	Fairy Rise (TCG)	Fairy Rise (/050)	Spell Tag	Item					イラストレーターが分からない（TCGdex・公式とも無し）	
SM8-015	セレビィ プリズムスター	PR	Lost Thunder (TCG)	Super-Burst Impact (/095)	Celebi ♢	Grass	Masakazu Fukuda	TCGdex日本語版	Celebi ◇	sm8-19	入れる	
SM8-092	ルザミーネ プリズムスター	PR	Lost Thunder (TCG)	Super-Burst Impact (/095)	Lusamine ♢	Supporter	nagimiso	TCGdex日本語版	Lusamine ◇	sm8-182	入れる	
SM8-093	ヒートファクトリー プリズムスター	PR	Lost Thunder (TCG)	Super-Burst Impact (/095)	Heat Factory ♢	Stadium	5ban Graphics	TCGdex日本語版	Heat Factory ◇	sm8-178	入れる	
SM8-096	ツボツボGX	SR	Lost Thunder (TCG)	Super-Burst Impact (/095)	Shuckle-GX	Grass	5ban Graphics	TCGdex日本語版	Shuckle-GX	sm8-17 sm8-195 sm8-215	入れる	
SM8-097	ズガドーンGX	SR	Lost Thunder (TCG)	Super-Burst Impact (/095)	Blacephalon-GX	Fire	5ban Graphics	TCGdex日本語版	Blacephalon-GX	sm8-52 sm8-199 sm8-219	入れる	
SM8-098	スイクンGX	SR	Lost Thunder (TCG)	Super-Burst Impact (/095)	Suicune-GX	Water	5ban Graphics	TCGdex日本語版	Suicune-GX	sm8-60 sm8-200 sm8-220	入れる	
SM8-099	バンギラスGX	SR	Lost Thunder (TCG)	Super-Burst Impact (/095)	Tyranitar-GX	Darkness	5ban Graphics	TCGdex日本語版	Tyranitar-GX	sm8-121 sm8-203 sm8-223	入れる	
SM8-100	ルギアGX	SR	Lost Thunder (TCG)	Super-Burst Impact (/095)	Lugia-GX	Colorless	PLANETA Igarashi	TCGdex日本語版	Lugia-GX	sm8-159 sm8-207 sm8-227	入れる	
SM8-101	アカネ	SR	Lost Thunder (TCG)	Super-Burst Impact (/095)	Whitney	Supporter	Sanosuke Sakuma	TCGdex日本語版	Whitney	sm8-214	入れる	
SM8-102	ウツギ博士のレクチャー	SR	Lost Thunder (TCG)	Super-Burst Impact (/095)	Professor Elm's Lecture	Supporter	Hideki Ishikawa	TCGdex日本語版	Professor Elm's Lecture	sm8-188 sm8-213	入れる	
SM8-103	ザオボー	SR	Lost Thunder (TCG)	Super-Burst Impact (/095)	Faba	Supporter	take	TCGdex日本語版	Faba	sm8-173 sm8-208	入れる	
SM8-104	ツボツボGX	HR	Lost Thunder (TCG)	Super-Burst Impact (/095)	Shuckle-GX	Grass					イラストレーターが分からない（TCGdex・公式とも無し）	
SM8-105	ズガドーンGX	HR	Lost Thunder (TCG)	Super-Burst Impact (/095)	Blacephalon-GX	Fire					イラストレーターが分からない（TCGdex・公式とも無し）	
SM8-106	スイクンGX	HR	Lost Thunder (TCG)	Super-Burst Impact (/095)	Suicune-GX	Water					イラストレーターが分からない（TCGdex・公式とも無し）	
SM8-107	バンギラスGX	HR	Lost Thunder (TCG)	Super-Burst Impact (/095)	Tyranitar-GX	Darkness					イラストレーターが分からない（TCGdex・公式とも無し）	
SM8-108	ルギアGX	HR	Lost Thunder (TCG)	Super-Burst Impact (/095)	Lugia-GX	Colorless					イラストレーターが分からない（TCGdex・公式とも無し）	
SM8-109	あとだしハンマー	UR	Lost Thunder (TCG)	Super-Burst Impact (/095)	Wait and See Hammer	Item					イラストレーターが分からない（TCGdex・公式とも無し）	
SM8-110	ロストミキサー	UR	Lost Thunder (TCG)	Super-Burst Impact (/095)	Lost Blender	Item					イラストレーターが分からない（TCGdex・公式とも無し）	
SM8-111	こだわりメット	UR	Lost Thunder (TCG)	Super-Burst Impact (/095)	Choice Helmet	Item					イラストレーターが分からない（TCGdex・公式とも無し）	
SM8a-014	カプ・コケコ プリズムスター	PR	Dark Order (TCG)	Dark Order (/052)	Tapu Koko ♢	Lightning	Kouki Saitou	TCGdex日本語版	Tapu Koko ◇	sm9-51	入れる	
SM8a-052	ブラックマーケット プリズムスター	PR	Dark Order (TCG)	Dark Order (/052)	Black Market ♢	Stadium	5ban Graphics	TCGdex日本語版	Black Market ◇	sm9-134	入れる	
SM8a-053	デンリュウGX	SR	Dark Order (TCG)	Dark Order (/052)	Ampharos-GX	Lightning	5ban Graphics	TCGdex日本語版	Ampharos-GX	sm9-43 sm9-163 sm9-185	入れる	
SM8a-054	フーパGX	SR	Dark Order (TCG)	Dark Order (/052)	Hoopa-GX	Darkness	5ban Graphics	TCGdex日本語版	Hoopa-GX	sm9-96 sm9-166 sm9-187	入れる	
SM8a-055	ガオガエンGX	SR	Dark Order (TCG)	Dark Order (/052)	Incineroar-GX	Darkness	5ban Graphics	TCGdex日本語版	Incineroar-GX	sm1-27 sm9-97 sm2-147 sm9-167 sm9-188 smp-SM38	入れる	
SM8a-056	コバルオンGX	SR	Dark Order (TCG)	Dark Order (/052)	Cobalion-GX	Metal	5ban Graphics	TCGdex日本語版	Cobalion-GX	sm9-106 sm9-168 sm9-189	入れる	
SM8a-057	クチナシ	SR	Dark Order (TCG)	Dark Order (/052)	Nanu	Supporter	Hitoshi Ariga	TCGdex日本語版	Nanu	sm9-179	入れる	
SM8a-058	ミカン	SR	Dark Order (TCG)	Dark Order (/052)	Jasmine	Supporter	Hideki Ishikawa	TCGdex日本語版	Jasmine	sm9-177	入れる	
SM8a-059	デンリュウGX	HR	Dark Order (TCG)	Dark Order (/052)	Ampharos-GX	Lightning					イラストレーターが分からない（TCGdex・公式とも無し）	
SM8a-060	フーパGX	HR	Dark Order (TCG)	Dark Order (/052)	Hoopa-GX	Darkness					イラストレーターが分からない（TCGdex・公式とも無し）	
SM8a-061	ガオガエンGX	HR	Dark Order (TCG)	Dark Order (/052)	Incineroar-GX	Darkness					イラストレーターが分からない（TCGdex・公式とも無し）	
SM8a-062	コバルオンGX	HR	Dark Order (TCG)	Dark Order (/052)	Cobalion-GX	Metal					イラストレーターが分からない（TCGdex・公式とも無し）	
SM8a-063	エレキチャージャー	UR	Dark Order (TCG)	Dark Order (/052)	Electrocharger	Item					イラストレーターが分からない（TCGdex・公式とも無し）	
SM8a-064	デンジャラスドリル	UR	Dark Order (TCG)	Dark Order (/052)	Dangerous Drill	Item					イラストレーターが分からない（TCGdex・公式とも無し）	
SM8a-065	メタルゴーグル	UR	Dark Order (TCG)	Dark Order (/052)	Metal Goggles	Item					イラストレーターが分からない（TCGdex・公式とも無し）	
SM8b-006	シェイミ プリズムスター	PR	Hidden Fates (TCG)	GX Ultra Shiny (/150)	Shaymin ♢	Grass	kawayoo	TCGdex日本語版	Shaymin ◇	sm9-10	入れる	
SM8b-047	ルナアーラ プリズムスター	PR	Hidden Fates (TCG)	GX Ultra Shiny (/150)	Lunala ♢	Psychic	Hitoshi Ariga	TCGdex日本語版	Lunala ◇	sm5-62	入れる	
SM8b-058	ディアンシー プリズムスター	PR	Hidden Fates (TCG)	GX Ultra Shiny (/150)	Diancie ♢	Fighting	kawayoo	TCGdex日本語版	Diancie ◇	sm6-74	入れる	
SM8b-082	ソルガレオ プリズムスター	PR	Hidden Fates (TCG)	GX Ultra Shiny (/150)	Solgaleo ♢	Metal	Shin Nagasawa	TCGdex日本語版	Solgaleo ◇	sm5-89	入れる	
SM8b-145	ワンダーラビリンス プリズムスター	PR	Hidden Fates (TCG)	GX Ultra Shiny (/150)	Wondrous Labyrinth ♢	Stadium	5ban Graphics	TCGdex日本語版	Wondrous Labyrinth ◇	sm9-158	入れる	
SM8b-147	ビーストエネルギー プリズムスター	PR	Hidden Fates (TCG)	GX Ultra Shiny (/150)	Beast Energy ♢	Energy					イラストレーターが分からない（TCGdex・公式とも無し）	
SM8b-151	エーテル財団職員	SR	Hidden Fates (TCG)	GX Ultra Shiny (/150)	Aether Foundation Employee	Supporter	take	TCGdex日本語版	Aether Foundation Employee	sm8-168 sma-SV81	入れる	
SM8b-152	グズマ	SR	Hidden Fates (TCG)	GX Ultra Shiny (/150)	Guzma	Supporter	Hitoshi Ariga	TCGdex日本語版	Guzma	sma-SV84	入れる	
SM8b-153	シロナ	SR	Hidden Fates (TCG)	GX Ultra Shiny (/150)	Cynthia	Supporter	Yusuke Ohmura	TCGdex日本語版	Cynthia	sma-SV82	入れる	
SM8b-154	釣り人	SR	Hidden Fates (TCG)	GX Ultra Shiny (/150)	Fisherman	Supporter	Masakazu Fukuda	TCGdex日本語版	Fisherman	sm7-130 sma-SV83	入れる	
SM8b-155	ノボリとクダリ	SR	Hidden Fates (TCG)	GX Ultra Shiny (/150)	Ingo & Emmet	Supporter	Megumi Mizutani	TCGdex日本語版	Ingo & Emmet	sm9-176	入れる	
SM8b-156	やまおとこ	SR	Hidden Fates (TCG)	GX Ultra Shiny (/150)	Hiker	Supporter	Naoki Saito	TCGdex日本語版	Hiker	sm7-133 sma-SV85	入れる	
SM8b-157	ルミタン	SR	Hidden Fates (TCG)	GX Ultra Shiny (/150)	Morgan	Supporter	Kagemaru Himeno	TCGdex日本語版	Morgan	sm9-178	入れる	
SM8b-158	ラジュルネ	SR	Hidden Fates (TCG)	GX Ultra Shiny (/150)	Dana	Supporter	Kagemaru Himeno	TCGdex日本語版	Dana	sm9-173	入れる	
SM8b-159	ルスワール	SR	Hidden Fates (TCG)	GX Ultra Shiny (/150)	Evelyn	Supporter	Kagemaru Himeno	TCGdex日本語版	Evelyn	sm9-175	入れる	
SM8b-160	ラニュイ	SR	Hidden Fates (TCG)	GX Ultra Shiny (/150)	Nita	Supporter	Kagemaru Himeno	TCGdex日本語版	Nita	sm9-180	入れる	
SM8b-161	ストライク	S	Hidden Fates (TCG)	GX Ultra Shiny (/150)	Scyther	Grass	Shigenori Negishi	TCGdex日本語版	Scyther	sma-SV1	入れる	
SM8b-162	モクロー	S	Hidden Fates (TCG)	GX Ultra Shiny (/150)	Rowlet	Grass	sui	TCGdex日本語版	Rowlet	sma-SV2	入れる	
SM8b-163	フクスロー	S	Hidden Fates (TCG)	GX Ultra Shiny (/150)	Dartrix	Grass	Shigenori Negishi	TCGdex日本語版	Dartrix	sma-SV3	入れる	
SM8b-164	コソクムシ	S	Hidden Fates (TCG)	GX Ultra Shiny (/150)	Wimpod	Grass	SATOSHI NAKAI	TCGdex日本語版	Wimpod	sma-SV4	入れる	
SM8b-165	フェローチェ	S	Hidden Fates (TCG)	GX Ultra Shiny (/150)	Pheromosa	Grass	Mizue	TCGdex日本語版	Pheromosa	sma-SV5	入れる	
SM8b-166	ヒトカゲ	S	Hidden Fates (TCG)	GX Ultra Shiny (/150)	Charmander	Fire	kirisAki	TCGdex日本語版	Charmander	sma-SV6	入れる	
SM8b-167	リザード	S	Hidden Fates (TCG)	GX Ultra Shiny (/150)	Charmeleon	Fire	nagimiso	TCGdex日本語版	Charmeleon	sma-SV7	入れる	
SM8b-168	アローラ ロコン	S	Hidden Fates (TCG)	GX Ultra Shiny (/150)	Alolan Vulpix	Water	Kouki Saitou	TCGdex日本語版	Alolan Vulpix	sma-SV8	入れる	
SM8b-169	ウパー	S	Hidden Fates (TCG)	GX Ultra Shiny (/150)	Wooper	Water	Misa Tsutsui	TCGdex日本語版	Wooper	sma-SV9	入れる	
SM8b-170	ヌオー	S	Hidden Fates (TCG)	GX Ultra Shiny (/150)	Quagsire	Water	Saya Tsuruta	TCGdex日本語版	Quagsire	sma-SV10	入れる	
SM8b-171	ケロマツ	S	Hidden Fates (TCG)	GX Ultra Shiny (/150)	Froakie	Water	sui	TCGdex日本語版	Froakie	sma-SV11	入れる	
SM8b-172	ゲコガシラ	S	Hidden Fates (TCG)	GX Ultra Shiny (/150)	Frogadier	Water	Anesaki Dynamic	TCGdex日本語版	Frogadier	sma-SV12	入れる	
SM8b-173	ビリリダマ	S	Hidden Fates (TCG)	GX Ultra Shiny (/150)	Voltorb	Lightning	Shin Nagasawa	TCGdex日本語版	Voltorb	sma-SV13	入れる	
SM8b-174	デンジュモク	S	Hidden Fates (TCG)	GX Ultra Shiny (/150)	Xurkitree	Lightning	Naoki Saito	TCGdex日本語版	Xurkitree	sma-SV14	入れる	
SM8b-175	ハブネーク	S	Hidden Fates (TCG)	GX Ultra Shiny (/150)	Seviper	Psychic	SATOSHI NAKAI	TCGdex日本語版	Seviper	sma-SV15	入れる	
SM8b-176	カゲボウズ	S	Hidden Fates (TCG)	GX Ultra Shiny (/150)	Shuppet	Psychic	sui	TCGdex日本語版	Shuppet	sma-SV16	入れる	
SM8b-177	マーイーカ	S	Hidden Fates (TCG)	GX Ultra Shiny (/150)	Inkay	Psychic	Shigenori Negishi	TCGdex日本語版	Inkay	sma-SV17	入れる	
SM8b-178	カラマネロ	S	Hidden Fates (TCG)	GX Ultra Shiny (/150)	Malamar	Psychic	Hideki Ishikawa	TCGdex日本語版	Malamar	sma-SV18	入れる	
SM8b-179	ベベノム	S	Hidden Fates (TCG)	GX Ultra Shiny (/150)	Poipole	Psychic	Akira Komayama	TCGdex日本語版	Poipole	sma-SV19	入れる	
SM8b-180	ウソッキー	S	Hidden Fates (TCG)	GX Ultra Shiny (/150)	Sudowoodo	Fighting	Kyoko Umemoto	TCGdex日本語版	Sudowoodo	sma-SV20	入れる	
SM8b-181	リオル	S	Hidden Fates (TCG)	GX Ultra Shiny (/150)	Riolu	Fighting	Misa Tsutsui	TCGdex日本語版	Riolu	sma-SV21	入れる	
SM8b-182	ルカリオ	S	Hidden Fates (TCG)	GX Ultra Shiny (/150)	Lucario	Fighting	Kouki Saitou	TCGdex日本語版	Lucario	pop6-2 hgss2-19 pl1-53 sma-SV22	入れる	
SM8b-183	イワンコ	S	Hidden Fates (TCG)	GX Ultra Shiny (/150)	Rockruff	Fighting	Masakazu Fukuda	TCGdex日本語版	Rockruff	sma-SV23	入れる	
SM8b-184	マッシブーン	S	Hidden Fates (TCG)	GX Ultra Shiny (/150)	Buzzwole	Fighting	Shin Nagasawa	TCGdex日本語版	Buzzwole	sma-SV24	入れる	
SM8b-185	ゾロア	S	Hidden Fates (TCG)	GX Ultra Shiny (/150)	Zorua	Darkness	Saya Tsuruta	TCGdex日本語版	Zorua	sma-SV25	入れる	
SM8b-186	アクジキング	S	Hidden Fates (TCG)	GX Ultra Shiny (/150)	Guzzlord	Darkness	Masakazu Fukuda	TCGdex日本語版	Guzzlord	sma-SV26	入れる	
SM8b-187	コイル	S	Hidden Fates (TCG)	GX Ultra Shiny (/150)	Magnemite	Metal	SATOSHI NAKAI	TCGdex日本語版	Magnemite	sma-SV27	入れる	
SM8b-188	レアコイル	S	Hidden Fates (TCG)	GX Ultra Shiny (/150)	Magneton	Metal	Kyoko Umemoto	TCGdex日本語版	Magneton	tk-ex-latio-5 ex3-35 sma-SV28	入れる	
SM8b-189	ジバコイル	S	Hidden Fates (TCG)	GX Ultra Shiny (/150)	Magnezone	Metal	Misa Tsutsui	TCGdex日本語版	Magnezone	sma-SV29	入れる	
SM8b-190	ダンバル	S	Hidden Fates (TCG)	GX Ultra Shiny (/150)	Beldum	Metal	Mizue	TCGdex日本語版	Beldum	sma-SV30	入れる	
SM8b-191	メタング	S	Hidden Fates (TCG)	GX Ultra Shiny (/150)	Metang	Metal	Saya Tsuruta	TCGdex日本語版	Metang	sma-SV31	入れる	
SM8b-192	テッカグヤ	S	Hidden Fates (TCG)	GX Ultra Shiny (/150)	Celesteela	Metal	Kouki Saitou	TCGdex日本語版	Celesteela	sma-SV32	入れる	
SM8b-193	カミツルギ	S	Hidden Fates (TCG)	GX Ultra Shiny (/150)	Kartana	Metal	Anesaki Dynamic	TCGdex日本語版	Kartana	sma-SV33	入れる	
SM8b-194	ラルトス	S	Hidden Fates (TCG)	GX Ultra Shiny (/150)	Ralts	Fairy	Kyoko Umemoto	TCGdex日本語版	Ralts	sma-SV34	入れる	
SM8b-195	キルリア	S	Hidden Fates (TCG)	GX Ultra Shiny (/150)	Kirlia	Fairy	Sumiyoshi Kizuki	TCGdex日本語版	Kirlia	sma-SV35	入れる	
SM8b-196	ディアンシー	S	Hidden Fates (TCG)	GX Ultra Shiny (/150)	Diancie	Fairy	Akira Komayama	TCGdex日本語版	Diancie	sma-SV36	入れる	
SM8b-197	チルタリス	S	Hidden Fates (TCG)	GX Ultra Shiny (/150)	Altaria	Dragon	kirisAki	TCGdex日本語版	Altaria	sma-SV37	入れる	
SM8b-198	フカマル	S	Hidden Fates (TCG)	GX Ultra Shiny (/150)	Gible	Dragon	Saya Tsuruta	TCGdex日本語版	Gible	sma-SV38	入れる	
SM8b-199	ガバイト	S	Hidden Fates (TCG)	GX Ultra Shiny (/150)	Gabite	Dragon	Masakazu Fukuda	TCGdex日本語版	Gabite	sma-SV39	入れる	
SM8b-200	ガブリアス	S	Hidden Fates (TCG)	GX Ultra Shiny (/150)	Garchomp	Dragon	Shin Nagasawa	TCGdex日本語版	Garchomp	sma-SV40	入れる	
SM8b-201	イーブイ	S	Hidden Fates (TCG)	GX Ultra Shiny (/150)	Eevee	Colorless	kirisAki	TCGdex日本語版	Eevee	bw11-RC14 smp-SM235 sma-SV41	入れる	
SM8b-202	チルット	S	Hidden Fates (TCG)	GX Ultra Shiny (/150)	Swablu	Colorless	Shigenori Negishi	TCGdex日本語版	Swablu	sma-SV42	入れる	
SM8b-203	オンバット	S	Hidden Fates (TCG)	GX Ultra Shiny (/150)	Noibat	Colorless	Mizue	TCGdex日本語版	Noibat	sma-SV43	入れる	
SM8b-204	ヤレユータン	S	Hidden Fates (TCG)	GX Ultra Shiny (/150)	Oranguru	Colorless	Akira Komayama	TCGdex日本語版	Oranguru	sma-SV44 swsh9tg-TG12	入れる	
SM8b-205	タイプ：ヌル	S	Hidden Fates (TCG)	GX Ultra Shiny (/150)	Type: Null	Colorless	Shin Nagasawa	TCGdex日本語版	Type: Null	sma-SV45	入れる	
SM8b-206	リーフィアGX	SSR	Hidden Fates (TCG)	GX Ultra Shiny (/150)	Leafeon-GX	Grass	5ban Graphics	TCGdex日本語版	Leafeon-GX	sm5-13 sm5-139 sm5-157 smp-SM146 sma-SV46	入れる	
SM8b-207	ジュナイパーGX	SSR	Hidden Fates (TCG)	GX Ultra Shiny (/150)	Decidueye-GX	Grass	5ban Graphics	TCGdex日本語版	Decidueye-GX	sm1-12 sm2-146 smp-SM37 sma-SV47	入れる	
SM8b-208	グソクムシャGX	SSR	Hidden Fates (TCG)	GX Ultra Shiny (/150)	Golisopod-GX	Grass	5ban Graphics	TCGdex日本語版	Golisopod-GX	sm3-17 sm3-129 sm3-148 smp-SM62 sma-SV48	入れる	
SM8b-209	リザードンGX	SSR	Hidden Fates (TCG)	GX Ultra Shiny (/150)	Charizard-GX	Fire	5ban Graphics	TCGdex日本語版	Charizard-GX	sm3-20 sm3-150 smp-SM60 sma-SV49	入れる	
SM8b-210	ホウオウGX	SSR	Hidden Fates (TCG)	GX Ultra Shiny (/150)	Ho-Oh-GX	Fire	5ban Graphics	TCGdex日本語版	Ho-Oh-GX	sm3-131 smp-SM57 smp-SM80 sma-SV50	入れる	
SM8b-211	レシラムGX	SSR	Hidden Fates (TCG)	GX Ultra Shiny (/150)	Reshiram-GX	Fire	PLANETA Igarashi	TCGdex日本語版	Reshiram-GX	sm7.5-65 sm7.5-71 sma-SV51	入れる	
SM8b-212	バクガメスGX	SSR	Hidden Fates (TCG)	GX Ultra Shiny (/150)	Turtonator-GX	Fire	5ban Graphics	TCGdex日本語版	Turtonator-GX	sm2-18 sm2-131 sm2-148 sma-SV52	入れる	
SM8b-213	アローラ キュウコンGX	SSR	Hidden Fates (TCG)	GX Ultra Shiny (/150)	Alolan Ninetales-GX	Water	5ban Graphics	TCGdex日本語版	Alolan Ninetales-GX	sm2-22 sm2-132 sm8-132 sm2-150 sm8-205 sm8-225 sma-SV53	入れる	
SM8b-214	フリーザーGX	SSR	Hidden Fates (TCG)	GX Ultra Shiny (/150)	Articuno-GX	Water	5ban Graphics	TCGdex日本語版	Articuno-GX	sm7-31 sm7-154 sm7-171 sma-SV54	入れる	
SM8b-215	グレイシアGX	SSR	Hidden Fates (TCG)	GX Ultra Shiny (/150)	Glaceon-GX	Water	5ban Graphics	TCGdex日本語版	Glaceon-GX	sm5-39 sm5-141 sm5-159 smp-SM147 sma-SV55	入れる	
SM8b-216	ゲッコウガGX	SSR	Hidden Fates (TCG)	GX Ultra Shiny (/150)	Greninja-GX	Water	5ban Graphics	TCGdex日本語版	Greninja-GX	sm6-24 sm6-120 sm6-133 sma-SV56	入れる	
SM8b-217	マルマインGX	SSR	Hidden Fates (TCG)	GX Ultra Shiny (/150)	Electrode-GX	Lightning	5ban Graphics	TCGdex日本語版	Electrode-GX	sm7-48 sm7-155 sm7-172 sma-SV57	入れる	
SM8b-218	デンジュモクGX	SSR	Hidden Fates (TCG)	GX Ultra Shiny (/150)	Xurkitree-GX	Lightning	5ban Graphics	TCGdex日本語版	Xurkitree-GX	sm5-142 sm5-160 smp-SM68 sma-SV58	入れる	
SM8b-219	ミュウツーGX	SSR	Hidden Fates (TCG)	GX Ultra Shiny (/150)	Mewtwo-GX	Psychic	5ban Graphics	TCGdex日本語版	Mewtwo-GX	sm3.5-39 sm3.5-72 sm3.5-76 sma-SV59	入れる	
SM8b-220	エーフィGX	SSR	Hidden Fates (TCG)	GX Ultra Shiny (/150)	Espeon-GX	Psychic	5ban Graphics	TCGdex日本語版	Espeon-GX	sm1-61 sm1-140 sm1-152 smp-SM35 sma-SV60	入れる	
SM8b-221	ジュペッタGX	SSR	Hidden Fates (TCG)	GX Ultra Shiny (/150)	Banette-GX	Psychic	5ban Graphics	TCGdex日本語版	Banette-GX	sm7-66 sm7-157 sm7-174 sma-SV61	入れる	
SM8b-222	ウツロイドGX	SSR	Hidden Fates (TCG)	GX Ultra Shiny (/150)	Nihilego-GX	Psychic	5ban Graphics	TCGdex日本語版	Nihilego-GX	sm4-49 sm4-103 sm4-114 sma-SV62	入れる	
SM8b-223	アーゴヨンGX	SSR	Hidden Fates (TCG)	GX Ultra Shiny (/150)	Naganadel-GX	Psychic	5ban Graphics	TCGdex日本語版	Naganadel-GX	sm6-56 sm6-121 sm6-134 smp-SM125 sma-SV63	入れる	
SM8b-224	ルカリオGX	SSR	Hidden Fates (TCG)	GX Ultra Shiny (/150)	Lucario-GX	Fighting	5ban Graphics	TCGdex日本語版	Lucario-GX	sm6-122 sm6-135 smp-SM100 sma-SV64	入れる	
SM8b-225	ジガルデGX	SSR	Hidden Fates (TCG)	GX Ultra Shiny (/150)	Zygarde-GX	Fighting	5ban Graphics	TCGdex日本語版	Zygarde-GX	sm6-73 sm6-123 sm6-136 smp-SM122 sma-SV65	入れる	
SM8b-226	ルガルガンGX	SSR	Hidden Fates (TCG)	GX Ultra Shiny (/150)	Lycanroc-GX	Fighting	5ban Graphics	TCGdex日本語版	Lycanroc-GX	sm2-74 sm9-82 sm3-136 sm2-138 sm3-155 sm2-156 smp-SM14 sma-SV66 sma-SV67	入れる	
SM8b-227	ルガルガンGX	SSR	Hidden Fates (TCG)	GX Ultra Shiny (/150)	Lycanroc-GX	Fighting	5ban Graphics	TCGdex日本語版	Lycanroc-GX	sm2-74 sm9-82 sm3-136 sm2-138 sm3-155 sm2-156 smp-SM14 sma-SV66 sma-SV67	入れる	
SM8b-228	マッシブーンGX	SSR	Hidden Fates (TCG)	GX Ultra Shiny (/150)	Buzzwole-GX	Fighting	5ban Graphics	TCGdex日本語版	Buzzwole-GX	30th-c-013 sm4-57 sm4-104 sm4-115 smp-SM69 sma-SV68	入れる	
SM8b-229	ブラッキーGX	SSR	Hidden Fates (TCG)	GX Ultra Shiny (/150)	Umbreon-GX	Darkness	5ban Graphics	TCGdex日本語版	Umbreon-GX	sm1-80 sm1-142 sm1-154 smp-SM36 sma-SV69	入れる	
SM8b-230	ダークライGX	SSR	Hidden Fates (TCG)	GX Ultra Shiny (/150)	Darkrai-GX	Darkness	5ban Graphics	TCGdex日本語版	Darkrai-GX	sm3-139 sm3-158 sma-SV70	入れる	
SM8b-231	ゾロアークGX	SSR	Hidden Fates (TCG)	GX Ultra Shiny (/150)	Zoroark-GX	Darkness	5ban Graphics	TCGdex日本語版	Zoroark-GX	sm3.5-53 sm3.5-77 smp-SM84	入れる	
SM8b-232	アクジキングGX	SSR	Hidden Fates (TCG)	GX Ultra Shiny (/150)	Guzzlord-GX	Darkness	5ban Graphics	TCGdex日本語版	Guzzlord-GX	sm4-63 sm4-63a sm4-105 sm4-116 sma-SV71	入れる	
SM8b-233	ハッサムGX	SSR	Hidden Fates (TCG)	GX Ultra Shiny (/150)	Scizor-GX	Metal	5ban Graphics	TCGdex日本語版	Scizor-GX	sm7-90 sm7-158 sm7-175 sma-SV72	入れる	
SM8b-234	メタグロスGX	SSR	Hidden Fates (TCG)	GX Ultra Shiny (/150)	Metagross-GX	Metal	5ban Graphics	TCGdex日本語版	Metagross-GX	sm2-85 sm2-139 sm2-157	入れる	
SM8b-235	カミツルギGX	SSR	Hidden Fates (TCG)	GX Ultra Shiny (/150)	Kartana-GX	Metal	5ban Graphics	TCGdex日本語版	Kartana-GX	sm4-70 sm4-106 sm4-117 sma-SV73	入れる	
SM8b-236	ツンデツンデGX	SSR	Hidden Fates (TCG)	GX Ultra Shiny (/150)	Stakataka-GX	Metal	5ban Graphics	TCGdex日本語版	Stakataka-GX	sm7-102 sm7-159 sm7-176 sma-SV74	入れる	
SM8b-237	サーナイトGX	SSR	Hidden Fates (TCG)	GX Ultra Shiny (/150)	Gardevoir-GX	Fairy	5ban Graphics	TCGdex日本語版	Gardevoir-GX	sm3-93 sm3-140 sm3-159 sma-SV75	入れる	
SM8b-238	ニンフィアGX	SSR	Hidden Fates (TCG)	GX Ultra Shiny (/150)	Sylveon-GX	Fairy	5ban Graphics	TCGdex日本語版	Sylveon-GX	sm2-92 sm2-140 sm2-158 sma-SV76	入れる	
SM8b-239	チルタリスGX	SSR	Hidden Fates (TCG)	GX Ultra Shiny (/150)	Altaria-GX	Dragon	5ban Graphics	TCGdex日本語版	Altaria-GX	sm7.5-41 sm7.5-68 sm7.5-72 sma-SV77	入れる	
SM8b-240	レックウザGX	SSR	Hidden Fates (TCG)	GX Ultra Shiny (/150)	Rayquaza-GX	Dragon	5ban Graphics	TCGdex日本語版	Rayquaza-GX	sm7-109 sm7-160 sm7-177	入れる	
SM8b-241	オンバーンGX	SSR	Hidden Fates (TCG)	GX Ultra Shiny (/150)	Noivern-GX	Dragon	5ban Graphics	TCGdex日本語版	Noivern-GX	sm3-99 sm3-141 sm3-160 sma-SV78	入れる	
SM8b-242	シルヴァディGX	SSR	Hidden Fates (TCG)	GX Ultra Shiny (/150)	Silvally-GX	Colorless	5ban Graphics	TCGdex日本語版	Silvally-GX	sm4-90 sm4-108 sm5-116 sm4-119 smp-SM91 sma-SV79	入れる	
SM8b-243	ジジーロンGX	SSR	Hidden Fates (TCG)	GX Ultra Shiny (/150)	Drampa-GX	Colorless	5ban Graphics	TCGdex日本語版	Drampa-GX	sm2-115 sm2-142 sm2-160 sma-SV80	入れる	
SM8b-244	カプ・ブルルGX	UR	Hidden Fates (TCG)	GX Ultra Shiny (/150)	Tapu Bulu-GX	Grass					イラストレーターが分からない（TCGdex・公式とも無し）	
SM8b-245	カプ・レヒレGX	UR	Hidden Fates (TCG)	GX Ultra Shiny (/150)	Tapu Fini-GX	Water					イラストレーターが分からない（TCGdex・公式とも無し）	
SM8b-246	カプ・コケコGX	UR	Hidden Fates (TCG)	GX Ultra Shiny (/150)	Tapu Koko-GX	Lightning					イラストレーターが分からない（TCGdex・公式とも無し）	
SM8b-247	カプ・テテフGX	UR	Hidden Fates (TCG)	GX Ultra Shiny (/150)	Tapu Lele-GX	Psychic					イラストレーターが分からない（TCGdex・公式とも無し）	
SM8b-248	ルナアーラGX	UR	Hidden Fates (TCG)	GX Ultra Shiny (/150)	Lunala-GX	Psychic					イラストレーターが分からない（TCGdex・公式とも無し）	
SM8b-249	ソルガレオGX	UR	Hidden Fates (TCG)	GX Ultra Shiny (/150)	Solgaleo-GX	Metal					イラストレーターが分からない（TCGdex・公式とも無し）	
SM8b-250	ウルトラネクロズマGX	UR	Hidden Fates (TCG)	GX Ultra Shiny (/150)	Ultra Necrozma-GX	Dragon					イラストレーターが分からない（TCGdex・公式とも無し）	
SM9-092	アクアパッチ	TR	Team Up (TCG)	Tag Bolt (/095)	Aqua Patch	Item	Toyste Beach	TCGdex日本語版	Aqua Patch	sm2-119 sm2-161	入れる	
SM9-093	フィールドブロアー	TR	Team Up (TCG)	Tag Bolt (/095)	Field Blower	Item	Toyste Beach	TCGdex日本語版	Field Blower	sm2-125 sm2-163	入れる	
SM9-094	こだわりハチマキ	TR	Team Up (TCG)	Tag Bolt (/095)	Choice Band	Item	Eske Yoshinob	TCGdex日本語版	Choice Band	sm2-121 sm3-162	入れる	
SM9-095	デンジ	TR	Team Up (TCG)	Tag Bolt (/095)	Volkner	Supporter	Hideki Ishikawa	TCGdex日本語版			TCGdex 英語版の同じ名前のカードとイラストレーターが違う（英語版: Ken Sugimori / TOKIYA）	
SM9-096	セレビィ&フシギバナGX	SR	Team Up (TCG)	Tag Bolt (/095)	Celebi & Venusaur-GX	Grass	5ban Graphics	TCGdex日本語版	Celebi & Venusaur-GX	sm9-159 sm9-182	入れる	
SM9-097	セレビィ&フシギバナGX	SR	Team Up (TCG)	Tag Bolt (/095)	Celebi & Venusaur-GX	Grass	Shin Nagasawa	TCGdex日本語版	Celebi & Venusaur-GX	smp-SM167	入れる	
SM9-098	コイキング&ホエルオーGX	SR	Team Up (TCG)	Tag Bolt (/095)	Magikarp & Wailord-GX	Water	5ban Graphics	TCGdex日本語版	Magikarp & Wailord-GX	sm9-160 sm9-183	入れる	
SM9-099	コイキング&ホエルオーGX	SR	Team Up (TCG)	Tag Bolt (/095)	Magikarp & Wailord-GX	Water	OOYAMA	TCGdex日本語版	Magikarp & Wailord-GX	sm9-161	入れる	
SM9-100	ピカチュウ&ゼクロムGX	SR	Team Up (TCG)	Tag Bolt (/095)	Pikachu & Zekrom-GX	Lightning	5ban Graphics	TCGdex日本語版	Pikachu & Zekrom-GX	sm9-162 sm9-184 smp-SM248	入れる	
SM9-101	ピカチュウ&ゼクロムGX	SR	Team Up (TCG)	Tag Bolt (/095)	Pikachu & Zekrom-GX	Lightning	kawayoo	TCGdex日本語版	Pikachu & Zekrom-GX	smp-SM168	入れる	
SM9-102	ゲンガー&ミミッキュGX	SR	Team Up (TCG)	Tag Bolt (/095)	Gengar & Mimikyu-GX	Psychic	5ban Graphics	TCGdex日本語版	Gengar & Mimikyu-GX	sm9-164 sm9-186	入れる	
SM9-103	ゲンガー&ミミッキュGX	SR	Team Up (TCG)	Tag Bolt (/095)	Gengar & Mimikyu-GX	Psychic	Midori Harada	TCGdex日本語版	Gengar & Mimikyu-GX	sm9-165	入れる	
SM9-104	ラティアス&ラティオスGX	SR	Team Up (TCG)	Tag Bolt (/095)	Latias & Latios-GX	Dragon	5ban Graphics	TCGdex日本語版	Latias & Latios-GX	sm9-169 sm9-190	入れる	
SM9-105	ラティアス&ラティオスGX	SR	Team Up (TCG)	Tag Bolt (/095)	Latias & Latios-GX	Dragon	Sanosuke Sakuma	TCGdex日本語版	Latias & Latios-GX	sm9-170	入れる	
SM9-106	イーブイ&カビゴンGX	SR	Team Up (TCG)	Tag Bolt (/095)	Eevee & Snorlax-GX	Colorless	5ban Graphics	TCGdex日本語版	Eevee & Snorlax-GX	sm9-171 sm9-191	入れる	
SM9-107	エリカのおもてなし	SR	Team Up (TCG)	Tag Bolt (/095)	Erika's Hospitality	Supporter	Sanosuke Sakuma	TCGdex日本語版	Erika's Hospitality	sm115-56 sm9-140 sm9-174	入れる	
SM9-108	タケシのガッツ	SR	Team Up (TCG)	Tag Bolt (/095)	Brock's Grit	Supporter	Naoki Saito	TCGdex日本語版	Brock's Grit	sm9-135 sm9-172	入れる	
SM9-109	ナツメの暗示	SR	Team Up (TCG)	Tag Bolt (/095)	Sabrina's Suggestion	Supporter	Hitoshi Ariga	TCGdex日本語版	Sabrina's Suggestion	sm115-65 sm9-154 sm9-181	入れる	
SM9-110	セレビィ&フシギバナGX	HR	Team Up (TCG)	Tag Bolt (/095)	Celebi & Venusaur-GX	Grass					イラストレーターが分からない（TCGdex・公式とも無し）	
SM9-111	コイキング&ホエルオーGX	HR	Team Up (TCG)	Tag Bolt (/095)	Magikarp & Wailord-GX	Water					イラストレーターが分からない（TCGdex・公式とも無し）	
SM9-112	ピカチュウ&ゼクロムGX	HR	Team Up (TCG)	Tag Bolt (/095)	Pikachu & Zekrom-GX	Lightning					イラストレーターが分からない（TCGdex・公式とも無し）	
SM9-113	ゲンガー&ミミッキュGX	HR	Team Up (TCG)	Tag Bolt (/095)	Gengar & Mimikyu-GX	Psychic					イラストレーターが分からない（TCGdex・公式とも無し）	
SM9-114	ラティアス&ラティオスGX	HR	Team Up (TCG)	Tag Bolt (/095)	Latias & Latios-GX	Dragon					イラストレーターが分からない（TCGdex・公式とも無し）	
SM9-115	イーブイ&カビゴンGX	HR	Team Up (TCG)	Tag Bolt (/095)	Eevee & Snorlax-GX	Colorless					イラストレーターが分からない（TCGdex・公式とも無し）	
SM9-116	ポケモン通信	UR	Team Up (TCG)	Tag Bolt (/095)	Pokémon Communication	Item					イラストレーターが分からない（TCGdex・公式とも無し）	
SM9-117	ジャッジマンホイッスル	UR	Team Up (TCG)	Tag Bolt (/095)	Judge Whistle	Item					イラストレーターが分からない（TCGdex・公式とも無し）	
SM9-118	せせらぎの丘	UR	Team Up (TCG)	Tag Bolt (/095)	Brooklet Hill	Stadium					イラストレーターが分からない（TCGdex・公式とも無し）	
SM9a-052	エレキパワー	TR	Night Unison (TCG)	Night Unison (/055)	Electropower	Item	Ayaka Yoshida	TCGdex日本語版			TCGdex 英語版の同じ名前のカードとイラストレーターが違う（英語版: Eske Yoshinob）	
SM9a-053	改造ハンマー	TR	Night Unison (TCG)	Night Unison (/055)	Enhanced Hammer	Item	Yoshinobu Saito	TCGdex日本語版	Enhanced Hammer	sm2-124 sm2-162	入れる	
SM9a-054	まんたんのくすり	TR	Night Unison (TCG)	Night Unison (/055)	Max Potion	Item	Toyste Beach	TCGdex日本語版	Max Potion	xy9-103 sm2-128 sm2-164	入れる	
SM9a-055	グズマ	TR	Night Unison (TCG)	Night Unison (/055)	Guzma	Supporter	Masakazu Fukuda	TCGdex日本語版	Guzma	sm3-143	入れる	
SM9a-056	モルフォンGX	SR	Night Unison (TCG)	Night Unison (/055)	Venomoth-GX	Grass	5ban Graphics	TCGdex日本語版	Venomoth-GX	sm10-12 sm10-193 sm10-216	入れる	
SM9a-057	デデンネGX	SR	Night Unison (TCG)	Night Unison (/055)	Dedenne-GX	Lightning	5ban Graphics	TCGdex日本語版	Dedenne-GX	sm10-195 sm10-219	入れる	
SM9a-058	ゲッコウガ&ゾロアークGX	SR	Night Unison (TCG)	Night Unison (/055)	Greninja & Zoroark-GX	Darkness	5ban Graphics	TCGdex日本語版	Greninja & Zoroark-GX	sm10-200 sm10-222	入れる	
SM9a-059	ゲッコウガ&ゾロアークGX	SR	Night Unison (TCG)	Night Unison (/055)	Greninja & Zoroark-GX	Darkness	kodama	TCGdex日本語版	Greninja & Zoroark-GX	sm10-201	入れる	
SM9a-060	サーナイト&ニンフィアGX	SR	Night Unison (TCG)	Night Unison (/055)	Gardevoir & Sylveon-GX	Fairy	5ban Graphics	TCGdex日本語版	Gardevoir & Sylveon-GX	sm10-204 sm10-225	入れる	
SM9a-061	サーナイト&ニンフィアGX	SR	Night Unison (TCG)	Night Unison (/055)	Gardevoir & Sylveon-GX	Fairy	Atsuko Nishida	TCGdex日本語版	Gardevoir & Sylveon-GX	sm10-205	入れる	
SM9a-062	アンズ	SR	Night Unison (TCG)	Night Unison (/055)	Janine	Supporter	Hideki Ishikawa	TCGdex日本語版	Janine	sm10-210	入れる	
SM9a-063	キョウの罠	SR	Night Unison (TCG)	Night Unison (/055)	Koga's Trap	Supporter	TOKIYA	TCGdex日本語版	Koga's Trap	sm10-211	入れる	
SM9a-064	モルフォンGX	HR	Night Unison (TCG)	Night Unison (/055)	Venomoth-GX	Grass					イラストレーターが分からない（TCGdex・公式とも無し）	
SM9a-065	デデンネGX	HR	Night Unison (TCG)	Night Unison (/055)	Dedenne-GX	Lightning					イラストレーターが分からない（TCGdex・公式とも無し）	
SM9a-066	ゲッコウガ&ゾロアークGX	HR	Night Unison (TCG)	Night Unison (/055)	Greninja & Zoroark-GX	Darkness					イラストレーターが分からない（TCGdex・公式とも無し）	
SM9a-067	サーナイト&ニンフィアGX	HR	Night Unison (TCG)	Night Unison (/055)	Gardevoir & Sylveon-GX	Fairy					イラストレーターが分からない（TCGdex・公式とも無し）	
SM9a-068	電磁レーダー	UR	Night Unison (TCG)	Night Unison (/055)	Electromagnetic Radar	Item					イラストレーターが分からない（TCGdex・公式とも無し）	
SM9a-069	ポケギア3.0	UR	Night Unison (TCG)	Night Unison (/055)	Pokégear 3.0	Item					イラストレーターが分からない（TCGdex・公式とも無し）	
SM9a-070	エーテルパラダイス保護区	UR	Night Unison (TCG)	Night Unison (/055)	Aether Paradise Conservation Area	Stadium					イラストレーターが分からない（TCGdex・公式とも無し）	
SM9b-051	ハイパーボール	TR	Full Metal Wall (TCG)	Full Metal Wall (/054)	Ultra Ball	Item	Ryo Ueda	TCGdex日本語版	Ultra Ball	sm3.5-68 sm1-135 sm1-161	入れる	
SM9b-052	ビーストリング	TR	Full Metal Wall (TCG)	Full Metal Wall (/054)	Beast Ring	Item	5ban Graphics	TCGdex日本語版			TCGdex 英語版の同じ名前のカードとイラストレーターが違う（英語版: Toyste Beach）	
SM9b-053	鋼鉄のフライパン	TR	Full Metal Wall (TCG)	Full Metal Wall (/054)	Metal Frying Pan	Item	Ryo Ueda	TCGdex日本語版			TCGdex 英語版の同じ名前のカードとイラストレーターが違う（英語版: Toyste Beach）	
SM9b-054	アセロラ	TR	Full Metal Wall (TCG)	Full Metal Wall (/054)	Acerola	Supporter	Hideki Ishikawa	TCGdex日本語版			TCGdex 英語版の同じ名前のカードとイラストレーターが違う（英語版: Ken Sugimori / Megumi Mizutani）	
SM9b-055	フェローチェ&マッシブーンGX	SR	Full Metal Wall (TCG)	Full Metal Wall (/054)	Pheromosa & Buzzwole-GX	Grass	aky CG Works	TCGdex日本語版	Pheromosa & Buzzwole-GX	sm10-191 sm10-215	入れる	
SM9b-056	フェローチェ&マッシブーンGX	SR	Full Metal Wall (TCG)	Full Metal Wall (/054)	Pheromosa & Buzzwole-GX	Grass	kirisAki	TCGdex日本語版	Pheromosa & Buzzwole-GX	sm10-192	入れる	
SM9b-057	カメックスGX	SR	Full Metal Wall (TCG)	Full Metal Wall (/054)	Blastoise-GX	Water	sadaji	TCGdex日本語版	Blastoise-GX	sm10-35 sm10-218 smp-SM189	入れる	
SM9b-058	ルカリオ&メルメタルGX	SR	Full Metal Wall (TCG)	Full Metal Wall (/054)	Lucario & Melmetal-GX	Metal	5ban Graphics	TCGdex日本語版	Lucario & Melmetal-GX	sm10-203 sm10-224	入れる	
SM9b-059	ルカリオ&メルメタルGX	SR	Full Metal Wall (TCG)	Full Metal Wall (/054)	Lucario & Melmetal-GX	Metal	nagimiso	TCGdex日本語版	Lucario & Melmetal-GX	smp-SM192	入れる	
SM9b-060	テッカグヤGX	SR	Full Metal Wall (TCG)	Full Metal Wall (/054)	Celesteela-GX	Colorless	aky CG Works	TCGdex日本語版	Celesteela-GX	sm10-208 sm10-228	入れる	
SM9b-061	ブルーの探索	SR	Full Metal Wall (TCG)	Full Metal Wall (/054)	Green's Exploration	Supporter	Naoki Saito	TCGdex日本語版	Green's Exploration	sm10-175 sm10-209	入れる	
SM9b-062	マーレイン	SR	Full Metal Wall (TCG)	Full Metal Wall (/054)	Molayne	Supporter	Masakazu Fukuda	TCGdex日本語版	Molayne	sm10-212	入れる	
SM9b-063	フェローチェ&マッシブーンGX	HR	Full Metal Wall (TCG)	Full Metal Wall (/054)	Pheromosa & Buzzwole-GX	Grass					イラストレーターが分からない（TCGdex・公式とも無し）	
SM9b-064	カメックスGX	HR	Full Metal Wall (TCG)	Full Metal Wall (/054)	Blastoise-GX	Water					イラストレーターが分からない（TCGdex・公式とも無し）	
SM9b-065	ルカリオ&メルメタルGX	HR	Full Metal Wall (TCG)	Full Metal Wall (/054)	Lucario & Melmetal-GX	Metal					イラストレーターが分からない（TCGdex・公式とも無し）	
SM9b-066	テッカグヤGX	HR	Full Metal Wall (TCG)	Full Metal Wall (/054)	Celesteela-GX	Colorless					イラストレーターが分からない（TCGdex・公式とも無し）	
SM9b-067	ビーストブリンガー	UR	Full Metal Wall (TCG)	Full Metal Wall (/054)	Beast Bringer	Item					イラストレーターが分からない（TCGdex・公式とも無し）	
SM9b-068	メタルコアバリア	UR	Full Metal Wall (TCG)	Full Metal Wall (/054)	Metal Core Barrier	Item					イラストレーターが分からない（TCGdex・公式とも無し）	
SM9b-069	テンガン山	UR	Full Metal Wall (TCG)	Full Metal Wall (/054)	Mt. Coronet	Stadium					イラストレーターが分からない（TCGdex・公式とも無し）	
SM10-092	火打石	TR	Unbroken Bonds (TCG)	Double Blaze (/095)	Fiery Flint	Item	Yoshinobu Saito	TCGdex日本語版			TCGdex 英語版の同じ名前のカードとイラストレーターが違う（英語版: Eske Yoshinob）	
SM10-093	レスキュータンカ	TR	Unbroken Bonds (TCG)	Double Blaze (/095)	Rescue Stretcher	Item	Yoshinobu Saito	TCGdex日本語版	Rescue Stretcher	sm2-130 sm3-165	入れる	
SM10-094	カキ	TR	Unbroken Bonds (TCG)	Double Blaze (/095)	Kiawe	Supporter	Masakazu Fukuda	TCGdex日本語版			TCGdex 英語版の同じ名前のカードとイラストレーターが違う（英語版: Ken Sugimori / Naoki Saito）	
SM10-095	シロナ	TR	Unbroken Bonds (TCG)	Double Blaze (/095)	Cynthia	Supporter	Hideki Ishikawa	TCGdex日本語版			TCGdex 英語版の同じ名前のカードとイラストレーターが違う（英語版: Ken Sugimori / nagimiso / Yusuke Ohmura）	
SM10-096	レシラム&リザードンGX	SR	Unbroken Bonds (TCG)	Double Blaze (/095)	Reshiram & Charizard-GX	Fire	aky CG Works	TCGdex日本語版	Reshiram & Charizard-GX	sm10-194 sm10-217 smp-SM247	入れる	
SM10-097	レシラム&リザードンGX	SR	Unbroken Bonds (TCG)	Double Blaze (/095)	Reshiram & Charizard-GX	Fire	Ryota Murayama	TCGdex日本語版	Reshiram & Charizard-GX	smp-SM201	入れる	
SM10-098	ベトベトン&アローラ ベトベトンGX	SR	Unbroken Bonds (TCG)	Double Blaze (/095)	Muk & Alolan Muk-GX	Psychic	5ban Graphics	TCGdex日本語版	Muk & Alolan Muk-GX	sm10-196 sm10-220	入れる	
SM10-099	ベトベトン&アローラ ベトベトンGX	SR	Unbroken Bonds (TCG)	Double Blaze (/095)	Muk & Alolan Muk-GX	Psychic	Masakazu Fukuda	TCGdex日本語版	Muk & Alolan Muk-GX	sm10-197	入れる	
SM10-100	マーシャドー&カイリキーGX	SR	Unbroken Bonds (TCG)	Double Blaze (/095)	Marshadow & Machamp-GX	Fighting	5ban Graphics	TCGdex日本語版	Marshadow & Machamp-GX	sm10-198 sm10-221	入れる	
SM10-101	マーシャドー&カイリキーGX	SR	Unbroken Bonds (TCG)	Double Blaze (/095)	Marshadow & Machamp-GX	Fighting	You Iribi	TCGdex日本語版	Marshadow & Machamp-GX	sm10-199	入れる	
SM10-102	ドンカラスGX	SR	Unbroken Bonds (TCG)	Double Blaze (/095)	Honchkrow-GX	Darkness	sadaji	TCGdex日本語版	Honchkrow-GX	sm10-109 sm10-202 sm10-223	入れる	
SM10-103	エルフーンGX	SR	Unbroken Bonds (TCG)	Double Blaze (/095)	Whimsicott-GX	Fairy	5ban Graphics	TCGdex日本語版	Whimsicott-GX	sm10-206 sm10-226	入れる	
SM10-104	ペルシアンGX	SR	Unbroken Bonds (TCG)	Double Blaze (/095)	Persian-GX	Colorless	5ban Graphics	TCGdex日本語版	Persian-GX	sm10-207 sm10-227	入れる	
SM10-105	サカキの追放	SR	Unbroken Bonds (TCG)	Double Blaze (/095)	Giovanni's Exile	Supporter	TOKIYA	TCGdex日本語版	Giovanni's Exile	sm115-67	入れる	
SM10-106	溶接工	SR	Unbroken Bonds (TCG)	Double Blaze (/095)	Welder	Supporter	Hitoshi Ariga	TCGdex日本語版	Welder	sm10-189 sm10-214	入れる	
SM10-107	レッドの挑戦	SR	Unbroken Bonds (TCG)	Double Blaze (/095)	Red's Challenge	Supporter	Naoki Saito	TCGdex日本語版	Red's Challenge	sm10-213	入れる	
SM10-108	レシラム&リザードンGX	HR	Unbroken Bonds (TCG)	Double Blaze (/095)	Reshiram & Charizard-GX	Fire					イラストレーターが分からない（TCGdex・公式とも無し）	
SM10-109	ベトベトン&アローラ ベトベトンGX	HR	Unbroken Bonds (TCG)	Double Blaze (/095)	Muk & Alolan Muk-GX	Psychic					イラストレーターが分からない（TCGdex・公式とも無し）	
SM10-110	マーシャドー&カイリキーGX	HR	Unbroken Bonds (TCG)	Double Blaze (/095)	Marshadow & Machamp-GX	Fighting					イラストレーターが分からない（TCGdex・公式とも無し）	
SM10-111	ドンカラスGX	HR	Unbroken Bonds (TCG)	Double Blaze (/095)	Honchkrow-GX	Darkness					イラストレーターが分からない（TCGdex・公式とも無し）	
SM10-112	エルフーンGX	HR	Unbroken Bonds (TCG)	Double Blaze (/095)	Whimsicott-GX	Fairy					イラストレーターが分からない（TCGdex・公式とも無し）	
SM10-113	ペルシアンGX	HR	Unbroken Bonds (TCG)	Double Blaze (/095)	Persian-GX	Colorless					イラストレーターが分からない（TCGdex・公式とも無し）	
SM10-114	炎の結晶	UR	Unbroken Bonds (TCG)	Double Blaze (/095)	Fire Crystal	Item					イラストレーターが分からない（TCGdex・公式とも無し）	
SM10-115	戒めの祠	UR	Unbroken Bonds (TCG)	Double Blaze (/095)	Shrine of Punishment	Stadium					イラストレーターが分からない（TCGdex・公式とも無し）	
SM10-116	トリプル加速エネルギー	UR	Unbroken Bonds (TCG)	Double Blaze (/095)	Triple Acceleration Energy	Energy					イラストレーターが分からない（TCGdex・公式とも無し）	
SM10a-051	あなぬけのヒモ	TR	GG End (TCG)	GG End (/054)	Escape Rope	Item	Toyste Beach	TCGdex日本語版	Escape Rope	sm3-114 xy5-127 sm3-163	入れる	
SM10a-052	ネストボール	TR	GG End (TCG)	GG End (/054)	Nest Ball	Item	Ryo Ueda	TCGdex日本語版			TCGdex 英語版の同じ名前のカードとイラストレーターが違う（英語版: Toyste Beach）	
SM10a-053	ロトム図鑑	TR	GG End (TCG)	GG End (/054)	Rotom Dex	Item	aky CG Works	TCGdex日本語版			TCGdex 英語版の同じ名前のカードとイラストレーターが違う（英語版: 5ban Graphics）	
SM10a-054	フウとラン	TR	GG End (TCG)	GG End (/054)	Tate & Liza	Supporter	You Iribi	TCGdex日本語版			TCGdex 英語版の同じ名前のカードとイラストレーターが違う（英語版: Megumi Mizutani / Hideki Ishikawa）	
SM10a-055	ヒードランGX	SR	GG End (TCG)	GG End (/054)	Heatran-GX	Fire	ConceptLab	TCGdex日本語版	Heatran-GX	sm11-216 sm11-238	入れる	
SM10a-056	ライチュウ&アローラ ライチュウGX	SR	GG End (TCG)	GG End (/054)	Raichu & Alolan Raichu-GX	Lightning	ConceptLab	TCGdex日本語版	Raichu & Alolan Raichu-GX	sm11-220 sm11-241	入れる	
SM10a-057	ライチュウ&アローラ ライチュウGX	SR	GG End (TCG)	GG End (/054)	Raichu & Alolan Raichu-GX	Lightning	tetsuya koizumi	TCGdex日本語版	Raichu & Alolan Raichu-GX	sm11-221	入れる	
SM10a-058	クチートGX	SR	GG End (TCG)	GG End (/054)	Mawile-GX	Metal	ConceptLab	TCGdex日本語版	Mawile-GX	sm11-227 sm11-246	入れる	
SM10a-059	ガブリアス&ギラティナGX	SR	GG End (TCG)	GG End (/054)	Garchomp & Giratina-GX	Dragon	aky CG Works	TCGdex日本語版	Garchomp & Giratina-GX	sm11-228 sm11-247	入れる	
SM10a-060	ガブリアス&ギラティナGX	SR	GG End (TCG)	GG End (/054)	Garchomp & Giratina-GX	Dragon	Anesaki Dynamic	TCGdex日本語版	Garchomp & Giratina-GX	smp-SM193	入れる	
SM10a-061	ギーマ	SR	GG End (TCG)	GG End (/054)	Grimsley	Supporter	kodama	TCGdex日本語版	Grimsley	sm11-199 sm11-234	入れる	
SM10a-062	コーチトレーナー	SR	GG End (TCG)	GG End (/054)	Coach Trainer	Supporter	nagimiso	TCGdex日本語版	Coach Trainer	sm11-192 sm11-233	入れる	
SM10a-063	ヒードランGX	HR	GG End (TCG)	GG End (/054)	Heatran-GX	Fire					イラストレーターが分からない（TCGdex・公式とも無し）	
SM10a-064	ライチュウ&アローラ ライチュウGX	HR	GG End (TCG)	GG End (/054)	Raichu & Alolan Raichu-GX	Lightning					イラストレーターが分からない（TCGdex・公式とも無し）	
SM10a-065	クチートGX	HR	GG End (TCG)	GG End (/054)	Mawile-GX	Metal					イラストレーターが分からない（TCGdex・公式とも無し）	
SM10a-066	ガブリアス&ギラティナGX	HR	GG End (TCG)	GG End (/054)	Garchomp & Giratina-GX	Dragon					イラストレーターが分からない（TCGdex・公式とも無し）	
SM10a-067	タッグスイッチ	UR	GG End (TCG)	GG End (/054)	Tag Switch	Item					イラストレーターが分からない（TCGdex・公式とも無し）	
SM10a-068	リセットスタンプ	UR	GG End (TCG)	GG End (/054)	Reset Stamp	Item					イラストレーターが分からない（TCGdex・公式とも無し）	
SM10a-069	くろおび	UR	GG End (TCG)	GG End (/054)	Karate Belt	Item					イラストレーターが分からない（TCGdex・公式とも無し）	
SM10b-051	ネットボール	TR	Sky Legend (TCG)	Sky Legend (/054)	Net Ball	Item	Ryo Ueda	TCGdex日本語版	Net Ball	sm8-187 sm8-234	入れる	
SM10b-052	グラジオ	TR	Sky Legend (TCG)	Sky Legend (/054)	Gladion	Supporter	Mana Ibe	TCGdex日本語版			TCGdex 英語版の同じ名前のカードとイラストレーターが違う（英語版: Ken Sugimori / TOKIYA）	
SM10b-053	リーリエ	TR	Sky Legend (TCG)	Sky Legend (/054)	Lillie	Supporter	Mana Ibe	TCGdex日本語版			TCGdex 英語版の同じ名前のカードとイラストレーターが違う（英語版: Ken Sugimori / Sanosuke Sakuma / Megumi Mizutani / Naoki Saito）	
SM10b-054	ルザミーネ	TR	Sky Legend (TCG)	Sky Legend (/054)	Lusamine	Supporter	Mana Ibe	TCGdex日本語版			TCGdex 英語版の同じ名前のカードとイラストレーターが違う（英語版: take / Megumi Mizutani / You Iribi）	
SM10b-055	モクロー&アローラ ナッシーGX	SR	Sky Legend (TCG)	Sky Legend (/054)	Rowlet & Alolan Exeggutor-GX	Grass	ConceptLab	TCGdex日本語版	Rowlet & Alolan Exeggutor-GX	sm11-214 sm11-237	入れる	
SM10b-056	モクロー&アローラ ナッシーGX	SR	Sky Legend (TCG)	Sky Legend (/054)	Rowlet & Alolan Exeggutor-GX	Grass	Naoyo Kimura	TCGdex日本語版	Rowlet & Alolan Exeggutor-GX	sm11-215	入れる	
SM10b-057	ケルディオGX	SR	Sky Legend (TCG)	Sky Legend (/054)	Keldeo-GX	Water	ConceptLab	TCGdex日本語版	Keldeo-GX	sm11-219 sm11-240	入れる	
SM10b-058	アーゴヨンGX	SR	Sky Legend (TCG)	Sky Legend (/054)	Naganadel-GX	Dragon	ConceptLab	TCGdex日本語版	Naganadel-GX	sm11-230 sm11-249	入れる	
SM10b-059	ファイヤー&サンダー&フリーザーGX	SR	Sky Legend (TCG)	Sky Legend (/054)	Moltres & Zapdos & Articuno-GX	Colorless	5ban Graphics	TCGdex日本語版	Moltres & Zapdos & Articuno-GX	sm115-66 sm115-69	入れる	
SM10b-060	ファイヤー&サンダー&フリーザーGX	SR	Sky Legend (TCG)	Sky Legend (/054)	Moltres & Zapdos & Articuno-GX	Colorless	HYOGONOSUKE	TCGdex日本語版	Moltres & Zapdos & Articuno-GX	smp-SM210	入れる	
SM10b-061	かいじゅうマニア	SR	Sky Legend (TCG)	Sky Legend (/054)	Poké Maniac	Supporter	Hitoshi Ariga	TCGdex日本語版	Poké Maniac	sm11-204 sm11-236	入れる	
SM10b-062	ムサシとコジロウ	SR	Sky Legend (TCG)	Sky Legend (/054)	Jessie & James	Supporter	Megumi Mizutani	TCGdex日本語版	Jessie & James	sm115-58 sm115-68	入れる	
SM10b-063	モクロー&アローラ ナッシーGX	HR	Sky Legend (TCG)	Sky Legend (/054)	Rowlet & Alolan Exeggutor-GX	Grass					イラストレーターが分からない（TCGdex・公式とも無し）	
SM10b-064	ケルディオGX	HR	Sky Legend (TCG)	Sky Legend (/054)	Keldeo-GX	Water					イラストレーターが分からない（TCGdex・公式とも無し）	
SM10b-065	アーゴヨンGX	HR	Sky Legend (TCG)	Sky Legend (/054)	Naganadel-GX	Dragon					イラストレーターが分からない（TCGdex・公式とも無し）	
SM10b-066	ファイヤー&サンダー&フリーザーGX	HR	Sky Legend (TCG)	Sky Legend (/054)	Moltres & Zapdos & Articuno-GX	Colorless					イラストレーターが分からない（TCGdex・公式とも無し）	
SM10b-067	Uターンボード	UR	Sky Legend (TCG)	Sky Legend (/054)	U-Turn Board	Item					イラストレーターが分からない（TCGdex・公式とも無し）	
SM10b-068	トキワの森	UR	Sky Legend (TCG)	Sky Legend (/054)	Viridian Forest	Stadium					イラストレーターが分からない（TCGdex・公式とも無し）	
SM10b-069	リサイクルエネルギー	UR	Sky Legend (TCG)	Sky Legend (/054)	Recycle Energy	Energy					イラストレーターが分からない（TCGdex・公式とも無し）	
SM11-091	ともだちてちょう	TR	Unified Minds (TCG)	Miracle Twin (/094)	Pal Pad	Item	Toyste Beach	TCGdex日本語版	Pal Pad	sm5-132	入れる	
SM11-092	ポケギア3.0	TR	Unified Minds (TCG)	Miracle Twin (/094)	Pokégear 3.0	Item	Studio Bora Inc.	TCGdex日本語版	Pokégear 3.0	sm10-182 sm10-233	入れる	
SM11-093	ミステリートレジャー	TR	Unified Minds (TCG)	Miracle Twin (/094)	Mysterious Treasure	Item	Eske Yoshinob	TCGdex日本語版	Mysterious Treasure	sm6-113 sm6-145	入れる	
SM11-094	かんこうきゃく	TR	Unified Minds (TCG)	Miracle Twin (/094)	Sightseer	Supporter	Naoki Saito	TCGdex日本語版	Sightseer	sm8-189	入れる	
SM11-095	ヤドン&コダックGX	SR	Unified Minds (TCG)	Miracle Twin (/094)	Slowpoke & Psyduck-GX	Water	ConceptLab	TCGdex日本語版	Slowpoke & Psyduck-GX	sm11-217 sm11-239	入れる	
SM11-096	ヤドン&コダックGX	SR	Unified Minds (TCG)	Miracle Twin (/094)	Slowpoke & Psyduck-GX	Water	Miki Tanaka	TCGdex日本語版	Slowpoke & Psyduck-GX	sm11-218	入れる	
SM11-097	ミュウツー&ミュウGX	SR	Unified Minds (TCG)	Miracle Twin (/094)	Mewtwo & Mew-GX	Psychic	5ban Graphics	TCGdex日本語版	Mewtwo & Mew-GX	sm11-222 sm11-242	入れる	
SM11-098	ミュウツー&ミュウGX	SR	Unified Minds (TCG)	Miracle Twin (/094)	Mewtwo & Mew-GX	Psychic	sui	TCGdex日本語版	Mewtwo & Mew-GX	smp-SM191	入れる	
SM11-099	ラティオスGX	SR	Unified Minds (TCG)	Miracle Twin (/094)	Latios-GX	Psychic	ConceptLab	TCGdex日本語版	Latios-GX	sm11-223 sm11-243	入れる	
SM11-100	プテラGX	SR	Unified Minds (TCG)	Miracle Twin (/094)	Aerodactyl-GX	Fighting	ConceptLab	TCGdex日本語版	Aerodactyl-GX	sm11-224 sm11-244	入れる	
SM11-101	メガヤミラミ&バンギラスGX	SR	Unified Minds (TCG)	Miracle Twin (/094)	Mega Sableye & Tyranitar-GX	Darkness	5ban Graphics	TCGdex日本語版	Mega Sableye & Tyranitar-GX	sm11-225 sm11-245	入れる	
SM11-102	メガヤミラミ&バンギラスGX	SR	Unified Minds (TCG)	Miracle Twin (/094)	Mega Sableye & Tyranitar-GX	Darkness	chibi	TCGdex日本語版	Mega Sableye & Tyranitar-GX	sm11-226	入れる	
SM11-103	カイリューGX	SR	Unified Minds (TCG)	Miracle Twin (/094)	Dragonite-GX	Dragon	ConceptLab	TCGdex日本語版	Dragonite-GX	sm11-229 sm11-248	入れる	
SM11-104	カスミのおねがい	SR	Unified Minds (TCG)	Miracle Twin (/094)	Misty's Favor	Supporter	Hideki Ishikawa	TCGdex日本語版	Misty's Favor	sm11-202 sm11-235	入れる	
SM11-105	きとうし	SR	Unified Minds (TCG)	Miracle Twin (/094)	Channeler	Supporter	TOKIYA	TCGdex日本語版	Channeler	sm11-190 sm11-232	入れる	
SM11-106	グリーンの戦略	SR	Unified Minds (TCG)	Miracle Twin (/094)	Blue's Tactics	Supporter	Naoki Saito	TCGdex日本語版	Blue's Tactics	sm11-231	入れる	
SM11-107	ヤドン&コダックGX	HR	Unified Minds (TCG)	Miracle Twin (/094)	Slowpoke & Psyduck-GX	Water					イラストレーターが分からない（TCGdex・公式とも無し）	
SM11-108	ミュウツー&ミュウGX	HR	Unified Minds (TCG)	Miracle Twin (/094)	Mewtwo & Mew-GX	Psychic					イラストレーターが分からない（TCGdex・公式とも無し）	
SM11-109	ラティオスGX	HR	Unified Minds (TCG)	Miracle Twin (/094)	Latios-GX	Psychic					イラストレーターが分からない（TCGdex・公式とも無し）	
SM11-110	プテラGX	HR	Unified Minds (TCG)	Miracle Twin (/094)	Aerodactyl-GX	Fighting					イラストレーターが分からない（TCGdex・公式とも無し）	
SM11-111	メガヤミラミ&バンギラスGX	HR	Unified Minds (TCG)	Miracle Twin (/094)	Mega Sableye & Tyranitar-GX	Darkness					イラストレーターが分からない（TCGdex・公式とも無し）	
SM11-112	カイリューGX	HR	Unified Minds (TCG)	Miracle Twin (/094)	Dragonite-GX	Dragon					イラストレーターが分からない（TCGdex・公式とも無し）	
SM11-113	プレシャスボール	UR	Unified Minds (TCG)	Miracle Twin (/094)	Cherish Ball	Item					イラストレーターが分からない（TCGdex・公式とも無し）	
SM11-114	ジャイアントボム	UR	Unified Minds (TCG)	Miracle Twin (/094)	Giant Bomb	Item					イラストレーターが分からない（TCGdex・公式とも無し）	
SM11-115	ウィークガードエネルギー	UR	Unified Minds (TCG)	Miracle Twin (/094)	Weakness Guard Energy	Energy					イラストレーターが分からない（TCGdex・公式とも無し）	
SM11a-061	ダートじてんしゃ	TR	Remix Bout (TCG)	Remix Bout (/064)	Acro Bike	Item	Toyste Beach	TCGdex日本語版	Acro Bike	xy5-122 sm7-123 sm7-178	入れる	
SM11a-062	エスケープボード	TR	Remix Bout (TCG)	Remix Bout (/064)	Escape Board	Item	Toyste Beach	TCGdex日本語版	Escape Board	sm5-122 sm5-167	入れる	
SM11a-063	おじょうさま	TR	Remix Bout (TCG)	Remix Bout (/064)	Lady	Supporter	kirisAki	TCGdex日本語版			TCGdex 英語版の同じ名前のカードとイラストレーターが違う（英語版: Yusuke Ohmura / saino misaki / Kanako Eo）	
SM11a-064	溶接工	TR	Remix Bout (TCG)	Remix Bout (/064)	Welder	Supporter	Hitoshi Ariga	TCGdex日本語版	Welder	sm10-189 sm10-214	入れる	
SM11a-065	フシギバナ&ツタージャGX	SR	Remix Bout (TCG)	Remix Bout (/064)	Venusaur & Snivy-GX	Grass	5ban Graphics	TCGdex日本語版	Venusaur & Snivy-GX	sm12-210 sm12-249	入れる	
SM11a-066	フシギバナ&ツタージャGX	SR	Remix Bout (TCG)	Remix Bout (/064)	Venusaur & Snivy-GX	Grass	Yuka Morii	TCGdex日本語版	Venusaur & Snivy-GX	smp-SM229	入れる	
SM11a-067	リザードン&テールナーGX	SR	Remix Bout (TCG)	Remix Bout (/064)	Charizard & Braixen-GX	Fire	5ban Graphics	TCGdex日本語版	Charizard & Braixen-GX	sm12-212 sm12-251	入れる	
SM11a-068	リザードン&テールナーGX	SR	Remix Bout (TCG)	Remix Bout (/064)	Charizard & Braixen-GX	Fire	Kagemaru Himeno	TCGdex日本語版	Charizard & Braixen-GX	smp-SM230	入れる	
SM11a-069	カメックス&ポッチャマGX	SR	Remix Bout (TCG)	Remix Bout (/064)	Blastoise & Piplup-GX	Water	5ban Graphics	TCGdex日本語版	Blastoise & Piplup-GX	sm12-214 sm12-253	入れる	
SM11a-070	カメックス&ポッチャマGX	SR	Remix Bout (TCG)	Remix Bout (/064)	Blastoise & Piplup-GX	Water	Akira Komayama	TCGdex日本語版	Blastoise & Piplup-GX	sm12-215	入れる	
SM11a-071	アローラ ペルシアンGX	SR	Remix Bout (TCG)	Remix Bout (/064)	Alolan Persian-GX	Darkness	PLANETA Tsuji	TCGdex日本語版	Alolan Persian-GX	sm12-219 sm12-257	入れる	
SM11a-072	オーキド博士のセッティング	SR	Remix Bout (TCG)	Remix Bout (/064)	Professor Oak's Setup	Supporter	Nabana Kensaku	TCGdex日本語版	Professor Oak's Setup	sm12-233	入れる	
SM11a-073	ローラースケーター	SR	Remix Bout (TCG)	Remix Bout (/064)	Roller Skater	Supporter	nagimiso	TCGdex日本語版	Roller Skater	sm12-235	入れる	
SM11a-074	フシギバナ&ツタージャGX	HR	Remix Bout (TCG)	Remix Bout (/064)	Venusaur & Snivy-GX	Grass					イラストレーターが分からない（TCGdex・公式とも無し）	
SM11a-075	リザードン&テールナーGX	HR	Remix Bout (TCG)	Remix Bout (/064)	Charizard & Braixen-GX	Fire					イラストレーターが分からない（TCGdex・公式とも無し）	
SM11a-076	カメックス&ポッチャマGX	HR	Remix Bout (TCG)	Remix Bout (/064)	Blastoise & Piplup-GX	Water					イラストレーターが分からない（TCGdex・公式とも無し）	
SM11a-077	アローラ ペルシアンGX	HR	Remix Bout (TCG)	Remix Bout (/064)	Alolan Persian-GX	Darkness					イラストレーターが分からない（TCGdex・公式とも無し）	
SM11a-078	グレートキャッチャー	UR	Remix Bout (TCG)	Remix Bout (/064)	Great Catcher	Item					イラストレーターが分からない（TCGdex・公式とも無し）	
SM11a-079	格闘道場	UR	Remix Bout (TCG)	Remix Bout (/064)	Martial Arts Dojo	Stadium					イラストレーターが分からない（TCGdex・公式とも無し）	
SM11a-080	ドローエネルギー	UR	Remix Bout (TCG)	Remix Bout (/064)	Draw Energy	Energy					イラストレーターが分からない（TCGdex・公式とも無し）	
SM11b-050	コータス	CHR	Dream League (TCG)	Dream League (/049)	Torkoal	Fire	Ryota Murayama	TCGdex日本語版	Torkoal	sm12-237	入れる	
SM11b-051	マニューラ	CHR	Dream League (TCG)	Dream League (/049)	Weavile	Water	nagimiso	TCGdex日本語版	Weavile	sm12-238	入れる	
SM11b-052	ポッチャマ	CHR	Dream League (TCG)	Dream League (/049)	Piplup	Water	Tomomi Kaneko	TCGdex日本語版	Piplup	sm12-239	入れる	
SM11b-053	ヨワシ	CHR	Dream League (TCG)	Dream League (/049)	Wishiwashi	Water	Misaki Hashimoto	TCGdex日本語版	Wishiwashi	sm12-240	入れる	
SM11b-054	ピカチュウ	CHR	Dream League (TCG)	Dream League (/049)	Pikachu	Lightning	Hitoshi Ariga	TCGdex日本語版	Pikachu	sm12-241 swshp-SWSH039	入れる	
SM11b-055	コイル	CHR	Dream League (TCG)	Dream League (/049)	Magnemite	Lightning	Fumie Kittaka	TCGdex日本語版	Magnemite	sm12-242	入れる	
SM11b-056	ドガース	CHR	Dream League (TCG)	Dream League (/049)	Koffing	Psychic	HYOGONOSUKE	TCGdex日本語版	Koffing	sm12-243	入れる	
SM11b-057	エルレイド	CHR	Dream League (TCG)	Dream League (/049)	Gallade	Psychic	Huang Tzu En	TCGdex日本語版	Gallade	sm12-244	入れる	
SM11b-058	ミミッキュ	CHR	Dream League (TCG)	Dream League (/049)	Mimikyu	Psychic	You Iribi	TCGdex日本語版	Mimikyu	sm12-245	入れる	
SM11b-059	ドリュウズ	CHR	Dream League (TCG)	Dream League (/049)	Excadrill	Fighting	Mitsuhiro Arita	TCGdex日本語版	Excadrill	bw5-56 sm12-246	入れる	
SM11b-060	ハガネール	CHR	Dream League (TCG)	Dream League (/049)	Steelix	Metal	Avec Yoko	TCGdex日本語版	Steelix	sm12-247	入れる	
SM11b-061	ムーランド	CHR	Dream League (TCG)	Dream League (/049)	Stoutland	Colorless	Mizue	TCGdex日本語版	Stoutland	sm12-248	入れる	
SM11b-062	ラフレシアGX	SR	Dream League (TCG)	Dream League (/049)	Vileplume-GX	Grass	Kagemaru Himeno	TCGdex日本語版	Vileplume-GX	sm12-4 sm12-211 sm12-250	入れる	
SM11b-063	ソルガレオ&ルナアーラGX	SR	Dream League (TCG)	Dream League (/049)	Solgaleo & Lunala-GX	Psychic	Hideki Ishikawa	TCGdex日本語版	Solgaleo & Lunala-GX	sm12-75 sm12-216 sm12-254	入れる	
SM11b-064	レシラム&ゼクロムGX	SR	Dream League (TCG)	Dream League (/049)	Reshiram & Zekrom-GX	Dragon	Naoki Saito	TCGdex日本語版	Reshiram & Zekrom-GX	sm12-157 sm12-222 sm12-259	入れる	
SM11b-065	シルヴァディGX	SR	Dream League (TCG)	Dream League (/049)	Silvally-GX	Colorless	Megumi Mizutani	TCGdex日本語版	Silvally-GX	sm12-184 sm12-227 sm12-262	入れる	
SM11b-066	Nの覚悟	SR	Dream League (TCG)	Dream League (/049)	N's Resolve	Supporter	Mana Ibe	TCGdex日本語版	N's Resolve	sm12-232	入れる	
SM11b-067	メイ	SR	Dream League (TCG)	Dream League (/049)	Rosa	Supporter	kirisAki	TCGdex日本語版	Rosa	sm12-236	入れる	
SM11b-068	リーリエの全力	SR	Dream League (TCG)	Dream League (/049)	Lillie's Full Force	Supporter	Noriko Uono	TCGdex日本語版	Lillie's Full Force	sm12-230	入れる	
SM11b-069	ラフレシアGX	HR	Dream League (TCG)	Dream League (/049)	Vileplume-GX	Grass					イラストレーターが分からない（TCGdex・公式とも無し）	
SM11b-070	ソルガレオ&ルナアーラGX	HR	Dream League (TCG)	Dream League (/049)	Solgaleo & Lunala-GX	Psychic					イラストレーターが分からない（TCGdex・公式とも無し）	
SM11b-071	レシラム&ゼクロムGX	HR	Dream League (TCG)	Dream League (/049)	Reshiram & Zekrom-GX	Dragon					イラストレーターが分からない（TCGdex・公式とも無し）	
SM11b-072	シルヴァディGX	HR	Dream League (TCG)	Dream League (/049)	Silvally-GX	Colorless					イラストレーターが分からない（TCGdex・公式とも無し）	
SM11b-073	スイレンのつりざお	UR	Dream League (TCG)	Dream League (/049)	Lana's Fishing Rod	Item					イラストレーターが分からない（TCGdex・公式とも無し）	
SM11b-074	リーリエのピッピ人形	UR	Dream League (TCG)	Dream League (/049)	Lillie's Poké Doll	Item					イラストレーターが分からない（TCGdex・公式とも無し）	
SM11b-075	無人発電所	UR	Dream League (TCG)	Dream League (/049)	Power Plant	Stadium					イラストレーターが分からない（TCGdex・公式とも無し）	
SM12-092	プレシャスボール	TR	Cosmic Eclipse (TCG)	Alter Genesis (/095)	Cherish Ball	Item	Ryo Ueda	TCGdex日本語版			TCGdex 英語版の同じ名前のカードとイラストレーターが違う（英語版: 5ban Graphics）	
SM12-093	ぼうけんのカバン	TR	Cosmic Eclipse (TCG)	Alter Genesis (/095)	Adventure Bag	Item	Yoshinobu Saito	TCGdex日本語版	Adventure Bag	sm8-167 sm8-228	入れる	
SM12-094	ポケモン通信	TR	Cosmic Eclipse (TCG)	Alter Genesis (/095)	Pokémon Communication	Item	Studio Bora Inc.	TCGdex日本語版			TCGdex 英語版の同じ名前のカードとイラストレーターが違う（英語版: 5ban Graphics / Takashi Yamaguchi / Ayaka Yoshida）	
SM12-095	ウツギ博士のレクチャー	TR	Cosmic Eclipse (TCG)	Alter Genesis (/095)	Professor Elm's Lecture	Supporter	nagimiso	TCGdex日本語版			TCGdex 英語版の同じ名前のカードとイラストレーターが違う（英語版: Hideki Ishikawa）	
SM12-096	ウルガモスGX	SR	Cosmic Eclipse (TCG)	Alter Genesis (/095)	Volcarona-GX	Fire	PLANETA Tsuji	TCGdex日本語版	Volcarona-GX	sm12-213 sm12-252	入れる	
SM12-097	オドリドリGX	SR	Cosmic Eclipse (TCG)	Alter Genesis (/095)	Oricorio-GX	Psychic	PLANETA Tsuji	TCGdex日本語版	Oricorio-GX	sm12-217 sm12-255	入れる	
SM12-098	フライゴンGX	SR	Cosmic Eclipse (TCG)	Alter Genesis (/095)	Flygon-GX	Fighting	PLANETA Tsuji	TCGdex日本語版	Flygon-GX	sm12-218 sm12-256	入れる	
SM12-099	アルセウス&ディアルガ&パルキアGX	SR	Cosmic Eclipse (TCG)	Alter Genesis (/095)	Arceus & Dialga & Palkia-GX	Dragon	5ban Graphics	TCGdex日本語版	Arceus & Dialga & Palkia-GX	sm12-220 sm12-258	入れる	
SM12-100	アルセウス&ディアルガ&パルキアGX	SR	Cosmic Eclipse (TCG)	Alter Genesis (/095)	Arceus & Dialga & Palkia-GX	Dragon	Kouki Saitou	TCGdex日本語版	Arceus & Dialga & Palkia-GX	sm12-221	入れる	
SM12-101	アーゴヨン&アクジキングGX	SR	Cosmic Eclipse (TCG)	Alter Genesis (/095)	Naganadel & Guzzlord-GX	Dragon	5ban Graphics	TCGdex日本語版	Naganadel & Guzzlord-GX	sm12-223 sm12-260	入れる	
SM12-102	アーゴヨン&アクジキングGX	SR	Cosmic Eclipse (TCG)	Alter Genesis (/095)	Naganadel & Guzzlord-GX	Dragon	Aya Kusube	TCGdex日本語版	Naganadel & Guzzlord-GX	sm12-224	入れる	
SM12-103	メガミミロップ&プリンGX	SR	Cosmic Eclipse (TCG)	Alter Genesis (/095)	Mega Lopunny & Jigglypuff-GX	Colorless	aky CG Works	TCGdex日本語版	Mega Lopunny & Jigglypuff-GX	sm12-225 sm12-261	入れる	
SM12-104	メガミミロップ&プリンGX	SR	Cosmic Eclipse (TCG)	Alter Genesis (/095)	Mega Lopunny & Jigglypuff-GX	Colorless	Shibuzoh.	TCGdex日本語版	Mega Lopunny & Jigglypuff-GX	sm12-226	入れる	
SM12-105	グズマ&ハラ	SR	Cosmic Eclipse (TCG)	Alter Genesis (/095)	Guzma & Hala	Supporter	Junsei Kuninobu	TCGdex日本語版	Guzma & Hala	sm12-229	入れる	
SM12-106	シロナ&カトレア	SR	Cosmic Eclipse (TCG)	Alter Genesis (/095)	Cynthia & Caitlin	Supporter	Sakiko Maeda	TCGdex日本語版	Cynthia & Caitlin	sm12-228	入れる	
SM12-107	マオ&スイレン	SR	Cosmic Eclipse (TCG)	Alter Genesis (/095)	Mallow & Lana	Supporter	kirisAki	TCGdex日本語版	Mallow & Lana	sm12-231	入れる	
SM12-108	レッド&グリーン	SR	Cosmic Eclipse (TCG)	Alter Genesis (/095)	Red & Blue	Supporter	Hitoshi Ariga	TCGdex日本語版	Red & Blue	sm12-234	入れる	
SM12-109	ウルガモスGX	HR	Cosmic Eclipse (TCG)	Alter Genesis (/095)	Volcarona-GX	Fire					イラストレーターが分からない（TCGdex・公式とも無し）	
SM12-110	オドリドリGX	HR	Cosmic Eclipse (TCG)	Alter Genesis (/095)	Oricorio-GX	Psychic					イラストレーターが分からない（TCGdex・公式とも無し）	
SM12-111	フライゴンGX	HR	Cosmic Eclipse (TCG)	Alter Genesis (/095)	Flygon-GX	Fighting					イラストレーターが分からない（TCGdex・公式とも無し）	
SM12-112	アルセウス&ディアルガ&パルキアGX	HR	Cosmic Eclipse (TCG)	Alter Genesis (/095)	Arceus & Dialga & Palkia-GX	Dragon					イラストレーターが分からない（TCGdex・公式とも無し）	
SM12-113	アーゴヨン&アクジキングGX	HR	Cosmic Eclipse (TCG)	Alter Genesis (/095)	Naganadel & Guzzlord-GX	Dragon					イラストレーターが分からない（TCGdex・公式とも無し）	
SM12-114	メガミミロップ&プリンGX	HR	Cosmic Eclipse (TCG)	Alter Genesis (/095)	Mega Lopunny & Jigglypuff-GX	Colorless					イラストレーターが分からない（TCGdex・公式とも無し）	
SM12-115	タッグコール	UR	Cosmic Eclipse (TCG)	Alter Genesis (/095)	Tag Call	Item					イラストレーターが分からない（TCGdex・公式とも無し）	
SM12-116	しまめぐりのあかし	UR	Cosmic Eclipse (TCG)	Alter Genesis (/095)	Island Challenge Amulet	Item					イラストレーターが分からない（TCGdex・公式とも無し）	
SM12-117	巨大なカマド	UR	Cosmic Eclipse (TCG)	Alter Genesis (/095)	Giant Hearth	Stadium					イラストレーターが分からない（TCGdex・公式とも無し）	
SM12a-011	シェイミ プリズムスター	PR	Tag All Stars (TCG)	Tag All Stars (/173)	Shaymin ♢	Grass	kawayoo	TCGdex日本語版	Shaymin ◇	sm9-10	入れる	
SM12a-021	ビクティニ プリズムスター	PR	Tag All Stars (TCG)	Tag All Stars (/173)	Victini ♢	Fire	Shin Nagasawa	TCGdex日本語版	Victini ◇	sm7.5-7	入れる	
SM12a-037	ボルケニオン プリズムスター	PR	Tag All Stars (TCG)	Tag All Stars (/173)	Volcanion ♢	Water	Naoki Saito	TCGdex日本語版	Volcanion ◇	sm6-31	入れる	
SM12a-049	カプ・コケコ プリズムスター	PR	Tag All Stars (TCG)	Tag All Stars (/173)	Tapu Koko ♢	Lightning	Kouki Saitou	TCGdex日本語版	Tapu Koko ◇	sm9-51	入れる	
SM12a-058	ギラティナ プリズムスター	PR	Tag All Stars (TCG)	Tag All Stars (/173)	Giratina ♢	Psychic	Masakazu Fukuda	TCGdex日本語版	Giratina ◇	sm5-58	入れる	
SM12a-070	ディアンシー プリズムスター	PR	Tag All Stars (TCG)	Tag All Stars (/173)	Diancie ♢	Fighting	kawayoo	TCGdex日本語版	Diancie ◇	sm6-74	入れる	
SM12a-077	ダークライ プリズムスター	PR	Tag All Stars (TCG)	Tag All Stars (/173)	Darkrai ♢	Darkness	Naoki Saito	TCGdex日本語版	Darkrai ◇	sm5-77	入れる	
SM12a-091	ジラーチ プリズムスター	PR	Tag All Stars (TCG)	Tag All Stars (/173)	Jirachi ♢	Metal	Kouki Saitou	TCGdex日本語版	Jirachi ◇	sm7-97	入れる	
SM12a-108	メタモン プリズムスター	PR	Tag All Stars (TCG)	Tag All Stars (/173)	Ditto ♢	Colorless	kirisAki	TCGdex日本語版	Ditto ◇	sm8-154	入れる	
SM12a-144	アカギ プリズムスター	PR	Tag All Stars (TCG)	Tag All Stars (/173)	Cyrus ♢	Supporter	Masakazu Fukuda	TCGdex日本語版	Cyrus ◇	sm5-120	入れる	
SM12a-163	サンダーマウンテン プリズムスター	PR	Tag All Stars (TCG)	Tag All Stars (/173)	Thunder Mountain ♢	Stadium	5ban Graphics	TCGdex日本語版	Thunder Mountain ◇	sm8-191	入れる	
SM12a-166	ヒートファクトリー プリズムスター	PR	Tag All Stars (TCG)	Tag All Stars (/173)	Heat Factory ♢	Stadium	5ban Graphics	TCGdex日本語版	Heat Factory ◇	sm8-178	入れる	
SM12a-167	ブラックマーケット プリズムスター	PR	Tag All Stars (TCG)	Tag All Stars (/173)	Black Market ♢	Stadium	5ban Graphics	TCGdex日本語版	Black Market ◇	sm9-134	入れる	
SM12a-168	ライフフォレスト プリズムスター	PR	Tag All Stars (TCG)	Tag All Stars (/173)	Life Forest ♢	Stadium	5ban Graphics	TCGdex日本語版	Life Forest ◇	sm8-180	入れる	
SM12a-169	ワンダーラビリンス プリズムスター	PR	Tag All Stars (TCG)	Tag All Stars (/173)	Wondrous Labyrinth ♢	Stadium	5ban Graphics	TCGdex日本語版	Wondrous Labyrinth ◇	sm9-158	入れる	
SM12a-170	超ブーストエネルギー プリズムスター	PR	Tag All Stars (TCG)	Tag All Stars (/173)	Super Boost Energy ♢	Energy					イラストレーターが分からない（TCGdex・公式とも無し）	
SM12a-172	ビーストエネルギー プリズムスター	PR	Tag All Stars (TCG)	Tag All Stars (/173)	Beast Energy ♢	Energy					イラストレーターが分からない（TCGdex・公式とも無し）	
SM12a-174	ヨワシGX	SR	Tag All Stars (TCG)	Tag All Stars (/173)	Wishiwashi-GX	Water	sadaji	TCGdex日本語版	Wishiwashi-GX	sm12-63	入れる	
SM12a-175	デデンネGX	SR	Tag All Stars (TCG)	Tag All Stars (/173)	Dedenne-GX	Lightning	kanahei	TCGdex日本語版			TCGdex 英語版の同じ名前のカードとイラストレーターが違う（英語版: PLANETA Igarashi / 5ban Graphics）	
SM12a-176	エーフィ&デオキシスGX	SR	Tag All Stars (TCG)	Tag All Stars (/173)	Espeon & Deoxys-GX	Psychic	5ban Graphics	TCGdex日本語版			TCGdex 英語版の同じ名前のカードとイラストレーターが違う（英語版: Mitsuhiro Arita / Hasuno）	
SM12a-177	エーフィ&デオキシスGX	SR	Tag All Stars (TCG)	Tag All Stars (/173)	Espeon & Deoxys-GX	Psychic	Hasuno	TCGdex日本語版	Espeon & Deoxys-GX	smp-SM240	入れる	
SM12a-178	オーロット&ヨノワールGX	SR	Tag All Stars (TCG)	Tag All Stars (/173)	Trevenant & Dusknoir-GX	Psychic	5ban Graphics	TCGdex日本語版			TCGdex 英語版の同じ名前のカードとイラストレーターが違う（英語版: Mitsuhiro Arita）	
SM12a-179	オーロット&ヨノワールGX	SR	Tag All Stars (TCG)	Tag All Stars (/173)	Trevenant & Dusknoir-GX	Psychic	PLANETA Tsuji	TCGdex日本語版			TCGdex 英語版の同じ名前のカードとイラストレーターが違う（英語版: Mitsuhiro Arita）	
SM12a-180	ジラーチGX	SR	Tag All Stars (TCG)	Tag All Stars (/173)	Jirachi-GX	Psychic	5ban Graphics	TCGdex日本語版	Jirachi-GX	sm11-79	入れる	
SM12a-181	ブラッキー&ダークライGX	SR	Tag All Stars (TCG)	Tag All Stars (/173)	Umbreon & Darkrai-GX	Darkness	5ban Graphics	TCGdex日本語版			TCGdex 英語版の同じ名前のカードとイラストレーターが違う（英語版: Mitsuhiro Arita / so-taro）	
SM12a-182	ブラッキー&ダークライGX	SR	Tag All Stars (TCG)	Tag All Stars (/173)	Umbreon & Darkrai-GX	Darkness	so-taro	TCGdex日本語版	Umbreon & Darkrai-GX	smp-SM241	入れる	
SM12a-183	マニューラGX	SR	Tag All Stars (TCG)	Tag All Stars (/173)	Weavile-GX	Darkness	aky CG Works	TCGdex日本語版	Weavile-GX	sm11-132	入れる	
SM12a-184	メルメタルGX	SR	Tag All Stars (TCG)	Tag All Stars (/173)	Melmetal-GX	Metal	sadaji	TCGdex日本語版			TCGdex 英語版の同じ名前のカードとイラストレーターが違う（英語版: PLANETA Otani）	
SM12a-185	トゲピー&ピィ&ププリンGX	SR	Tag All Stars (TCG)	Tag All Stars (/173)	Togepi & Cleffa & Igglybuff-GX	Fairy	5ban Graphics	TCGdex日本語版			TCGdex 英語版の同じ名前のカードとイラストレーターが違う（英語版: Mitsuhiro Arita）	
SM12a-186	トゲピー&ピィ&ププリンGX	SR	Tag All Stars (TCG)	Tag All Stars (/173)	Togepi & Cleffa & Igglybuff-GX	Fairy	0313	TCGdex日本語版			TCGdex 英語版の同じ名前のカードとイラストレーターが違う（英語版: Mitsuhiro Arita）	
SM12a-187	イーブイGX	SR	Tag All Stars (TCG)	Tag All Stars (/173)	Eevee-GX	Colorless	aky CG Works	TCGdex日本語版	Eevee-GX	smp-SM242	入れる	
SM12a-188	イーブイGX	SR	Tag All Stars (TCG)	Tag All Stars (/173)	Eevee-GX	Colorless	Q-rais	TCGdex日本語版	Eevee-GX	smp-SM233	入れる	
SM12a-189	イツキ	SR	Tag All Stars (TCG)	Tag All Stars (/173)	Will	Supporter	Kazuma Koda	TCGdex日本語版			TCGdex 英語版の同じ名前のカードとイラストレーターが違う（英語版: Ken Sugimori）	
SM12a-190	エリカのおもてなし	SR	Tag All Stars (TCG)	Tag All Stars (/173)	Erika's Hospitality	Supporter	kodama	TCGdex日本語版			TCGdex 英語版の同じ名前のカードとイラストレーターが違う（英語版: Sanosuke Sakuma）	
SM12a-191	カスミ&カンナ	SR	Tag All Stars (TCG)	Tag All Stars (/173)	Misty & Lorelei	Supporter	Ryuta Fuse	TCGdex日本語版			TCGdex 英語版の同じ名前のカードとイラストレーターが違う（英語版: Megumi Mizutani）	
SM12a-192	かんこうきゃく	SR	Tag All Stars (TCG)	Tag All Stars (/173)	Sightseer	Supporter	Naoki Saito	TCGdex日本語版	Sightseer	sm8-189	入れる	
SM12a-193	グリーンの戦略	SR	Tag All Stars (TCG)	Tag All Stars (/173)	Blue's Tactics	Supporter	TOKIYA	TCGdex日本語版			TCGdex 英語版の同じ名前のカードとイラストレーターが違う（英語版: Megumi Mizutani / Naoki Saito）	
SM12a-194	ジュジュベ&ハチクマン	SR	Tag All Stars (TCG)	Tag All Stars (/173)	Bellelba & Brycen-Man	Supporter	Sanosuke Sakuma	TCGdex日本語版			TCGdex 英語版の同じ名前のカードとイラストレーターが違う（英語版: Hideki Ishikawa）	
SM12a-195	ハプウ	SR	Tag All Stars (TCG)	Tag All Stars (/173)	Hapu	Supporter	Ryota Murayama	TCGdex日本語版			TCGdex 英語版の同じ名前のカードとイラストレーターが違う（英語版: Ken Sugimori）	
SM12a-196	ブルーの探索	SR	Tag All Stars (TCG)	Tag All Stars (/173)	Green's Exploration	Supporter	TOKIYA	TCGdex日本語版			TCGdex 英語版の同じ名前のカードとイラストレーターが違う（英語版: Naoki Saito）	
SM12a-197	ホミカ	SR	Tag All Stars (TCG)	Tag All Stars (/173)	Roxie	Supporter	Jumpei Akasaka	TCGdex日本語版			TCGdex 英語版の同じ名前のカードとイラストレーターが違う（英語版: Yusuke Ohmura）	
SM12a-198	マツリカ	SR	Tag All Stars (TCG)	Tag All Stars (/173)	Mina	Supporter	Sanosuke Sakuma	TCGdex日本語版			TCGdex 英語版の同じ名前のカードとイラストレーターが違う（英語版: Ken Sugimori / You Iribi）	
SM12a-199	ヤーコン	SR	Tag All Stars (TCG)	Tag All Stars (/173)	Clay	Supporter	Hideki Ishikawa	TCGdex日本語版			TCGdex 英語版の同じ名前のカードとイラストレーターが違う（英語版: Yusuke Ohmura）	
SM12a-200	溶接工	SR	Tag All Stars (TCG)	Tag All Stars (/173)	Welder	Supporter	Hitoshi Ariga	TCGdex日本語版	Welder	sm10-189 sm10-214	入れる	
SM12a-201	レッドの挑戦	SR	Tag All Stars (TCG)	Tag All Stars (/173)	Red's Challenge	Supporter	TOKIYA	TCGdex日本語版			TCGdex 英語版の同じ名前のカードとイラストレーターが違う（英語版: Megumi Mizutani / Naoki Saito）	
SM12a-202	基本草エネルギー	SR	Tag All Stars (TCG)	Tag All Stars (/173)	Grass Energy	Energy					イラストレーターが分からない（TCGdex・公式とも無し）	
SM12a-203	基本炎エネルギー	SR	Tag All Stars (TCG)	Tag All Stars (/173)	Fire Energy	Energy					イラストレーターが分からない（TCGdex・公式とも無し）	
SM12a-204	基本水エネルギー	SR	Tag All Stars (TCG)	Tag All Stars (/173)	Water Energy	Energy					イラストレーターが分からない（TCGdex・公式とも無し）	
SM12a-205	基本雷エネルギー	SR	Tag All Stars (TCG)	Tag All Stars (/173)	Lightning Energy	Energy					イラストレーターが分からない（TCGdex・公式とも無し）	
SM12a-206	基本超エネルギー	SR	Tag All Stars (TCG)	Tag All Stars (/173)	Psychic Energy	Energy					イラストレーターが分からない（TCGdex・公式とも無し）	
SM12a-207	基本闘エネルギー	SR	Tag All Stars (TCG)	Tag All Stars (/173)	Fighting Energy	Energy					イラストレーターが分からない（TCGdex・公式とも無し）	
SM12a-208	基本悪エネルギー	SR	Tag All Stars (TCG)	Tag All Stars (/173)	Darkness Energy	Energy					イラストレーターが分からない（TCGdex・公式とも無し）	
SM12a-209	基本鋼エネルギー	SR	Tag All Stars (TCG)	Tag All Stars (/173)	Metal Energy	Energy					イラストレーターが分からない（TCGdex・公式とも無し）	
SM12a-210	基本フェアリーエネルギー	SR	Tag All Stars (TCG)	Tag All Stars (/173)	Fairy Energy	Energy					イラストレーターが分からない（TCGdex・公式とも無し）	
SM12a-211	ヨワシGX	HR	Tag All Stars (TCG)	Tag All Stars (/173)	Wishiwashi-GX	Water	sadaji	TCGdex日本語版	Wishiwashi-GX	sm12-63	入れる	
SM12a-212	エーフィ&デオキシスGX	HR	Tag All Stars (TCG)	Tag All Stars (/173)	Espeon & Deoxys-GX	Psychic	5ban Graphics	TCGdex日本語版			TCGdex 英語版の同じ名前のカードとイラストレーターが違う（英語版: Mitsuhiro Arita / Hasuno）	
SM12a-213	オーロット&ヨノワールGX	HR	Tag All Stars (TCG)	Tag All Stars (/173)	Trevenant & Dusknoir-GX	Psychic	5ban Graphics	TCGdex日本語版			TCGdex 英語版の同じ名前のカードとイラストレーターが違う（英語版: Mitsuhiro Arita）	
SM12a-214	ジラーチGX	HR	Tag All Stars (TCG)	Tag All Stars (/173)	Jirachi-GX	Psychic	5ban Graphics	TCGdex日本語版	Jirachi-GX	sm11-79	入れる	
SM12a-215	ブラッキー&ダークライGX	HR	Tag All Stars (TCG)	Tag All Stars (/173)	Umbreon & Darkrai-GX	Darkness	5ban Graphics	TCGdex日本語版			TCGdex 英語版の同じ名前のカードとイラストレーターが違う（英語版: Mitsuhiro Arita / so-taro）	
SM12a-216	マニューラGX	HR	Tag All Stars (TCG)	Tag All Stars (/173)	Weavile-GX	Darkness	aky CG Works	TCGdex日本語版	Weavile-GX	sm11-132	入れる	
SM12a-217	メルメタルGX	HR	Tag All Stars (TCG)	Tag All Stars (/173)	Melmetal-GX	Metal	sadaji	TCGdex日本語版			TCGdex 英語版の同じ名前のカードとイラストレーターが違う（英語版: PLANETA Otani）	
SM12a-218	トゲピー&ピィ&ププリンGX	HR	Tag All Stars (TCG)	Tag All Stars (/173)	Togepi & Cleffa & Igglybuff-GX	Fairy	5ban Graphics	TCGdex日本語版			TCGdex 英語版の同じ名前のカードとイラストレーターが違う（英語版: Mitsuhiro Arita）	
SM12a-219	イーブイGX	HR	Tag All Stars (TCG)	Tag All Stars (/173)	Eevee-GX	Colorless	aky CG Works	TCGdex日本語版	Eevee-GX	smp-SM242	入れる	
SM12a-220	レシラム&リザードンGX	UR	Tag All Stars (TCG)	Tag All Stars (/173)	Reshiram & Charizard-GX	Fire	aky CG Works	TCGdex日本語版	Reshiram & Charizard-GX	sm10-194 sm10-217 smp-SM247	入れる	
SM12a-221	ピカチュウ&ゼクロムGX	UR	Tag All Stars (TCG)	Tag All Stars (/173)	Pikachu & Zekrom-GX	Lightning	5ban Graphics	TCGdex日本語版	Pikachu & Zekrom-GX	sm9-162 sm9-184 smp-SM248	入れる	
SM12a-222	ミュウツー&ミュウGX	UR	Tag All Stars (TCG)	Tag All Stars (/173)	Mewtwo & Mew-GX	Psychic	5ban Graphics	TCGdex日本語版	Mewtwo & Mew-GX	sm11-222 sm11-242	入れる	
SM12a-223	ゲッコウガ&ゾロアークGX	UR	Tag All Stars (TCG)	Tag All Stars (/173)	Greninja & Zoroark-GX	Darkness	5ban Graphics	TCGdex日本語版	Greninja & Zoroark-GX	sm10-200 sm10-222	入れる	
SM12a-224	ルカリオ&メルメタルGX	UR	Tag All Stars (TCG)	Tag All Stars (/173)	Lucario & Melmetal-GX	Metal	5ban Graphics	TCGdex日本語版	Lucario & Melmetal-GX	sm10-203 sm10-224	入れる	
SM12a-225	ガブリアス&ギラティナGX	UR	Tag All Stars (TCG)	Tag All Stars (/173)	Garchomp & Giratina-GX	Dragon	aky CG Works	TCGdex日本語版	Garchomp & Giratina-GX	sm11-228 sm11-247	入れる	
SM12a-226	ファイヤー&サンダー&フリーザーGX	UR	Tag All Stars (TCG)	Tag All Stars (/173)	Moltres & Zapdos & Articuno-GX	Colorless	5ban Graphics	TCGdex日本語版	Moltres & Zapdos & Articuno-GX	sm115-66 sm115-69	入れる	
MBD-022	メロエッタ		MEGA Starter Set Mega Diancie ex (TCG)	MEGA Starter Set Mega Diancie ex (/021)	Meloetta	Psychic					イラストレーターが分からない（TCGdex・公式とも無し）	
MBG-022	ゴースト		MEGA Starter Set Mega Gengar ex (TCG)	MEGA Starter Set Mega Gengar ex (/021)	Haunter	Darkness					イラストレーターが分からない（TCGdex・公式とも無し）	
M5-082	カリキリ	AR	Abyss Eye (TCG)	Abyss Eye (/081)	Fomantis	Grass	Jiro Sasuno	TCGdex日本語版	Fomantis	me05-085	入れる	イラストレーターの表記ゆれ: Jiro Sasuno / Jiro Sasumo
M5-083	グレンアルマ	AR	Abyss Eye (TCG)	Abyss Eye (/081)	Armarouge	Fire	Iwamoto05	TCGdex日本語版	Armarouge	me05-086	入れる	
M5-084	トサキント	AR	Abyss Eye (TCG)	Abyss Eye (/081)	Goldeen	Water	Gemi	TCGdex日本語版	Goldeen	me05-087	入れる	
M5-085	アシレーヌ	AR	Abyss Eye (TCG)	Abyss Eye (/081)	Primarina	Water	satoma	TCGdex日本語版	Primarina	me05-088	入れる	
M5-086	ライボルト	AR	Abyss Eye (TCG)	Abyss Eye (/081)	Manectric	Lightning	HICO KIM	TCGdex日本語版	Manectric	me05-089	入れる	
M5-087	ヤドラン	AR	Abyss Eye (TCG)	Abyss Eye (/081)	Slowbro	Psychic	Mekayu	TCGdex日本語版	Slowbro	me05-090	入れる	
M5-088	ダダリン	AR	Abyss Eye (TCG)	Abyss Eye (/081)	Dhelmise	Psychic	Nakamura Ippan	TCGdex日本語版	Dhelmise	me05-091	入れる	
M5-089	フォクスライ	AR	Abyss Eye (TCG)	Abyss Eye (/081)	Thievul	Darkness	Jerky	TCGdex日本語版	Thievul	me05-092	入れる	
M5-090	ザルード	AR	Abyss Eye (TCG)	Abyss Eye (/081)	Zarude	Darkness	IKEDA Saki	TCGdex日本語版	Zarude	mep-088	入れる	
M5-091	トリデプス	AR	Abyss Eye (TCG)	Abyss Eye (/081)	Bastiodon	Metal	Yoriyuki Ikegami	TCGdex日本語版	Bastiodon	me05-093	入れる	
M5-092	ドデカバシ	AR	Abyss Eye (TCG)	Abyss Eye (/081)	Toucannon	Colorless	miki kudo	TCGdex日本語版	Toucannon	me05-094	入れる	
M5-093	シルヴァディ	AR	Abyss Eye (TCG)	Abyss Eye (/081)	Silvally	Colorless	DOM	TCGdex日本語版	Silvally	me05-095	入れる	
M5-094	ラランテスex	SR	Abyss Eye (TCG)	Abyss Eye (/081)	Lurantis ex	Grass	5ban Graphics	TCGdex日本語版	Lurantis ex	me05-004 me05-096	入れる	
M5-095	ホエルオーex	SR	Abyss Eye (TCG)	Abyss Eye (/081)	Wailord ex	Water	5ban Graphics	TCGdex日本語版	Wailord ex	me05-016 me05-097	入れる	
M5-096	メガゼラオラex	SR	Abyss Eye (TCG)	Abyss Eye (/081)	Mega Zeraora ex	Lightning	5ban Graphics	TCGdex日本語版	Mega Zeraora ex	me05-027 me05-098	入れる	
M5-097	メガシャンデラex	SR	Abyss Eye (TCG)	Abyss Eye (/081)	Mega Chandelure ex	Psychic	5ban Graphics	TCGdex日本語版	Mega Chandelure ex	me05-038 me05-099	入れる	
M5-098	ラムパルドex	SR	Abyss Eye (TCG)	Abyss Eye (/081)	Rampardos ex	Fighting	5ban Graphics	TCGdex日本語版	Rampardos ex	me05-100	入れる	
M5-099	メガダークライex	SR	Abyss Eye (TCG)	Abyss Eye (/081)	Mega Darkrai ex	Darkness	5ban Graphics	TCGdex日本語版	Mega Darkrai ex	me05-048 me05-101 me05-120	入れる	
M5-100	モルペコex	SR	Abyss Eye (TCG)	Abyss Eye (/081)	Morpeko ex	Darkness	5ban Graphics	TCGdex日本語版	Morpeko ex	me05-102	入れる	
M5-101	メガドリュウズex	SR	Abyss Eye (TCG)	Abyss Eye (/081)	Mega Excadrill ex	Metal	Keisuke Azuma	TCGdex日本語版	Mega Excadrill ex	me05-065 me05-103	入れる	
M5-102	アイアンディフェンダー	SR	Abyss Eye (TCG)	Abyss Eye (/081)	Iron Defender	Item	Studio Bora Inc.	TCGdex日本語版	Iron Defender	me05-110 me01-118	入れる	
M5-103	エネルギーつけかえ	SR	Abyss Eye (TCG)	Abyss Eye (/081)	Energy Switch	Item	Studio Bora Inc.	TCGdex日本語版	Energy Switch	me05-107 me01-115 sv01-173	入れる	
M5-104	クラッシュハンマー	SR	Abyss Eye (TCG)	Abyss Eye (/081)	Crushing Hammer	Item	Ayako Yoshida	TCGdex日本語版	Crushing Hammer	me03-071 me05-105 sv01-168	入れる	イラストレーターの表記ゆれ: Ayako Yoshida / Ayaka Yoshida
M5-105	ダークベル	SR	Abyss Eye (TCG)	Abyss Eye (/081)	Dark Bell	Item	Toyste Beach	TCGdex日本語版	Dark Bell	me05-075 me05-106	入れる	
M5-106	ごうかいボム	SR	Abyss Eye (TCG)	Abyss Eye (/081)	Tremendous Bomb	Pokémon Tool	inose yukie	TCGdex日本語版	Tremendous Bomb	me05-082 me05-113	入れる	
M5-107	ブレイブバングル	SR	Abyss Eye (TCG)	Abyss Eye (/081)	Brave Bangle	Pokémon Tool	Toyste Beach	TCGdex日本語版	Brave Bangle	sv10.5w-080 me05-104	入れる	
M5-108	カスミの元気	SR	Abyss Eye (TCG)	Abyss Eye (/081)	Misty's Vitality	Supporter	En Morikura	TCGdex日本語版	Misty's Vitality	me05-080 me05-111	入れる	
M5-109	グラジオの決戦	SR	Abyss Eye (TCG)	Abyss Eye (/081)	Gladion's Final Battle	Supporter	akagi	TCGdex日本語版	Gladion's Final Battle	me05-077 me05-108	入れる	
M5-110	サビ組のしたっぱ	SR	Abyss Eye (TCG)	Abyss Eye (/081)	Rust Syndicate Grunt	Supporter	Teeziro	TCGdex日本語版	Rust Syndicate Grunt	me05-081 me05-112	入れる	
M5-111	ムク	SR	Abyss Eye (TCG)	Abyss Eye (/081)	Gwynn	Supporter	nagimiso	TCGdex日本語版	Gwynn	me05-078 me05-109	入れる	
M5-112	メガゼラオラex	SAR	Abyss Eye (TCG)	Abyss Eye (/081)	Mega Zeraora ex	Lightning	GIDORA	TCGdex日本語版	Mega Zeraora ex	me05-114	入れる	
M5-113	メガシャンデラex	SAR	Abyss Eye (TCG)	Abyss Eye (/081)	Mega Chandelure ex	Psychic	REND	TCGdex日本語版	Mega Chandelure ex	me05-115	入れる	
M5-114	メガダークライex	SAR	Abyss Eye (TCG)	Abyss Eye (/081)	Mega Darkrai ex	Darkness	AKIRA EGAWA	TCGdex日本語版	Mega Darkrai ex	me05-116	入れる	
M5-115	モルペコex	SAR	Abyss Eye (TCG)	Abyss Eye (/081)	Morpeko ex	Darkness	NC Empire	TCGdex日本語版	Morpeko ex	me05-117	入れる	
M5-116	グラジオの決戦	SAR	Abyss Eye (TCG)	Abyss Eye (/081)	Gladion's Final Battle	Supporter	DOM	TCGdex日本語版	Gladion's Final Battle	me05-118	入れる	
M5-117	ムク	SAR	Abyss Eye (TCG)	Abyss Eye (/081)	Gwynn	Supporter	Naoki Saito	TCGdex日本語版	Gwynn	me05-119	入れる	
M5-118	メガダークライex	MUR	Abyss Eye (TCG)	Abyss Eye (/081)	Mega Darkrai ex	Darkness	5ban Graphics	TCGdex日本語版	Mega Darkrai ex	me05-048 me05-101 me05-120	入れる	
M4-084	ハリマロン	AR	Ninja Spinner (TCG)	Ninja Spinner (/083)	Chespin	Grass	Atsushi Furusawa	TCGdex日本語版	Chespin	me04-087	入れる	
M4-085	フォッコ	AR	Ninja Spinner (TCG)	Ninja Spinner (/083)	Fennekin	Fire	satoma	TCGdex日本語版	Fennekin	mep-080	入れる	
M4-086	ケロマツ	AR	Ninja Spinner (TCG)	Ninja Spinner (/083)	Froakie	Water	Susumu Maeya	TCGdex日本語版	Froakie	me04-088	入れる	
M4-087	ゲコガシラ	AR	Ninja Spinner (TCG)	Ninja Spinner (/083)	Frogadier	Water	Susumu Maeya	TCGdex日本語版	Frogadier	me04-089	入れる	
M4-088	デンリュウ	AR	Ninja Spinner (TCG)	Ninja Spinner (/083)	Ampharos	Lightning	saino misaki	TCGdex日本語版	Ampharos	me04-090	入れる	
M4-089	ゼルネアス	AR	Ninja Spinner (TCG)	Ninja Spinner (/083)	Xerneas	Psychic	YASHIRO Nanaco	TCGdex日本語版	Xerneas	me04-091	入れる	
M4-090	ネンドール	AR	Ninja Spinner (TCG)	Ninja Spinner (/083)	Claydol	Fighting	matazo	TCGdex日本語版	Claydol	me04-092	入れる	
M4-091	クロバット	AR	Ninja Spinner (TCG)	Ninja Spinner (/083)	Crobat	Darkness	Kazuhisa Uragami	TCGdex日本語版	Crobat	me04-093	入れる	
M4-092	メタング	AR	Ninja Spinner (TCG)	Ninja Spinner (/083)	Metang	Metal	Kurata So	TCGdex日本語版	Metang	me04-094	入れる	
M4-093	ヌメイル	AR	Ninja Spinner (TCG)	Ninja Spinner (/083)	Sliggoo	Dragon	aspara	TCGdex日本語版	Sliggoo	me04-095	入れる	
M4-094	ケンタロス	AR	Ninja Spinner (TCG)	Ninja Spinner (/083)	Tauros	Colorless	Tsuyoshi Nagano	TCGdex日本語版	Tauros	me04-096	入れる	
M4-095	ミルホッグ	AR	Ninja Spinner (TCG)	Ninja Spinner (/083)	Watchog	Colorless	MARINA Chikazawa	TCGdex日本語版	Watchog	me04-097	入れる	
M4-096	スピアーex	SR	Ninja Spinner (TCG)	Ninja Spinner (/083)	Beedrill ex	Grass	5ban Graphics	TCGdex日本語版	Beedrill ex	me04-098	入れる	
M4-097	メガカエンジシex	SR	Ninja Spinner (TCG)	Ninja Spinner (/083)	Mega Pyroar ex	Fire	Keisuke Azuma	TCGdex日本語版	Mega Pyroar ex	me04-015 me04-099	入れる	
M4-098	メガゲッコウガex	SR	Ninja Spinner (TCG)	Ninja Spinner (/083)	Mega Greninja ex	Water	takuyoa	TCGdex日本語版	Mega Greninja ex	me04-022 me04-100 me04-122	入れる	
M4-099	メガフラエッテex	SR	Ninja Spinner (TCG)	Ninja Spinner (/083)	Mega Floette ex	Psychic	aky CG Works	TCGdex日本語版	Mega Floette ex	me04-035 me04-101	入れる	
M4-100	パンプジンex	SR	Ninja Spinner (TCG)	Ninja Spinner (/083)	Gourgeist ex	Psychic	5ban Graphics	TCGdex日本語版	Gourgeist ex	me04-041 me04-102	入れる	
M4-101	コバルオンex	SR	Ninja Spinner (TCG)	Ninja Spinner (/083)	Cobalion ex	Metal	5ban Graphics	TCGdex日本語版	Cobalion ex	me04-064 me04-103	入れる	
M4-102	メガドラミドロex	SR	Ninja Spinner (TCG)	Ninja Spinner (/083)	Mega Dragalge ex	Dragon	5ban Graphics	TCGdex日本語版	Mega Dragalge ex	me04-065 me04-104	入れる	
M4-103	チラチーノex	SR	Ninja Spinner (TCG)	Ninja Spinner (/083)	Cinccino ex	Colorless	5ban Graphics	TCGdex日本語版	Cinccino ex	me04-073 me04-105	入れる	
M4-104	エネルギー回収	SR	Ninja Spinner (TCG)	Ninja Spinner (/083)	Energy Retrieval	Item	Studio Bora Inc.	TCGdex日本語版	Energy Retrieval	sv10.5w-082 me04-108 sv01-171	入れる	
M4-105	ジャンボアイス	SR	Ninja Spinner (TCG)	Ninja Spinner (/083)	Jumbo Ice Cream	Item	AYUMI ODASHIMA	TCGdex日本語版	Jumbo Ice Cream	me02-091 me04-109	入れる	
M4-106	スペシャルレッドカード	SR	Ninja Spinner (TCG)	Ninja Spinner (/083)	Special Red Card	Item	Studio Bora Inc.	TCGdex日本語版	Special Red Card	me04-082 me04-113	入れる	
M4-107	ツールスクラッパー	SR	Ninja Spinner (TCG)	Ninja Spinner (/083)	Tool Scrapper	Item	Studio Bora Inc.	TCGdex日本語版	Tool Scrapper	sv10.5w-085 me04-115 swsh2-168 swsh2-208 me02.5-212	入れる	
M4-108	AZの安らぎ	SR	Ninja Spinner (TCG)	Ninja Spinner (/083)	AZ's Tranquility	Supporter	GIDORA	TCGdex日本語版	AZ's Tranquility	me04-076 me04-106	入れる	
M4-109	ジプソ	SR	Ninja Spinner (TCG)	Ninja Spinner (/083)	Philippe	Supporter	Souichirou Gunjima	TCGdex日本語版	Philippe	me04-079 me04-110	入れる	
M4-110	ホミカの演奏	SR	Ninja Spinner (TCG)	Ninja Spinner (/083)	Roxie's Performance	Supporter	Nobusawa/Mochipuyo	TCGdex日本語版	Roxie's Performance	me04-081 me04-112	入れる	
M4-111	マチエール	SR	Ninja Spinner (TCG)	Ninja Spinner (/083)	Emma	Supporter	Akira Komayama	TCGdex日本語版	Emma	me04-077 me04-107	入れる	
M4-112	なみのりビーチ	SR	Ninja Spinner (TCG)	Ninja Spinner (/083)	Surfing Beach	Stadium	AYUMI ODASHIMA	TCGdex日本語版	Surfing Beach	me04-114 me01-129	入れる	
M4-113	プリズムタワー	SR	Ninja Spinner (TCG)	Ninja Spinner (/083)	Prism Tower	Stadium	MARINA Chikazawa	TCGdex日本語版	Prism Tower	me04-080 me04-111	入れる	
M4-114	メガゲッコウガex	SAR	Ninja Spinner (TCG)	Ninja Spinner (/083)	Mega Greninja ex	Water	Susumu Maeya	TCGdex日本語版	Mega Greninja ex	me04-116	入れる	
M4-115	メガフラエッテex	SAR	Ninja Spinner (TCG)	Ninja Spinner (/083)	Mega Floette ex	Psychic	Teeziro	TCGdex日本語版	Mega Floette ex	me04-117	入れる	
M4-116	メガドラミドロex	SAR	Ninja Spinner (TCG)	Ninja Spinner (/083)	Mega Dragalge ex	Dragon	Kazumasa Yasukuni	TCGdex日本語版	Mega Dragalge ex	me04-118	入れる	
M4-117	チラチーノex	SAR	Ninja Spinner (TCG)	Ninja Spinner (/083)	Cinccino ex	Colorless	Keisin	TCGdex日本語版	Cinccino ex	me04-119	入れる	
M4-118	AZの安らぎ	SAR	Ninja Spinner (TCG)	Ninja Spinner (/083)	AZ's Tranquility	Supporter	OKACHEKE	TCGdex日本語版	AZ's Tranquility	me04-120	入れる	
M4-119	ホミカの演奏	SAR	Ninja Spinner (TCG)	Ninja Spinner (/083)	Roxie's Performance	Supporter	Tomowaka	TCGdex日本語版	Roxie's Performance	me04-121	入れる	
M4-120	メガゲッコウガex	MUR	Ninja Spinner (TCG)	Ninja Spinner (/083)	Mega Greninja ex	Water	takuyoa	TCGdex日本語版	Mega Greninja ex	me04-022 me04-100 me04-122	入れる	
MC-743	エリカのモンジャラ		Start Deck 100 Battle Collection (TCG)	Start Deck 100 Battle Collection (/742)	Erika's Tangela	Grass	buchi	TCGdex日本語版	Erika's Tangela	me02.5-218	入れる	
MC-744	エンニュート		Start Deck 100 Battle Collection (TCG)	Start Deck 100 Battle Collection (/742)	Salazzle	Fire	Dsuke	TCGdex日本語版	Salazzle	me02.5-224	入れる	
MC-745	ヒバニー		Start Deck 100 Battle Collection (TCG)	Start Deck 100 Battle Collection (/742)	Scorbunny	Fire	Yuu Nishida	TCGdex日本語版	Scorbunny	me02.5-225	入れる	
MC-746	マニューラ		Start Deck 100 Battle Collection (TCG)	Start Deck 100 Battle Collection (/742)	Weavile	Water	Uninori	TCGdex日本語版	Weavile	me02.5-228	入れる	
MC-747	クワガノン		Start Deck 100 Battle Collection (TCG)	Start Deck 100 Battle Collection (/742)	Vikavolt	Lightning	Tonji Matsuno	TCGdex日本語版	Vikavolt	me02.5-230	入れる	
MC-748	マリル		Start Deck 100 Battle Collection (TCG)	Start Deck 100 Battle Collection (/742)	Marill	Psychic	Rond	TCGdex日本語版	Marill	me02.5-232	入れる	
MC-749	ジュペッタ		Start Deck 100 Battle Collection (TCG)	Start Deck 100 Battle Collection (/742)	Banette	Psychic	YASHIRO Nanaco	TCGdex日本語版	Banette	me02.5-234	入れる	
MC-750	ペロリーム		Start Deck 100 Battle Collection (TCG)	Start Deck 100 Battle Collection (/742)	Slurpuff	Psychic	Yoshimoto Yoshimon	TCGdex日本語版	Slurpuff	me02.5-236	入れる	
MC-751	カポエラー		Start Deck 100 Battle Collection (TCG)	Start Deck 100 Battle Collection (/742)	Hitmontop	Fighting	osare	TCGdex日本語版	Hitmontop	me02.5-240	入れる	
MC-752	メレシー		Start Deck 100 Battle Collection (TCG)	Start Deck 100 Battle Collection (/742)	Carbink	Fighting	sui	TCGdex日本語版	Carbink	me02.5-242	入れる	
MC-753	グラエナ		Start Deck 100 Battle Collection (TCG)	Start Deck 100 Battle Collection (/742)	Mightyena	Darkness	Yano Keiji	TCGdex日本語版	Mightyena	me02.5-243	入れる	
MC-754	クチート		Start Deck 100 Battle Collection (TCG)	Start Deck 100 Battle Collection (/742)	Mawile	Metal	sowsow	TCGdex日本語版	Mawile	sv03-143 me02.5-246	入れる	
MC-755	イーブイ		Start Deck 100 Battle Collection (TCG)	Start Deck 100 Battle Collection (/742)	Eevee	Colorless	Makura Tami	TCGdex日本語版	Eevee	svp-173	入れる	
MC-756	アオキのムクホーク		Start Deck 100 Battle Collection (TCG)	Start Deck 100 Battle Collection (/742)	Larry's Staraptor	Colorless	kantaro	TCGdex日本語版	Larry's Staraptor	me02.5-249	入れる	
MC-757	ニャオハex		Start Deck 100 Battle Collection (TCG)	Start Deck 100 Battle Collection (/742)	Sprigatito ex	Grass	5ban Graphics	TCGdex日本語版	Sprigatito ex	me02.5-251	入れる	
MC-758	マッギョex		Start Deck 100 Battle Collection (TCG)	Start Deck 100 Battle Collection (/742)	Stunfisk ex	Fighting	5ban Graphics	TCGdex日本語版	Stunfisk ex	me02.5-114 me02.5-252	入れる	
MC-759	メガタブンネex		Start Deck 100 Battle Collection (TCG)	Start Deck 100 Battle Collection (/742)	Mega Audino ex	Colorless	5ban Graphics	TCGdex日本語版	Mega Audino ex	me02.5-172 me02.5-253	入れる	
MC-760	ボスの指令		Start Deck 100 Battle Collection (TCG)	Start Deck 100 Battle Collection (/742)	Boss's Orders	Supporter	akagi	TCGdex日本語版	Boss's Orders	me02.5-183 me02.5-256	入れる	
MC-761	メガメガニウムex		Start Deck 100 Battle Collection (TCG)	Start Deck 100 Battle Collection (/742)	Mega Meganium ex	Grass	Tika Matsuno	TCGdex日本語版	Mega Meganium ex	me02.5-272	入れる	
MC-762	メガエンブオーex		Start Deck 100 Battle Collection (TCG)	Start Deck 100 Battle Collection (/742)	Mega Emboar ex	Fire	nagimiso	TCGdex日本語版	Mega Emboar ex	me02.5-273	入れる	
MC-763	メガオーダイルex		Start Deck 100 Battle Collection (TCG)	Start Deck 100 Battle Collection (/742)	Mega Feraligatr ex	Water	Souichirou Gunjima	TCGdex日本語版	Mega Feraligatr ex	me02.5-274	入れる	
MC-764	ピカチュウex		Start Deck 100 Battle Collection (TCG)	Start Deck 100 Battle Collection (/742)	Pikachu ex	Lightning	booota	TCGdex日本語版	Pikachu ex	me02.5-276	入れる	
MC-765	リーリエのピッピex		Start Deck 100 Battle Collection (TCG)	Start Deck 100 Battle Collection (/742)	Lillie's Clefairy ex	Psychic	Naoki Saito	TCGdex日本語版	Lillie's Clefairy ex	me02.5-280	入れる	
MC-766	メガリザードンYex		Start Deck 100 Battle Collection (TCG)	Start Deck 100 Battle Collection (/742)	Mega Charizard Y ex	Fire	aky CG Works	TCGdex日本語版	Mega Charizard Y ex	me02.5-022 me02.5-294	入れる	
M2a-194	アゲハント	AR	MEGA Dream ex (TCG)	MEGA Dream ex (/193)	Beautifly	Grass	Mori Yuu	TCGdex日本語版	Beautifly	me02.5-219	入れる	
M2a-195	ドクケイル	AR	MEGA Dream ex (TCG)	MEGA Dream ex (/193)	Dustox	Grass	IKEDA Saki	TCGdex日本語版	Dustox	me02.5-220	入れる	
M2a-196	スボミー	AR	MEGA Dream ex (TCG)	MEGA Dream ex (/193)	Budew	Grass	Yoko Hishida	TCGdex日本語版	Budew	me02.5-221	入れる	
M2a-197	ヒビキのマグカルゴ	AR	MEGA Dream ex (TCG)	MEGA Dream ex (/193)	Ethan's Magcargo	Fire	Hideki Ishikawa	TCGdex日本語版	Ethan's Magcargo	me02.5-222	入れる	
M2a-198	ドンメル	AR	MEGA Dream ex (TCG)	MEGA Dream ex (/193)	Numel	Fire	Yoshimi Miyoshi	TCGdex日本語版	Numel	me02.5-223	入れる	
M2a-199	コダック	AR	MEGA Dream ex (TCG)	MEGA Dream ex (/193)	Psyduck	Water	REND	TCGdex日本語版	Psyduck	me02.5-226	入れる	
M2a-200	ユキワラシ	AR	MEGA Dream ex (TCG)	MEGA Dream ex (/193)	Snorunt	Water	June	TCGdex日本語版	Snorunt	me02.5-227	入れる	
M2a-201	エレザード	AR	MEGA Dream ex (TCG)	MEGA Dream ex (/193)	Heliolisk	Lightning	Takeshi Nakamura	TCGdex日本語版	Heliolisk	me02.5-229	入れる	
M2a-202	ムウマ	AR	MEGA Dream ex (TCG)	MEGA Dream ex (/193)	Misdreavus	Psychic	mashu	TCGdex日本語版	Misdreavus	me02.5-233	入れる	
M2a-203	トゲキッス	AR	MEGA Dream ex (TCG)	MEGA Dream ex (/193)	Togekiss	Psychic	satoma	TCGdex日本語版	Togekiss	me02.5-235	入れる	
M2a-204	ホップのオーロット	AR	MEGA Dream ex (TCG)	MEGA Dream ex (/193)	Hop's Trevenant	Psychic	Tomowaka	TCGdex日本語版	Hop's Trevenant	me02.5-237	入れる	
M2a-205	ロケット団のミミッキュ	AR	MEGA Dream ex (TCG)	MEGA Dream ex (/193)	Team Rocket's Mimikyu	Psychic	GOSSAN	TCGdex日本語版	Team Rocket's Mimikyu	me02.5-238	入れる	
M2a-206	ロケット団のダグトリオ	AR	MEGA Dream ex (TCG)	MEGA Dream ex (/193)	Team Rocket's Dugtrio	Fighting	Whisker	TCGdex日本語版	Team Rocket's Dugtrio	me02.5-239	入れる	
M2a-207	チャーレム	AR	MEGA Dream ex (TCG)	MEGA Dream ex (/193)	Medicham	Fighting	KEIICHIRO ITO	TCGdex日本語版	Medicham	me02.5-241	入れる	
M2a-208	シロナのミカルゲ	AR	MEGA Dream ex (TCG)	MEGA Dream ex (/193)	Cynthia's Spiritomb	Darkness	hncl	TCGdex日本語版	Cynthia's Spiritomb	me02.5-244	入れる	
M2a-209	ガラル タチフサグマ	AR	MEGA Dream ex (TCG)	MEGA Dream ex (/193)	Galarian Obstagoon	Darkness	Krgc	TCGdex日本語版	Galarian Obstagoon	me02.5-245	入れる	
M2a-210	Nのゼクロム	AR	MEGA Dream ex (TCG)	MEGA Dream ex (/193)	N's Zekrom	Dragon	Bun Toujo	TCGdex日本語版	N's Zekrom	mep-031	入れる	
M2a-211	ドラメシヤ	AR	MEGA Dream ex (TCG)	MEGA Dream ex (/193)	Dreepy	Dragon	Jerky	TCGdex日本語版	Dreepy	me02.5-247	入れる	
M2a-212	ドロンチ	AR	MEGA Dream ex (TCG)	MEGA Dream ex (/193)	Drakloak	Dragon	Jerky	TCGdex日本語版	Drakloak	me02.5-248	入れる	
M2a-213	スピンロトム	AR	MEGA Dream ex (TCG)	MEGA Dream ex (/193)	Fan Rotom	Colorless	Yukihiro Tada	TCGdex日本語版	Fan Rotom	me02.5-250	入れる	
M2a-214	Nのポイントアップ	SR	MEGA Dream ex (TCG)	MEGA Dream ex (/193)	N's PP Up	Item	Toyste Beach	TCGdex日本語版	N's PP Up	sv09-153 me02.5-195 me02.5-262	入れる	
M2a-215	ガラスのラッパ	SR	MEGA Dream ex (TCG)	MEGA Dream ex (/193)	Glass Trumpet	Item	Toyste Beach	TCGdex日本語版	Glass Trumpet	sv08.5-110 sv07-135 me02.5-189 me02.5-260	入れる	
M2a-216	ハイパーボール	SR	MEGA Dream ex (TCG)	MEGA Dream ex (/193)	Ultra Ball	Item	Studio Bora Inc.	TCGdex日本語版	Ultra Ball	me02.5-264	入れる	
M2a-217	ロケット団のレシーバー	SR	MEGA Dream ex (TCG)	MEGA Dream ex (/193)	Team Rocket's Transceiver	Item	inose yukie	TCGdex日本語版	Team Rocket's Transceiver	sv10-178 me02.5-209 me02.5-263	入れる	
M2a-218	カウンターゲイン	SR	MEGA Dream ex (TCG)	MEGA Dream ex (/193)	Counter Gain	Pokémon Tool	Toyste Beach	TCGdex日本語版	Counter Gain	sv08-169 sm8-170 me02.5-186 sm8-230 sv08-249 me02.5-259	入れる	
M2a-219	カナリィ	SR	MEGA Dream ex (TCG)	MEGA Dream ex (/193)	Canari	Supporter	Naoki Saito	TCGdex日本語版	Canari	me02.5-185 me02.5-257	入れる	
M2a-220	からておうの稽古	SR	MEGA Dream ex (TCG)	MEGA Dream ex (/193)	Black Belt's Training	Supporter	GOSSAN	TCGdex日本語版	Black Belt's Training	sv08.5-096 sv08.5-097 sv08.5-098 sv08.5-099 sv09-143 sv09-144 sv09-145 svp-219 svp-220 me02.5-255	入れる	
M2a-221	バーベナとヘレナ	SR	MEGA Dream ex (TCG)	MEGA Dream ex (/193)	Anthea & Concordia	Supporter	Sanosuke Sakuma	TCGdex日本語版	Anthea & Concordia	me02.5-182 me02.5-254	入れる	
M2a-222	ジャミングタワー	SR	MEGA Dream ex (TCG)	MEGA Dream ex (/193)	Jamming Tower	Stadium	AYUMI ODASHIMA	TCGdex日本語版	Jamming Tower	sv06-153 sv10-243 me02.5-261	入れる	
M2a-223	メガリザードンXex	MA	MEGA Dream ex (TCG)	MEGA Dream ex (/193)	Mega Charizard X ex	Fire	Saboteri	TCGdex日本語版	Mega Charizard X ex	mep-023	入れる	
M2a-224	メガユキメノコex	MA	MEGA Dream ex (TCG)	MEGA Dream ex (/193)	Mega Froslass ex	Water	Saboteri	TCGdex日本語版	Mega Froslass ex	me02.5-265	入れる	
M2a-225	メガシビルドンex	MA	MEGA Dream ex (TCG)	MEGA Dream ex (/193)	Mega Eelektross ex	Lightning	DOM	TCGdex日本語版	Mega Eelektross ex	me02.5-266	入れる	
M2a-226	メガサーナイトex	MA	MEGA Dream ex (TCG)	MEGA Dream ex (/193)	Mega Gardevoir ex	Psychic	Saboteri	TCGdex日本語版	Mega Gardevoir ex	mep-032	入れる	
M2a-227	メガディアンシーex	MA	MEGA Dream ex (TCG)	MEGA Dream ex (/193)	Mega Diancie ex	Psychic	DOM	TCGdex日本語版	Mega Diancie ex	me02.5-267	入れる	
M2a-228	メガルカリオex	MA	MEGA Dream ex (TCG)	MEGA Dream ex (/193)	Mega Lucario ex	Fighting	5ban Graphics	TCGdex日本語版	Mega Lucario ex	mep-012 mep-033 me01-077 me02.5-113 me01-188	入れる	
M2a-229	メガルチャブルex	MA	MEGA Dream ex (TCG)	MEGA Dream ex (/193)	Mega Hawlucha ex	Fighting	Taiga Kasai	TCGdex日本語版	Mega Hawlucha ex	me02.5-268	入れる	
M2a-230	メガゲンガーex	MA	MEGA Dream ex (TCG)	MEGA Dream ex (/193)	Mega Gengar ex	Darkness	Taiga Kasai	TCGdex日本語版	Mega Gengar ex	me02.5-269	入れる	
M2a-231	メガズルズキンex	MA	MEGA Dream ex (TCG)	MEGA Dream ex (/193)	Mega Scrafty ex	Darkness	Taiga Kasai	TCGdex日本語版	Mega Scrafty ex	me02.5-270	入れる	
M2a-232	メガカイリューex	MA	MEGA Dream ex (TCG)	MEGA Dream ex (/193)	Mega Dragonite ex	Dragon	DOM	TCGdex日本語版	Mega Dragonite ex	me02.5-271 me02.5-290	入れる	
M2a-233	メガユキメノコex	SAR	MEGA Dream ex (TCG)	MEGA Dream ex (/193)	Mega Froslass ex	Water	Teeziro	TCGdex日本語版	Mega Froslass ex	me02.5-275	入れる	
M2a-234	ピカチュウex	SAR	MEGA Dream ex (TCG)	MEGA Dream ex (/193)	Pikachu ex	Lightning	James Turner	TCGdex日本語版	Pikachu ex	me02.5-277	入れる	
M2a-235	メガシビルドンex	SAR	MEGA Dream ex (TCG)	MEGA Dream ex (/193)	Mega Eelektross ex	Lightning	akagi	TCGdex日本語版	Mega Eelektross ex	me02.5-278	入れる	
M2a-236	ナンジャモのハラバリーex	SAR	MEGA Dream ex (TCG)	MEGA Dream ex (/193)	Iono's Bellibolt ex	Lightning	Akira Komayama	TCGdex日本語版	Iono's Bellibolt ex	me02.5-279	入れる	
M2a-237	ロケット団のミュウツーex	SAR	MEGA Dream ex (TCG)	MEGA Dream ex (/193)	Team Rocket's Mewtwo ex	Psychic	Mitsuhiro Arita	TCGdex日本語版	Team Rocket's Mewtwo ex	me02.5-281	入れる	
M2a-238	メガディアンシーex	SAR	MEGA Dream ex (TCG)	MEGA Dream ex (/193)	Mega Diancie ex	Psychic	Narano	TCGdex日本語版	Mega Diancie ex	me02.5-282	入れる	
M2a-239	メガルチャブルex	SAR	MEGA Dream ex (TCG)	MEGA Dream ex (/193)	Mega Hawlucha ex	Fighting	AKIRA EGAWA	TCGdex日本語版	Mega Hawlucha ex	me02.5-283	入れる	
M2a-240	メガゲンガーex	SAR	MEGA Dream ex (TCG)	MEGA Dream ex (/193)	Mega Gengar ex	Darkness	danciao	TCGdex日本語版	Mega Gengar ex	me02.5-284	入れる	
M2a-241	メガズルズキンex	SAR	MEGA Dream ex (TCG)	MEGA Dream ex (/193)	Mega Scrafty ex	Darkness	nagimiso	TCGdex日本語版	Mega Scrafty ex	me02.5-285	入れる	
M2a-242	Nのゾロアークex	SAR	MEGA Dream ex (TCG)	MEGA Dream ex (/193)	N's Zoroark ex	Darkness	Raita Kazama	TCGdex日本語版	N's Zoroark ex	me02.5-286	入れる	
M2a-243	マリィのオーロンゲex	SAR	MEGA Dream ex (TCG)	MEGA Dream ex (/193)	Marnie's Grimmsnarl ex	Darkness	Ligton	TCGdex日本語版	Marnie's Grimmsnarl ex	me02.5-287	入れる	
M2a-244	キチキギスex	SAR	MEGA Dream ex (TCG)	MEGA Dream ex (/193)	Fezandipiti ex	Darkness	SIE NANAHARA	TCGdex日本語版	Fezandipiti ex	me02.5-288	入れる	
M2a-245	ダイゴのメタグロスex	SAR	MEGA Dream ex (TCG)	MEGA Dream ex (/193)	Steven's Metagross ex	Metal	chibi	TCGdex日本語版	Steven's Metagross ex	me02.5-289	入れる	
M2a-246	メガカイリューex	SAR	MEGA Dream ex (TCG)	MEGA Dream ex (/193)	Mega Dragonite ex	Dragon	DOM	TCGdex日本語版	Mega Dragonite ex	me02.5-271 me02.5-290	入れる	
M2a-247	アイリスの闘志	SAR	MEGA Dream ex (TCG)	MEGA Dream ex (/193)	Iris's Fighting Spirit	Supporter	Kuroimori	TCGdex日本語版	Iris's Fighting Spirit	me02.5-292	入れる	
M2a-248	カナリィ	SAR	MEGA Dream ex (TCG)	MEGA Dream ex (/193)	Canari	Supporter	kantaro	TCGdex日本語版	Canari	me02.5-291	入れる	
M2a-249	サーファー	SAR	MEGA Dream ex (TCG)	MEGA Dream ex (/193)	Surfer	Supporter	OKUBO	TCGdex日本語版	Surfer	me02.5-293	入れる	
M2a-250	メガカイリューex	MUR	MEGA Dream ex (TCG)	MEGA Dream ex (/193)	Mega Dragonite ex	Dragon	aky CG Works	TCGdex日本語版	Mega Dragonite ex	me02.5-152 me02.5-295	入れる	
SVG-050	フシギダネ		Venusaur & Charizard & Blastoise Special Deck Set ex (TCG)	Venusaur & Charizard & Blastoise Special Deck Set ex (/049)	Bulbasaur	Grass					イラストレーターが分からない（TCGdex・公式とも無し）	
SVG-051	ヒトカゲ		Venusaur & Charizard & Blastoise Special Deck Set ex (TCG)	Venusaur & Charizard & Blastoise Special Deck Set ex (/049)	Charmander	Fire					イラストレーターが分からない（TCGdex・公式とも無し）	
SVG-052	ゼニガメ		Venusaur & Charizard & Blastoise Special Deck Set ex (TCG)	Venusaur & Charizard & Blastoise Special Deck Set ex (/049)	Squirtle	Water					イラストレーターが分からない（TCGdex・公式とも無し）	
SVOD-019	ダイゴのダンバル		Ex Starter Set Steven's Beldum & Metagross ex (TCG)	ex Starter Set Steven's Beldum & Metagross ex (/018)	Steven's Beldum	Metal					イラストレーターが分からない（TCGdex・公式とも無し）	
SVOM-020	マリィのモルペコ		Ex Starter Set Marnie's Morpeko & Grimmsnarl ex (TCG)	ex Starter Set Marnie's Morpeko & Grimmsnarl ex (/019)	Marnie's Morpeko	Darkness					イラストレーターが分からない（TCGdex・公式とも無し）	
20th-073	カメックスEX										Bulbapedia の一覧に無い	
20th-074	メガカメックスEX						5ban Graphics	公式details.php(31724)			Bulbapedia の一覧に無い	
20th-075	シェルダー										Bulbapedia の一覧に無い	
20th-076	パルシェン										Bulbapedia の一覧に無い	
20th-077	クラブ										Bulbapedia の一覧に無い	
SMP2-025	ヨシダ警部補	SR	Detective Pikachu (TCG)	Great Detective Pikachu (/024)	Lt. Yoshida	Supporter					イラストレーターが分からない（TCGdex・公式とも無し）	
XY-BEST-172	メガバクーダEX		The Best of XY (TCG)	THE BEST OF XY (/171)	M Camerupt-EX	Fire					イラストレーターが分からない（TCGdex・公式とも無し）	
XY-BEST-173	サンダースEX		The Best of XY (TCG)	THE BEST OF XY (/171)	Jolteon-EX	Lightning					イラストレーターが分からない（TCGdex・公式とも無し）	
XY-BEST-174	メガライボルトEX		The Best of XY (TCG)	THE BEST OF XY (/171)	M Manectric-EX	Lightning					イラストレーターが分からない（TCGdex・公式とも無し）	
XY-BEST-175	レジロックEX		The Best of XY (TCG)	THE BEST OF XY (/171)	Regirock-EX	Fighting					イラストレーターが分からない（TCGdex・公式とも無し）	
XY-BEST-176	メガルカリオEX		The Best of XY (TCG)	THE BEST OF XY (/171)	M Lucario-EX	Fighting					イラストレーターが分からない（TCGdex・公式とも無し）	
XY-BEST-177	ジガルデEX		The Best of XY (TCG)	THE BEST OF XY (/171)	Zygarde-EX	Fighting					イラストレーターが分からない（TCGdex・公式とも無し）	
XY-BEST-178	メガサメハダーEX		The Best of XY (TCG)	THE BEST OF XY (/171)	M Sharpedo-EX	Darkness					イラストレーターが分からない（TCGdex・公式とも無し）	
XY-BEST-179	ギルガルドEX		The Best of XY (TCG)	THE BEST OF XY (/171)	Aegislash-EX	Metal					イラストレーターが分からない（TCGdex・公式とも無し）	
XY-BEST-180	N		The Best of XY (TCG)	THE BEST OF XY (/171)	N	Supporter					イラストレーターが分からない（TCGdex・公式とも無し）	
XY-BEST-181	オカルトマニア		The Best of XY (TCG)	THE BEST OF XY (/171)	Hex Maniac	Supporter					イラストレーターが分からない（TCGdex・公式とも無し）	
XY-BEST-182	鍛冶屋		The Best of XY (TCG)	THE BEST OF XY (/171)	Blacksmith	Supporter					イラストレーターが分からない（TCGdex・公式とも無し）	
XY-BEST-183	カリン		The Best of XY (TCG)	THE BEST OF XY (/171)	Karen	Supporter					イラストレーターが分からない（TCGdex・公式とも無し）	
XY-BEST-184	こわいおねえさん		The Best of XY (TCG)	THE BEST OF XY (/171)	Delinquent	Supporter					イラストレーターが分からない（TCGdex・公式とも無し）	
XY-BEST-185	サナ		The Best of XY (TCG)	THE BEST OF XY (/171)	Shauna	Supporter					イラストレーターが分からない（TCGdex・公式とも無し）	
XY-BEST-186	フレア団のしたっぱ		The Best of XY (TCG)	THE BEST OF XY (/171)	Team Flare Grunt	Supporter					イラストレーターが分からない（TCGdex・公式とも無し）	
XY-BEST-187	イベルタルEX		The Best of XY (TCG)	THE BEST OF XY (/171)	Yveltal-EX	Darkness					イラストレーターが分からない（TCGdex・公式とも無し）	
XY-BEST-188	シェイミEX		The Best of XY (TCG)	THE BEST OF XY (/171)	Shaymin-EX	Colorless					イラストレーターが分からない（TCGdex・公式とも無し）	
M6-077	アメモース	AR	Storm Emeralda (TCG)	Storm Emeralda (/076)	Masquerain	Grass	REND	公式details.php(50518)			TCGdex 英語版の同じ名前のカードとイラストレーターが違う（英語版: kantaro / 5ban Graphics / Kagemaru Himeno / Haru Akasaka / miki kudo / chibi / Kanako Eo / Yukiko Baba / Toshinao Aoki / Mitsuhiro Arita / Atsuko Nishida / Midori Harada / Masakazu Fukuda）	
M6-078	ガーディ	AR	Storm Emeralda (TCG)	Storm Emeralda (/076)	Growlithe	Fire	Yoshimoto Yoshimon	公式details.php(50519)			TCGdex 英語版の同じ名前のカードとイラストレーターが違う（英語版: MAHOU / Ken Sugimori / Narumi Sato / match / Masakazu Fukuda / Mizue / Mina Nakai / sowsow / tetsuya koizumi / Uta / Ryota Murayama / ryoma uratsuka / kawayoo / Tika Matsuno / Kyoko Umemoto / Kanako Eo / Atsushi Furusawa / Masako Yamashita / Naoyo Kimura / Naoki Saito / Hajime Kusajima / Atsuko Nishida / Yukiko Baba / Kagemaru Himeno / Sanosuke Sakuma）	
M6-079	ブーバーン	AR	Storm Emeralda (TCG)	Storm Emeralda (/076)	Magmortar	Fire	Taiga Kasai	公式details.php(50520)			TCGdex 英語版の同じ名前のカードとイラストレーターが違う（英語版: Hajime Kusajima / Naoyo Kimura / Hasuno / PLANETA / Hiroaki Ito / nagimiso / AKIRA EGAWA / Akira Komayama / Tonji Matsuno / KEIICHIRO ITO / Masakazu Fukuda / Kazuma Koda / Kouki Saitou / Shizurow / Saya Tsuruta）	
M6-080	カイオーガ	AR	Storm Emeralda (TCG)	Storm Emeralda (/076)	Kyogre	Water	Nurikabe	公式details.php(50521)			TCGdex 英語版の同じ名前のカードとイラストレーターが違う（英語版: Ryuta Fuse / Masakazu Fukuda / Ryo Ueda / Kouki Saitou / Tonji Matsuno / Anesaki Dynamic / Kent Kanetsuna / Nisota Niso / Shin Nagasawa / kawayoo / Mitsuhiro Arita / Yuri Umemura）	
M6-081	エレキブル	AR	Storm Emeralda (TCG)	Storm Emeralda (/076)	Electivire	Lightning	Rianti Hidayat	公式details.php(50522)			TCGdex 英語版の同じ名前のカードとイラストレーターが違う（英語版: Nakaoka /  / TOKIYA / Kouki Saitou / PLANETA / kawayoo / Shin Nagasawa / Anesaki Dynamic / Megumi Higuchi / AKIRA EGAWA / chibi / BERUBURI / Yuya Oka / tetsuya koizumi / Akira Komayama / Shizurow / Mina Nakai）	
M6-082	バチンウニ	AR	Storm Emeralda (TCG)	Storm Emeralda (/076)	Pincurchin	Lightning	Tetsu Kayama	公式details.php(50523)			TCGdex 英語版の同じ名前のカードとイラストレーターが違う（英語版: Saya Tsuruta / Kouki Saitou / Shin Nagasawa / Yuka Morii / miki kudo / Akira Komayama / Motofumi Fujiwara）	
M6-083	ラブトロス	AR	Storm Emeralda (TCG)	Storm Emeralda (/076)	Enamorus	Psychic	Taira Akitsu	公式details.php(50524)			TCGdex 英語版の同じ名前のカードとイラストレーターが違う（英語版: Jiro Sasumo / DOM / GOTO minori）	
M6-084	グラードン	AR	Storm Emeralda (TCG)	Storm Emeralda (/076)	Groudon	Fighting	Ryota Murayama	公式details.php(50525)			TCGdex 英語版の同じ名前のカードとイラストレーターが違う（英語版: Kouki Saitou / Ryo Ueda / Ryuta Fuse / Kazuaki Aihara / Uta / Masakazu Fukuda / Takumi Wada / Mitsuhiro Arita / Kazumasa Yasukuni / Shin Nagasawa / Nurikabe / Yuri Umemura）	
M6-085	マーイーカ	AR	Storm Emeralda (TCG)	Storm Emeralda (/076)	Inkay	Darkness	Rond	公式details.php(50526)			TCGdex 英語版の同じ名前のカードとイラストレーターが違う（英語版: 5ban Graphics / Mori Yuu / Akira Komayama / sui / Tomokazu Komiya / sowsow / Yuriko Akase / Sanosuke Sakuma / miki kudo / OOYAMA / Kouki Saitou / Naoyo Kimura / Shibuzoh. / Kedamahadaitai Yawarakai / Shigenori Negishi）	
M6-086	ルリリ	AR	Storm Emeralda (TCG)	Storm Emeralda (/076)	Azurill	Colorless	Narumi Sato	公式details.php(50527)			TCGdex 英語版の同じ名前のカードとイラストレーターが違う（英語版: Midori Harada / Kagemaru Himeno / Ken Sugimori / Asako Ito）	
M6-087	チルタリス	AR	Storm Emeralda (TCG)	Storm Emeralda (/076)	Altaria	Colorless	kodama	公式details.php(50528)			TCGdex 英語版の同じ名前のカードとイラストレーターが違う（英語版: Kyoko Umemoto / Ryo Ueda / Atsuko Nishida / Ken Sugimori / Kagemaru Himeno / Naoyo Kimura / Taira Akitsu / Mitsuhiro Arita / Naoki Saito / sui / HiRON / rika / Sanosuke Sakuma / 5ban Graphics / kurumitsu / Asako Ito / kirisAki / Yuu Nishida）	
M6-088	カクレオン	AR	Storm Emeralda (TCG)	Storm Emeralda (/076)	Kecleon	Colorless	Tomokazu Komiya	公式details.php(50529)	Kecleon	ex12-37	入れる	
M6-089	メガグソクムシャex	SR	Storm Emeralda (TCG)	Storm Emeralda (/076)	Mega Golisopod ex	Grass	5ban Graphics	公式details.php(50530)			TCGdex 英語版にその英語名のカードが無い	
M6-090	ヒートロトムex	SR	Storm Emeralda (TCG)	Storm Emeralda (/076)	Heat Rotom ex	Fire	5ban Graphics	公式details.php(50531)			TCGdex 英語版にその英語名のカードが無い	
M6-091	ヨワシex	SR	Storm Emeralda (TCG)	Storm Emeralda (/076)	Wishiwashi ex	Water	5ban Graphics	公式details.php(50532)			TCGdex 英語版にその英語名のカードが無い	
M6-092	ライコウex	SR	Storm Emeralda (TCG)	Storm Emeralda (/076)	Raikou ex	Lightning	aky CG Works	公式details.php(50533)			TCGdex 英語版の同じ名前のカードとイラストレーターが違う（英語版: Ryo Ueda）	
M6-093	メガゴルーグex	SR	Storm Emeralda (TCG)	Storm Emeralda (/076)	Mega Golurk ex	Psychic	5ban Graphics	公式details.php(50534)			TCGdex 英語版にその英語名のカードが無い	
M6-094	メガカラマネロex	SR	Storm Emeralda (TCG)	Storm Emeralda (/076)	Mega Malamar ex	Darkness	5ban Graphics	公式details.php(50535)			TCGdex 英語版にその英語名のカードが無い	
M6-095	メガレックウザex	SR	Storm Emeralda (TCG)	Storm Emeralda (/076)	Mega Rayquaza ex	Colorless	5ban Graphics	公式details.php(50536)			TCGdex 英語版にその英語名のカードが無い	
M6-096	ファイアローex	SR	Storm Emeralda (TCG)	Storm Emeralda (/076)	Talonflame ex	Colorless	5ban Graphics	公式details.php(50537)			TCGdex 英語版にその英語名のカードが無い	
M6-097	ぼうけんのランタン	SR	Storm Emeralda (TCG)	Storm Emeralda (/076)	Adventure Lantern	Item	inose yukie	公式details.php(50538)			TCGdex 英語版にその英語名のカードが無い	
M6-098	ポケモンキャッチャー	SR	Storm Emeralda (TCG)	Storm Emeralda (/076)	Pokémon Catcher	Item	Studio Bora Inc.	公式details.php(50539)	Pokémon Catcher	me03-082 sv01-187	入れる	
M6-099	とくちゅうチョッキ	SR	Storm Emeralda (TCG)	Storm Emeralda (/076)	Custom Vest	Pokémon Tool	Toyste Beach	公式details.php(50540)			TCGdex 英語版にその英語名のカードが無い	
M6-100	MCの盛り上げ	SR	Storm Emeralda (TCG)	Storm Emeralda (/076)	Emcee's Hype	Supporter	DOM	公式details.php(50541)			TCGdex 英語版の同じ名前のカードとイラストレーターが違う（英語版: Cona Nitanda）	
M6-101	ギリー	SR	Storm Emeralda (TCG)	Storm Emeralda (/076)	Aarune	Supporter	Sanosuke Sakuma	公式details.php(50542)			TCGdex 英語版にその英語名のカードが無い	
M6-102	ヒガナの信頼	SR	Storm Emeralda (TCG)	Storm Emeralda (/076)	Zinnia's Trust	Supporter	GIDORA	公式details.php(50543)			TCGdex 英語版にその英語名のカードが無い	
M6-103	フウとランの修行	SR	Storm Emeralda (TCG)	Storm Emeralda (/076)	Tate & Liza's Training	Supporter	Yuu Nishida	公式details.php(50544)			TCGdex 英語版にその英語名のカードが無い	
M6-104	グロウ草エネルギー	SR									Bulbapedia の一覧に無い	
M6-105	ニトロ炎エネルギー	SR									Bulbapedia の一覧に無い	
M6-106	バブル水エネルギー	SR									Bulbapedia の一覧に無い	
M6-107	メガグソクムシャex	SAR	Storm Emeralda (TCG)	Storm Emeralda (/076)	Mega Golisopod ex	Grass	nagimiso	公式details.php(50548)			TCGdex 英語版にその英語名のカードが無い	
M6-108	ライコウex	SAR	Storm Emeralda (TCG)	Storm Emeralda (/076)	Raikou ex	Lightning	Oku	公式details.php(50549)			TCGdex 英語版の同じ名前のカードとイラストレーターが違う（英語版: Ryo Ueda）	
M6-109	メガゴルーグex	SAR	Storm Emeralda (TCG)	Storm Emeralda (/076)	Mega Golurk ex	Psychic	Takeshi Nakamura	公式details.php(50550)			TCGdex 英語版にその英語名のカードが無い	
M6-110	メガレックウザex	SAR	Storm Emeralda (TCG)	Storm Emeralda (/076)	Mega Rayquaza ex	Colorless	Kazuki Minami	公式details.php(50551)			TCGdex 英語版にその英語名のカードが無い	
M6-111	ギリー	SAR	Storm Emeralda (TCG)	Storm Emeralda (/076)	Aarune	Supporter	Shimaris Yukichi	公式details.php(50552)			TCGdex 英語版にその英語名のカードが無い	
M6-112	ヒガナの信頼	SAR	Storm Emeralda (TCG)	Storm Emeralda (/076)	Zinnia's Trust	Supporter	Teeziro	公式details.php(50553)			TCGdex 英語版にその英語名のカードが無い	
M6-113	メガレックウザex		Storm Emeralda (TCG)	Storm Emeralda (/076)	Mega Rayquaza ex	Colorless	takuyoa	公式details.php(50554)			TCGdex 英語版にその英語名のカードが無い	
M6a-136	ピカチュウ						Mitsuhiro Arita	公式details.php(50713)			Bulbapedia の一覧に無い	
M6a-137	リザードン						Mitsuhiro Arita	公式details.php(50714)			Bulbapedia の一覧に無い	
M6a-138	カスミ						Ken Sugimori	公式details.php(50715)			Bulbapedia の一覧に無い	
M6a-139	エリカのプリン						Ken Sugimori	公式details.php(50716)			Bulbapedia の一覧に無い	
M6a-140	ニューラ						Ken Sugimori	公式details.php(50717)			Bulbapedia の一覧に無い	
M6a-141	ひかるセレビィ						Hironobu Yoshida	公式details.php(50718)			Bulbapedia の一覧に無い	
M6a-142	ルギア						Naoyo Kimura	公式details.php(50719)			Bulbapedia の一覧に無い	
M6a-143	エネコロロ						Atsuko Nishida	公式details.php(50720)			Bulbapedia の一覧に無い	
M6a-144	わるいバンギラス						Nakaoka	公式details.php(50721)			Bulbapedia の一覧に無い	
M6a-145	ハッサムex						Mitsuhiro Arita	公式details.php(50722)			Bulbapedia の一覧に無い	
M6a-146	メタグロス						Masakazu Fukuda	公式details.php(50723)			Bulbapedia の一覧に無い	
M6a-147	パルキア						Ryo Ueda	公式details.php(50724)			Bulbapedia の一覧に無い	
M6a-148	ユクシー						Ken Sugimori	公式details.php(50725)			Bulbapedia の一覧に無い	
M6a-149	クロバットG						Makoto Imai	公式details.php(50726)			Bulbapedia の一覧に無い	
M6a-150	ゲンガー						Takashi Yamaguchi	公式details.php(50727)			Bulbapedia の一覧に無い	
M6a-151	ダークライ＆クレセリアLEGEND										Bulbapedia の一覧に無い	
M6a-152	ダークライ＆クレセリアLEGEND						Shinji Higuchi	公式details.php(50728)			Bulbapedia の一覧に無い	
M6a-153	N						Ken Sugimori	公式details.php(50729)			Bulbapedia の一覧に無い	
M6a-154	レックウザEX						Eske Yoshinob	公式details.php(50730)			Bulbapedia の一覧に無い	
M6a-155	ゲノセクトEX						Eske Yoshinob	公式details.php(50731)			Bulbapedia の一覧に無い	
M6a-156	メガサーナイトEX						5ban Graphics	公式details.php(50732)			Bulbapedia の一覧に無い	
M6a-157	ゲッコウガBREAK						5ban Graphics	公式details.php(50733)			Bulbapedia の一覧に無い	
M6a-158	ソルガレオGX		30th Celebration (TCG)	30th Celebration (/103)	Solgaleo-GX	Metal	PLANETA	公式details.php(50734)	Solgaleo-GX	30th-c-017 sm1-89 smp-SM104	入れる	
M6a-159	マッシブーンGX		30th Celebration (TCG)	30th Celebration (/103)	Buzzwole-GX	Fighting	5ban Graphics	公式details.php(50735)	Buzzwole-GX	30th-c-013 sm4-57 sm4-104 sm4-115 smp-SM69 sma-SV68	入れる	
M6a-160	ピカチュウ&ゼクロムGX		30th Celebration (TCG)	30th Celebration (/103)	Pikachu & Zekrom-GX	Lightning	Mitsuhiro Arita	公式details.php(50736)	Pikachu & Zekrom-GX	30th-c-008 sm9-33	入れる	
M6a-161	ザシアンV		30th Celebration (TCG)	30th Celebration (/103)	Zacian V	Metal	5ban Graphics	公式details.php(50737)	Zacian V	30th-c-028 swsh1-138 swsh1-195 swsh1-211 swshp-SWSH018 swshp-SWSH076 swshp-SWSH292	入れる	
M6a-162	ライコウ		30th Celebration (TCG)	30th Celebration (/103)	Raikou	Lightning	Hideki Ishikawa	公式details.php(50738)	Raikou	30th-c-012 swsh4-50	入れる	
M6a-163	ミュウVMAX		30th Celebration (TCG)	30th Celebration (/103)	Mew VMAX	Psychic	5ban Graphics	公式details.php(50739)	Mew VMAX	30th-c-026 swsh8-114 swsh8-268 swsh11tg-TG30	入れる	
M6a-164	アルセウスVSTAR		30th Celebration (TCG)	30th Celebration (/103)	Arceus VSTAR	Colorless	5ban Graphics	公式details.php(50740)	Arceus VSTAR	30th-c-027 swsh9-123 swsh9-176 swsh9-184 swshp-SWSH307	入れる	
M6a-165	コイキング		30th Celebration (TCG)	30th Celebration (/103)	Magikarp	Water	Shinji Kanda	公式details.php(50741)	Magikarp	30th-c-030 sv02-203	入れる	
MF-041	ビクティニ						satoma	公式details.php(50591)			Bulbapedia の一覧に無い	
MF-042	ゼラオラ						HACCAN	公式details.php(50592)			Bulbapedia の一覧に無い	
MF-043	エーフィex						REND	公式details.php(50593)			Bulbapedia の一覧に無い	
MF-044	ブラッキーex						REND	公式details.php(50594)			Bulbapedia の一覧に無い	
MEE-020	イーブイ		Ex Starter Sets 2026 (TCG)	ex Starter Set 2026 (/019)	Eevee	Colorless	Hideki Ishikawa	公式details.php(50431)	Eevee	sm5-105	入れる	
MEZ-020	ゾロア		Ex Starter Sets 2026 (TCG)	ex Starter Set 2026 (/019)	Zorua	Darkness	GOSSAN	公式details.php(50451)			TCGdex 英語版の同じ名前のカードとイラストレーターが違う（英語版: Ken Sugimori / Kouki Saitou / Yuu Nishida / kodama / akagi / Shin Nagasawa / Masakazu Fukuda / Akira Komayama / Toyste Beach / REND / Hitoshi Ariga / Atsuko Nishida / Naoyo Kimura / Atsuya Uki / ryoma uratsuka / Naoki Saito / nagimiso / Tomokazu Komiya / Saya Tsuruta）	
MEM-018	ニャオハ		Ex Starter Sets 2026 (TCG)	ex Starter Set 2026 (/017)	Sprigatito	Grass	Jiro Sasumo	公式details.php(50469)			TCGdex 英語版の同じ名前のカードとイラストレーターが違う（英語版: Saya Tsuruta / Yuu Nishida / Megumi Mizutani / Naoyo Kimura / Mina Nakai / Saboteri / kurumitsu / Yamazaki Rei / Kouki Saitou）	
